{
"type": "FeatureCollection",
"name": "Pegel_10_50m_AUTO",
"crs": { "type": "name", "properties": { "name": "urn:ogc:def:crs:EPSG::4258" } },
"features": [
{"type":"Feature","properties":{"fid":1,"DN":7},"geometry":{"type":"MultiPolygon","coordinates":[[[[6.569240408922069,49.702719975221619],[6.569238165919662,49.70276490729406],[6.569168873931077,49.702763452220026],[6.569166630859255,49.702808384289725],[6.569097338812513,49.702806929171977],[6.569028046771404,49.702805474012798],[6.56902580356638,49.702850406077481],[6.568956511467116,49.702848950874582],[6.568954268192676,49.702893882936543],[6.568884976035256,49.702892427689925],[6.568882732691399,49.702937359749164],[6.568813440475825,49.702935904458826],[6.568811197062553,49.702980836515337],[6.568741904788824,49.702979381181279],[6.568672612520726,49.702977925805804],[6.56867036897425,49.703022857857292],[6.568601076647999,49.703021402438083],[6.568598833032106,49.703066334486849],[6.568596589410583,49.703111266535188],[6.568594345783429,49.703156198583116],[6.568663638301044,49.70315765400921],[6.568661394732048,49.703202586059],[6.568730687319082,49.703204041445971],[6.568728443808243,49.703248973497637],[6.568797736464697,49.7032504288455],[6.568795493012017,49.703295360899041],[6.568864785737889,49.703296816207754],[6.568862542343369,49.703341748263178],[6.568931835138662,49.703343203532775],[6.5689295918023,49.70338813559006],[6.568998884667013,49.703389590820542],[6.568996641388809,49.703434522879704],[6.569065934322944,49.703435978071049],[6.569063691102899,49.703480910132079],[6.569132984106452,49.703482365284309],[6.569130740944567,49.703527297347215],[6.569200034017541,49.703528752460322],[6.569197790913817,49.703573684525104],[6.569267084056212,49.703575139599074],[6.569264841010646,49.703620071665732],[6.569334134222461,49.70362152670058],[6.569331891235056,49.703666458769106],[6.569401184516292,49.703667913764825],[6.569398941587049,49.703712845835227],[6.569468234937704,49.703714300791837],[6.569465992066622,49.703759232864101],[6.569535285486698,49.703760687781582],[6.569533042673777,49.703805619855721],[6.569602336163273,49.703807074734065],[6.569600093408514,49.703852006810088],[6.569669386967432,49.703853461649302],[6.569667144270834,49.703898393727201],[6.569736437899172,49.703899848527293],[6.569734195260737,49.703944780607053],[6.569803488958494,49.703946235368022],[6.569801246378224,49.703991167449665],[6.569870540145402,49.703992622171498],[6.569868297623294,49.704037554254995],[6.569937591459892,49.70403900893772],[6.569935348995948,49.7040839410231],[6.570004642901966,49.704085395666695],[6.570002400496185,49.704130327753944],[6.570071694471626,49.704131782358402],[6.570069452124009,49.704176714447534],[6.570000158084778,49.704175259840774],[6.569930864051176,49.704173805192596],[6.569928621570349,49.704218737276697],[6.569859327478586,49.704217282584793],[6.569857084928339,49.704262214666173],[6.569787790778413,49.704260759930541],[6.569785548158749,49.7043056920092],[6.569716253950662,49.704304237229849],[6.569714011261577,49.704349169305786],[6.569644716995328,49.704347714482708],[6.569642474236823,49.704392646555924],[6.569573179912413,49.704391191689126],[6.569503885593633,49.704389736780897],[6.569501642701916,49.704434668849103],[6.569432348324974,49.704433213897161],[6.569430105363836,49.704478145962632],[6.569360810928734,49.704476690966963],[6.569291516499262,49.704475235929877],[6.56928927340491,49.704520167990324],[6.569219978917277,49.704518712909511],[6.569217735753504,49.704563644967237],[6.569148441207711,49.704562189842697],[6.569146197974516,49.704607121897702],[6.56907690337056,49.704605666729442],[6.569074660067944,49.704650598781718],[6.569005365405828,49.704649143569732],[6.569003122033788,49.704694075619287],[6.568933827313511,49.704692620363581],[6.568931583872048,49.704737552410428],[6.568862289093611,49.704736097110988],[6.568792994320805,49.704734641770123],[6.568790750746126,49.70477957381194],[6.568721455915161,49.704778118427356],[6.568719212271057,49.704823050466452],[6.56864991738193,49.70482159503814],[6.568647673668403,49.704866527074508],[6.568578378721115,49.704865071602477],[6.568576134938165,49.704910003636108],[6.568645429949246,49.704911459110448],[6.56871472496596,49.704912914543343],[6.568784019988307,49.704914369934812],[6.568853315016286,49.704915825284864],[6.568922610049898,49.704917280593492],[6.568920366580286,49.7049622126382],[6.568989661683325,49.704963667907698],[6.569058956791994,49.704965123135771],[6.569128251906297,49.704966578322427],[6.56919754702623,49.704968033467651],[6.569266842151795,49.704969488571443],[6.569336137282993,49.704970943633818],[6.569333894190515,49.705015875691885],[6.569403189391138,49.705017330715137],[6.569400946356825,49.70506226277508],[6.569398703316884,49.705107194834596],[6.569396460271314,49.705152126893694],[6.569394217220116,49.705197058952358],[6.569391974163287,49.70524199101061],[6.569389731100831,49.705286923068435],[6.569387488032745,49.705331855125827],[6.569456783685562,49.705333310123727],[6.569454540675642,49.705378242182995],[6.569452297660095,49.705423174241837],[6.569450054638918,49.705468106300259],[6.569519350488753,49.705469561263634],[6.569588646344221,49.70547101618557],[6.569657942205318,49.705472471066088],[6.569655699369899,49.705517403130983],[6.569724995300424,49.705518857972372],[6.569722752523173,49.705563790039129],[6.569792048523124,49.705565244841395],[6.569789805804042,49.705610176910021],[6.56985910187342,49.705611631673158],[6.569928397948427,49.70561308639487],[6.56992615535131,49.705658018467673],[6.569995451495745,49.705659473150249],[6.569993208956797,49.705704405224914],[6.570062505170658,49.70570585986836],[6.570131801390151,49.705707314470395],[6.570201097615271,49.705708769030984],[6.570198855262086,49.705753701112123],[6.570268151556633,49.705755155633589],[6.57033744785681,49.705756610113632],[6.570335205625592,49.705801542198948],[6.570404501995196,49.705802996639854],[6.570402259822148,49.705847928727032],[6.570471556261179,49.705849383128808],[6.570540852705837,49.705850837489166],[6.570538610654757,49.705895769580522],[6.570607907168842,49.705897223901744],[6.570605665175934,49.705942155994968],[6.570674961759445,49.70594361027706],[6.570672719824709,49.705988542372161],[6.570742016477646,49.705989996615116],[6.570739774601082,49.706034928712079],[6.570809071323445,49.706036382915926],[6.570806829505052,49.706081315014771],[6.570876126296844,49.70608276917946],[6.570873884536624,49.706127701280181],[6.570943181397841,49.706129155405741],[6.570940939695793,49.706174087508337],[6.57093869798812,49.706219019610494],[6.571007994982563,49.706220473699233],[6.571077291982633,49.706221927746547],[6.57114658898833,49.706223381752423],[6.571215885999656,49.706224835716874],[6.571285183016608,49.706226289639901],[6.571287424405286,49.706181357526255],[6.571356721364068,49.706182811405561],[6.571358962683323,49.706137879289187],[6.571428259583933,49.70613933312476],[6.571497556490169,49.706140786918915],[6.571499797676202,49.706095854797532],[6.571569094524266,49.706097308547967],[6.571638391377956,49.706098762256957],[6.571640632430768,49.706053830130564],[6.571709929226286,49.706055283795827],[6.571779226027431,49.706056737419686],[6.571848522834201,49.706058191002107],[6.571846281972785,49.706103123135385],[6.571915578848978,49.706104576678676],[6.571913338045737,49.706149508813837],[6.571911097236873,49.706194440948572],[6.571908856422383,49.70623937308288],[6.571839559354792,49.706237919532711],[6.571837318470883,49.706282851664284],[6.571768021345117,49.706281398070388],[6.571765780391783,49.706326330199261],[6.571696483207846,49.706324876561624],[6.571694242185089,49.706369808687775],[6.571624944942979,49.706368355006433],[6.571622703850799,49.706413287129848],[6.571620462752993,49.706458219252852],[6.571551165388909,49.706456765525488],[6.57154892422168,49.70650169764577],[6.571479626799422,49.706500243874672],[6.571477385562771,49.706545175992233],[6.57140808808234,49.706543722177422],[6.571405846776261,49.706588654292254],[6.571403605464559,49.706633586406674],[6.571401364147231,49.706678518520647],[6.571332066481026,49.706677064657512],[6.571329825094273,49.706721996768785],[6.571327583701895,49.706766928879638],[6.571325342303892,49.706811860990044],[6.571256044451913,49.706810407078599],[6.571253802984484,49.706855339186298],[6.57125156151143,49.706900271293563],[6.571182263537475,49.706898817336096],[6.571180021994995,49.70694374944064],[6.57117778044689,49.706988681544757],[6.57110848235096,49.706987227541262],[6.571106240733426,49.707032159642672],[6.571103999110268,49.707077091743649],[6.571034700892363,49.707075637694132],[6.571032459199777,49.707120569792387],[6.571030217501566,49.707165501890216],[6.570960919161683,49.707164047794684],[6.570958677394043,49.707208979889799],[6.570956435620778,49.707253911984481],[6.57088713715892,49.70725245784292],[6.570884895316226,49.70729738993488],[6.570882653467905,49.70734232202642],[6.570813354884069,49.707340867838845],[6.57081111296632,49.707385799927657],[6.570808871042944,49.70743073201605],[6.570806629113942,49.70747566410401],[6.570875927889188,49.707477118298485],[6.570873686018362,49.70752205038832],[6.570942984863039,49.707523504543659],[6.570940743050391,49.70756843663537],[6.5710100419645,49.707569890751579],[6.57100780021003,49.707614822845159],[6.57107709919357,49.707616276922238],[6.571074857497278,49.707661209017694],[6.57114415655025,49.707662663055636],[6.571141914912137,49.707707595152954],[6.571211214034541,49.707709049151759],[6.571208972454607,49.70775398125096],[6.571278271646444,49.707755435210636],[6.571276030124687,49.707800367311698],[6.571345329385957,49.707801821232231],[6.571414628652853,49.707803275111345],[6.571483927925377,49.707804728949036],[6.571481686589409,49.707849661056564],[6.571550985931364,49.707851114855117],[6.571620285278946,49.707852568612232],[6.571618044064964,49.707897500723938],[6.571615802845356,49.70794243283521],[6.571685102326176,49.707943886555483],[6.571682861164749,49.707988818668625],[6.571752160715001,49.707990272349775],[6.571754401812623,49.707945340234332],[6.571823701304694,49.707946793871763],[6.571893000802393,49.707948247467733],[6.571962300305718,49.707949701022308],[6.571964541206301,49.707904768899546],[6.572033840651446,49.707906222410379],[6.572036081482599,49.707861290284896],[6.572105380869566,49.70786274375201],[6.57210762163129,49.707817811623819],[6.572246220294491,49.707820718429154],[6.572243979660377,49.707865650561928],[6.572174680262158,49.707864197177678],[6.572172439558615,49.707909129307751],[6.572170198849449,49.707954061437398],[6.572100899329246,49.707952608007133],[6.572098658550652,49.707997540134038],[6.572096417766434,49.708042472260544],[6.572165717414247,49.708043925695407],[6.572235017067687,49.708045379088837],[6.572232776405456,49.708090311219493],[6.572302076128326,49.708091764573787],[6.572371375856823,49.708093217886656],[6.572369135316581,49.708138150021476],[6.572438435114509,49.708139603295209],[6.57243619463245,49.708184535431904],[6.572433954144768,49.708229467568195],[6.572431713651464,49.708274399704031],[6.572429473152535,49.708319331839462],[6.572498773211313,49.708320785080943],[6.572568073275716,49.708322238280985],[6.572565832898779,49.70836717042058],[6.57249653277057,49.708365717218243],[6.572494292324204,49.708410649355095],[6.572424992137813,49.708409196109031],[6.572422751622018,49.70845412824319],[6.572420511100598,49.708499060376909],[6.572418270573557,49.708543992510222],[6.572416030040891,49.708588924643088],[6.572413789502605,49.708633856775535],[6.572411548958693,49.708678788907562],[6.57240930840916,49.708723721039171],[6.572340007781741,49.708722267735595],[6.572337767162776,49.708767199864482],[6.572407067854003,49.708768653170338],[6.572404827293224,49.708813585301101],[6.572402586726821,49.708858517431423],[6.57247188755129,49.708859970700452],[6.572541188381383,49.708861423928042],[6.572610489217102,49.7088628771142],[6.572679790058445,49.708864330258933],[6.572749090905413,49.708865783362221],[6.572818391758005,49.708867236424091],[6.572820631941558,49.708822304279998],[6.572889932735966,49.708823757298134],[6.572959233535999,49.708825210274838],[6.572956993480064,49.708870142423521],[6.572954753418507,49.708915074571792],[6.573024054351783,49.708916527511647],[6.573026294349529,49.708871595361103],[6.573095595224618,49.708873048257239],[6.573164896105332,49.708874501111943],[6.57316713596984,49.708829568956368],[6.573236436792368,49.708831021767352],[6.573238676587447,49.708786089609063],[6.57330797735179,49.708787542376314],[6.573377278121756,49.708788995102132],[6.573379517783596,49.708744062938841],[6.573381757439817,49.708699130775088],[6.573451058087789,49.708700583454906],[6.57345329767458,49.708655651288453],[6.573522598264368,49.70865710392453],[6.573591898859778,49.708658556519183],[6.573594138313331,49.70861362434772],[6.573663438850557,49.708615076898639],[6.57366791761319,49.708525212549851],[6.573598617203581,49.708523760003509],[6.573600856640275,49.708478827830767],[6.573670156986076,49.708480280374815],[6.573739457337501,49.708481732877416],[6.573741696640959,49.708436800699666],[6.573810996934197,49.708438253158548],[6.573880297233059,49.708439705575998],[6.573949597537541,49.708441157952016],[6.574018897847644,49.708442610286603],[6.574021136890254,49.70839767809926],[6.574090437142172,49.70839913039012],[6.57415973739971,49.708400582639555],[6.574161976309089,49.708355650447189],[6.574231276508441,49.708357102652897],[6.574233515348393,49.708312170457809],[6.57430281548956,49.708313622619798],[6.574305054260084,49.708268690422003],[6.574307293024992,49.708223758223774],[6.574376593044167,49.708225210339727],[6.574445893068961,49.708226662414262],[6.574515193099376,49.708228114447365],[6.574584493135413,49.708229566439044],[6.574653793177069,49.708231018389284],[6.574723093224344,49.7082324702981],[6.574720854842278,49.708277402510085],[6.57479015495898,49.708278854379756],[6.574787916635104,49.70832378659361],[6.574785678305609,49.708368718807037],[6.574854978555544,49.708370170639874],[6.574852740284242,49.70841510285517],[6.574922040603605,49.708416554648856],[6.57491980239049,49.708461486866014],[6.574989102779281,49.708462938620571],[6.575058403173689,49.708464390333695],[6.575056165082573,49.70850932255501],[6.575125465546409,49.708510774229005],[6.575194766015865,49.708512225861547],[6.575264066490939,49.708513677452665],[6.57526182858563,49.708558609680445],[6.57533112913013,49.70856006123244],[6.575328891283012,49.708604993462089],[6.575326653430278,49.708649925691311],[6.575395954108014,49.708651377206451],[6.575393716313473,49.708696309437535],[6.575463017060636,49.708697760913537],[6.575460779324287,49.70874269314649],[6.575530080140876,49.708744144583349],[6.575527842462719,49.708789076818178],[6.575597143348736,49.7087905282159],[6.57566644424037,49.70879197957219],[6.575664206684215,49.708836911811169],[6.575733507645277,49.708838363128329],[6.575802808611955,49.70883981440403],[6.575800571177804,49.708884746647186],[6.575869872213908,49.70888619788375],[6.575939173255629,49.708887649078903],[6.575941410562162,49.708842716831171],[6.576010711545693,49.708844167982583],[6.57608001253484,49.708845619092578],[6.576077775355926,49.708890551344886],[6.576147076414498,49.708892002415745],[6.576216377478689,49.708893453445157],[6.576214140421779,49.708938385701636],[6.576283441555395,49.708939836691904],[6.576352742694628,49.708941287640741],[6.576350505759722,49.708986219901384],[6.576419806968381,49.708987670811091],[6.576417570091671,49.709032603073581],[6.576486871369756,49.709034053944144],[6.576556172653455,49.709035504773276],[6.576553935898753,49.709080437039937],[6.576623237251878,49.709081887829932],[6.576692538610621,49.70908333857848],[6.576761839974977,49.709084789285612],[6.576759603406093,49.709129721558725],[6.576828904839875,49.709131172226705],[6.576898206279273,49.709132622853247],[6.576967507724286,49.709134073438378],[6.576965271341217,49.709179005717949],[6.576963034952538,49.709223937997074],[6.576960798558246,49.709268870275778],[6.576958562158341,49.709313802554078],[6.577027863864211,49.709315253106922],[6.577025627522505,49.709360185387077],[6.577023391175186,49.709405117666797],[6.576954089341693,49.709403667109356],[6.57695185292495,49.709448599386377],[6.576949616502594,49.709493531662964],[6.576880314547092,49.709492081059516],[6.576878078055313,49.709537013333389],[6.57687584155792,49.709581945606836],[6.57680653948041,49.709580494957372],[6.576804302913592,49.709625427228104],[6.576802066341162,49.709670359498404],[6.576732764141643,49.709668908802918],[6.576730527499786,49.709713841070524],[6.576728290852317,49.709758773337683],[6.576726054199233,49.709803705604422],[6.576656751813892,49.709802254860641],[6.576654515091382,49.709847187124666],[6.576585212647847,49.709845736337144],[6.57658297585591,49.709890668598455],[6.57658073905836,49.709935600859346],[6.576511436492813,49.709934150025809],[6.576509199625836,49.709979082283986],[6.576439897002091,49.70997763140673],[6.576437660065688,49.710022563662186],[6.57643542312367,49.710067495917201],[6.576366120377915,49.710066044993944],[6.576363883366469,49.710110977246252],[6.576361646349409,49.710155909498141],[6.576359409326734,49.710200841749597],[6.576357172298446,49.71024577400064],[6.576426475299456,49.710247224933077],[6.576424238329366,49.710292157185982],[6.576493541399808,49.710293608079276],[6.57649130448792,49.71033854033405],[6.576560607627792,49.710339991188199],[6.57662991077328,49.710341442000924],[6.576627673983407,49.710386374259848],[6.576696977198326,49.710387825033429],[6.576766280418861,49.710389275765564],[6.576764043751004,49.710434208028659],[6.576833347040969,49.710435658721657],[6.576831110431313,49.710480590986606],[6.576900413790709,49.710482041640475],[6.576969717155722,49.710483492252891],[6.576967480668083,49.710528424522003],[6.577036784102524,49.710529875095283],[6.577034547673088,49.710574807366264],[6.577103851176961,49.710576257900399],[6.577173154686448,49.710577708393096],[6.577170918379031,49.710622640668248],[6.57724022195795,49.710624091121794],[6.577237985708734,49.710669023398793],[6.577307289357083,49.710670473813209],[6.577376593011046,49.710671924186194],[6.577445896670624,49.710673374517732],[6.577515200335815,49.710674824807853],[6.577517436329765,49.710629892521681],[6.577586739936755,49.71063134276806],[6.577588975861278,49.710586410479173],[6.577658279410066,49.710587860681841],[6.577660515265163,49.71054292839024],[6.577662751114647,49.710497996098212],[6.577732054541418,49.710499446254865],[6.577734290321475,49.710454513960116],[6.577803593690043,49.710455964073034],[6.577805829400676,49.710411031775593],[6.577808065105696,49.710366099477717],[6.577877368352248,49.710367549544621],[6.577879603987842,49.710322617244024],[6.577948907176191,49.710324067267209],[6.577951142742361,49.710279134963898],[6.578020445872509,49.710280584943355],[6.578022681369252,49.71023565263733],[6.578091984441198,49.710237102573053],[6.578094219868518,49.710192170264321],[6.578096455290225,49.710147237955169],[6.578165758240155,49.710148687844885],[6.57816799359244,49.710103755533005],[6.578237296484169,49.710105205379001],[6.578239531767028,49.710060273064414],[6.578308834600555,49.710061722866676],[6.578311069813991,49.710016790549375],[6.578313305021818,49.709971858231654],[6.578382607733329,49.709973307987902],[6.578384842871731,49.709928375667459],[6.578387078004526,49.709883443346598],[6.578456380594021,49.709884893056838],[6.578525683189127,49.709886342725646],[6.578527918188686,49.709841410399768],[6.578666523268108,49.709844309608513],[6.578664288396177,49.709889241938953],[6.578733591008118,49.709890691483466],[6.57880289362567,49.709892140986533],[6.578800658875758,49.70993707332115],[6.578939264255323,49.709939972207565],[6.578937029627428,49.709984904546332],[6.579006332389439,49.709986353929679],[6.579004097819752,49.710031286270308],[6.579001863244455,49.710076218610503],[6.579071166139705,49.710077667957009],[6.579068931622614,49.710122600299066],[6.579138234587288,49.710124049606414],[6.579136000128404,49.710168981950353],[6.579133765663912,49.710213914293846],[6.579131531193812,49.710258846636933],[6.579129296718104,49.710303778979586],[6.579127062236788,49.710348711321814],[6.579196365526146,49.71035016059917],[6.579194131103037,49.710395092943273],[6.579191896674321,49.710440025286943],[6.579187427800064,49.71052988997301],[6.579185193354524,49.710574822315408],[6.579254496968571,49.710576271562779],[6.579252262581238,49.710621203907053],[6.579321566264711,49.71062265311528],[6.579319331935587,49.710667585461415],[6.579388635688486,49.710669034630492],[6.579457939446994,49.710670483758136],[6.579527243211111,49.710671932844349],[6.579596546980837,49.710673381889123],[6.579665850756173,49.710674830892472],[6.579735154537119,49.710676279854368],[6.579737388483345,49.710631347494513],[6.579739622423964,49.710586415134237],[6.579808926082886,49.710587864050126],[6.579811159954082,49.710542931687129],[6.579880463554796,49.710544380559313],[6.57994976716112,49.710545829390043],[6.580019070773051,49.710547278179355],[6.580021304447193,49.710502345809061],[6.580023538115729,49.710457413438348],[6.580092841605638,49.710458862181646],[6.580095075204753,49.710413929808219],[6.580164378636453,49.71041537850779],[6.580166612166147,49.710370446131655],[6.580168845690236,49.710325513755087],[6.580238148999912,49.710326962408651],[6.580240382454579,49.710282030029376],[6.580309685706049,49.710283478639219],[6.580311919091296,49.710238546257223],[6.580381222284558,49.710239994823333],[6.580383455600384,49.71019506243865],[6.580452758735438,49.71019651096104],[6.5805220618761,49.710197959441984],[6.580519828687904,49.710242891831264],[6.580589131897986,49.710244340273086],[6.580658435113677,49.710245788673447],[6.580656202047506,49.710290721066876],[6.580725505332618,49.710292169428115],[6.580794808623336,49.710293617747901],[6.58086411191966,49.710295066026269],[6.58086187903933,49.710339998426129],[6.580859646153396,49.710384930825569],[6.580857413261858,49.710429863224583],[6.580926716755235,49.710431311468376],[6.58099602025422,49.710432759670731],[6.580998253018127,49.710387827267141],[6.5810675564589,49.710389275425783],[6.58106532375881,49.710434207831661],[6.581134627269006,49.710435655951137],[6.581203930784806,49.710437104029182],[6.581201698206743,49.710482036439224],[6.581271001791966,49.710483484478118],[6.581340305382794,49.710484932475595],[6.581338072926759,49.710529864889764],[6.581407376587009,49.710531312848083],[6.581476680252861,49.710532760764977],[6.581474447918858,49.710577693183296],[6.581543751654134,49.710579141061032],[6.581613055395014,49.710580588897344],[6.581610823183039,49.71062552131982],[6.58168012699334,49.71062696911698],[6.581749430809245,49.710628416872702],[6.581818734630755,49.710629864586984],[6.58181650260463,49.710674797015898],[6.581885806495559,49.710676244691037],[6.581955110392093,49.710677692324737],[6.581952878487999,49.7107226247578],[6.582022182453954,49.710724072352356],[6.582091486425513,49.710725519905473],[6.582089254643452,49.710770452342679],[6.582158558684431,49.710771899856645],[6.582156326960586,49.71081683229572],[6.582225631070986,49.710818279770535],[6.582294935186988,49.710819727203933],[6.582292703585177,49.71086465964715],[6.582290471977765,49.710909592089948],[6.582359776227007,49.710911039486476],[6.58235754467781,49.710955971931121],[6.582426848996473,49.710957419288505],[6.582496153320737,49.710958866604436],[6.582565457650605,49.710960313878942],[6.582634761986074,49.710961761112003],[6.58263253068655,49.711006693565395],[6.582701835091441,49.711008140759304],[6.582771139501933,49.711009587911789],[6.582768908324445,49.711054520369316],[6.582838212804357,49.71105596748265],[6.582907517289872,49.711057414554546],[6.582905286234421,49.711102347016215],[6.582974590789355,49.711103794048952],[6.583043895349892,49.711105241040258],[6.58304166441648,49.711150173506084],[6.583110969046435,49.711151620458239],[6.583108738171243,49.711196552925927],[6.583178042870619,49.711197999838937],[6.583247347575596,49.711199446710509],[6.583245116822443,49.711244379182325],[6.58331442159684,49.711245826014746],[6.583383726376837,49.71124727280575],[6.583381495745723,49.711292205281715],[6.58345080059514,49.711293652033561],[6.583520105450159,49.71129509874396],[6.583517874941085,49.711340031224069],[6.583587179865523,49.711341477895324],[6.583656484795562,49.711342924525141],[6.583654254408528,49.711387857009399],[6.583723559407987,49.711389303600065],[6.583721329079176,49.711434236086191],[6.583790634148054,49.711435682637706],[6.583859939222531,49.711437129147775],[6.583857709015763,49.711482061638044],[6.583927014159659,49.711483508108962],[6.583996319309156,49.711484954538456],[6.58399408922443,49.711529887032853],[6.584063394443346,49.711531333423203],[6.584132699667861,49.711532779772099],[6.584202004897977,49.711534226079557],[6.584199774999115,49.711579158580406],[6.58413046970518,49.711577712270667],[6.5841282397369,49.711622644768795],[6.584123779783551,49.7117125097638],[6.584121549798483,49.711757442260655],[6.584190855347702,49.711758888579539],[6.584260160902518,49.711760334856983],[6.584257931039494,49.711805267357995],[6.58432723666373,49.711806713596289],[6.584325006858932,49.711851646099163],[6.584322777048537,49.71189657860161],[6.584392082806015,49.711898024803027],[6.584461388569091,49.711899470963026],[6.584530694337766,49.711900917081579],[6.584528464713239,49.71194584959045],[6.584597770551334,49.711947295669852],[6.584667076395027,49.711948741707815],[6.584736382244317,49.711950187704339],[6.584734152805662,49.71199512021964],[6.584803458724372,49.711996566177014],[6.584801229343943,49.712041498694163],[6.584870535332072,49.712042944612385],[6.5849398413258,49.712044390489169],[6.58493761206742,49.712089323010474],[6.585006918130566,49.7120907688481],[6.585004688930414,49.712135701371267],[6.585073995062981,49.712137147169742],[6.585143301201144,49.712138592926784],[6.585141072123042,49.712183525454087],[6.585210378330626,49.712184971171965],[6.585208149310751,49.712229903701136],[6.585277455587755,49.712231349379856],[6.58527522662611,49.712276281910889],[6.585344532972532,49.712277727550465],[6.585413839324551,49.712279173148602],[6.585411610484958,49.712324105683763],[6.585480916906397,49.712325551242749],[6.585478688125033,49.712370483779779],[6.58554799461589,49.712371929299614],[6.585545765892756,49.712416861838499],[6.585615072453034,49.712418307319176],[6.585612843788129,49.712463239859915],[6.585682150417827,49.712464685301427],[6.58575145705312,49.712466130701515],[6.58574922851027,49.71251106324641],[6.585818535214983,49.712512508607333],[6.585816306730364,49.712557441154075],[6.585885613504496,49.712558886475854],[6.585954920284223,49.71256033175618],[6.585952691921661,49.712605264307065],[6.586021998770808,49.71260670954824],[6.586019770466477,49.712651642100987],[6.586089077385043,49.712653087303011],[6.586158384309203,49.712654532463596],[6.586156156126929,49.712699465020478],[6.586225463120509,49.712700910141905],[6.586223234996466,49.712745842700663],[6.586221006866832,49.712790775258988],[6.586290313993657,49.712792220343538],[6.586288085922255,49.712837152903717],[6.586357393118501,49.712838597949109],[6.58642670032034,49.712840042953076],[6.586424472370997,49.712884975517404],[6.586493779642256,49.712886420482199],[6.586563086919109,49.71288786540557],[6.586560859091825,49.712932797974027],[6.586630166438096,49.712934242858246],[6.586627938669048,49.712979175428558],[6.586697246084739,49.712980620273612],[6.586695018373924,49.713025552845785],[6.586692790657519,49.713070485417546],[6.586690562935522,49.713115417988881],[6.586688335207933,49.713160350559789],[6.586686107474754,49.713205283130272],[6.586683879735983,49.713250215700334],[6.586753187540227,49.713251660517642],[6.586750959859692,49.713296593089559],[6.586820267733355,49.713298037867709],[6.586822495350064,49.713253105293504],[6.586891803165494,49.713254550027926],[6.586961110986516,49.713255994720917],[6.587030418813133,49.71325743937247],[6.587028191387906,49.71330237195351],[6.587025963957087,49.713347304534146],[6.587095271916951,49.713348749148814],[6.587164579882407,49.71335019372205],[6.587162352573653,49.713395126306807],[6.587231660608529,49.713396570840878],[6.587229433358012,49.713441503427497],[6.587298741462308,49.71344294792241],[6.587296514270029,49.713487880510897],[6.587365822443746,49.713489324966666],[6.587435130623056,49.713490769380968],[6.587432903552842,49.713535701973591],[6.58743067647704,49.71358063456578],[6.587499984789596,49.713582078943226],[6.587497757772032,49.713627011537284],[6.587567066154008,49.713628455875572],[6.587564839194682,49.71367338847147],[6.58763414764608,49.7136748327706],[6.587631920744994,49.713719765368367],[6.58770122926581,49.713721209628332],[6.587699002422965,49.713766142227954],[6.587696775574529,49.713811074827149],[6.587694548720505,49.713856007425932],[6.587692321860891,49.713900940024281],[6.587761630642615,49.713902384251931],[6.587759403841241,49.713947316852142],[6.58775717703428,49.713992249451927],[6.587826485949254,49.713993693642699],[6.58789579486982,49.713995137792026],[6.587893568184928,49.714040070395953],[6.587962877174914,49.714041514506135],[6.588032186170493,49.714042958574858],[6.588029959607673,49.71408789118292],[6.588027733039263,49.71413282379055],[6.588097042168092,49.714134267822409],[6.588166351302511,49.714135711812837],[6.588168577743259,49.714090779200632],[6.588237886819439,49.714092223147318],[6.58824011319077,49.71404729053242],[6.588309422208709,49.714048734435394],[6.588378731232239,49.714050178296915],[6.588448040261358,49.714051622117012],[6.588517349296067,49.714053065895655],[6.588515123180058,49.714097998519691],[6.588584432284187,49.714099442259176],[6.588582206226421,49.714144374885066],[6.588651515399969,49.714145818585393],[6.588649289400446,49.714190751213124],[6.588718598643415,49.714192194874293],[6.588787907891972,49.714193638494024],[6.588857217146119,49.714195082072315],[6.588854991332501,49.714240014706476],[6.588924300656067,49.714241458245603],[6.588922074900694,49.714286390881618],[6.588991384293679,49.71428783438158],[6.58898915859655,49.714332767019449],[6.588986932893834,49.714377699656893],[6.588984707185532,49.714422632293918],[6.5890540167756,49.714424075759283],[6.589123326371258,49.714425519183209],[6.589261945579336,49.714428405906723],[6.589331255191757,49.714429849206333],[6.589400564809766,49.714431292464489],[6.589469874433363,49.714432735681214],[6.589467649166297,49.714477668333757],[6.589536958859313,49.714479111511316],[6.589534733650493,49.714524044165742],[6.589604043412928,49.71452548730413],[6.589742662954559,49.714528373456602],[6.589811972733757,49.71452981647068],[6.589809747774679,49.714574749133781],[6.589879057623294,49.714576192108694],[6.589876832722465,49.714621124773643],[6.5899461426405,49.714622567709398],[6.590015452564121,49.714624010603693],[6.590084762493327,49.714625453456556],[6.59015407242812,49.714626896267987],[6.590223382368499,49.714628339037972],[6.590221157781247,49.714673271713892],[6.590290467791045,49.714674714444719],[6.590359777806428,49.714676157134093],[6.590429087827396,49.714677599782028],[6.590431312223149,49.714632667099266],[6.590433536613319,49.714587734416078],[6.590437985376911,49.714497869048415],[6.590440209750332,49.714452936363955],[6.590509519457724,49.714454378959061],[6.590578829170703,49.714455821512715],[6.590576604924946,49.71450075420173],[6.59064591470734,49.714502196716225],[6.590715224495319,49.714503639189289],[6.590713000371643,49.714548571882453],[6.59078231022904,49.714550014316337],[6.59085162009202,49.714551456708783],[6.590920929960585,49.714552899059797],[6.590990239834734,49.714554341369364],[6.591059549714467,49.714555783637493],[6.591061773518981,49.714510850932939],[6.591131083340466,49.714512293157348],[6.591128859599785,49.714557225864183],[6.591198169490684,49.714558668049428],[6.591267479387169,49.714560110193226],[6.591336789289236,49.714561552295585],[6.591334565734471,49.714606485008822],[6.591403875705954,49.714607927072016],[6.591473185683019,49.714609369093765],[6.591470962250338,49.71465430181113],[6.59154027229682,49.714655743793728],[6.591609582348886,49.714657185734872],[6.591678892406534,49.714658627634577],[6.591748202469764,49.714660069492844],[6.591817512538576,49.714661511309671],[6.591815289419477,49.714706444037994],[6.591884599557705,49.714707885815656],[6.591953909701514,49.71470932755188],[6.592023219850906,49.714710769246651],[6.592020996917727,49.714755701981396],[6.59201877397897,49.714800634715701],[6.59208808426161,49.714802076373587],[6.592157394549831,49.714803517990035],[6.59215517173316,49.714848450728489],[6.592224482090796,49.714849892305764],[6.592293792454013,49.714851333841615],[6.592363102822811,49.714852775336006],[6.592360880192063,49.714897708080862],[6.592430190630275,49.714899149536095],[6.59249950107407,49.714900590949881],[6.592497278565411,49.714945523698859],[6.592566589078619,49.714946965073487],[6.592635899597408,49.714948406406663],[6.592705210121778,49.714949847698414],[6.592702987799043,49.714994780453807],[6.592772298392827,49.714996221706379],[6.59284160899219,49.714997662917504],[6.592910919597133,49.714999104087198],[6.592908697460324,49.715044036849001],[6.59297800813468,49.715045477979523],[6.593047318814618,49.715046919068605],[6.593116629500134,49.715048360116249],[6.593185940191229,49.71504980112244],[6.59318371830418,49.715094733892911],[6.59325302906469,49.715096174859944],[6.593322339830777,49.715097615785531],[6.593320118065822,49.715142548560131],[6.593389428901324,49.71514398944656],[6.593458739742403,49.715145430291543],[6.593528050589064,49.715146871095079],[6.593525829010034,49.715191803876088],[6.593595139926106,49.71519324464046],[6.593664450847757,49.715194685363386],[6.593662229390825,49.715239618148516],[6.593731540381887,49.715241058832277],[6.593800851378529,49.715242499474606],[6.593870162380749,49.715243940075474],[6.593867941109746,49.715288872867028],[6.593937252181378,49.715290313428724],[6.594006563258588,49.715291753948982],[6.594004342109681,49.715336686744656],[6.594073653256303,49.715338127225756],[6.594142964408502,49.715339567665417],[6.59421227556628,49.715341008063618],[6.594281586729632,49.715342448420401],[6.594279365830495,49.71538738122473],[6.594348677063261,49.715388821542327],[6.594417988301601,49.715390261818492],[6.594415767524561,49.715435194626956],[6.594485078832316,49.715436634863948],[6.594482858113537,49.715481567674267],[6.594552169490705,49.715483007872095],[6.594621480873447,49.715484448028477],[6.594690792261767,49.715485888143412],[6.594688571728923,49.715530820960133],[6.594757883186654,49.715532261035897],[6.594827194649961,49.715533701070228],[6.594824974239217,49.715578633891077],[6.594894285771937,49.71558007388623],[6.594963597310231,49.715581513839943],[6.5950329088541,49.715582953752204],[6.595030688629294,49.715627886579448],[6.595100000242575,49.715629326452557],[6.59516931186143,49.715630766284214],[6.595238623485862,49.715632206074424],[6.595236403446994,49.71567713890807],[6.595305715140835,49.715678578659123],[6.595375026840252,49.715680018368722],[6.595372806923486,49.715724951206489],[6.595442118692314,49.715726390876931],[6.595511430466717,49.715727830505912],[6.595509210672054,49.7157727633478],[6.595578522515868,49.715774202937617],[6.595647834365254,49.715775642485994],[6.595645614692694,49.715820575332017],[6.595714926611493,49.715822014841223],[6.595784238535866,49.715823454308975],[6.595853550465811,49.715824893735309],[6.595851330979193,49.715869826587721],[6.59592064297855,49.715871265974869],[6.595989954983479,49.715872705320578],[6.595987735618968,49.715917638177103],[6.596057047693308,49.71591907748364],[6.596126359773221,49.715920516748724],[6.596195671858706,49.71592195597237],[6.596193452680138,49.715966888835311],[6.596262764835034,49.715968328019784],[6.596332076995502,49.715969767162818],[6.596401389161543,49.715971206264399],[6.596399170168921,49.716016139133728],[6.59646848240437,49.716017578196151],[6.596537794645393,49.716019017217128],[6.596607106891987,49.716020456196652],[6.596676419144154,49.716021895134737],[6.596674200401317,49.716066828012735],[6.596743512722892,49.716068266911641],[6.596812825050038,49.716069705769115],[6.596882137382756,49.716071144585136],[6.596879918825866,49.716116077469543],[6.596949231227994,49.716117516246399],[6.597018543635692,49.716118954981802],[6.597016325200912,49.716163887870323],[6.597085637678021,49.716165326566554],[6.597154950160699,49.716166765221345],[6.597224262648947,49.716168203834691],[6.597222044400117,49.716213136729614],[6.597291356957775,49.716214575303788],[6.597360669521002,49.716216013836515],[6.597358451394284,49.716260946735545],[6.597427764026921,49.716262385229108],[6.597497076665127,49.716263823681217],[6.597566389308905,49.716265262091895],[6.597564171368137,49.71631019499732],[6.597633484081321,49.716311633368825],[6.597702796800076,49.716313071698877],[6.597700578981422,49.716358004608416],[6.597769891769585,49.716359442899297],[6.597839204563317,49.716360881148731],[6.597908517362619,49.716362319356719],[6.597906299729917,49.716407252272667],[6.597975612598627,49.716408690441483],[6.598044925472905,49.71641012856886],[6.598114238352752,49.716411566654784],[6.598112020906006,49.71645649957712],[6.598181333855261,49.716457937623872],[6.598250646810083,49.716459375629178],[6.598248429485452,49.716504308555628],[6.598317742509685,49.716505746521769],[6.598387055539482,49.716507184446456],[6.59845636857485,49.716508622329705],[6.598454151436175,49.716553555262536],[6.59852346454095,49.716554993106612],[6.598592777651291,49.716556430909243],[6.598662090767199,49.716557868670428],[6.598659873814483,49.71660280160966],[6.598729186999799,49.716604239331666],[6.598798500190682,49.71660567701224],[6.598796283360084,49.716650609955579],[6.598865596620375,49.716652047596959],[6.598863379848054,49.716696980542174],[6.598932693177753,49.716698418144382],[6.598930476463709,49.716743351091424],[6.598999789862814,49.716744788654474],[6.598997573207049,49.716789721603362],[6.599066886675563,49.716791159127226],[6.599136200149644,49.71679259660965],[6.599205513629291,49.716794034050615],[6.599274827114503,49.716795471450148],[6.599344140605281,49.716796908808227],[6.599346356941838,49.716751975847991],[6.599415670374337,49.716753413162373],[6.599413454101621,49.716798346124868],[6.599552081111002,49.716801220633812],[6.599549864960409,49.716846153600443],[6.599480551389094,49.71684471636442],[6.599478335169095,49.716889649328365],[6.599476118943532,49.716934582291877],[6.599406805250098,49.716933145009875],[6.599404588955131,49.716978077970694],[6.599473902712408,49.716979515254977],[6.59947168647572,49.71702444821765],[6.599541000302405,49.717025885462746],[6.599610314134654,49.717027322666397],[6.599612530243657,49.716982389699183],[6.599614746347096,49.71693745673155],[6.599684060057227,49.716938893889214],[6.599753373772919,49.716940331005439],[6.599751157797165,49.716985263977605],[6.599820471582266,49.716986701054651],[6.599889785372931,49.716988138090251],[6.59995909916916,49.716989575084405],[6.60009772677831,49.716992448948389],[6.600099942434851,49.716947515964854],[6.600169256183929,49.716948952832411],[6.600167040591231,49.716993885818198],[6.600236354409716,49.716995322646568],[6.600305668233764,49.716996759433485],[6.600374982063374,49.71699819617897],[6.600372766656642,49.717043129171152],[6.600442080555659,49.717044565877444],[6.600511394460239,49.717046002542304],[6.600580708370381,49.717047439165711],[6.600578493149619,49.717092372164274],[6.600647807129165,49.717093808748515],[6.600717121114276,49.717095245291297],[6.600786435104949,49.71709668179264],[6.600855749101184,49.717098118252544],[6.600853534130233,49.717143051259754],[6.600922848195873,49.717144487680478],[6.600992162267075,49.71714592405975],[6.600989947418253,49.717190857071074],[6.60105926155886,49.717192293411173],[6.601128575705029,49.717193729709813],[6.601197889856758,49.71719516596702],[6.601195675193908,49.717240098984725],[6.601264989415041,49.71724153520276],[6.601334303641738,49.717242971379335],[6.601403617873995,49.717244407514471],[6.601472932111812,49.717245843608154],[6.60154224635519,49.717247279660391],[6.601611560604129,49.717248715671197],[6.601609346318782,49.717293648702082],[6.601678660637124,49.717295084673708],[6.601747974961028,49.717296520603874],[6.60181728929049,49.717297956492601],[6.601815075191118,49.717342889529888],[6.601884389589985,49.717344325379429],[6.601953703994411,49.717345761187531],[6.602023018404397,49.717347196954179],[6.602092332819942,49.717348632679389],[6.602161647241045,49.717350068363146],[6.60215943345534,49.71739500141134],[6.602228747945847,49.717396437055925],[6.602298062441913,49.717397872659063],[6.60236737694354,49.717399308220735],[6.602436691450722,49.717400743740988],[6.602438904981051,49.717355810683713],[6.602508219429949,49.71735724616024],[6.602577533884404,49.717358681595321],[6.602646848344419,49.717360116988957],[6.602649061677657,49.717315183924462],[6.602718376079384,49.717316619274371],[6.602720589343224,49.717271686207198],[6.602789903686664,49.717273121513401],[6.602787690486668,49.717318054582854],[6.602857004899511,49.717319489849871],[6.602854791757806,49.717364422921172],[6.602852578610546,49.717409355992046],[6.602921893156633,49.717410791222157],[6.602919680067663,49.717455724294872],[6.602988994683153,49.717457159485811],[6.603058309304201,49.717458594635296],[6.603127623930806,49.717460029743343],[6.603125411027816,49.717504962822424],[6.603194725723822,49.717506397891285],[6.603264040425387,49.717507832918699],[6.603261827644531,49.717552766001909],[6.603331142415496,49.717554200990136],[6.603400457192017,49.717555635936939],[6.603469771974096,49.717557070842268],[6.603467559379223,49.717602003931844],[6.603536874230701,49.717603438798015],[6.603606189087737,49.717604873622726],[6.603675503950328,49.717606308405998],[6.60367329154144,49.717651241501954],[6.60374260647343,49.717652676246033],[6.603811921410977,49.717654110948672],[6.603881236354082,49.717655545609858],[6.603950551302739,49.717656980229613],[6.603948339143679,49.71770191333421],[6.604017654161738,49.717703347914764],[6.604086969185351,49.717704782453886],[6.604084757148431,49.717749715562597],[6.604154072241445,49.717751150062533],[6.604223387340014,49.717752584521016],[6.604292702444138,49.717754018938052],[6.604290490593204,49.717798952053137],[6.604359805766728,49.717800386430987],[6.604429120945805,49.717801820767406],[6.604498436130436,49.717803255062371],[6.604567751320624,49.717804689315884],[6.604565539719523,49.717849622439608],[6.60463485497911,49.717851056653927],[6.604704170244248,49.717852490826829],[6.604701958765292,49.71789742395466],[6.604771274099829,49.717898858088354],[6.604840589439922,49.717900292180623],[6.604909904785567,49.717901726231425],[6.604979220136764,49.717903160240795],[6.604977008907643,49.71794809337726],[6.605046324328241,49.717949527347436],[6.605115639754391,49.717950961276159],[6.605113428647414,49.717995894416752],[6.605182744142963,49.717997328306296],[6.605252059644064,49.717998762154402],[6.605249848659233,49.718043695299087],[6.605319164229734,49.718045129107999],[6.605388479805786,49.718046562875465],[6.605386268943101,49.718091496024257],[6.605455584588552,49.718092929752551],[6.605524900239557,49.718094363439384],[6.605522689499016,49.718139296592284],[6.605520478752926,49.718184229744757],[6.605589794537177,49.718185663394685],[6.605659110326979,49.718187097003153],[6.605656899703037,49.718232030159726],[6.605654689073545,49.718276963315887],[6.605724004996595,49.718278396887449],[6.605793320925196,49.718279830417551],[6.605791110417851,49.718324763577812],[6.605860426415851,49.718326197068734],[6.605858215966808,49.718371130230835],[6.605856005512216,49.718416063392517],[6.605853795052075,49.718460996553766],[6.605923111247173,49.718462430010035],[6.605920900845333,49.718507363173146],[6.605918690437944,49.718552296335815],[6.605849374115148,49.718550862875027],[6.605847163638361,49.718595796035011],[6.605844953156026,49.718640729194583],[6.605842742668143,49.718685662353728],[6.605840532174711,49.718730595512447],[6.605771215602068,49.718729162001146],[6.605769005039237,49.718774095157173],[6.605766794470858,49.718819028312794],[6.605764583896928,49.718863961467989],[6.605762373317452,49.71890889462275],[6.605760162732426,49.718953827777099],[6.605829479624321,49.718955261299719],[6.605827269097597,49.719000194455894],[6.605896586058894,49.719001627939342],[6.605894375590473,49.719046561097365],[6.605963692621173,49.719047994541619],[6.606033009657422,49.719049427944427],[6.606030799311156,49.719094361106556],[6.606100116416807,49.719095794470164],[6.606169433528009,49.719097227792339],[6.606167223303896,49.719142160958583],[6.606236540484501,49.719143594241565],[6.606305857670655,49.719145027483094],[6.606303647568696,49.719189960653445],[6.606372964824252,49.719191393855787],[6.606442282085359,49.719192827016684],[6.606440072105557,49.719237760191142],[6.606509389436063,49.719239193312852],[6.60657870677212,49.719240626393116],[6.606648024113727,49.719242059431927],[6.606645814319934,49.719286992612737],[6.606715131730941,49.719288425612362],[6.606784449147497,49.719289858570555],[6.606782239475861,49.719334791755465],[6.606851556961819,49.71933622467445],[6.606920874453325,49.719337657552003],[6.606918664903847,49.719382590741027],[6.606987982464754,49.719384023579373],[6.607057300031209,49.719385456376287],[6.607126617603213,49.719386889131748],[6.607124408239748,49.719431822327131],[6.607193725881153,49.719433255043398],[6.607263043528105,49.719434687718213],[6.607332361180606,49.719436120351588],[6.607401678838653,49.719437552943511],[6.607470996502249,49.719438985493966],[6.60754031417139,49.719440418002996],[6.607609631846081,49.719441850470552],[6.607611840762577,49.719396917259324],[6.607681158378962,49.719398349683182],[6.607750476000893,49.719399782065594],[6.60775268478414,49.719354848849413],[6.607754893561841,49.719309915632813],[6.607824211061613,49.719311347969246],[6.607822002347764,49.719356281188112],[6.607891319916936,49.719357713485344],[6.607960637491653,49.719359145741144],[6.607958428899965,49.719404078964104],[6.608027746544082,49.719405511180717],[6.608097064193744,49.719406943355878],[6.608094855724217,49.719451876582937],[6.608164173443279,49.719453308718919],[6.608233491167885,49.719454740813433],[6.608231282820522,49.719499674044606],[6.608300600614527,49.719501106099926],[6.608369918414079,49.719502538113808],[6.608367710188878,49.719547471349088],[6.608437028057828,49.719548903323783],[6.608434819890937,49.719593836560882],[6.608432611718505,49.719638769797569],[6.608501929720707,49.719640201735331],[6.608499721606584,49.719685134973858],[6.608569039678185,49.71968656687244],[6.608566831622375,49.719731500112808],[6.608636149763375,49.719732931972196],[6.608633941765876,49.719777865214404],[6.608703259976275,49.719779297034599],[6.608701052037087,49.71982423027864],[6.608770370316885,49.719825662059655],[6.60876816243601,49.719870595305544],[6.608765954549592,49.719915528550999],[6.608835272962644,49.719916960295087],[6.60890459138124,49.719918391997723],[6.60890238361699,49.719963325247271],[6.608971702104985,49.719964756910706],[6.608969494399048,49.720009690162115],[6.609038812956442,49.720011121786378],[6.60910813151938,49.720012553369173],[6.609105923935611,49.720057486624682],[6.609103716346303,49.720102419879758],[6.609173035042494,49.720103851425634],[6.609170827511499,49.72014878468255],[6.609240146277091,49.720150216189232],[6.609309465048224,49.720151647654468],[6.6093072576394,49.720196580915477],[6.609376576479933,49.720198012341527],[6.609374369129425,49.720242945604369],[6.609443688039358,49.720244376991218],[6.609513006954832,49.720245808336621],[6.609510799726493,49.720290741603584],[6.609580118711369,49.720292172909787],[6.609577911541346,49.72033710617859],[6.609575704365782,49.72038203944696],[6.609645023483913,49.720383470716243],[6.609642816366667,49.720428403986453],[6.609712135554196,49.720429835216542],[6.609781454747268,49.720431266405178],[6.609779247752194,49.720476199679482],[6.609848567014667,49.720477630828924],[6.60991788628268,49.720479061936928],[6.60991567940978,49.720523995215324],[6.609984998747194,49.720525426284127],[6.609982791932612,49.72057035956437],[6.610052111339423,49.720571790593993],[6.610049904583159,49.72061672387607],[6.61011922405937,49.720618154866493],[6.610117017361424,49.72066308815041],[6.610186336907033,49.720664519101646],[6.610255656458184,49.720665950011423],[6.610253449882416,49.720710883299439],[6.610322769502965,49.720712314170036],[6.610320562985516,49.720757247459879],[6.610389882675464,49.720758678291283],[6.610387676216333,49.720803611582973],[6.610456995975682,49.720805042375169],[6.610454789574871,49.720849975668692],[6.610524109403618,49.720851406421708],[6.610521903061127,49.720896339717072],[6.610591222959274,49.720897770430902],[6.610589016675102,49.720942703728099],[6.610658336642648,49.720944134402728],[6.610656130416798,49.72098906770178],[6.610725450453742,49.720990498337208],[6.610723244286214,49.721035431638093],[6.610792564392558,49.721036862234328],[6.61079035828335,49.721081795537039],[6.610859678459095,49.721083226094088],[6.610928998640379,49.721084656609669],[6.610926792653351,49.721129589916501],[6.610996112904035,49.721131020392896],[6.610993906975329,49.721175953701533],[6.611063227295412,49.721177384138755],[6.611061021425028,49.721222317449239],[6.611058815549107,49.721267250759318],[6.61112813600245,49.721268681159579],[6.611125930184853,49.72131361447147],[6.611195250707595,49.721315044832558],[6.61119304494832,49.721359978146296],[6.611262365540461,49.721361408468191],[6.61126015983951,49.721406341783769],[6.61132948050105,49.721407772066456],[6.611327274858423,49.721452705383868],[6.611396595589363,49.721454135627376],[6.611394390005061,49.721499068946621],[6.611463710805401,49.721500499150913],[6.611461505279421,49.72154543247202],[6.611530826149161,49.721546862637126],[6.611528620681507,49.721591795960038],[6.611597941620647,49.721593226085965],[6.611595736211317,49.72163815941073],[6.611665057219857,49.72163958949745],[6.611662851868854,49.721684522824042],[6.611732172946792,49.721685952871567],[6.611801494030269,49.72168738287764],[6.611799288801453,49.721732316208332],[6.611797083567103,49.721777249538597],[6.611866404783841,49.721778679507743],[6.611935726006118,49.721780109435414],[6.611933520893954,49.721825042769787],[6.611931315776257,49.721869976103733],[6.612000637131795,49.721871405994477],[6.611998432072424,49.721916339330257],[6.612067753497363,49.7219177691818],[6.612065548496319,49.72196270251942],[6.612063343489739,49.72200763585662],[6.61213266504794,49.722009065671216],[6.612130460099688,49.722053999010257],[6.612128255145901,49.722098932348864],[6.612197576837366,49.722100362126547],[6.612195371941908,49.722145295466973],[6.612193167040915,49.722190228807001],[6.612262488865642,49.722191658547743],[6.612260284022979,49.722236591889597],[6.612329605917108,49.722238021591139],[6.612327401132774,49.722282954934826],[6.612396723096303,49.722284384597181],[6.612394518370297,49.722329317942709],[6.612463840403227,49.722330747565863],[6.61246163573555,49.722375680913224],[6.612530957837882,49.72237711049717],[6.612528753228537,49.722422043846372],[6.612598075400268,49.722423473391146],[6.612595870849252,49.722468406742166],[6.612593666292701,49.722513340092775],[6.6126629885977,49.7225147696006],[6.61266078409948,49.722559702953049],[6.612730106473879,49.722561132421674],[6.612727902033989,49.722606065775956],[6.61279722447779,49.722607495205381],[6.612795020096233,49.722652428561496],[6.612864342609434,49.722653857951727],[6.612862138286209,49.722698791309689],[6.612859933957449,49.722743724667218],[6.612929256603917,49.722745154020508],[6.612998579255922,49.722746583332345],[6.612996375049361,49.722791516693967],[6.612994170837267,49.722836450055169],[6.613063493622539,49.722837879330051],[6.613132816413343,49.722839308563501],[6.613130612323448,49.722884241928796],[6.613199935183656,49.722885671123045],[6.613269258049399,49.722887100275827],[6.613267054081702,49.722932033645215],[6.613336377016847,49.722933462758796],[6.613405699957524,49.722934891830931],[6.61340349611203,49.722979825204419],[6.613472819122109,49.722981254237354],[6.613470615334948,49.723026187612668],[6.613539938414428,49.723027616606402],[6.613537734685603,49.723072549983556],[6.613607057834484,49.723073978938082],[6.613604854163992,49.723118912317076],[6.613674177382276,49.723120341232416],[6.613671973770119,49.72316527461323],[6.613741297057804,49.723166703489369],[6.613739093503984,49.723211636872023],[6.613808416861068,49.723213065708961],[6.613806213365584,49.723257999093462],[6.613875536792071,49.723259427891193],[6.613873333354922,49.723304361277528],[6.613871129912242,49.723349294663429],[6.613940453471999,49.72335072342424],[6.613938250087656,49.723395656811967],[6.614007573716814,49.723397085533556],[6.614005370390808,49.72344201892313],[6.614003167059272,49.723486952312271],[6.614072490821699,49.72348838099694],[6.6140702875485,49.723533314387929],[6.614139611380329,49.723534743033383],[6.614137408165467,49.723579676426205],[6.614206732066698,49.723581105032459],[6.614204528910175,49.723626038427113],[6.614273852880808,49.723627466994174],[6.614271649782624,49.723672400390662],[6.614340973822658,49.723673828918514],[6.614338770782812,49.723718762316842],[6.614408094892249,49.723720190805494],[6.614405891910741,49.723765124205642],[6.614475216089581,49.7237665526551],[6.614473013166412,49.723811486057087],[6.614542337414654,49.723812914467345],[6.614540134549825,49.723857847871166],[6.614609458867468,49.723859276242223],[6.614607256060981,49.723904209647884],[6.614605053248961,49.723949143053119],[6.614674377699878,49.723950571387235],[6.6146721749462,49.723995504794303],[6.614741499466518,49.723996933089204],[6.614739296771182,49.724041866498105],[6.614808621360902,49.72404329475382],[6.614806418723906,49.724088228164554],[6.614804216081381,49.724133161574876],[6.614873540804374,49.724134589793636],[6.61487133822019,49.724179523205784],[6.614940663012586,49.72418095138535],[6.614938460486745,49.724225884799324],[6.615007785348544,49.724227312939696],[6.615005582881046,49.724272246355497],[6.615003380408016,49.7243171797709],[6.615072705403089,49.724318607874316],[6.615070502988404,49.724363541291531],[6.61506830056819,49.724408474708348],[6.615137625696538,49.724409902774816],[6.615135423334666,49.724454836193459],[6.615204748532417,49.72445626422072],[6.61520254622889,49.724501197641196],[6.615341196768729,49.724504053575863],[6.615410522046944,49.72450548148101],[6.61547984733069,49.724506909344697],[6.615549172619965,49.724508337166938],[6.615551374604133,49.724463403735186],[6.615620699835066,49.7244648315137],[6.615618497914772,49.724509764947712],[6.615687823215108,49.724511192687025],[6.615757148520975,49.724512620384878],[6.61582647383237,49.724514048041272],[6.615895799149295,49.724515475656219],[6.6158980008141,49.72447054221319],[6.61596732607268,49.724471969784425],[6.616036651336792,49.724473397314185],[6.616038852868325,49.724428463866225],[6.616108178074093,49.724429891352273],[6.616110379536225,49.724384957901655],[6.61617970468365,49.72438638534399],[6.616181906076386,49.724341451890673],[6.616251231165466,49.72434287928931],[6.616253432488803,49.724297945833321],[6.616322757519541,49.724299373188238],[6.616324958773479,49.724254439729577],[6.616327160021892,49.724209506270491],[6.616257835118899,49.724208078920071],[6.616260036425658,49.724163145462818],[6.61632936126478,49.72416457281097],[6.61639868610943,49.72416600011767],[6.616468010959609,49.724167427382916],[6.616537335815314,49.724168854606688],[6.616539536861063,49.724123921139984],[6.616608861658425,49.724125348320058],[6.616678186461315,49.724126775458679],[6.616747511269732,49.724128202555832],[6.616816836083677,49.724129629611518],[6.616814635293415,49.724174563087239],[6.616812434497629,49.72421949656254],[6.616881759444843,49.724220923581278],[6.616879558707402,49.724265857058406],[6.616877357964439,49.7243107905351],[6.616946683044924,49.724312217516903],[6.616944482360307,49.724357150995431],[6.617013807510192,49.724358577938027],[6.617011606883922,49.724403511418394],[6.617080932103205,49.724404938321783],[6.617078731535284,49.724449871803984],[6.617148056823965,49.724451298668171],[6.617145856314392,49.724496232152198],[6.617215181672474,49.724497658977178],[6.617212981221249,49.724542592463045],[6.61728230664873,49.724544019248818],[6.617280106255853,49.724588952736518],[6.617277905857455,49.724633886223778],[6.617208580302229,49.724632459433494],[6.617139254752528,49.724631032601749],[6.617137054220859,49.724675966084099],[6.617067728612812,49.72467453920865],[6.616998403010292,49.724673112291725],[6.616996202345351,49.72471804576913],[6.616926876684484,49.724716618808507],[6.616857551029145,49.724715191806425],[6.616855350230932,49.724760125278912],[6.616786024517246,49.72475869823311],[6.616716698809086,49.724757271145862],[6.616714497877601,49.724802204613411],[6.616645172111097,49.724800777482443],[6.616642971110214,49.724845710947314],[6.616573645285363,49.724844283772619],[6.61650431946604,49.724842856556485],[6.616502118331883,49.724887790016432],[6.616432792454213,49.724886362756578],[6.616363466582073,49.72488493545525],[6.616361265314642,49.724929868910266],[6.616291939384155,49.724928441565247],[6.616222613459197,49.72492701417876],[6.616220412058492,49.724971947628838],[6.616151086075187,49.724970520198639],[6.616148884605082,49.725015453646044],[6.616079558563431,49.725014026172133],[6.616077357023925,49.72505895961686],[6.616008030923931,49.725057532099228],[6.616005829315021,49.725102465541276],[6.616003627700587,49.725147398982905],[6.616072953928332,49.725148826505041],[6.616070752372244,49.725193759948489],[6.61606855081063,49.725238693391532],[6.616066349243488,49.725283626834155],[6.616135675668388,49.725285054321589],[6.616133474159596,49.725329987766031],[6.616131272645275,49.725374921210062],[6.61612907112543,49.725419854653666],[6.616198397747485,49.72542128210641],[6.616196196285988,49.725466215551847],[6.616193994818964,49.725511148996858],[6.616191793346414,49.725556082441443],[6.616261120165625,49.725557509859499],[6.616258918751426,49.725602443305924],[6.616256717331698,49.725647376751922],[6.616326044284191,49.72564880413303],[6.616323842922815,49.725693737580869],[6.616321641555912,49.725738671028267],[6.616319440183482,49.725783604475268],[6.616388767333135,49.725785031821665],[6.616386566019056,49.725829965270492],[6.616384364699451,49.725874898718892],[6.616453691982387,49.725876326028342],[6.616451490721133,49.725921259478582],[6.616449289454352,49.725966192928396],[6.616447088182047,49.726011126377777],[6.616516415662144,49.726012553652531],[6.616514214448189,49.726057487103752],[6.616512013228711,49.726102420554561],[6.616581340842091,49.726103847792359],[6.616650668461001,49.726105274988711],[6.616719996085438,49.726106702143596],[6.616789323715405,49.726108129257021],[6.616791524679371,49.726063195797209],[6.616860852250985,49.726064622866915],[6.616930179828129,49.726066049895174],[6.616932380658814,49.726021116430424],[6.617001708177606,49.726022543414963],[6.616999507410798,49.726067476881965],[6.617068834998996,49.726068903827283],[6.617066634290541,49.726113837296126],[6.617064433576562,49.726158770764535],[6.617133761298044,49.726160197672911],[6.617131560642419,49.726205131143153],[6.617200888433306,49.726206558012329],[6.617198687836035,49.726251491484405],[6.617268015696327,49.726252918314373],[6.617337343562146,49.726254345102866],[6.617406671433492,49.726255771849907],[6.617408871839126,49.726210838371081],[6.617478199652117,49.726212265074416],[6.617480399988348,49.72616733159289],[6.617549727742988,49.726168758252506],[6.617619055503154,49.726170184870654],[6.617621255706104,49.726125251384218],[6.617690583407915,49.726126677958653],[6.617692783541464,49.726081744469546],[6.617694983669488,49.726036810979998],[6.617697183791988,49.725991877490053],[6.61762785628181,49.725990450922367],[6.617630056462668,49.725945517434241],[6.617632256637999,49.725900583945688],[6.617562929261101,49.725899157341061],[6.617565129494789,49.725854223854341],[6.617569529945592,49.725764356879623],[6.617638857130856,49.725765783477485],[6.617641057284094,49.725720849987255],[6.617710384411005,49.725722276541411],[6.617779711543442,49.725723703054115],[6.617781911563402,49.725678769558947],[6.617784111577841,49.725633836063352],[6.617790711588016,49.725499035574046],[6.617721384774964,49.725497609072612],[6.617723584831187,49.725452675577593],[6.617725784881885,49.72540774208214],[6.61765645820211,49.725406315543751],[6.617658658311163,49.725361382050139],[6.617660858414692,49.7253164485561],[6.617591531868194,49.725315021980769],[6.617593732030075,49.725270088488557],[6.617524405552978,49.725268661874019],[6.617526605773212,49.725223728383639],[6.617528805987922,49.725178794892841],[6.617459479644101,49.725177368241347],[6.617461679917163,49.725132434752382],[6.617463880184701,49.725087501262998],[6.617533206400772,49.725088927909979],[6.617602532622367,49.725090354515515],[6.617671858849489,49.725091781079584],[6.61767405891988,49.725046847583009],[6.617743385088652,49.725048274103365],[6.617812711262949,49.725049700582254],[6.617810511320307,49.725094634083341],[6.617879837564005,49.725096060523029],[6.617877637679717,49.725140994025935],[6.617946963992814,49.72514242042643],[6.617944764166879,49.725187353931155],[6.618014090549376,49.725188780292441],[6.618011890781792,49.725233713799014],[6.61808121723369,49.725235140121093],[6.61807901752446,49.725280073629492],[6.618076817809709,49.725325007137471],[6.618146144394882,49.725326433422595],[6.618143944738483,49.7253713669324],[6.618141745076563,49.725416300441793],[6.618139545409122,49.725461233950767],[6.618137345736157,49.725506167459301],[6.618275999434085,49.72550901992318],[6.618273799883352,49.725553953435821],[6.618271600327096,49.725598886948028],[6.61826940076532,49.725643820459815],[6.618267201198021,49.725688753971177],[6.618336528310778,49.725690180149932],[6.618334328801835,49.725735113663134],[6.618403655983993,49.725736539802696],[6.618472983171676,49.725737965900784],[6.618470783784966,49.725782899418057],[6.618468584392733,49.725827832934918],[6.618537911713695,49.725829258996058],[6.61853571237982,49.725874192514752],[6.618605039770182,49.725875618536676],[6.618602840494663,49.725920552057197],[6.618600641213622,49.725965485577291],[6.618669968737265,49.725966911562274],[6.618667769514582,49.726011845084201],[6.618665570286378,49.726056778605695],[6.618663371052653,49.726101712126777],[6.618732698773454,49.726103138077058],[6.618802026499778,49.726104563985864],[6.61879982738829,49.726149497511038],[6.618797628271281,49.726194431035772],[6.618866956130886,49.72619585690763],[6.618864757072234,49.726240790434211],[6.618862558008061,49.726285723960366],[6.618931886000947,49.726287149795262],[6.618929686995135,49.726332083323236],[6.618927487983801,49.726377016850797],[6.61899681610997,49.726378442648759],[6.618994617156996,49.726423376178133],[6.618992418198502,49.726468309707109],[6.619061746457952,49.726469735468093],[6.619059547557818,49.726514668998895],[6.619057348652161,49.726559602529257],[6.619126677044895,49.7265610282533],[6.619124478197601,49.726605961785502],[6.619193806659737,49.726607387470331],[6.619191607870803,49.726652321004366],[6.619189409076349,49.726697254537967],[6.619187210276373,49.726742188071171],[6.619256538935676,49.72674361372129],[6.619254340194061,49.726788547256312],[6.619252141446928,49.726833480790908],[6.619321470239515,49.726834906404072],[6.619319271550745,49.726879839940494],[6.619317072856452,49.726924773476505],[6.619386401782323,49.726926199052713],[6.619384203146393,49.726971132590535],[6.619382004504945,49.727016066127952],[6.619451333564102,49.727017491667198],[6.619449134981015,49.727062425206448],[6.619446936392408,49.727107358745272],[6.619377607205488,49.727105933201521],[6.619375408547479,49.727150866737674],[6.619306079302196,49.727149441150218],[6.619303880574786,49.727194374683677],[6.619234551271142,49.727192949052508],[6.619165221973021,49.727191523379865],[6.619095892680424,49.727190097665769],[6.619026563393348,49.727188671910206],[6.618957234111796,49.727187246113175],[6.618887904835765,49.727185820274684],[6.61881857556526,49.727184394394733],[6.61881637638515,49.727229327912013],[6.618747047056284,49.72722790198835],[6.618608388415121,49.727225050016635],[6.618539059102827,49.727223623968584],[6.618536859661665,49.727268557476435],[6.618534660214981,49.727313490983867],[6.618603989655042,49.727314917036423],[6.61860179026672,49.727359850545689],[6.618671119776187,49.727361276559037],[6.618668920446226,49.727406210070129],[6.618738250025101,49.727407636044269],[6.618736050753501,49.727452569557194],[6.618805380401784,49.727453995492127],[6.618803181188547,49.72749892900687],[6.618800981969789,49.727543862521202],[6.61879878274551,49.727588796035121],[6.61879658351571,49.727633729548614],[6.618865913425051,49.727635155451082],[6.618863714253613,49.727680088966409],[6.61893304423236,49.727681514829669],[6.618930845119288,49.727726448346822],[6.619000175167444,49.727727874170881],[6.618997976112734,49.72777280768986],[6.618995777052503,49.727817741208405],[6.619065107233951,49.727819166995509],[6.619134437420922,49.727820592741146],[6.619203767613417,49.727822018445309],[6.61920156873932,49.727866951970199],[6.619199369859703,49.72791188549467],[6.619268700185491,49.727913311161878],[6.619266501364238,49.727958244688182],[6.619335831759433,49.727959670316189],[6.619333632996547,49.728004603844312],[6.61940296346115,49.728006029433104],[6.619400764756628,49.728050962963067],[6.619470095290638,49.728052388512644],[6.619467896644482,49.728097322044434],[6.619537227247902,49.728098747554803],[6.619535028660113,49.728143681088412],[6.61960435933294,49.728145106559559],[6.619673690011288,49.728146531989253],[6.619743020695157,49.72814795737748],[6.619740822293508,49.728192890917441],[6.619738623886338,49.728237824456968],[6.619807954703502,49.728239249808247],[6.619877285526186,49.728240675118037],[6.619875087241271,49.72828560866165],[6.619944418133366,49.72828703393224],[6.619942219906818,49.728331967477679],[6.619940021674753,49.728376901022699],[6.619937823437168,49.728421834567293],[6.619935625194064,49.72846676811146],[6.620004956347227,49.728468193349599],[6.620002758162492,49.728513126895614],[6.620000559972239,49.728558060441195],[6.619998361776466,49.72860299398635],[6.619996163575175,49.728647927531092],[6.62006549498941,49.728649352736767],[6.620063296846488,49.728694286283336],[6.620132628330131,49.728695711449788],[6.620130430245579,49.728740644998183],[6.620061098698048,49.728739219829478],[6.620058900544089,49.728784153375216],[6.620056702384612,49.728829086920513],[6.620054504219616,49.728874020465391],[6.620123835958814,49.72887544564086],[6.620121637852188,49.728920379187564],[6.620052306049101,49.728918954009849],[6.619982974251537,49.728917528790689],[6.619913642459491,49.728916103530025],[6.619844310672969,49.728914678227923],[6.619842112305268,49.728959611765198],[6.619839913932049,49.729004545302068],[6.619837715553309,49.729049478838505],[6.619835517169051,49.729094412374522],[6.619904849211132,49.729095837685634],[6.619902650885244,49.729140771223484],[6.619971982996734,49.729142196495374],[6.619969784729218,49.729187130035058],[6.619967586456182,49.729232063574315],[6.619898254216912,49.729230638297906],[6.619896055874467,49.729275571834492],[6.619893857526502,49.729320505370637],[6.619891659173018,49.729365438906378],[6.619960991603961,49.729366864189551],[6.619958793308848,49.729411797727117],[6.619956595008217,49.729456731264257],[6.619954396702068,49.729501664800978],[6.619952198390399,49.729546598337279],[6.619950000073209,49.729591531873147],[6.619947801750502,49.729636465408618],[6.619878468936214,49.729635040111944],[6.619876270544095,49.729679973644721],[6.619945603422275,49.729681398943647],[6.620014936305977,49.729682824201106],[6.620012738036124,49.729727757737969],[6.620082070989239,49.729729182956198],[6.620079872777758,49.729774116494895],[6.620149205800286,49.729775541673916],[6.620218538828335,49.729776966811485],[6.620287871861905,49.729778391907573],[6.620285673836582,49.7298233254526],[6.620355006939564,49.729824750509472],[6.620352808972616,49.729869684056318],[6.620350611000148,49.729914617602759],[6.620348413022162,49.729959551148774],[6.620417746322341,49.729960976170943],[6.620415548402731,49.730005909718784],[6.620346215038658,49.730004484694362],[6.620344017049636,49.730049418239531],[6.620274683627189,49.730047993171397],[6.620272485568756,49.730092926713887],[6.620203152087937,49.73009150160204],[6.620200953960092,49.730136435141851],[6.620198755826728,49.730181368681258],[6.620268089435332,49.73018279379761],[6.620337423049459,49.730184218872495],[6.620406756669104,49.730185643905912],[6.620408954610789,49.730140710359763],[6.620478288172063,49.730142135349467],[6.620547621738856,49.730143560297698],[6.620545423924959,49.730188493848352],[6.620476090294273,49.730187068897877],[6.620473892410963,49.730232002445852],[6.620404558721901,49.730230577451657],[6.620402360769182,49.730275510996954],[6.620333027021749,49.730274085959032],[6.620330828999615,49.730319019501671],[6.620261495193808,49.730317594420029],[6.62019216139352,49.73031616929692],[6.620189963238081,49.730361102834628],[6.620120629379421,49.730359677667799],[6.620118431154569,49.730404611202843],[6.620049097237535,49.730403185992301],[6.619979763326024,49.730401760740278],[6.619977564967864,49.730446694270391],[6.61990823099798,49.730445268974663],[6.619906032570405,49.730490202502104],[6.619975366604184,49.730491627800099],[6.619970969860267,49.7305814948582],[6.619901635698698,49.730580069555721],[6.619832301542652,49.730578644211768],[6.619830103034625,49.730623577735685],[6.619760768820204,49.730622152348005],[6.619758570242762,49.730667085869264],[6.61968923596997,49.730665660437865],[6.619687037323112,49.730710593956445],[6.619617702991946,49.730709168481333],[6.619548368666303,49.730707742964761],[6.619479034346181,49.730706317406721],[6.619409700031584,49.7307048918072],[6.619407501123624,49.730749825316344],[6.619338166750654,49.730748399673104],[6.619335967773278,49.730793333179591],[6.619333768790383,49.730838266685637],[6.619331569801965,49.730883200191258],[6.619400904366622,49.730884625841242],[6.619470238936803,49.730886051449765],[6.619539573512506,49.730887477016822],[6.619541772309236,49.730842543504444],[6.619611106826566,49.730843969027774],[6.619680441349419,49.730845394509629],[6.619682640012837,49.73080046099232],[6.619751974477316,49.73080188643047],[6.619754173071319,49.73075695291049],[6.619823507477424,49.730758378304913],[6.61982570600201,49.730713444782261],[6.619895040349743,49.730714870132964],[6.619897238804914,49.730669936607633],[6.619966573094273,49.730671361914624],[6.620035907389154,49.73067278718014],[6.620038105711015,49.730627853649899],[6.620107439947521,49.730629278871696],[6.620109638199969,49.730584345338777],[6.620178972378103,49.730585770516853],[6.620248306561756,49.730587195653463],[6.620317640750931,49.730588620748613],[6.620319838806175,49.73054368720851],[6.620389172936976,49.730545112259939],[6.620391370922806,49.730500178717165],[6.620460704995232,49.730501603724889],[6.620462902911649,49.730456670179436],[6.620532236925701,49.730458095143426],[6.620534434772706,49.730413161595294],[6.620603768728384,49.730414586515565],[6.620673102689582,49.730416011394375],[6.620675300403279,49.730371077841333],[6.620744634306103,49.730372502676424],[6.620813968214446,49.730373927470055],[6.620816165794838,49.730328993912075],[6.620818363369712,49.730284060353682],[6.620887697155786,49.730285485101341],[6.62095703094738,49.730286909807539],[6.620959228388949,49.730241976244223],[6.621028562122167,49.73024340090668],[6.621030759494326,49.730198467340692],[6.621032956860967,49.730153533774278],[6.621035154222092,49.730108600207465],[6.6210373515777,49.730063666640206],[6.621039548927791,49.730018733072527],[6.62097021551404,49.73001730842131],[6.620900882105808,49.730015883728633],[6.620903079578169,49.729970950165033],[6.620833746239348,49.729969525433141],[6.620835943770084,49.729924591871367],[6.620838141295303,49.729879658309173],[6.620840338815006,49.729834724746567],[6.620771005673383,49.729833299979951],[6.62077320325146,49.729788366419164],[6.62077540082402,49.729743432857973],[6.620706067815702,49.72974200805438],[6.620708265446637,49.729697074495014],[6.620710463072053,49.729652140935215],[6.620641130197039,49.729650716094667],[6.620571797327544,49.729649291212667],[6.620573995075227,49.729604357656946],[6.620643327880831,49.729605782536694],[6.620645525559104,49.729560848978309],[6.620576192817392,49.729559424100806],[6.62057839055404,49.72951449054424],[6.620580588285171,49.729469556987254],[6.620511255676762,49.729468132072782],[6.620513453466264,49.729423198517644],[6.620444120927266,49.729421773563956],[6.620374788393788,49.729420348568794],[6.620379184211806,49.729330481466228],[6.620381382112536,49.729285547914309],[6.62031204977625,49.729284122884444],[6.620316445688939,49.729194255783852],[6.620318643637006,49.729149322232907],[6.620387975781623,49.729150747256028],[6.620457307931757,49.729152172237676],[6.620455110111471,49.729197105793105],[6.620452912285666,49.729242039348115],[6.620591576858058,49.729244889196011],[6.620589379154516,49.729289822755106],[6.620658711512882,49.729291247619116],[6.620656513867713,49.729336181180024],[6.620725846295489,49.729337606004812],[6.620728043876769,49.729292672441645],[6.620797376246173,49.729294097222727],[6.620795178728786,49.729339030788132],[6.620864511167601,49.72934045553],[6.620933843611935,49.729341880230386],[6.620931646216811,49.729386813799891],[6.620929448816171,49.729431747368963],[6.620998781393806,49.729433172032408],[6.62099658405154,49.729478105603313],[6.620994386703758,49.729523039173792],[6.620992189350458,49.729567972743858],[6.621061522125286,49.729569397372579],[6.621059324830362,49.729614330944464],[6.621057127529919,49.729659264515938],[6.621126460438049,49.729660689107689],[6.621124263195983,49.729705622680996],[6.621122065948402,49.729750556253855],[6.621191398989835,49.729751980808643],[6.621260732036785,49.729753405321958],[6.621258534911472,49.72979833889891],[6.621327868027834,49.729799763373009],[6.621397201149715,49.729801187805649],[6.621395004146668,49.729846121386693],[6.621390610124031,49.729935988547489],[6.621388413104438,49.729980922127275],[6.621386216079328,49.730025855706614],[6.621384019048705,49.730070789285534],[6.621453352559461,49.730072213690207],[6.621451155587213,49.73011714727096],[6.62144895860945,49.730162080851287],[6.621518292253511,49.730163505218997],[6.62158762590309,49.730164929545225],[6.621585429047599,49.73020986312963],[6.621654762766589,49.730211287416658],[6.621724096491097,49.730212711662197],[6.621721899757879,49.730257645250695],[6.621791233551797,49.730259069457034],[6.621789036876957,49.730304003047344],[6.621858370740289,49.730305427214461],[6.621856174123828,49.730350360806611],[6.621786840196603,49.730348936637235],[6.621782446819348,49.730438803815765],[6.621851780874364,49.730440227989632],[6.621849584241358,49.730485161580503],[6.621847387602837,49.730530095170984],[6.621845190958802,49.73057502876101],[6.621983859468753,49.730577876997828],[6.622053193732004,49.730579301054043],[6.622122528000772,49.730580725068791],[6.622120331606803,49.730625658667407],[6.62211813520732,49.730670592265582],[6.622187469609395,49.730672016243368],[6.622183076921678,49.730761883442987],[6.622180880569548,49.730806817042151],[6.622250215168826,49.730808240985205],[6.622319549773623,49.730809664886792],[6.622388884383935,49.730811088746911],[6.622386688217979,49.730856022352427],[6.62238449204651,49.730900955957509],[6.622315157308404,49.730899532092884],[6.62231076482113,49.730989399297279],[6.622308568569222,49.731034332898844],[6.622239233644943,49.731032908985995],[6.622237037323623,49.731077842584895],[6.62223484099679,49.731122776183376],[6.622232644664441,49.731167709781424],[6.622230448326579,49.731212643379045],[6.622228251983202,49.731257576976255],[6.622226055634312,49.73130251057303],[6.622295390941976,49.731303934499358],[6.622293194651469,49.731348868097975],[6.622288802053911,49.731438735293942],[6.622286605746862,49.731483668891279],[6.622284409434298,49.731528602488204],[6.62228221311622,49.73157353608471],[6.622351548812791,49.731574959983064],[6.622349352553098,49.731619893581389],[6.622342763740932,49.731754694373855],[6.62234056745918,49.731799627970489],[6.622271231443113,49.731798204060887],[6.622269035091948,49.731843137654856],[6.62226683873527,49.731888071248399],[6.622264642373077,49.73193300484153],[6.622260249632147,49.732022872026526],[6.622258053253409,49.732067805618378],[6.622327389652879,49.73206922954148],[6.622396726057865,49.732070653423122],[6.622466062468367,49.73207207726329],[6.622535398884385,49.732073501061983],[6.622533202755736,49.732118434662411],[6.622531006621575,49.73216336826242],[6.622461670077755,49.732161944459236],[6.622392333539452,49.73216052061457],[6.622390137271974,49.732205454209669],[6.622320800675286,49.732204030321292],[6.622251464084114,49.732202606391432],[6.622182127498458,49.732201182420113],[6.622179931033762,49.732246116008035],[6.622177734563551,49.732291049595545],[6.622175538087826,49.732335983182622],[6.622106201315985,49.732334559163085],[6.622104004770843,49.732379492747498],[6.622034667940617,49.732378068684234],[6.622032471326058,49.732423002265982],[6.621963134437448,49.732421578158991],[6.621960937753472,49.732466511738068],[6.621891600806477,49.732465087587364],[6.621822263864998,49.732463663395194],[6.621820067047703,49.732508596969339],[6.621750730047841,49.732507172733442],[6.621748533161129,49.732552106304929],[6.621679196102882,49.732550682025305],[6.62167699914675,49.732595615594121],[6.621607662030121,49.732594191270799],[6.621605465004571,49.732639124836915],[6.621536127829557,49.732637700469859],[6.621466790660061,49.732636276061349],[6.62146459350119,49.732681209622555],[6.62139525627331,49.732679785170312],[6.621393059045019,49.732724718728853],[6.621323721758756,49.732723294232883],[6.621254384478011,49.73272186969546],[6.621252187116398,49.732766803249056],[6.62118284977727,49.732765378667899],[6.621180652346236,49.732810312218852],[6.621111314948724,49.732808887593983],[6.62110911744827,49.732853821142243],[6.621039779992374,49.732852396473653],[6.6210375824225,49.732897330019249],[6.620968244908221,49.732895905306925],[6.620966047268926,49.732940838849856],[6.620896709696264,49.732939414093813],[6.620827372129121,49.732937989296296],[6.620825174356501,49.732982922834303],[6.620755836730975,49.732981497993073],[6.620753638888933,49.733026431528387],[6.620684301205024,49.733025006643437],[6.62068210329356,49.733069940176087],[6.620612765551267,49.733068515247425],[6.620543427814495,49.733067090277274],[6.620541229769705,49.733112023805006],[6.62047189197455,49.733110598791143],[6.620469693860336,49.733155532316182],[6.620400356006798,49.733154107258606],[6.620398157823162,49.733199040780988],[6.620328819911242,49.733197615679678],[6.620259482004843,49.733196190536894],[6.620257283687878,49.733241124054338],[6.620187945723098,49.733239698867834],[6.620185747336707,49.733284632382627],[6.620116409313543,49.733283207152397],[6.62011421085773,49.733328140664504],[6.6201835489448,49.733329565896994],[6.620181350547371,49.733374499410928],[6.620250688703867,49.733375924604196],[6.620248490364824,49.733420858119963],[6.620317828590746,49.73342228327401],[6.620387166822191,49.733423708386567],[6.620456505059157,49.733425133457672],[6.620525843301643,49.733426558487295],[6.620595181549652,49.733427983475458],[6.62059737956917,49.733383049948429],[6.620666717758794,49.733384474892858],[6.620668915708887,49.733339541363165],[6.620738253840126,49.733340966263867],[6.620807591976888,49.733342391123102],[6.620809789793652,49.733297457588485],[6.6208119876049,49.733252524053441],[6.62088132561937,49.733253948866697],[6.620950663639363,49.733255373638499],[6.620952861317282,49.733210440098524],[6.621022199278888,49.733211864826607],[6.621024396887386,49.733166931283954],[6.621093734790608,49.73316835596831],[6.621095932329683,49.733123422422999],[6.621165270174521,49.733124847063628],[6.621167467644176,49.733079913515645],[6.621236805430629,49.733081338112541],[6.621239002830862,49.733036404561872],[6.621308340558929,49.733037829115062],[6.621377678292518,49.733039253626778],[6.621379875559426,49.732994320071192],[6.621449213234628,49.732995744539195],[6.621451410432115,49.732950810980938],[6.621520748048933,49.732952235405207],[6.621522945176999,49.732907301844286],[6.621592282735433,49.732908726224828],[6.621661620299384,49.732910150563917],[6.621663817294127,49.732865216998078],[6.621733154799694,49.732866641293427],[6.621735351725017,49.732821707724909],[6.621804689172198,49.732823131976552],[6.621806886028104,49.732778198405342],[6.6218762234169,49.732779622613258],[6.621945560811214,49.732781046779714],[6.621947757533795,49.732736113203607],[6.622017094869724,49.732737537326337],[6.622019291522889,49.732692603747537],[6.622088628800432,49.732694027826547],[6.622157966083491,49.732695451864096],[6.622160162603335,49.732650518280387],[6.62222949982801,49.732651942274202],[6.622231696278436,49.732607008687822],[6.622301033444725,49.732608432637925],[6.622303229825734,49.732563499048865],[6.62230542620123,49.732518565459394],[6.62237476324523,49.732519989363517],[6.622376959551307,49.732475055771381],[6.622446296536921,49.732476479631792],[6.622448492773582,49.73243154603697],[6.622517829700812,49.732432969853662],[6.622587166633557,49.732434393628878],[6.622656503571819,49.732435817362635],[6.622725840515596,49.732437241054903],[6.622795177464888,49.732438664705711],[6.622864514419697,49.732440088315045],[6.622862318566448,49.732485021923353],[6.622931655590674,49.732486445493478],[6.622929459795815,49.732531379103598],[6.622927263995442,49.73257631271332],[6.622925068189557,49.732621246322601],[6.622922872378158,49.732666179931471],[6.622853535098321,49.732664756352364],[6.622784197824,49.732663332731782],[6.622782001879282,49.732708266335727],[6.622712664546574,49.732706842671433],[6.622708272512792,49.732796709873561],[6.622777609973307,49.73279813354236],[6.622846947439338,49.732799557169692],[6.622844751541982,49.732844490774632],[6.622842555639114,49.732889424379152],[6.622840359730733,49.732934357983225],[6.62290969739399,49.732935781575833],[6.622907501543999,49.732980715181753],[6.622905305688495,49.733025648787255],[6.62283596789743,49.73302422519015],[6.622833771972509,49.733069158792965],[6.622903109827478,49.733070582392315],[6.622900913960946,49.733115515996978],[6.622898718088902,49.733160449601208],[6.622896522211345,49.733205383205011],[6.622894326328275,49.733250316808395],[6.622963664444378,49.733251740375273],[6.6229614686197,49.733296673980483],[6.622959272789507,49.733341607585274],[6.622957076953802,49.733386541189638],[6.622954881112583,49.733431474793591],[6.622952685265852,49.733476408397109],[6.623022023706997,49.733477831933769],[6.623019827918658,49.733522765539121],[6.623017632124807,49.733567699144039],[6.62301543632544,49.733612632748553],[6.622946097692576,49.733611209205158],[6.622943901823791,49.733656142807],[6.623013240520562,49.73365756635264],[6.62301104471017,49.733702499956301],[6.623006653072846,49.733792367162387],[6.623004457245915,49.733837300764776],[6.623002261413469,49.733882234366753],[6.623071600435291,49.733883657882174],[6.62306940466124,49.733928591485977],[6.623067208881676,49.733973525089361],[6.623065013096598,49.734018458692319],[6.623062817306009,49.734063392294864],[6.623132156588975,49.734064815777806],[6.62312996085678,49.734109749382164],[6.623127765119071,49.734154682986109],[6.62312556937585,49.734199616589635],[6.623123373627115,49.734244550192734],[6.623121177872867,49.734289483795422],[6.623118982113106,49.734334417397676],[6.623116786347833,49.734379350999497],[6.623114590577044,49.734424284600919],[6.623112394800744,49.734469218201916],[6.623110199018932,49.734514151802486],[6.623108003231605,49.734559085402644],[6.623177343223084,49.734560508868839],[6.623175147494154,49.734605442470809],[6.62317295175971,49.734650376072366],[6.623242291884526,49.734651799501592],[6.623240096208479,49.734696733104975],[6.623170756019754,49.734695309673498],[6.623164168766805,49.734830110474363],[6.623161973004797,49.734875044073817],[6.623159777237276,49.734919977672831],[6.623229117745554,49.73492140111555],[6.623226922036428,49.734966334716397],[6.623224726321792,49.735011268316818],[6.62315538568569,49.735009844869616],[6.623157581464238,49.734964911271433],[6.623088240897565,49.734963487785002],[6.623018900336407,49.73496206425709],[6.623016704430037,49.735006997850761],[6.623014508518151,49.735051931444019],[6.623012312600753,49.735096865036873],[6.623010116677841,49.735141798629279],[6.623079457494645,49.735143222166194],[6.623077261630131,49.735188155760433],[6.623075065760103,49.73523308935426],[6.623070674003508,49.735322956540635],[6.623001332931057,49.735321532994732],[6.622999136980576,49.735366466585042],[6.622996941024581,49.735411400174932],[6.622994745063074,49.735456333764397],[6.622992549096053,49.735501267353442],[6.622990353123517,49.735546200942061],[6.623059694515534,49.735547624499198],[6.623057498601399,49.73559255808965],[6.623055302681748,49.735637491679682],[6.623053106756585,49.735682425269289],[6.62312244834586,49.735683848791695],[6.623120252479096,49.735728782383127],[6.623189594137799,49.735730205866325],[6.623187398329437,49.735775139459591],[6.62318520251556,49.735820073052423],[6.623183006696172,49.735865006644836],[6.623113664845725,49.735863583154895],[6.623111468956909,49.735908516744644],[6.623109273062577,49.735953450333966],[6.623107077162733,49.735998383922869],[6.623104881257375,49.736043317511339],[6.623174223363479,49.736044741010275],[6.623243565475099,49.736046164467737],[6.623239173903502,49.736136031652428],[6.623236978109435,49.736180965244131],[6.623234782309853,49.736225898835421],[6.623232586504757,49.7362708324263],[6.62330192894147,49.736272255853514],[6.623299733194776,49.736317189446211],[6.623297537442571,49.736362123038489],[6.623366880012632,49.736363546428727],[6.62336468431883,49.736408480022838],[6.623434026958321,49.736409903373861],[6.623503369603328,49.736411326683395],[6.623501174031845,49.736456260281564],[6.62349897845485,49.736501193879306],[6.623496782872341,49.736546127476657],[6.623494587284319,49.736591061073568],[6.623492391690784,49.736635994670053],[6.623561734660891,49.736637417949368],[6.623559539125761,49.736682351547678],[6.623490196091736,49.736680928266118],[6.623488000487176,49.736725861861757],[6.623485804877102,49.736770795456977],[6.623483609261515,49.736815729051784],[6.623481413640416,49.736860662646166],[6.623479218013804,49.736905596240128],[6.623548561367416,49.736907019532921],[6.623546365799208,49.73695195312871],[6.62353977906151,49.737086753913523],[6.623470435452222,49.737085330611727],[6.623468239798044,49.737130264203579],[6.623466044138352,49.737175197795004],[6.623463848473149,49.737220131386003],[6.623461652802431,49.73726506497659],[6.6234594571262,49.737309998566758],[6.623455065757199,49.737399865745815],[6.623452870064429,49.737444799334703],[6.623450674366145,49.73748973292318],[6.623448478662349,49.73753466651123],[6.623379134419381,49.737533243145471],[6.62337693864615,49.737578176730857],[6.623374742867406,49.737623110315816],[6.623372547083147,49.737668043900356],[6.623441891517878,49.737669467272859],[6.623439695792027,49.737714400859225],[6.623509040296193,49.737715824192506],[6.623578384805874,49.737717247484291],[6.623576189202353,49.737762181074729],[6.623573993593319,49.737807114664747],[6.623504648955795,49.737805691368457],[6.623506844628751,49.737760757780684],[6.623437500060664,49.737759334445172],[6.623435304323787,49.737804268030693],[6.623296615076317,49.737801421230714],[6.623294419206083,49.737846354811325],[6.623292223330337,49.737891288391495],[6.623222878587033,49.737889864924789],[6.62322068264185,49.737934798502295],[6.62315133784014,49.737933374991869],[6.623081993043947,49.737931951439968],[6.623079796965406,49.737976885012564],[6.623010452110806,49.737975461416923],[6.622941107261725,49.7379740377798],[6.622943303468109,49.737929104211716],[6.622873958688465,49.737927680535364],[6.622876154953255,49.737882746969099],[6.622806810243051,49.737881323253525],[6.622737465538363,49.737879899496484],[6.622668120839193,49.737878475697954],[6.62259877614554,49.737877051857936],[6.622600972660503,49.737832118300247],[6.622531628036287,49.737830694421014],[6.622462283417591,49.737829270500306],[6.622464480054881,49.737784336946689],[6.622533824609655,49.737785760865151],[6.622603169169948,49.737787184742146],[6.62260536567388,49.737742251183597],[6.622607562172296,49.737697317624665],[6.622609758665197,49.737652384065278],[6.622611955152582,49.737607450505465],[6.622542610847972,49.737606026637472],[6.622544807393763,49.737561093079513],[6.622547003934039,49.737516159521121],[6.622477659762787,49.737514735616159],[6.622408315597054,49.737513311669709],[6.622338971436839,49.737511887681784],[6.622341168163358,49.737466954129715],[6.622343364884363,49.737422020577227],[6.622274020857505,49.737420596552326],[6.622204676836166,49.73741917248595],[6.622206873679494,49.737374238937541],[6.622137529727593,49.737372814831936],[6.622139726629324,49.737327881285346],[6.622141923525539,49.73728294773835],[6.622072579706995,49.737281523595755],[6.62200323589397,49.737280099411699],[6.622005432912506,49.737235165868761],[6.621936089168919,49.737233741645476],[6.621866745430851,49.737232317380716],[6.621797401698302,49.737230893074475],[6.621728057971271,49.737229468726753],[6.621658714249762,49.737228044337556],[6.621656516911629,49.737272977869225],[6.62158717313172,49.737271553436308],[6.621517829357329,49.737270128961903],[6.621520026823299,49.737225195434725],[6.621450683118349,49.737223770921098],[6.621381339418917,49.737222346365989],[6.621311995725006,49.737220921769406],[6.621314193377216,49.737175988248552],[6.621316391023908,49.7371310547273],[6.62138573458998,49.737132479319378],[6.621455078161574,49.737133903869982],[6.621457275674911,49.737088970343791],[6.621526619188105,49.737090394850675],[6.62159596270682,49.73709181931607],[6.621598160086802,49.737046885784956],[6.621667503547118,49.737048310206625],[6.621669700857665,49.737003376672831],[6.621739044259582,49.73700480105078],[6.621808387667019,49.737006225387262],[6.621810584844212,49.736961291848544],[6.621741241500693,49.736959867514322],[6.621743438736286,49.736914933977452],[6.621674095462206,49.736913509604008],[6.621604752193643,49.736912085189083],[6.621602554830214,49.736957018721462],[6.621533211503253,49.73695559426281],[6.621463868181813,49.73695416976269],[6.621394524865893,49.736952745221075],[6.621325181555492,49.736951320637999],[6.621327379174593,49.736906387114622],[6.621258035933631,49.736904962492325],[6.621260233611133,49.73686002897076],[6.621262431283116,49.73681509544879],[6.62126462894958,49.736770161926415],[6.621195285905889,49.736768737269379],[6.621056599835073,49.736765887830877],[6.620987256807945,49.736764463049425],[6.620917913786339,49.736763038226478],[6.620848570770253,49.73676161336207],[6.620846372720286,49.736806546870952],[6.620777029645804,49.73680512196281],[6.620707686576845,49.736803697013201],[6.620705488393523,49.736848630517166],[6.620636145266168,49.736847205523823],[6.620633947013409,49.736892139025109],[6.620631748755129,49.736937072525976],[6.620629550491332,49.736982006026416],[6.620698893810439,49.736983431026523],[6.620696695605039,49.737028364528797],[6.62069229917768,49.737118231532101],[6.620622955666818,49.737116806525236],[6.62062075738094,49.737161740023993],[6.620690100955721,49.737163165033103],[6.620687902728243,49.737208098533685],[6.620618559089543,49.737206673522323],[6.620616360792626,49.737251607020241],[6.620685704495244,49.737253032033856],[6.620755048203385,49.737254457005982],[6.620752850028787,49.737299390507978],[6.620750651848669,49.737344324009555],[6.620748453663031,49.737389257510713],[6.620746255471874,49.737434191011431],[6.620815599441213,49.737435615951085],[6.620813401308456,49.73748054945365],[6.620811203170179,49.737525482955796],[6.620880547272881,49.737526907858459],[6.620949891381103,49.73752833271967],[6.620947693365147,49.737573266225887],[6.620878349193005,49.737571841362438],[6.620876151107609,49.737616774865984],[6.620873953016695,49.737661708369103],[6.620804608722234,49.737660283459675],[6.62080241056188,49.737705216960123],[6.62073306620902,49.737703792006961],[6.620730867979226,49.737748725504737],[6.620728669743912,49.737793659002094],[6.620798014224613,49.737795083959753],[6.620867358710837,49.737796508875945],[6.620869556818308,49.737751575374091],[6.620938901246133,49.737753000246542],[6.621008245679477,49.737754425077526],[6.621006047699846,49.737799358583885],[6.621003849714697,49.737844292089818],[6.620934505153511,49.737842867254336],[6.62093230709892,49.737887800757591],[6.620862962479333,49.737886375878389],[6.620865160597845,49.737841442377366],[6.620795816047702,49.737840017458936],[6.62072647150308,49.737838592499017],[6.620724273256726,49.737883525995535],[6.620722075004852,49.737928459491627],[6.620719876747461,49.737973392987293],[6.620717678484549,49.738018326482539],[6.620715480216115,49.738063259977366],[6.620713281942163,49.73810819347176],[6.620711083662692,49.738153126965742],[6.620708885377701,49.738198060459304],[6.620778230433695,49.738199485437228],[6.620776032207107,49.738244418932609],[6.62070668708719,49.73824299395244],[6.620704488791159,49.73828792744515],[6.620702290489607,49.73833286093744],[6.620700092182537,49.738377794429312],[6.620697893869946,49.738422727920764],[6.620767239245555,49.738424152909936],[6.620765040991366,49.738469086403214],[6.62076284273166,49.738514019896066],[6.620693497228205,49.738512594902389],[6.620691298899055,49.738557528392583],[6.620689100564383,49.73860246188233],[6.620686902224193,49.738647395371665],[6.620756247919418,49.738648820372106],[6.620825593620166,49.738650245331065],[6.620894939326437,49.738651670248544],[6.620892741172499,49.738696603744209],[6.620962086948214,49.738698028622458],[6.620959888852681,49.738742962119957],[6.621029234697843,49.738744386958977],[6.621027036660713,49.738789320458309],[6.621024838618065,49.738834253957229],[6.621094184596597,49.738835678759266],[6.621091986612354,49.738880612259983],[6.621161332660333,49.738882037022812],[6.621159134734496,49.73892697052537],[6.62115693680314,49.738971904027515],[6.621226282984489,49.738973328753339],[6.621224085111539,49.739018262257318],[6.62122188723307,49.73906319576087],[6.621219689349082,49.739108129263997],[6.621217491459576,49.739153062766704],[6.621286837902148,49.739154487460063],[6.621284640071047,49.739199420964596],[6.62128244223443,49.73924435446871],[6.621351788810375,49.739245779125092],[6.621349591032164,49.739290712631025],[6.621347393248434,49.739335646136546],[6.621416739957753,49.739337070755958],[6.621486086672593,49.739338495333875],[6.621555433392952,49.739339919870325],[6.621553235795484,49.73938485338217],[6.621622582585291,49.739386277879383],[6.621624780118833,49.739341344365293],[6.621694126850234,49.739342768818759],[6.621763473587155,49.739344193230778],[6.621832820329596,49.739345617601288],[6.621902167077556,49.73934704193033],[6.621971513831037,49.739348466217891],[6.621973711039429,49.739303532692105],[6.622112404435094,49.739306381138285],[6.622181751141206,49.739307805299156],[6.622251097852836,49.739309229418552],[6.622320444569985,49.73931065349646],[6.622389791292653,49.739312077532887],[6.62245913802084,49.739313501527832],[6.622528484754545,49.739314925481303],[6.622597831493767,49.739316349393299],[6.622667178238509,49.739317773263792],[6.622664981669384,49.739362706812081],[6.622734328483569,49.739364130643352],[6.622873022128493,49.739366978181465],[6.622875218505837,49.739322044626448],[6.622877414877668,49.739277111071004],[6.622946761580553,49.739278534773341],[6.62294895788294,49.73923360121524],[6.623018304527416,49.73923502487385],[6.623020500760362,49.739190091313056],[6.62308984734643,49.739191514927938],[6.623159193938012,49.73919293850134],[6.623228540535112,49.739194362033253],[6.623297887137728,49.739195785523698],[6.62336723374586,49.739197208972655],[6.623369429653661,49.739152275400208],[6.623438776203384,49.739153698805445],[6.623508122758623,49.739155122169201],[6.623577469319376,49.739156545491461],[6.623579665029885,49.739111611911845],[6.623649011532228,49.739113035190393],[6.623718358040088,49.739114458427451],[6.623787704553463,49.739115881623029],[6.62378990006668,49.739070948036236],[6.623859246521643,49.739072371188094],[6.623928592982122,49.739073794298463],[6.623997939448116,49.739075217367358],[6.624000134764041,49.739030283773417],[6.624069481171624,49.739031706798578],[6.624138827584722,49.739033129782264],[6.624208174003332,49.739034552724469],[6.624277520427459,49.739035975625185],[6.624275325367236,49.739080909228122],[6.624273130301503,49.739125842830646],[6.624342476858994,49.739127265694393],[6.624340281851674,49.739172199298729],[6.624409628478605,49.739173622123239],[6.6244074335297,49.739218555729401],[6.624476780226074,49.739219978514669],[6.624474585335584,49.739264912122678],[6.624472390439581,49.739309845730261],[6.624470195538069,49.739354779337404],[6.624400848649916,49.739353356545386],[6.624398653678965,49.739398290149872],[6.624329306732399,49.73939686731412],[6.624327111692009,49.739441800915941],[6.624257764687029,49.73944037803647],[6.624188417687563,49.739438955115517],[6.624186222513806,49.739483888712407],[6.624116875455928,49.739482465747727],[6.624114680212732,49.739527399341945],[6.624045333096439,49.739525976333539],[6.624043137783802,49.739570909925092],[6.624040942465654,49.739615843516219],[6.624038747141991,49.739660777106934],[6.623969399839432,49.739659354050296],[6.623967204446329,49.739704287638354],[6.623965009047714,49.739749221225964],[6.623962813643585,49.739794154813168],[6.623960618233945,49.73983908839994],[6.623958422818791,49.739884021986292],[6.624097118068713,49.739886868080575],[6.624166465701944,49.73988829106549],[6.624164270473065,49.739933224658174],[6.624162075238674,49.739978158250423],[6.624092727477583,49.739976735261017],[6.624090532173749,49.740021668850602],[6.624088336864404,49.740066602439775],[6.624157684753353,49.740068025433679],[6.624155489502424,49.740112959024671],[6.624086141549545,49.740111536028508],[6.624083946229174,49.740156469616835],[6.624081750903292,49.740201403204743],[6.62415109898403,49.740202826205383],[6.624220447070283,49.740204249164563],[6.624218251866747,49.740249182756536],[6.624213861443139,49.740339049939216],[6.624211666223066,49.740383983529917],[6.624281014570556,49.740385406456596],[6.624278819408902,49.740430340049144],[6.624276624241736,49.740475273641252],[6.624274429069057,49.740520207232954],[6.624272233890865,49.740565140824224],[6.624341582499595,49.74056656371841],[6.624339387379822,49.740611497311512],[6.624337192254539,49.740656430904181],[6.624334997123743,49.740701364496438],[6.624332801987435,49.740746298088268],[6.624330606845615,49.740791231679673],[6.624399955779516,49.740792654543618],[6.624397760696117,49.740837588136856],[6.624395565607204,49.740882521729681],[6.62439337051278,49.740927455322065],[6.624391175412843,49.740972388914031],[6.624460524607991,49.740973811745491],[6.624458329566475,49.741018745339289],[6.624453939466908,49.741108612525615],[6.624451744408856,49.741153546118163],[6.624449549345292,49.741198479710263],[6.62451889886562,49.741199902511461],[6.624516703860478,49.741244836105409],[6.62451231383366,49.741334703292011],[6.624510118811981,49.741379636884695],[6.624507923784792,49.741424570476937],[6.624505728752092,49.74146950406876],[6.624575078661538,49.741470926841984],[6.624572883687259,49.741515860435626],[6.624570688707469,49.741560794028857],[6.624568493722167,49.741605727621661],[6.624566298731352,49.741650661214059],[6.624564103735026,49.741695594806025],[6.624633453969663,49.741697017549001],[6.62463125903176,49.741741951142799],[6.624629064088346,49.74178688473615],[6.62462686913942,49.741831818329103],[6.624624674184982,49.74187675192163],[6.624622479225033,49.741921685513745],[6.624620284259572,49.741966619105433],[6.624689634883337,49.7419680418204],[6.6246874399763,49.742012975413914],[6.624685245063753,49.742057909006995],[6.624683050145693,49.742102842599657],[6.62468085522212,49.742147776191914],[6.624750206107148,49.742149198874387],[6.624748011242001,49.742194132468455],[6.624745816371344,49.742239066062105],[6.624676465358442,49.742237643375141],[6.624674270418334,49.742282576966112],[6.624672075472716,49.74232751055667],[6.624602724337453,49.742326087823727],[6.624464022083469,49.742323242233368],[6.624461826940524,49.74236817581675],[6.624392475757867,49.742366752957103],[6.624323124580723,49.742365330055968],[6.624253773409096,49.742363907113322],[6.624251578068825,49.742408840689563],[6.624182226838774,49.742407417703205],[6.624112875614238,49.742405994675373],[6.624110680140578,49.742450928246676],[6.62404132885762,49.742449505175102],[6.623971977580178,49.742448082062047],[6.623969781973129,49.742493015628426],[6.623900430637263,49.742491592471637],[6.623831079306913,49.742490169273353],[6.623828883566474,49.742535102834836],[6.623759532177702,49.742533679592825],[6.623690180794447,49.742532256309332],[6.623687984920617,49.742577189865877],[6.623618633478939,49.74257576653865],[6.623549282042778,49.742574343169935],[6.623547086035558,49.74261927672157],[6.623477734540974,49.742617853309113],[6.62340838305191,49.742616429855183],[6.623406186911297,49.742661363401901],[6.623336835363809,49.742659939904236],[6.623334639153743,49.742704873448275],[6.623332442938161,49.742749806991895],[6.623330246717064,49.742794740535111],[6.623399598456369,49.742796164039518],[6.623397402293697,49.742841097584552],[6.623466754102457,49.742842521049724],[6.623464557998208,49.742887454596584],[6.623533909876426,49.742888878022526],[6.623603261760159,49.742890301406987],[6.623601065778277,49.742935234957912],[6.623598869790879,49.742980168508417],[6.623529517779265,49.742978745119466],[6.623525125660045,49.743068612214742],[6.623594477799539,49.743070035608177],[6.623592281795598,49.743114969157425],[6.623590085786142,49.743159902706239],[6.623587889771171,49.743204836254655],[6.623585693750686,49.743249769802624],[6.623655046151459,49.74325119316358],[6.623724398557749,49.743252616483062],[6.62372220265963,49.743297550035116],[6.6236528501894,49.743296126713396],[6.623650654221827,49.743341060262786],[6.623581301693172,49.743339636897325],[6.623579105656143,49.743384570444036],[6.623509753069063,49.743383147034841],[6.623507556962578,49.743428080578887],[6.623438204317075,49.743426657125958],[6.623436008141133,49.743471590667333],[6.623366655437207,49.74347016717067],[6.623364459191808,49.743515100709367],[6.623362262940894,49.743560034247658],[6.623360066684466,49.743604967785515],[6.623357870422522,49.743649901322954],[6.623427223382217,49.743651324828605],[6.6234250271787,49.743696258367869],[6.623422830969668,49.743741191906715],[6.623492184062766,49.743742615375389],[6.623489987912161,49.743787548916053],[6.623559341074718,49.743788972345484],[6.623628694242793,49.743790395733427],[6.623698047416385,49.743791819079888],[6.623700243375161,49.743746885532481],[6.623769596490327,49.743748308835201],[6.623838949611009,49.74374973209644],[6.623836753780117,49.743794665648331],[6.623906106970259,49.74379608887034],[6.623903911197798,49.743841022424071],[6.623901715419822,49.743885955977397],[6.62389951963633,49.74393088953029],[6.623968873023817,49.743932312717547],[6.623966677298757,49.743977246272273],[6.623964481568182,49.744022179826565],[6.623962285832094,49.744067113380446],[6.624031639416928,49.744068536532964],[6.624029443739269,49.744113470088671],[6.624098797393562,49.744114893201939],[6.624096601774335,49.744159826759464],[6.624165955498088,49.744161249833503],[6.624235309227358,49.74416267286604],[6.624304662962143,49.744164095857109],[6.624374016702444,49.744165518806675],[6.624371821333479,49.744210452372776],[6.624369625959,49.744255385938473],[6.62436743057901,49.744300319503729],[6.62443678451666,49.744301742418564],[6.6244345891951,49.744346675985639],[6.624432393868028,49.744391609552309],[6.624501747939082,49.744393032430146],[6.62450394320221,49.744348098861231],[6.624573297214835,49.744349521695327],[6.624571102015652,49.744394455266502],[6.624568906810958,49.744439388837222],[6.624566711600751,49.744484322407537],[6.62456451638503,49.74452925597744],[6.624562321163797,49.744574189546917],[6.624560125937052,49.74461912311596],[6.624557930704793,49.744664056684599],[6.624488576244549,49.744662633834764],[6.624419221789821,49.744661210943434],[6.624349867340608,49.744659788010622],[6.624347671910999,49.744704721572077],[6.624278317403355,49.744703298595532],[6.624208962901228,49.744701875577498],[6.624206767338212,49.744746809134043],[6.624137412777653,49.744745386072267],[6.624068058222611,49.744743962969018],[6.623998703673085,49.744742539824259],[6.623996507912715,49.744787473373655],[6.623994312146834,49.744832406922605],[6.624063666824253,49.744833830071855],[6.624061471116804,49.744878763622637],[6.624200180616083,49.744881609801155],[6.62420237619564,49.744836676245868],[6.624271730889607,49.744838099270659],[6.62434108558909,49.744839522253947],[6.624410440294088,49.744840945195755],[6.624412635676291,49.744796011633319],[6.624481990322859,49.744797434531378],[6.624551344974941,49.744798857387956],[6.624549149720631,49.744843790954896],[6.624546954460809,49.744888724521417],[6.624544759195473,49.744933658087518],[6.624542563924625,49.744978591653187],[6.624540368648264,49.745023525218457],[6.624538173366391,49.745068458783273],[6.624535978079003,49.745113392347697],[6.62460533318423,49.745114815178525],[6.624603137955277,49.745159748744761],[6.624600942720813,49.745204682310579],[6.624670297959452,49.745206105104394],[6.624668102783422,49.745251038672052],[6.624737458091523,49.745252461426652],[6.624806813405139,49.745253884139743],[6.62487616872427,49.745255306811359],[6.624945524048917,49.745256729441486],[6.624921379562511,49.745750998756613],[6.624852023534425,49.745749576101773],[6.624849828484091,49.745794509671093],[6.62478047239757,49.745793086972526],[6.624711116316564,49.745791664232435],[6.624708921132818,49.745836597796853],[6.624639564993377,49.745835175013035],[6.624641760241071,49.745790241450884],[6.624572404171096,49.745788818627823],[6.624503048106635,49.745787395763273],[6.624433692047689,49.745785972857249],[6.624431496608143,49.745830906412671],[6.624429301163083,49.74587583996766],[6.624498657349929,49.745877262878189],[6.624496461963306,49.745922196435004],[6.624565818219618,49.745923619306289],[6.624635174481446,49.745925042136086],[6.624704530748788,49.745926464924409],[6.624773887021647,49.745927887671215],[6.624843243300019,49.745929310376546],[6.624841048227636,49.74597424394419],[6.624838853149742,49.7460191775114],[6.624769496743467,49.746017754801578],[6.624700140342708,49.746016332050274],[6.624697945131397,49.746061265612568],[6.624695749914575,49.746106199174449],[6.624765106443237,49.746107621930257],[6.624760716120957,49.746197489057238],[6.624758520951547,49.746242422620114],[6.624756325776624,49.746287356182549],[6.62475413059619,49.746332289744558],[6.624751935410242,49.746377223306162],[6.624749740218781,49.746422156867325],[6.624819097200621,49.746423579597383],[6.624814706929066,49.746513446722965],[6.62481251178502,49.746558380285116],[6.624743154611322,49.746556957548322],[6.62474095939781,49.746601891107822],[6.624738764178785,49.746646824666882],[6.62480812148039,49.74664824740816],[6.624805926319804,49.746693180969068],[6.624799340804974,49.746827981649211],[6.624797145622338,49.746872915208414],[6.62479495043419,49.74691784876719],[6.624792755240528,49.746962782325561],[6.624790560041354,49.747007715883498],[6.62472120222812,49.74700629312423],[6.624719006959478,49.747051226679488],[6.624649649087803,49.747049803876479],[6.624647453749693,49.747094737429087],[6.62464525840607,49.747139670981269],[6.624714616405654,49.74714109378877],[6.624783974410753,49.747142516554788],[6.624781779189527,49.747187450111049],[6.624779583962789,49.747232383666869],[6.624775193492771,49.747322250777266],[6.624772998249492,49.747367184331843],[6.624770803000701,49.747412117885986],[6.62470144461187,49.747410695106481],[6.62469924929361,49.747455628657946],[6.624697053969836,49.747500562209012],[6.62469485864055,49.747545495759638],[6.624692663305749,49.747590429309852],[6.624690467965435,49.74763536285964],[6.624688272619609,49.747680296409015],[6.62468607726827,49.74772522995795],[6.624683881911415,49.74777016350648],[6.624614523016447,49.747768740667496],[6.624612327590122,49.747813674213347],[6.624542968636712,49.747812251330636],[6.624540773140917,49.747857184873816],[6.624538577639608,49.747902118416576],[6.624536382132785,49.747947051958917],[6.624534186620449,49.747991985500846],[6.624531991102599,49.748036919042335],[6.624529795579235,49.748081852583411],[6.624527600050358,49.748126786124068],[6.624666318858106,49.748129631879479],[6.624735678270254,49.748131054694944],[6.624805037687918,49.748132477468914],[6.624802842409362,49.748177411018148],[6.624800647125291,49.748222344566955],[6.624798451835708,49.748267278115335],[6.624796256540611,49.74831221166329],[6.62479406124,49.748357145210818],[6.62478967062224,49.748447012304638],[6.624785279982428,49.74853687939676],[6.62478308465425,49.748581812942184],[6.624780889320561,49.748626746487183],[6.624778693981356,49.748671680031777],[6.624848054172049,49.748673102791223],[6.624841468313241,49.74880790342921],[6.624772107930665,49.748806480663013],[6.624702747553605,49.748805057855321],[6.624700552128386,49.748849991395971],[6.624631191692883,49.748848568544538],[6.624561831262894,49.748847145651609],[6.624559635704241,49.748892079187328],[6.62462899619819,49.748893502082502],[6.624698356697656,49.748894924936188],[6.624767717202638,49.748896347748378],[6.624765521830354,49.748941281290442],[6.624696161261411,49.748939858476],[6.624626800697984,49.748938435620069],[6.624557440140073,49.748937012722642],[6.62455524457039,49.74898194625753],[6.624553048995194,49.749026879791998],[6.624550853414484,49.749071813326047],[6.624620214164279,49.749073236230224],[6.624689574919592,49.749074659092891],[6.624687379461291,49.749119592631004],[6.624756740286082,49.749121015454435],[6.624826101116387,49.749122438236363],[6.624823905780498,49.749167371778562],[6.624685183997478,49.749164526168705],[6.624615823114242,49.749163103301534],[6.624613627580952,49.749208036836571],[6.624544266639268,49.749206613925658],[6.624542071036504,49.749251547458009],[6.624539875428223,49.749296480989948],[6.624537679814427,49.749341414521474],[6.624607040947997,49.74934283743913],[6.624745763231686,49.749345683149954],[6.624815124381803,49.74934710594313],[6.624812929018348,49.749392039483212],[6.624882290237943,49.74939346223713],[6.624880094932936,49.749438395779038],[6.624877899622415,49.74948332932054],[6.624875704306382,49.749528262861602],[6.624873508984834,49.749573196402245],[6.624871313657771,49.749618129942469],[6.624869118325197,49.749663063482274],[6.624866922987108,49.749707997021659],[6.624864727643507,49.749752930560632],[6.624862532294392,49.749797864099165],[6.624860336939763,49.749842797637278],[6.624929698804515,49.749844220372175],[6.624927503508337,49.749889153912129],[6.624925308206646,49.749934087451649],[6.624923112899441,49.749979020990757],[6.624920917586723,49.750023954529432],[6.624918722268492,49.750068888067673],[6.624849360083917,49.750067465321536],[6.624779997904856,49.750066042533895],[6.624710635731311,49.750064619704759],[6.62470844021567,49.750109553235845],[6.624706244694514,49.750154486766519],[6.624704049167844,49.750199420296759],[6.624773411533287,49.750200843132639],[6.62477560699599,49.750155909600153],[6.624844969302982,49.750157332392291],[6.624914331615489,49.750158755142927],[6.624912136280718,49.750203688679917],[6.624909940940432,49.750248622216496],[6.624907745594633,49.750293555752641],[6.624905550243321,49.75033848928836],[6.624974912817209,49.750339912006496],[6.624972717524351,49.750384845544055],[6.62496832692209,49.750474712617887],[6.624966131612691,49.750519646154181],[6.62495954565141,49.750654446760507],[6.624957350319956,49.75069938029511],[6.624946373579982,49.750924047961782],[6.624944178215446,49.750968981493848],[6.624941982845396,49.751013915025503],[6.624872619311994,49.751012492273638],[6.624870423872461,49.751057425802628],[6.624801060280606,49.751056003007029],[6.624798864771591,49.751100936533334],[6.624868228427415,49.751102359331185],[6.624937592088757,49.751103782087526],[6.624935396702166,49.751148715617916],[6.624933201310061,49.751193649147879],[6.624931005912443,49.751238582677416],[6.624928810509311,49.751283516206534],[6.624926615100666,49.751328449735233],[6.624924419686507,49.751373383263505],[6.624922224266832,49.751418316791366],[6.624991588381478,49.75141973952195],[6.624989393020261,49.751464673051622],[6.624987197653531,49.751509606580875],[6.624985002281287,49.751554540109716],[6.624982806903529,49.75159947363813],[6.624980611520257,49.751644407166118],[6.624978416131471,49.751689340693687],[6.624976220737172,49.751734274220844],[6.624974025337359,49.75177920774756],[6.625043389969288,49.75178063045464],[6.625041194627932,49.751825563983196],[6.625038999281064,49.751870497511312],[6.62503680392868,49.751915431039031],[6.625034608570783,49.75196036456633],[6.625103973464117,49.751961787240887],[6.625101778164679,49.752006720769991],[6.625097387549261,49.752096587826962],[6.625028022464012,49.752095165145654],[6.62502582708406,49.752140098671248],[6.625095192233283,49.752141521354808],[6.625092996911791,49.752186454882235],[6.625090801584784,49.752231388409243],[6.625086410914231,49.752321255461986],[6.625084215570684,49.752366188987736],[6.625082020221623,49.752411122513038],[6.625151385760201,49.752412545168589],[6.6251491904696,49.752457478695732],[6.625146995173487,49.752502412222462],[6.625144799871859,49.752547345748759],[6.625142604564716,49.752592279274637],[6.62507323877024,49.752590856610112],[6.625071043393611,49.752635790133318],[6.625068848011467,49.752680723656098],[6.625066652623809,49.75272565717848],[6.625064457230637,49.752770590700436],[6.625133823281011,49.752772013373956],[6.625131627946302,49.752816946897724],[6.625129432606077,49.752861880421072],[6.625127237260339,49.752906813944001],[6.625125041909087,49.752951747466497],[6.625194408220882,49.75295317010751],[6.625192212928092,49.752998103631839],[6.625190017629788,49.753043037155763],[6.625187822325971,49.753087970679246],[6.62518562701664,49.75313290420231],[6.625183431701796,49.753177837724962],[6.625181236381437,49.753222771247188],[6.625179041055565,49.75326770476898],[6.625176845724179,49.753312638290353],[6.625246212553301,49.753314060907847],[6.625244017280377,49.753358994431068],[6.625241822001941,49.753403927953855],[6.625239626717992,49.753448861476208],[6.625237431428528,49.75349379499815],[6.625235236133551,49.753538728519672],[6.62523304083306,49.753583662040768],[6.625302408051564,49.753585084630245],[6.625295822308942,49.753719885197754],[6.625293627050374,49.753764818719418],[6.625224259575957,49.753763396120952],[6.625222064247898,49.753808329639952],[6.625152696715017,49.753806906997724],[6.625150501317465,49.753851840514052],[6.625219868914324,49.753853263158504],[6.625289236516698,49.753854685761461],[6.62528704124159,49.753899619281867],[6.625284845960967,49.753944552801848],[6.625354213696816,49.753945975367799],[6.62535201847466,49.753990908889584],[6.625349823246991,49.754035842410964],[6.625347628013807,49.754080775931925],[6.625345432775109,49.75412570945246],[6.625343237530897,49.754170642972582],[6.625412605592163,49.754172065508257],[6.625410410406419,49.754216999030199],[6.62540821521516,49.754261932551721],[6.625406020018388,49.754306866072817],[6.625403824816103,49.754351799593486],[6.625401629608305,49.754396733113722],[6.625399434394993,49.754441666633561],[6.625330065949844,49.754440244084378],[6.625327870667036,49.754485177601552],[6.625397239176166,49.754486600152973],[6.625395043951826,49.754531533671958],[6.625464412530453,49.754532956184129],[6.625460022193198,49.754622823225326],[6.625457827016299,49.754667756745292],[6.625527195792389,49.754669179222702],[6.625525000673958,49.754714112744495],[6.625522805550015,49.754759046265875],[6.625520610420558,49.754803979786821],[6.625589979394109,49.754805402229465],[6.625587784323121,49.754850335752245],[6.62558558924662,49.754895269274606],[6.625583394164607,49.75494020279654],[6.625581199077078,49.754985136318041],[6.625650568312076,49.75498655872817],[6.625648373283019,49.755031492251504],[6.625579003984036,49.755030069839123],[6.625576808885483,49.755075003359806],[6.625574613781415,49.755119936880057],[6.625572418671834,49.755164870399881],[6.625641788162765,49.755166292818998],[6.625639593111655,49.755211226340649],[6.625637398055032,49.755256159861872],[6.625706767679447,49.755257582243992],[6.625704572681293,49.755302515767042],[6.625702377677627,49.75534744928968],[6.625700182668448,49.755392382811891],[6.625697987653755,49.755437316333676],[6.625767357539624,49.755438738683267],[6.625765162583403,49.755483672206893],[6.62576296762167,49.755528605730092],[6.625832337641024,49.755530028042671],[6.625830142737763,49.755574961567682],[6.625827947828987,49.755619895092295],[6.6258257529147,49.755664828616474],[6.6258235579949,49.755709762140221],[6.625892928275711,49.755711184420292],[6.625890733414384,49.755756117945872],[6.625960103764696,49.755757540186686],[6.625957908961841,49.755802473714084],[6.625888538547542,49.755801051471025],[6.625886343675189,49.755845984995766],[6.625884148797322,49.755890918520073],[6.625881953913943,49.755935852043969],[6.625951324520202,49.755937274293778],[6.625949129695295,49.7559822078195],[6.625946934864878,49.756027141344795],[6.625944740028946,49.756072074869671],[6.626014110832681,49.756073497084692],[6.626011916055223,49.756118430611409],[6.626009721272253,49.756163364137684],[6.626007526483771,49.756208297663555],[6.626005331689776,49.756253231188985],[6.626003136890268,49.756298164714003],[6.626072508019456,49.75629958689877],[6.626070313278423,49.756344520425607],[6.626068118531879,49.756389453952018],[6.626065923779821,49.756434387478016],[6.626063729022251,49.756479321003596],[6.625994357637111,49.756477898809848],[6.625992162810039,49.756522832332749],[6.625922791366427,49.756521410095246],[6.625853419928327,49.756519987816233],[6.625784048495745,49.756518565495711],[6.625781853471194,49.756563499011463],[6.625712481980137,49.756562076647185],[6.625643110494598,49.756560654241412],[6.625573739014573,49.756559231794121],[6.625571543792542,49.756604165302697],[6.625502172254046,49.756602742811658],[6.625432800721064,49.756601320279117],[6.625363429193599,49.756599897705073],[6.625365624607595,49.756554964203232],[6.625296253149636,49.756553541589938],[6.625298448622108,49.756508608089916],[6.625300644089067,49.756463674589483],[6.625231272764601,49.756462251939162],[6.625229077233655,49.75650718543735],[6.625159705850717,49.756505762743281],[6.625157510250268,49.756550696238797],[6.625155314644305,49.756595629733887],[6.625224686155219,49.756597052432454],[6.625222490607729,49.75664198592937],[6.625220295054723,49.756686919425874],[6.625218099496205,49.756731852921945],[6.625287471204604,49.756733275585759],[6.625285275704559,49.756778209083656],[6.625283080199,49.756823142581148],[6.625280884687927,49.756868076078199],[6.625211512787559,49.756866653407648],[6.625209317206981,49.756911586902042],[6.625207121620888,49.756956520396017],[6.625276493649235,49.756957943071058],[6.625345865683101,49.756959365704589],[6.625343670219473,49.757004299202627],[6.625341474750332,49.757049232700261],[6.625410846917694,49.75705065529678],[6.625480219090573,49.757052077851803],[6.625549591268967,49.757053500365309],[6.625547395986284,49.757098433869253],[6.625478023743898,49.757097011353494],[6.625475828391708,49.757141944854759],[6.625473633034005,49.757186878355611],[6.625404260669154,49.757185455793852],[6.625402065241946,49.757230389292026],[6.625399869809223,49.757275322789795],[6.625397674370985,49.757320256287137],[6.62546704692781,49.757321678855646],[6.625464851548049,49.757366612354801],[6.625534224174383,49.757368034884038],[6.625603596806232,49.757369457371787],[6.625601401548941,49.757414390875027],[6.625599206286136,49.757459324377848],[6.625597011017817,49.757504257880235],[6.625666383847158,49.757505680333203],[6.625664188637317,49.757550613837424],[6.625802934440532,49.757553458623342],[6.625800739353163,49.757598392131641],[6.62579854426028,49.757643325639506],[6.625867917298147,49.757644747974709],[6.625865722263742,49.757689681484408],[6.625863527223824,49.75773461499368],[6.625932900395193,49.757736037291849],[6.626002273572077,49.757737459548537],[6.626000078654632,49.757782393061873],[6.625997883731674,49.757827326574805],[6.625995688803203,49.757872260087311],[6.625926315434339,49.757870837823901],[6.625856942070991,49.757869415518975],[6.625854747009019,49.757914349026557],[6.625852551941533,49.757959282533726],[6.625850356868535,49.758004216040476],[6.625919730423864,49.758005638352145],[6.625917535409346,49.758050571860714],[6.625848161790023,49.7580491495468],[6.625845966705995,49.758094083052704],[6.625843771616457,49.758139016558189],[6.625913145363769,49.758140438876588],[6.62591095033271,49.758185372383892],[6.626049697971871,49.758188216900678],[6.626119071799726,49.758189639096798],[6.626116876955138,49.758234572610426],[6.626047503063289,49.758233150412053],[6.626045308149192,49.75827808392301],[6.626043113229584,49.758323017433547],[6.626112487249423,49.758324439636411],[6.626181861274777,49.758325861797779],[6.626184056066396,49.758280928282758],[6.62625343003327,49.75828235040035],[6.626322804005659,49.758283772476453],[6.626392177983563,49.758285194511032],[6.626394372577683,49.758240260988849],[6.626463746497108,49.758241682979687],[6.626465941021721,49.758196749454811],[6.626535314882664,49.758198171401901],[6.626533120422046,49.758243104929001],[6.626602494352498,49.758244526836819],[6.626600299950363,49.758289460365759],[6.626530925955915,49.758288038455696],[6.626528731484272,49.758332971981957],[6.626526537007117,49.7583779055078],[6.626595911129556,49.758379327422347],[6.626593716710884,49.758424260950022],[6.6265915222867,49.758469194477264],[6.626660896542644,49.758470616354806],[6.626658702176945,49.758515549883882],[6.626728076502399,49.758516971722166],[6.626725882195184,49.758561905253046],[6.626723687882456,49.758606838783528],[6.626721493564218,49.758651772313577],[6.626790868087173,49.758653194117088],[6.626788673827421,49.758698127648955],[6.626786479562154,49.758743061180411],[6.626717104911205,49.75874163937241],[6.626714910576431,49.758786572901208],[6.626645535866998,49.758785151049445],[6.626643341462715,49.758830084575571],[6.62664114705292,49.758875018101257],[6.626638952637613,49.758919951626545],[6.626636758216795,49.758964885151393],[6.626706133182217,49.758966307012145],[6.626703938819883,49.759011240538818],[6.626773313854817,49.759012662360298],[6.626842688895264,49.759014084140269],[6.626840494655415,49.759059017671028],[6.626771119550969,49.759057595888812],[6.626766730926739,49.759147462944547],[6.626764536606357,49.759192396471782],[6.626833911902797,49.759193818260748],[6.626831717640901,49.759238751789809],[6.626970468378321,49.75924159524768],[6.62696827423891,49.759286528780819],[6.626966080093989,49.75933146231354],[6.626963885943555,49.759376395845827],[6.626961691787611,49.759421329377709],[6.627031067420587,49.759422751053357],[6.627028873323131,49.759467684587051],[6.627026679220164,49.759512618120326],[6.627024485111685,49.759557551653174],[6.627022290997694,49.759602485185603],[6.627091666892182,49.759603906828744],[6.627089472836682,49.759648840362992],[6.627087278775668,49.759693773896828],[6.627085084709144,49.759738707430245],[6.627082890637109,49.759783640963235],[6.627080696559562,49.759828574495806],[6.627150072779567,49.759829996108657],[6.62714787876051,49.759874929643047],[6.627145684735941,49.759919863177018],[6.62721506108946,49.759921284752856],[6.627212867123381,49.75996621828866],[6.627210673151794,49.760011151824024],[6.627208479174693,49.760056085358983],[6.62727785572573,49.76005750690004],[6.627275661807121,49.760102440436825],[6.627273467883001,49.760147373973176],[6.627342844567553,49.760148795477221],[6.627340650701924,49.760193729015413],[6.627338456830784,49.760238662553164],[6.627336262954134,49.760283596090495],[6.627405639836207,49.760285017559767],[6.627403446018048,49.760329951098939],[6.627401252194378,49.76037488463767],[6.62747062920997,49.760376306069922],[6.627468435444793,49.76042123961048],[6.627466241674105,49.760466173150633],[6.627464047897907,49.760511106690352],[6.62753342511102,49.760512528087837],[6.627531231393315,49.760557461629375],[6.627529037670098,49.760602395170501],[6.627598415016731,49.760603816530946],[6.627596221352008,49.760648750073898],[6.627594027681775,49.760693683616438],[6.627591834006032,49.76073861715853],[6.627522456467388,49.760737195791343],[6.62752026272213,49.760782129330792],[6.627518068971361,49.760827062869808],[6.627587446638014,49.760828484241493],[6.62758525294574,49.760873417782335],[6.62765463068191,49.760874839114742],[6.62765243704813,49.76091977265741],[6.627721814853817,49.760921193950558],[6.627719621278532,49.760966127495053],[6.627717427697736,49.761011061039113],[6.62771523411143,49.761055994582762],[6.627645856113728,49.761054573282877],[6.627643662457907,49.761099506823854],[6.627574284401712,49.761098085480207],[6.627572090676375,49.761143019018512],[6.627502712561687,49.761141597631109],[6.627433334452511,49.761140176202197],[6.627431140593653,49.761185109735585],[6.627428946729283,49.761230043268561],[6.62749832496647,49.761231464701972],[6.627496131160595,49.761276398236781],[6.6275655094673,49.761277819630919],[6.627567703209168,49.761232886093872],[6.627637081457381,49.761234307444255],[6.627634887779518,49.761279240983548],[6.62770426609725,49.761280662294666],[6.627702072477883,49.761325595835778],[6.627699878853004,49.761370529376492],[6.62776925730426,49.761371950650584],[6.62776706373788,49.761416884193096],[6.627764870165989,49.761461817735203],[6.627834248750771,49.761463238972269],[6.627832055237376,49.761508172516194],[6.627901433891677,49.761509593713996],[6.62789924043678,49.761554527259747],[6.627897046976373,49.761599460805058],[6.627894853510456,49.761644394349972],[6.62796423236229,49.761645815512999],[6.62796203895487,49.761690749059731],[6.627959845541941,49.76173568260603],[6.628029224527303,49.761737103732038],[6.628027031172871,49.76178203728017],[6.628096410227753,49.761783458366899],[6.62809421693182,49.761828391916858],[6.62816359605622,49.761829812964329],[6.628161402818787,49.761874746516099],[6.628159209575843,49.761919680067471],[6.628228588833773,49.76192110107791],[6.628226395649328,49.761966034631101],[6.628224202459375,49.762010968183844],[6.628293581850834,49.76201238915727],[6.62829138871938,49.762057322711854],[6.628289195582417,49.762102256266004],[6.628358575107405,49.762103677202418],[6.628356382028942,49.762148610758381],[6.62835418894497,49.762193544313952],[6.628423568603488,49.762194965213325],[6.628421375578016,49.762239898770716],[6.628419182547037,49.762284832327673],[6.628488562339085,49.762286253190034],[6.628486369366605,49.762331186748817],[6.628484176388618,49.762376120307174],[6.628553556314197,49.762377541132508],[6.628551363394711,49.762422474692698],[6.62862074338981,49.762423895478747],[6.628618550528826,49.76246882904077],[6.628616357662333,49.762513762602367],[6.628685737790964,49.76251518335139],[6.628683544982973,49.762560116914813],[6.628614164790332,49.762558696163531],[6.6285447846032,49.762557275370739],[6.628546977539212,49.762512341811821],[6.628477597421602,49.762510920979757],[6.62847540442158,49.762555854536437],[6.628473211416048,49.762600788092691],[6.628471018405008,49.762645721648532],[6.62846882538846,49.76269065520394],[6.628538205762113,49.762692076044978],[6.628536012804067,49.762737009602219],[6.628533819840511,49.762781943159041],[6.628603200347698,49.762783363963059],[6.628601007442646,49.762828297521693],[6.628670388019357,49.76282971828644],[6.628668195172807,49.762874651846907],[6.628666002320749,49.762919585406955],[6.628735383030995,49.762921006134668],[6.62880476374675,49.762922426820872],[6.628806956470783,49.762877493256347],[6.628809149189308,49.76283255969139],[6.628811341902326,49.762787626126013],[6.628741961378605,49.762786205446538],[6.628744154150126,49.762741271882994],[6.628674773695929,49.762739851164248],[6.628676966525953,49.762694917602524],[6.628746346916139,49.762696338319017],[6.628815727311835,49.762697758994001],[6.628813534609834,49.762742692560217],[6.628882915075053,49.762744113195922],[6.628880722431555,49.76278904676397],[6.628878529782549,49.762833980331592],[6.628947910381301,49.762835400930278],[6.6289457177908,49.762880334499712],[6.62894352519479,49.762925268068734],[6.629012905927077,49.762926688630401],[6.629010713389571,49.762971622201242],[6.62900852084656,49.763016555771671],[6.62907790171238,49.763017976296304],[6.629075709227873,49.763062909868538],[6.629073516737858,49.763107843440373],[6.629142897737214,49.76310926392798],[6.629140705305704,49.763154197501621],[6.629210086374583,49.76315561794997],[6.62920789400158,49.763200551525422],[6.629205701623068,49.763245485100477],[6.629275082825483,49.763246905511785],[6.629272890505478,49.763291839088659],[6.629270698179966,49.763336772665099],[6.629340079515917,49.763338193039388],[6.629337887248909,49.763383126617668],[6.629335694976398,49.763428060195515],[6.629405076445887,49.763429480532764],[6.629402884231881,49.763474414112437],[6.629472265770894,49.763475834410421],[6.629470073615395,49.76352076799192],[6.629467881454391,49.763565701573],[6.62953726312694,49.763567121833951],[6.629535071024444,49.763612055416836],[6.629532878916439,49.763656988999323],[6.629602260722527,49.763658409223254],[6.629600068673033,49.763703342807545],[6.629669450548644,49.763704762992198],[6.629667258557658,49.763749696578309],[6.629665066561164,49.763794630164014],[6.629734448570316,49.763796050311633],[6.629732256632333,49.763840983899158],[6.629801638711007,49.763842404007512],[6.629799446831533,49.763887337596863],[6.629797254946552,49.763932271185787],[6.629866637158766,49.763933691257108],[6.629864445332297,49.763978624847852],[6.62986225350032,49.764023558438176],[6.629931635846075,49.764024978472463],[6.62992944407261,49.76406991206462],[6.62999882648789,49.764071332059629],[6.629996634772935,49.764116265653605],[6.630066017257739,49.764117685609349],[6.630063825601294,49.764162619205138],[6.630061633939344,49.764207552800507],[6.63013101655769,49.764208972719217],[6.630128824954252,49.764253906316419],[6.630126633345307,49.764298839913181],[6.630196016097196,49.764300259794879],[6.630193824546764,49.764345193393467],[6.630263207368178,49.764346613235872],[6.630261015876258,49.764391546836286],[6.630330398767196,49.76439296663942],[6.630328207333788,49.76443790024166],[6.630326015894877,49.764482833843473],[6.630395398919358,49.764484253609581],[6.630393207538958,49.764529187213213],[6.630462590632965,49.764530606940049],[6.63046039931108,49.764575540545508],[6.63045820798369,49.764620474150547],[6.63052759121124,49.764621893840349],[6.630525399942363,49.764666827447201],[6.630594783239439,49.764668247097731],[6.630592592029077,49.764713180706408],[6.630661975395679,49.76471460031766],[6.630664166542022,49.764669666706737],[6.630733549850111,49.76467108627422],[6.630731358767787,49.764716019887388],[6.630800742145402,49.764717439415605],[6.630798551121591,49.764762373030592],[6.630729167679958,49.764760953500137],[6.630726976586624,49.764805887112459],[6.630724785487787,49.764850820724362],[6.630794169057459,49.764852240259316],[6.630791978017137,49.764897173873031],[6.630861361656335,49.764898593368699],[6.630859170674529,49.764943526984233],[6.630856979687217,49.764988460599376],[6.630926363459961,49.764989880058003],[6.630924172531167,49.765034813674951],[6.630993556373436,49.7650362330943],[6.630991365503159,49.765081166713067],[6.631060749414956,49.76508258609315],[6.631058558603193,49.765127519713744],[6.631127942584516,49.765128939054549],[6.631125751831272,49.765173872676961],[6.631195135882121,49.765175291978487],[6.631192945187392,49.765220225602718],[6.631190754487162,49.765265159226537],[6.631188563781428,49.765310092849923],[6.631119179538517,49.765308673541661],[6.631116988763259,49.765353607162389],[6.631186373070191,49.765355026472889],[6.63118418235345,49.765399960095444],[6.631253566729911,49.765401379366658],[6.631322951111875,49.765402798596369],[6.631325141700573,49.765357864969324],[6.631394526024022,49.765359284155267],[6.631392335499346,49.76540421778455],[6.631461719892321,49.76540563693122],[6.631459529426164,49.765450570562308],[6.631528913888667,49.765451989669693],[6.631526723481028,49.765496923302614],[6.631524533067887,49.765541856935108],[6.631593917663938,49.765543276005452],[6.631591727309318,49.765588209639766],[6.631661111974895,49.765589628670845],[6.631658921678794,49.765634562306985],[6.631728306413898,49.765635981298786],[6.631726116176317,49.765680914936752],[6.631795500980947,49.765682333889266],[6.631793310801886,49.765727267529044],[6.631862695676046,49.765728686442294],[6.631860505555505,49.765773620083891],[6.631929890499189,49.765775038957848],[6.631927700437172,49.765819972601278],[6.631997085450384,49.765821391435971],[6.631994895446887,49.765866325081191],[6.632064280529624,49.765867743876612],[6.632062090584649,49.765912677523666],[6.632131475736917,49.765914096279801],[6.632129285850463,49.765959029928688],[6.632198671072256,49.765960448645544],[6.632196481244325,49.766005382296235],[6.632194291410893,49.766050315946522],[6.632263676766237,49.766051734626338],[6.632261486991329,49.766096668278436],[6.6323308724162,49.76609808691898],[6.632328682699814,49.766143020572898],[6.632398068194214,49.766144439174148],[6.63239587853635,49.766189372829899],[6.632465264100277,49.766190791391871],[6.632463074500938,49.766235725049434],[6.632532460134392,49.766237143572134],[6.63253027059358,49.766282077231509],[6.632528081047264,49.766327010890478],[6.632458695285759,49.766325592363295],[6.632456505669919,49.766370526019593],[6.632387119849893,49.766369107448639],[6.63231773403537,49.766367688836183],[6.632315544285978,49.766412622487564],[6.632246158412933,49.766411203831339],[6.632243968594016,49.76645613748007],[6.632174582662448,49.766454718780082],[6.632172392774003,49.766499652426141],[6.632103006783914,49.766498233682391],[6.632100816825941,49.7665431673258],[6.63203143077733,49.766541748538273],[6.632029240749831,49.766586682179017],[6.631959854642699,49.766585263347743],[6.631957664545671,49.766630196985822],[6.631955474443142,49.766675130623469],[6.631953284335111,49.766720064260703],[6.632022670634323,49.766721483098713],[6.632092056939038,49.766722901895193],[6.632094246919016,49.766677968253475],[6.632163633165209,49.766679387006199],[6.632165823075661,49.76663445336181],[6.632235209263331,49.766635872070772],[6.632304595456504,49.76663729073821],[6.632373981655181,49.76663870936413],[6.632443367859361,49.76664012794852],[6.632445557508206,49.766595194294759],[6.63244774715155,49.766550260640564],[6.632449936789394,49.76650532698595],[6.632519322806998,49.766506745522094],[6.632521512375316,49.766461811864822],[6.632523701938132,49.766416878207131],[6.632593087833191,49.766418296697275],[6.632595277326481,49.766373363036926],[6.632664663163015,49.766374781483314],[6.632734049005052,49.766376199888171],[6.632731859639811,49.76642113355301],[6.632801245551376,49.766422551918595],[6.632799056244662,49.766467485585252],[6.632868442225755,49.766468903911552],[6.632866252977567,49.766513837580028],[6.632935639028186,49.766515255867048],[6.632933449838523,49.766560189537365],[6.633002835958671,49.766561607785107],[6.633000646827535,49.766606541457236],[6.633070033017209,49.766607959665684],[6.633067843944601,49.766652893339632],[6.633137230203803,49.766654311508816],[6.633135041189721,49.766699245184569],[6.633204427518453,49.766700663314474],[6.633202238562896,49.766745596992052],[6.633271624961156,49.766747015082679],[6.633269436064128,49.766791948762076],[6.633338822531916,49.76679336681341],[6.633336633693416,49.766838300494634],[6.633406020230731,49.766839718506695],[6.63340383145076,49.766884652189745],[6.633473218057603,49.766886070162521],[6.63347102933616,49.766931003847368],[6.633540416012531,49.766932421780872],[6.633538227349618,49.766977355467539],[6.633607614095517,49.766978773361764],[6.633605425491132,49.767023707050257],[6.63367481230656,49.767025124905189],[6.633672623760706,49.7670700585955],[6.633742010645661,49.767071476411161],[6.633739822158336,49.767116410103299],[6.63380920911282,49.767117827879673],[6.633807020684025,49.76716276157363],[6.633876407708037,49.767164179310711],[6.633874219337774,49.767209113006487],[6.633943606431313,49.76721053070429],[6.633941418119581,49.767255464401877],[6.634010805282649,49.767256882060408],[6.634008617029447,49.767301815759822],[6.634006428770748,49.767346749458802],[6.634075816067373,49.767348167080293],[6.634073627867207,49.767393100781099],[6.63414301523336,49.767394518363297],[6.634140827091725,49.767439452065929],[6.634210214527407,49.767440869608855],[6.634208026444305,49.767485803313292],[6.634277413949516,49.767487220816932],[6.634275225924946,49.767532154523188],[6.634344613499685,49.767533571987549],[6.634342425533648,49.767578505695639],[6.634411813177916,49.767579923120699],[6.634409625270412,49.767624856830601],[6.634479012984209,49.76762627421639],[6.634476825135239,49.76767120792811],[6.634546212918565,49.767672625274614],[6.634544025128128,49.767717558988146],[6.634613412980982,49.76771897629537],[6.634682800839336,49.767720393561078],[6.634680613171463,49.767765327278674],[6.634750001099345,49.767766744505082],[6.634747813490009,49.767811678224497],[6.63481720148742,49.767813095411626],[6.634815013936618,49.767858029132853],[6.634884402003556,49.767859446280703],[6.634882214511289,49.767904380003756],[6.634951602647757,49.76790579711232],[6.634949415214027,49.767950730837178],[6.635018803420023,49.767952147906477],[6.635016616044829,49.767997081633141],[6.635086004320355,49.76799849866314],[6.635083817003697,49.768043432391657],[6.635153205348749,49.76804484938237],[6.635151018090629,49.768089783112693],[6.635220406505211,49.76809120006412],[6.635218219305626,49.768136133796261],[6.635287607789739,49.768137550708396],[6.635356996279348,49.76813896757902],[6.635354809202333,49.768183901315211],[6.63542419776147,49.768185318146557],[6.635422010742993,49.76823025188456],[6.635491399371659,49.768231668676613],[6.635489212411721,49.768276602416428],[6.635558601109916,49.768278019169195],[6.635556414208515,49.768322952910857],[6.63562580297624,49.768324369624338],[6.635623616133379,49.768369303367805],[6.635693004970632,49.768370720042],[6.635690818186309,49.768415653787272],[6.635760207093092,49.768417070422181],[6.63582959600537,49.768418487015573],[6.63582740934362,49.768463420764917],[6.635896798325428,49.768464837319009],[6.635894611722217,49.768509771070164],[6.635964000773553,49.768511187584984],[6.635961814228884,49.768556121337951],[6.636031203349749,49.768557537813471],[6.63602901686362,49.768602471568265],[6.636098406054013,49.768603888004513],[6.636167795249903,49.76860530439923],[6.636165608886349,49.768650238158088],[6.636234998151766,49.768651654513512],[6.636232811846753,49.768696588274167],[6.6363022011817,49.768698004590313],[6.63630001493523,49.76874293835278],[6.636369404339704,49.768744354629646],[6.636367218151777,49.76878928839394],[6.636436607625781,49.768790704631513],[6.63650599710528,49.768792120827563],[6.636503811039929,49.768837054595906],[6.636573200588956,49.768838470752662],[6.636571014582148,49.768883404522839],[6.636640404200705,49.768884820640309],[6.636638218252439,49.768929754412291],[6.636707607940524,49.76893117049049],[6.636705422050802,49.768976104264283],[6.636774811808418,49.768977520303174],[6.636844201571527,49.768978936300556],[6.636842015804383,49.769023870078414],[6.636911405637021,49.769025286036488],[6.636909219928422,49.769070219816172],[6.636978609830589,49.76907163573496],[6.636976424180536,49.769116569516434],[6.63704581415223,49.769117985395965],[6.637043628560722,49.769162919179259],[6.637113018601946,49.769164335019489],[6.637110833068983,49.769209268804602],[6.637180223179736,49.769210684605532],[6.637249613295982,49.769212100364953],[6.6372474278856,49.769257034154116],[6.637316818071376,49.769258449874236],[6.637314632719539,49.769303383665232],[6.637384022974844,49.769304799346067],[6.637381837681555,49.76934973313886],[6.637451228006388,49.769351148780409],[6.637449042771645,49.769396082575021],[6.637518433166008,49.769397498177277],[6.637587823565862,49.769398913738009],[6.637585638453704,49.769443847536678],[6.637655028923087,49.769445263058124],[6.637652843869476,49.769490196858605],[6.637722234408388,49.769491612340758],[6.637720049413326,49.769536546143065],[6.637789440021766,49.769537961585932],[6.6378588306357,49.769539376987268],[6.637856645763223,49.769584310793633],[6.637926036446685,49.769585726155675],[6.637923851632756,49.769630659963845],[6.637993242385747,49.769632075286601],[6.637991057630368,49.769677009096583],[6.638060448452887,49.769678424380061],[6.638058263756057,49.769723358191861],[6.638127654648105,49.769724773436039],[6.638125470009825,49.769769707249651],[6.638194860971403,49.769771122454543],[6.638264251938471,49.769772537617911],[6.638262067422779,49.769817471435587],[6.638331458459376,49.769818886559648],[6.638329274002234,49.769863820379143],[6.638398665108361,49.769865235463925],[6.638396480709771,49.769910169285218],[6.638465871885426,49.769911584330714],[6.63853526306657,49.769912999334686],[6.63853307879057,49.769957933160029],[6.638602470041244,49.769959348124708],[6.638600285823796,49.77000428195187],[6.638669677143999,49.770005696877256],[6.638739068469691,49.770007111761117],[6.638736884374834,49.77005204559233],[6.638806275770055,49.770053460436891],[6.63880409173375,49.770098394269922],[6.638873483198501,49.770099809075212],[6.63894287466874,49.770101223838957],[6.638940690755028,49.770146157676038],[6.639010082294796,49.770147572400496],[6.639007898439638,49.770192506239383],[6.639077290048935,49.770193920924548],[6.639146681663719,49.770195335568197],[6.639144497931155,49.77024026941114],[6.639213889615469,49.770241684015488],[6.639283281305271,49.770243098578312],[6.6392810976953,49.770288032425306],[6.639350489454632,49.77028944694883],[6.639348305903217,49.770334380797635],[6.639417697732076,49.770335795281873],[6.639487089566424,49.770337209724588],[6.639484906137603,49.77038214357745],[6.639554298041478,49.770383557980871],[6.639623689950843,49.770384972342768],[6.639621506644619,49.770429906199674],[6.639690898623511,49.770431320522277],[6.63976029060789,49.770432734803343],[6.639758107424264,49.770477668664292],[6.63982749947817,49.770479082906078],[6.639896891537565,49.770480497106334],[6.639894708476536,49.770525430971333],[6.639964100605459,49.770526845132295],[6.639961917602987,49.770571778999106],[6.640031309801439,49.770573193120768],[6.640100702005377,49.770574607200913],[6.640098519125504,49.770619541071774],[6.64016791139897,49.770620955112626],[6.640237303677921,49.770622369111955],[6.640235120920647,49.770667302986858],[6.640304513269128,49.770668716946886],[6.640373905623092,49.770670130865383],[6.64037172298842,49.770715064744344],[6.640441115411915,49.770716478623555],[6.640510507840894,49.770717892461235],[6.640508325328821,49.770762826344232],[6.64057771782733,49.770764240142618],[6.640647110331321,49.770765653899481],[6.64064492794185,49.770810587786528],[6.640714320515372,49.770812001504098],[6.640712138184461,49.770856935392956],[6.64078153082751,49.770858349071226],[6.640850923476043,49.770859762707971],[6.640848741267734,49.77090469660088],[6.640918133985794,49.770906110198325],[6.64098752670934,49.770907523754239],[6.640985344623636,49.770952457651212],[6.641054737416709,49.770953871167833],[6.641124130215266,49.770955284642923],[6.641121948252167,49.771000218543925],[6.64119134112025,49.771001631979722],[6.641260733993819,49.771003045374009],[6.641258552153325,49.771047979279061],[6.641327945096419,49.771049392634026],[6.641325763314486,49.771094326540897],[6.641395156327111,49.771095739856584],[6.641464549345216,49.771097153130739],[6.641462367685891,49.771142087041639],[6.641531760773525,49.771143500276509],[6.641601153866641,49.771144913469833],[6.641598972329922,49.77118984738479],[6.641668365492566,49.771191260538821],[6.641737758660692,49.771192673651328],[6.641735577246581,49.771237607570335],[6.641804970484235,49.771239020643549],[6.641874363727371,49.771240433675231],[6.641872182435868,49.771285367598274],[6.64194157574853,49.771286780590657],[6.642010969066677,49.771288193541515],[6.642008787897783,49.771333127468608],[6.642078181285455,49.771334540380167],[6.642147574678609,49.771335953250201],[6.642145393632324,49.771380887181344],[6.642214787095006,49.771382300012078],[6.642284180563169,49.771383712801288],[6.642281999639495,49.77142864673646],[6.642351393177185,49.77143005948637],[6.642420786720356,49.771431472194749],[6.642490180269007,49.771432884861618],[6.64248799953199,49.771477818803064],[6.642557393150169,49.771479231430625],[6.642626786773826,49.771480644016656],[6.642624606159422,49.771525577962151],[6.642693999852606,49.771526990508875],[6.642763393551274,49.771528403014074],[6.64276121305948,49.771573336963613],[6.642830606827673,49.771574749429533],[6.642900000601346,49.771576161853908],[6.642969394380498,49.771577574236744],[6.642967214075363,49.771622508192571],[6.643036607924043,49.771623920536122],[6.643106001778201,49.771625332838141],[6.643103821595681,49.771670266798004],[6.643173215519367,49.771671679060724],[6.643242609448531,49.771673091281912],[6.643240429388626,49.771718025245811],[6.643309823387315,49.771719437427706],[6.643379217391485,49.771720849568062],[6.643448611401133,49.771722261666902],[6.643446431527891,49.771767195637082],[6.643515825607063,49.771768607696629],[6.643585219691714,49.77177001971463],[6.643583039941089,49.771814953688853],[6.643652434095267,49.771816365667561],[6.643721828254923,49.771817777604738],[6.643719648626914,49.771862711582997],[6.643789042856095,49.771864123480874],[6.643858437090755,49.771865535337227],[6.643927831330892,49.771866947152049],[6.643925651889548,49.771911881136589],[6.643995046199209,49.77191329291211],[6.64406444051435,49.771914704646107],[6.644062261195626,49.771959638634677],[6.64413165558029,49.771961050329367],[6.644201049970432,49.77196246198254],[6.644198870774328,49.772007395975137],[6.644268265233994,49.772008807589017],[6.644337659699139,49.772010219161345],[6.64440705416976,49.772011630692148],[6.644404875160323,49.772056564691042],[6.644474269700468,49.772057976182545],[6.644543664246089,49.772059387632524],[6.644541485359274,49.772104321635439],[6.644610879974421,49.772105733046118],[6.644680274595044,49.772107144415266],[6.644749669221142,49.772108555742882],[6.644747490520997,49.772153489752071],[6.644816885216619,49.772154901040395],[6.644886279917718,49.772156312287187],[6.644884101340195,49.772201246300419],[6.644953496110817,49.772202657507904],[6.645022890886916,49.772204068673865],[6.645020712432016,49.772249002691119],[6.645090107277638,49.77225041381778],[6.645159502128736,49.772251824902909],[6.645157323796461,49.772296758924213],[6.645226718717082,49.772298169970043],[6.645296113643179,49.772299580974341],[6.645365508574751,49.772300991937101],[6.645363330429149,49.772345925964679],[6.645432725430243,49.772347336888139],[6.645502120436813,49.772348747770074],[6.645499942413836,49.772393681801681],[6.645569337489929,49.772395092644317],[6.645638732571496,49.772396503445421],[6.645636554671146,49.772441437481078],[6.645705949822236,49.772442848242882],[6.645775344978802,49.772444258963148],[6.64584474014084,49.772445669641883],[6.645842562427165,49.772490603683799],[6.645911957658727,49.772492014323241],[6.645981352895761,49.772493424921151],[6.645979175304716,49.772538358967104],[6.646048570611273,49.772539769525714],[6.646117965923304,49.772541180042786],[6.646115788454887,49.772586114092782],[6.64618518383644,49.772587524570547],[6.646254579223467,49.772588935006794],[6.646323974615966,49.772590345401504],[6.646321797334229,49.772635279457766],[6.64639119279625,49.772636689813176],[6.646460588263746,49.772638100127047],[6.646529983736711,49.772639510399387],[6.64659937921515,49.772640920630202],[6.646597202184144,49.772685854694956],[6.646666597732104,49.772687264886478],[6.646735993285536,49.772688675036441],[6.646733816377162,49.772733609105238],[6.646803212000115,49.772735019215915],[6.64687260762854,49.772736429285068],[6.646942003262438,49.772737839312683],[6.647011398901807,49.772739249298773],[6.647009222244166,49.772784183376046],[6.647078617953055,49.772785593322823],[6.647148013667416,49.772787003228075],[6.647217409387248,49.772788413091796],[6.64721523291629,49.772833347175336],[6.647284628705643,49.772834756999757],[6.647354024500467,49.772836166782646],[6.647423420300759,49.77283757652399],[6.647492816106524,49.77283898622381],[6.647562211917758,49.772840395882106],[6.647560035761588,49.772885329976368],[6.647629431642342,49.772886739595357],[6.647698827528566,49.772888149172807],[6.647768223420258,49.772889558708734],[6.647837619317422,49.772890968203122],[6.64783544341199,49.772935902305868],[6.647904839378673,49.772937311760963],[6.647974235350825,49.772938721174512],[6.648113027311536,49.772941539877039],[6.648110851656844,49.772986473988254],[6.648180247709454,49.772987883279455],[6.648249643767531,49.772989292529111],[6.648319039831078,49.772990701737243],[6.648316864363076,49.773035635854733],[6.648386260496141,49.773037045023543],[6.648455656634675,49.773038454150843],[6.648525052778676,49.77303986323659],[6.648594448928146,49.773041272280821],[6.648663845083082,49.773042681283506],[6.648661669929875,49.773087615411725],[6.648731066154331,49.773089024375111],[6.648800462384253,49.773090433296964],[6.648798287353686,49.773135367429212],[6.648867683653128,49.773136776311759],[6.648937079958036,49.773138185152774],[6.649006476268411,49.773139593952259],[6.649075872584254,49.773141002710219],[6.649145268905562,49.77314241142664],[6.649143094189792,49.773187345569589],[6.649212490580618,49.773188754246704],[6.649281886976912,49.773190162882287],[6.649351283378671,49.773191571476346],[6.649420679785895,49.773192980028867],[6.649418505320872,49.773237914180299],[6.649487901797615,49.773239322693513],[6.649557298279824,49.773240731165188],[6.649626694767498,49.773242139595339],[6.649624520489171,49.773287073753025],[6.649693917046362,49.773288482143876],[6.649763313609019,49.773289890493189],[6.64983271017714,49.773291298800963],[6.649902106750726,49.773292707067213],[6.649899932723149,49.773337641233383],[6.649969329366252,49.773339049460319],[6.650038726014819,49.773340457645723],[6.650108122668851,49.773341865789604],[6.650177519328348,49.773343273891939],[6.650175345551522,49.773388208066599],[6.650244742280535,49.773389616129627],[6.650314139015012,49.773391024151124],[6.650383535754951,49.773392432131097],[6.650452932500354,49.773393840069538],[6.650450758974283,49.773438774252661],[6.650520155789203,49.773440182151795],[6.650589552609586,49.773441590009391],[6.650658949435432,49.773442997825462],[6.650728346266741,49.773444405599996],[6.650726172991425,49.77348933979161],[6.65079556989225,49.773490747526836],[6.650864966798538,49.773492155220524],[6.650934363710288,49.77349356287268],[6.6510037606275,49.773494970483313],[6.65100158760294,49.773539904683396],[6.651070984589667,49.773541312254714],[6.651140381581857,49.773542719784494],[6.65120977857951,49.773544127272743],[6.651279175582623,49.773545534719467],[6.651277002808819,49.77359046892802],[6.651346399881448,49.773591876335445],[6.651415796959538,49.773593283701324],[6.651485194043089,49.773594691025664],[6.651554591132101,49.773596098308474],[6.651552418609057,49.773641032525511],[6.651621815767585,49.77364243976902],[6.651691212931572,49.773643846970991],[6.651760610101021,49.773645254131431],[6.651830007275929,49.773646661250332],[6.651827835003647,49.773691595475846],[6.65189723224807,49.773693002555433],[6.652036026753295,49.773695816590028],[6.65203385466772,49.773740750821787],[6.652103251992578,49.773742157778997],[6.652172649322895,49.773743564694691],[6.652242046658671,49.773744971568853],[6.652311443999905,49.773746378401476],[6.652309272165094,49.773791312641706],[6.652378669575844,49.773792719435022],[6.652448066992052,49.773794126186793],[6.652517464413719,49.773795532897033],[6.652586861840844,49.773796939565756],[6.652584690256799,49.77384187381444],[6.652654087753438,49.773843280443849],[6.652723485255536,49.773844687031712],[6.652792882763092,49.773846093578051],[6.652862280276106,49.773847500082852],[6.652860108942827,49.773892434340027],[6.652929506525354,49.77389384080552],[6.652998904113339,49.773895247229468],[6.653068301706781,49.773896653611892],[6.653066130560214,49.773941587875314],[6.653135528223169,49.77394299421843],[6.653204925891582,49.773944400520008],[6.653274323565451,49.773945806780048],[6.653343721244776,49.773947212998557],[6.653413118929559,49.773948619175542],[6.653410948097819,49.77399355344965],[6.653480345852116,49.773994959587313],[6.653549743611867,49.773996365683452],[6.653619141377074,49.773997771738046],[6.653616970732049,49.774042706018406],[6.65368636856677,49.774044112033692],[6.653755766406945,49.774045518007441],[6.653825164252577,49.774046923939665],[6.653894562103665,49.77404832983035],[6.653892391709412,49.77409326411918],[6.653961789630012,49.774094669970559],[6.654031187556066,49.774096075780385],[6.654100585487577,49.774097481548701],[6.65416998342454,49.774098887275478],[6.654239381366961,49.774100292960718],[6.654237211287541,49.77414522726022],[6.654306609299471,49.774146632906145],[6.654376007316856,49.774148038510539],[6.654445405339695,49.774149444073394],[6.654443235446994,49.774194378379157],[6.654512633539346,49.774195783902691],[6.65458203163715,49.774197189384708],[6.654651429740409,49.774198594825194],[6.654720827849121,49.774200000224127],[6.654718658207197,49.774244934538345],[6.65478805638542,49.774246339897971],[6.654857454569098,49.774247745216066],[6.654855285049837,49.774292679534312],[6.654853115525126,49.774337613852133],[6.654922513842371,49.77433901913313],[6.654920344376268,49.774383953452755],[6.654989742763023,49.774385358694445],[6.655059141155233,49.774386763894604],[6.655128539552895,49.774388169053218],[6.655197937956009,49.774389574170314],[6.655195768740688,49.774434508498388],[6.655265167213313,49.774435913576163],[6.65533456569139,49.774437318612407],[6.655403964174919,49.774438723607105],[6.6554733626639,49.774440128560279],[6.655471193699361,49.774485062896815],[6.655540592257853,49.774486467810675],[6.655609990821796,49.774487872682997],[6.655612159658218,49.774442938342006],[6.65561432848919,49.774398004000616],[6.655683726930469,49.774399408826966],[6.655685895691933,49.774354474482919],[6.655616497314714,49.774353069658787],[6.655618666134788,49.774308135316545],[6.655549267827078,49.774306730453105],[6.655551436705761,49.774261796112668],[6.655690233198518,49.774264605793569],[6.655759631453073,49.774266010571722],[6.655829029713079,49.774267415308351],[6.655898427978537,49.774268820003428],[6.656037224525803,49.774271629268995],[6.656035056095526,49.774316563624978],[6.656104454441394,49.774317968197671],[6.656106622807612,49.774273033839485],[6.656176021094873,49.77427443836843],[6.656173852792711,49.77431937272884],[6.656243251149478,49.774320777218485],[6.656312649511696,49.77432218166657],[6.656382047879363,49.774323586073145],[6.656384215989351,49.774278651706069],[6.656453614298409,49.774280056068868],[6.65645144625248,49.774324990438174],[6.656520844631046,49.774326394761673],[6.656590243015063,49.774327799043625],[6.656659641404528,49.774329203284061],[6.656729039799441,49.774330607482938],[6.656798438199806,49.774332011640304],[6.656937235016876,49.774334819830422],[6.656935067413908,49.774379754214834],[6.65707386438089,49.77438256224324],[6.657143262872554,49.774383966195145],[6.657212661369664,49.774385370105527],[6.657282059872224,49.774386773974356],[6.657279892584099,49.774431708369441],[6.657349291156166,49.774433112198949],[6.657418689733677,49.77443451598694],[6.657488088316637,49.774435919733399],[6.657557486905045,49.77443732343832],[6.65755531986771,49.774482257841846],[6.657624718525623,49.774483661507446],[6.657694117188982,49.774485065131522],[6.657763515857789,49.774486468714045],[6.657761349007188,49.774531403123817],[6.657830747745499,49.774532806667025],[6.657900146489258,49.774534210168703],[6.657969545238462,49.774535613628856],[6.657967378574593,49.77458054804486],[6.658036777393304,49.774581951465684],[6.658106176217458,49.774583354844978],[6.658104009676266,49.774628289264989],[6.658173408569926,49.774629692604961],[6.658242807469033,49.774631095903402],[6.658240641050515,49.774676030327441],[6.658310040019127,49.774677433586561],[6.658379438993183,49.774678836804156],[6.658377272697343,49.774723771232189],[6.658446671740903,49.774725174410456],[6.65851607078991,49.774726577547199],[6.658513904616745,49.77477151197926],[6.658583303735257,49.774772915076682],[6.658652702859213,49.774774318132565],[6.658650536808726,49.774819252568641],[6.658719936002187,49.774820655585195],[6.658789335201091,49.774822058560233],[6.658787169273285,49.774866993000316],[6.658856568541694,49.774868395936039],[6.658925967815548,49.774869798830203],[6.658995367094845,49.774871201682842],[6.658993201353777,49.774916136129157],[6.659062600702579,49.774917538942482],[6.659132000056824,49.774918941714276],[6.659129834438436,49.774963876164605],[6.659199233862186,49.774965278897071],[6.659268633291379,49.774966681588012],[6.659266467795672,49.775011616042342],[6.65933586729437,49.775013018693969],[6.659405266798511,49.775014421304036],[6.659403101425484,49.775059355762401],[6.659472500999128,49.775060758333161],[6.659541900578215,49.77506216086239],[6.659539735327871,49.775107095324756],[6.659609134976462,49.775108497814664],[6.659678534630496,49.775109900263033],[6.659747934289972,49.775111302669856],[6.659745769226372,49.775156237138447],[6.659815168955351,49.77515763950597],[6.659884568689773,49.775159041831948],[6.659882403748856,49.77520397630456],[6.659951803552782,49.77520537859121],[6.660021203362149,49.775206780836342],[6.660019038543917,49.775251715312962],[6.660088438422786,49.775253117518766],[6.660157838307098,49.775254519683031],[6.660227238196851,49.775255921805758],[6.660225073565366,49.775300856288602],[6.660294473524622,49.775302258372015],[6.660363873489318,49.775303660413883],[6.66036170898052,49.775348594900748],[6.660431109014721,49.775349996903302],[6.660500509054361,49.775351398864316],[6.660498344668248,49.775396333355189],[6.660567744777393,49.77539773527689],[6.660637144891975,49.775399137157052],[6.660706545011999,49.775400538995669],[6.660704380812638,49.775445473492773],[6.660773781002165,49.775446875292069],[6.660843181197131,49.775448277049833],[6.660841017120457,49.775493211550945],[6.660910417384926,49.775494613269387],[6.660979817654834,49.775496014946292],[6.66097765370085,49.775540949451411],[6.661047054040261,49.775542351089001],[6.661116454385111,49.775543752685053],[6.661185854735399,49.775545154239559],[6.661183690968168,49.775590088750903],[6.66125309138796,49.775591490266102],[6.661322491813189,49.775592891739748],[6.661320328168649,49.775637826255107],[6.661250927679355,49.775636424779236],[6.661248763965314,49.775681359291966],[6.661179363417395,49.77567995777234],[6.661109962874914,49.77567855621119],[6.661112126717084,49.775633621702895],[6.661042726244107,49.775632220102409],[6.660973325776569,49.775630818460399],[6.66090392531447,49.775629416776852],[6.660906089343392,49.77558448227478],[6.660836688950797,49.775583080551911],[6.66076728856364,49.775581678787503],[6.660769452715253,49.775536744289447],[6.660700052397601,49.775535342485718],[6.660630652085388,49.775533940640443],[6.660561251778615,49.775532538753644],[6.66056341611698,49.775487604261819],[6.66049401587971,49.775486202335692],[6.660424615647882,49.775484800368034],[6.660355215421492,49.77548339835883],[6.660353050890939,49.775528332844019],[6.660350886354948,49.775573267328774],[6.660420286709464,49.775574669342404],[6.660418122232097,49.775619603828964],[6.660487522656115,49.775621005803274],[6.660556923085574,49.775622407736044],[6.660554758730896,49.775667342226633],[6.660624159229858,49.775668744120068],[6.660621994933805,49.775713678612441],[6.660691395502273,49.775715080466561],[6.66076079607618,49.775716482279158],[6.660758631902816,49.775761416775531],[6.660828032546227,49.775762818548813],[6.660897433195077,49.77576422028055],[6.660895269144405,49.775809154780923],[6.660964669862761,49.775810556473338],[6.660962505870715,49.775855490975523],[6.661031906658573,49.775856892628617],[6.661101307451871,49.775858294240159],[6.661099143582517,49.775903228746358],[6.661168544445317,49.775904630318585],[6.661166380634592,49.77594956482659],[6.661235781566897,49.775950966359495],[6.661305182504641,49.77595236785087],[6.661303018816608,49.77599730236286],[6.661372419823855,49.775998703814906],[6.66137025619445,49.776043638328701],[6.661439657271202,49.776045039741426],[6.661509058353391,49.776046441112626],[6.661506894846681,49.776091375630422],[6.661576295998374,49.776092776962294],[6.661645697155505,49.776094178252613],[6.661643533771491,49.776139112774416],[6.661712934998125,49.776140514025428],[6.661710771672738,49.776185448549036],[6.661780172968877,49.776186849760713],[6.661849574270453,49.776188250930865],[6.661918975577465,49.776189652059465],[6.661988376889917,49.776191053146533],[6.661986213815358,49.776235987678589],[6.662055615197312,49.776237388726329],[6.662125016584702,49.776238789732538],[6.662194417977529,49.776240190697209],[6.662192255089735,49.776285125235475],[6.662261656552066,49.776286526160824],[6.662331058019832,49.776287927044628],[6.662400459493036,49.776289327886907],[6.662469860971674,49.776290728687627],[6.66246769833471,49.776335663234342],[6.662537099882853,49.776337063995747],[6.662606501436432,49.776338464715614],[6.662675902995446,49.77633986539395],[6.662745304559895,49.776341266030748],[6.662743142173762,49.776386200585875],[6.662812543807714,49.776387601183345],[6.662881945447101,49.776389001739282],[6.66302074874218,49.776391802726529],[6.663018586606881,49.776436737290105],[6.66308798832664,49.776438137723645],[6.663157390051833,49.776439538115639],[6.663226791782461,49.776440938466095],[6.663296193518523,49.776442338775013],[6.66336559526002,49.776443739042392],[6.663363433439624,49.776488673616605],[6.663432835250622,49.776490073844656],[6.663502237067052,49.776491474031182],[6.663571638888918,49.776492874176157],[6.663569477255292,49.776537808756579],[6.663638879146659,49.776539208862239],[6.663708281043458,49.776540608926346],[6.663777682945691,49.776542008948944],[6.663847084853358,49.776543408929967],[6.663916486766456,49.776544808869474],[6.663985888684987,49.776546208767435],[6.663988049934209,49.776501274173732],[6.663990211178001,49.77645633957961],[6.663920809387603,49.776454939686069],[6.663851407602639,49.776453539750989],[6.663853568969135,49.776408605160881],[6.663784167253671,49.776407205186459],[6.663714765543639,49.776405805170526],[6.663716927032837,49.776360870584419],[6.663647525392306,49.776359470529151],[6.663578123757207,49.776358070432352],[6.663508722127542,49.776356670294007],[6.663510883803509,49.776311735714117],[6.663441482243345,49.776310335536444],[6.663372080688616,49.776308935317246],[6.663302679139319,49.776307535056489],[6.663304841002053,49.776262600482816],[6.663235439522258,49.776261200182752],[6.663166038047897,49.776259799841142],[6.663096636578969,49.776258399458008],[6.663098798628471,49.776213464890532],[6.663029397229046,49.776212064468069],[6.662959995835054,49.776210664004061],[6.662890594446497,49.776209263498515],[6.662892756682765,49.776164328937277],[6.662823355363709,49.776162928392409],[6.662753954050089,49.776161527806011],[6.662756116409053,49.776116593248773],[6.662686715164934,49.776115192623045],[6.662617313926251,49.77611379195578],[6.662619476407915,49.776068857402542],[6.662550075238733,49.776067456695955],[6.662480674074986,49.77606605594783],[6.662411272916676,49.776064655158166],[6.662413435585102,49.77601972061116],[6.662344034496293,49.776018319782168],[6.66227463341292,49.776016918911644],[6.662276796204043,49.775971984368645],[6.662207395190172,49.775970583458793],[6.662137994181737,49.775969182507417],[6.66206859317874,49.775967781514495],[6.662070756156623,49.7759228469777],[6.662001355223127,49.775921445945457],[6.66193195429507,49.775920044871675],[6.661934117395647,49.775875110338902],[6.661864716537091,49.775873709225799],[6.661795315683971,49.77587230807115],[6.661725914836289,49.775870906874964],[6.661728078123626,49.775825972348429],[6.661658677345446,49.775824571112928],[6.661589276572705,49.775823169835881],[6.661591439982735,49.775778235313346],[6.661522039279495,49.775776833996979],[6.661524202748153,49.775731899476227],[6.661526366211376,49.775686964955071],[6.661595766786486,49.775688366267012],[6.661665167367036,49.775689767537415],[6.661663004031942,49.775734702063005],[6.661732404681993,49.775736103294079],[6.661801805337482,49.775737504483615],[6.661871205998406,49.775738905631627],[6.66186904285007,49.775783840163434],[6.661938443580498,49.775785241272111],[6.66193628049079,49.775830175805716],[6.662005681290718,49.775831576875078],[6.662075082096085,49.775832977902894],[6.662144482906888,49.775834378889186],[6.662142320003939,49.775879313429009],[6.662211720884244,49.775880714375965],[6.662281121769984,49.775882115281391],[6.662278958989731,49.775927049825228],[6.662348359944974,49.775928450691325],[6.662417760905653,49.775929851515883],[6.662487161871767,49.775931252298918],[6.662484999278274,49.775976186848979],[6.66255440031389,49.775977587592692],[6.662623801354941,49.775978988294852],[6.662621638884145,49.776023922848907],[6.662691039994697,49.776025323511746],[6.662760441110685,49.776026724133047],[6.662829842232109,49.776028124712823],[6.662827679948076,49.776073059273102],[6.662897081139,49.776074459813543],[6.662966482335358,49.776075860312453],[6.662964320174023,49.776120794876739],[6.663033721439882,49.77612219533632],[6.663103122711176,49.776123595754363],[6.663100960672541,49.776168530322657],[6.663170362013334,49.776169930701371],[6.663239763359564,49.776171331038555],[6.663309164711228,49.776172731334199],[6.663307002859357,49.77621766590871],[6.663376404280521,49.776219066165027],[6.663445805707117,49.776220466379812],[6.663443643977947,49.776265400958344],[6.663513045474044,49.776266801133794],[6.663582446975576,49.776268201267726],[6.663651848482542,49.776269601360092],[6.66364968694014,49.776314535944834],[6.663719088516604,49.776315935997893],[6.663788490098501,49.776317336009406],[6.663786328678801,49.776362270598149],[6.663855730330199,49.776363670570333],[6.663925131987029,49.776365070500987],[6.663994533649293,49.776366470390109],[6.663992372416362,49.776411404985062],[6.664061774148125,49.776412804834855],[6.66413117588532,49.776414204643103],[6.664129014775093,49.776459139242071],[6.664198416581788,49.776460539010991],[6.664267818393914,49.776461938738386],[6.664265657406391,49.776506873341361],[6.664335059288017,49.776508273029414],[6.664404461175074,49.776509672675942],[6.664402300310257,49.776554607282911],[6.664471702266814,49.776556006890111],[6.664541104228803,49.776557406455765],[6.664610506196222,49.776558805979896],[6.664608345518178,49.776603740593089],[6.664677747555097,49.776605140077884],[6.664747149597448,49.77660653952114],[6.66474498904211,49.776651474138326],[6.664814391153957,49.776652873542261],[6.664883793271237,49.776654272904644],[6.664953195393947,49.776655672225502],[6.664951035025386,49.776700606848905],[6.665020437217594,49.776702006130428],[6.665089839415232,49.776703405370412],[6.665087679169379,49.776748339997823],[6.665157081436516,49.776749739198479],[6.665226483709084,49.776751138357596],[6.665224323585938,49.776796072989015],[6.665293725928004,49.776797472108804],[6.665363128275499,49.776798871187061],[6.665432530628423,49.776800270223767],[6.665430370692057,49.776845204861395],[6.665428210750263,49.776890139498597],[6.665358808269201,49.776888740457473],[6.665360968275064,49.776843805822466],[6.6652915658635,49.776842406742013],[6.665222163457366,49.77684100762],[6.665152761056662,49.77683960845647],[6.665154921249303,49.776794673827681],[6.665085518918097,49.776793274624822],[6.665016116592322,49.776791875380411],[6.665018276907672,49.776746940755622],[6.664948874651395,49.776745541471897],[6.664879472400549,49.776744142146619],[6.664881632838608,49.776699207525837],[6.66481223065726,49.776697808161245],[6.664742828481344,49.7766964087551],[6.664740667915148,49.776741343371455],[6.664671265680596,49.776739943921562],[6.664669105044903,49.776784878535295],[6.664666944403782,49.776829813148595],[6.664664783757232,49.776874747761489],[6.664734186183991,49.776876147218012],[6.664732025596082,49.776921081832697],[6.664729865002743,49.776966016446949],[6.664660462447846,49.776964616986],[6.664658301785008,49.777009551597637],[6.664656141116742,49.77705448620884],[6.664653980443048,49.777099420819631],[6.664651819763924,49.777144355430003],[6.664582416958179,49.77714295591867],[6.664580256209556,49.77718789052642],[6.664578095455505,49.77723282513373],[6.664575934696023,49.777277759740628],[6.664645337693978,49.777279159258597],[6.664643176993136,49.777324093867293],[6.664641016286867,49.777369028475562],[6.664638855575168,49.777413963083418],[6.66463669485804,49.777458897690856],[6.664706098117707,49.777460297176127],[6.664703937459221,49.777505231785355],[6.664701776795305,49.777550166394164],[6.664699616125961,49.777595101002539],[6.664769019583272,49.777596500452916],[6.66476685897257,49.777641435063089],[6.664836262499384,49.777642834474129],[6.664838423046015,49.777597899861739],[6.664907826514187,49.777599299229024],[6.664909986991318,49.777554364614005],[6.66497939040085,49.777555763937549],[6.665048793815814,49.777557163219541],[6.665118197236207,49.777558562459994],[6.665120357515697,49.777513627837912],[6.665259164244633,49.777516426189777],[6.665257004093287,49.777561360816286],[6.665326407529971,49.777562759932117],[6.665395810972084,49.777564159006417],[6.665393650943454,49.777609093636919],[6.665324247437269,49.777607694560409],[6.665322087339138,49.777652629188275],[6.665252683774311,49.77765123006801],[6.665183280214914,49.777649830906228],[6.665185440441187,49.777604896282774],[6.665116036951291,49.77760349708165],[6.665046633466826,49.777602097838987],[6.665044473112411,49.777647032457999],[6.665042312752566,49.777691967076613],[6.665040152387292,49.777736901694801],[6.665109556063973,49.777738300944094],[6.665107395757343,49.777783235564073],[6.665176799503526,49.777784634774044],[6.665174639255541,49.77782956939582],[6.665244043071226,49.777830968566462],[6.665241882881885,49.777875903190022],[6.665311286767072,49.777877302321329],[6.665309126636376,49.777922236946686],[6.665378530591066,49.777923636038665],[6.665376370519014,49.777968570665813],[6.665445774543206,49.77796996971847],[6.665441454510968,49.778059838975921],[6.665439294486705,49.778104773604021],[6.665369890270293,49.778103374544735],[6.665367730176532,49.778148309170192],[6.665298325901477,49.778146910067164],[6.665296165738213,49.778191844689999],[6.665226761404515,49.778190445543217],[6.665157357076247,49.778189046354875],[6.665159517367657,49.778144111736466],[6.665090113108892,49.778142712508796],[6.665020708855559,49.778141313239601],[6.665022869269687,49.7780963786252],[6.664953465085858,49.778094979316663],[6.664884060907458,49.778093579966594],[6.664881900365184,49.778138514576575],[6.664812496128143,49.778137115182766],[6.664808174899158,49.778226984397065],[6.664877579264346,49.778228383795302],[6.664875418705784,49.77827331840404],[6.664944823140478,49.778274717762947],[6.66494266264056,49.778319652373483],[6.665012067144758,49.778321051693069],[6.665009906703487,49.778365986305396],[6.665079311277189,49.778367385585639],[6.665077150894564,49.778412320199749],[6.665146555537771,49.778413719440671],[6.665144395213791,49.778458654056564],[6.665213799926504,49.778460053258165],[6.665283204644648,49.778461452418235],[6.665352609368219,49.77846285153673],[6.665422014097222,49.778464250613702],[6.665419854024114,49.778509185238029],[6.665489258822621,49.778510584275672],[6.665558663626558,49.778511983271777],[6.665628068435924,49.778513382226329],[6.665630228316811,49.77846844759538],[6.665632388192269,49.778423512963997],[6.665562983511052,49.778422114013864],[6.665565143445157,49.778377179384286],[6.665495738833443,49.778375780394818],[6.665497898826195,49.778330845767023],[6.665428494283987,49.778329446738212],[6.665430654335385,49.778284512112215],[6.665432814381356,49.778239577485799],[6.665502218795418,49.778240976510176],[6.665504378771889,49.778196041881124],[6.665573783127306,49.778197440861753],[6.665575943034275,49.778152506230072],[6.665645347331049,49.778153905166945],[6.665647507168519,49.778108970532628],[6.665716911406648,49.778110369425754],[6.665786315650206,49.778111768277348],[6.665784155940885,49.778156702916071],[6.665853560253946,49.778158101728316],[6.665851400603271,49.778203036368851],[6.665920804985834,49.778204435141767],[6.665990209373827,49.778205833873159],[6.665988049845872,49.77825076851768],[6.666057454303368,49.778252167209722],[6.666055294834061,49.778297101856033],[6.666124699361058,49.778298500508768],[6.666194103893482,49.778299899119936],[6.666263508431335,49.778301297689573],[6.666332912974616,49.778302696217679],[6.666330753756181,49.778347630872425],[6.666400158368964,49.778349029361181],[6.666397999209178,49.77839396401771],[6.666467403891462,49.778395362467144],[6.666465244790325,49.778440297125456],[6.666534649542111,49.778441695535562],[6.666604054299325,49.778443093904123],[6.666601895320912,49.77848802856645],[6.666671300147628,49.778489426895675],[6.666669141227865,49.778534361559785],[6.666738546124082,49.778535759849689],[6.666807951025728,49.778537158098054],[6.666805792228691,49.778582092766143],[6.666875197199837,49.778583490975166],[6.66694460217641,49.778584889142671],[6.666942443502099,49.778629823814775],[6.667011848548174,49.778631221942938],[6.667009689932514,49.778676156616825],[6.66707909504809,49.778677554705645],[6.667148500169092,49.778678952752934],[6.667217905295521,49.77868035075867],[6.667220063718954,49.778635416078131],[6.667289468786732,49.778636814040127],[6.667287310427374,49.778681748722853],[6.667356715564654,49.778683146645513],[6.66742612070736,49.778684544526634],[6.667423962470731,49.778729479213354],[6.667493367682937,49.778730877055132],[6.667491209504961,49.778775811743657],[6.66748905132156,49.778820746431762],[6.667558456667344,49.778822144236415],[6.667556298542599,49.778867078926304],[6.667625703957884,49.778868476691635],[6.667627862018554,49.778823541999529],[6.667697267375186,49.778824939721119],[6.667695109378593,49.778869874415406],[6.667764514804728,49.77887127209766],[6.66790332567327,49.778874067337519],[6.667905483477636,49.778829132636574],[6.667974888855967,49.778830530191982],[6.668044294239722,49.778831927705852],[6.668042136563511,49.778876862411188],[6.668111542016766,49.778878259885722],[6.668250352939548,49.778881054710162],[6.66825251042353,49.778836119998182],[6.66832191582898,49.778837517345877],[6.668391321239853,49.778838914652042],[6.668389163884025,49.778883849368427],[6.668458569364398,49.778885246635248],[6.668527974850193,49.778886643860531],[6.668597380341412,49.778888041044262],[6.668736191340116,49.778890835287115],[6.668805596847602,49.77889223234623],[6.668875002360509,49.7788936293638],[6.66894440787884,49.778895026339825],[6.668946564722056,49.778850091605776],[6.669015970181731,49.778851488538038],[6.669013813402591,49.778896423274304],[6.669083218931766,49.778897820167245],[6.66915262446636,49.778899217018648],[6.669222030006376,49.778900613828512],[6.669291435551814,49.778902010596831],[6.669360841102672,49.77890340732359],[6.66943024665895,49.778904804008832],[6.66949965222065,49.778906200652528],[6.669569057787771,49.778907597254673],[6.669571214054295,49.778862662500764],[6.66964061956276,49.778864059059153],[6.669710025076644,49.778865455576017],[6.669779430595947,49.778866852051323],[6.669918241650816,49.778869644877332],[6.669987647186379,49.778871041228022],[6.670057052727362,49.778872437537174],[6.670195863825584,49.778875230030835],[6.670265269382823,49.778876626215364],[6.670334674945483,49.778878022358342],[6.670336830501745,49.778833087579727],[6.670406236005745,49.778834483678956],[6.670475641515164,49.77883587973664],[6.67054504703,49.778837275752785],[6.670614452550256,49.778838671727399],[6.670683858075928,49.778840067660454],[6.670753263607018,49.778841463551977],[6.670822669143527,49.778842859401962],[6.670824824245836,49.778797924607481],[6.670894229723684,49.778799320413718],[6.6708963847565,49.778754385616629],[6.670902849822461,49.778619581222827],[6.670972255049421,49.778620976978694],[6.670974409996503,49.778576042177711],[6.670976564938168,49.778531107376317],[6.670907159839359,49.778529711624856],[6.670909314839686,49.778484776825259],[6.670839909810372,49.778483381034469],[6.670770504786474,49.778481985202127],[6.670772659909536,49.778437050406517],[6.670703254955131,49.778435654534846],[6.670633850006144,49.778434258621637],[6.670636005251943,49.778389323830005],[6.670566600372448,49.778387927877461],[6.670497195498372,49.77838653188337],[6.670427790629714,49.778385135847749],[6.670429946062322,49.778340201062313],[6.670360541263157,49.778338804987357],[6.67029113646941,49.778337408870847],[6.670293292024752,49.778292474089419],[6.670223887300499,49.778291077933581],[6.670154482581664,49.778289681736204],[6.670085077868249,49.778288285497275],[6.670087233610398,49.778243350722043],[6.670017828966476,49.778241954443786],[6.669948424327973,49.778240558123976],[6.669950580192855,49.778195623352744],[6.669881175623846,49.778194226993612],[6.669811771060257,49.778192830592943],[6.669742366502087,49.778191434150735],[6.669744522553775,49.778146499385699],[6.669675118065099,49.778145102904141],[6.669605713581842,49.778143706381051],[6.669607869756263,49.778098771620009],[6.6695384653425,49.778097375057577],[6.669469060934158,49.778095978453614],[6.669471217231307,49.778051043696571],[6.669401812892461,49.778049647053265],[6.669332408559033,49.778048250368421],[6.669263004231026,49.778046853642046],[6.669265160714978,49.778001918891185],[6.669195756456467,49.778000522125474],[6.669126352203376,49.777999125318225],[6.669128508810057,49.777954190571371],[6.66905910462646,49.777952793724779],[6.668989700448285,49.777951396836663],[6.668991857177693,49.777906462093796],[6.668922453069012,49.777905065166337],[6.668853048965754,49.777903668197339],[6.668783644867917,49.777902271186797],[6.668785801784126,49.777857336450133],[6.668716397755784,49.777855939400261],[6.668646993732864,49.777854542308845],[6.668649150771798,49.777809607576188],[6.668579746818374,49.777808210445428],[6.668510342870372,49.777806813273145],[6.668512500032031,49.777761878544474],[6.668443096153524,49.777760481332862],[6.66837369228044,49.777759084079698],[6.668304288412777,49.777757686785002],[6.668306445761234,49.777712752062534],[6.668237041963069,49.77771135472851],[6.668167638170325,49.777709957352926],[6.668098234383005,49.777708559935817],[6.66810039191826,49.77766362521956],[6.668030988200434,49.777662227763123],[6.667961584488033,49.777660830265127],[6.667892180781056,49.777659432725599],[6.667894338503105,49.777614498015552],[6.667824934865623,49.777613100436689],[6.667755531233566,49.777611702816294],[6.667757689078337,49.777566768110248],[6.667688285515776,49.777565370450517],[6.667618881958639,49.777563972749235],[6.667549478406928,49.777562575006428],[6.667551636438491,49.777517640306598],[6.667482232956276,49.777516242524449],[6.667412829479484,49.777514844700768],[6.667414987633768,49.777469910004918],[6.667345584226474,49.777468512141908],[6.667276180824605,49.777467114237346],[6.667278339101609,49.777422179545511],[6.667208935769236,49.777420781601627],[6.667139532442288,49.777419383616206],[6.667141690842011,49.777374448928363],[6.66707228758456,49.777373050903613],[6.667002884332535,49.777371652837317],[6.667005042854977,49.777326718153468],[6.666935639672449,49.777325320047844],[6.666866236495347,49.777323921900681],[6.666868395140505,49.777278987220839],[6.666798992032898,49.777277589034334],[6.666729588930719,49.777276190806305],[6.666660185833967,49.777274792536737],[6.666662344665914,49.777229857863098],[6.666592941638658,49.777228459554195],[6.666523538616829,49.777227061203746],[6.666525697571491,49.777182126534115],[6.66645629461916,49.777180728144344],[6.666386891672256,49.777179329713036],[6.666317488730779,49.777177931240189],[6.666319647872228,49.777132996576761],[6.666250245000247,49.777131598064571],[6.666180842133696,49.77713019951085],[6.666183001397858,49.777085264851436],[6.666113598600803,49.777083866258387],[6.666044195809177,49.777082467623799],[6.666046355196053,49.777037532968372],[6.665976952473924,49.777036134294448],[6.665907549757224,49.777034735578994],[6.665909709266813,49.776989800927574],[6.665979111919444,49.776991199640818],[6.666048514577503,49.776992598312525],[6.666117917240991,49.776993996942693],[6.66611575792361,49.77703893160075],[6.666185160656595,49.777040330191582],[6.666254563395007,49.777041728740883],[6.666252404200341,49.77708666340294],[6.66632180700825,49.777088061912913],[6.666391209821588,49.77708946038134],[6.666389050749634,49.777134395047391],[6.666458453632469,49.777135793476489],[6.66652785652073,49.77713719186405],[6.666597259414418,49.777138590210079],[6.66659510052925,49.777183524882346],[6.666664503492435,49.77718492318904],[6.666733906461047,49.777186321454195],[6.666731747698595,49.77723125613047],[6.666801150736704,49.777232654356297],[6.66687055378024,49.777234052540578],[6.6669399568292,49.777235450683314],[6.666937798253537,49.777280385365785],[6.667007201371995,49.777281783469199],[6.667076604495878,49.777283181531082],[6.667074446042931,49.777328116217554],[6.667143849236311,49.777329514240101],[6.667213252435116,49.777330912221103],[6.667211094104887,49.777375846911575],[6.667280497373189,49.777377244853255],[6.667349900646916,49.777378642753391],[6.667419303926068,49.777380040611988],[6.66741714578263,49.777424975308655],[6.667486549131278,49.777426373127916],[6.667555952485351,49.777427770905646],[6.667553794464632,49.777472705606328],[6.667623197888202,49.777474103344723],[6.667692601317194,49.777475501041579],[6.667762004751611,49.777476898696889],[6.667759846917685,49.777521833403789],[6.667829250421598,49.777523231019771],[6.667898653930936,49.777524628594215],[6.667896496219731,49.777569563305086],[6.667965899798564,49.777570960840201],[6.668035303382821,49.777572358333778],[6.668104706972501,49.777573755785802],[6.668102549448091,49.777618690502884],[6.668171953107266,49.777620087915601],[6.668241356771865,49.777621485286758],[6.668239199370177,49.77766642000784],[6.668308603104271,49.777667817339669],[6.668378006843787,49.777669214629952],[6.668447410588727,49.777670611878705],[6.668445253373836,49.777715546605982],[6.668514657188271,49.777716943815399],[6.668584061008128,49.777718340983284],[6.66858190391596,49.777763275714562],[6.668651307805312,49.777764672843105],[6.668720711700087,49.777766069930109],[6.668718554730646,49.777811004665402],[6.668787958694915,49.777812401713057],[6.668857362664605,49.777813798719201],[6.668926766639717,49.777815195683779],[6.668924609857075,49.777860130425275],[6.668994013901683,49.777861527350524],[6.669063417951711,49.777862924234235],[6.669061261291795,49.777907858979724],[6.669130665411317,49.777909255824106],[6.669200069536262,49.77791065262695],[6.669269473666627,49.777912049388249],[6.669267317193513,49.777956984139919],[6.669336721393371,49.777958380861897],[6.669406125598651,49.777959777542321],[6.669403969248265,49.778004712298014],[6.669473373523038,49.778006108939088],[6.669542777803232,49.778007505538639],[6.669612182088847,49.778008902096659],[6.669610025925263,49.77805383685854],[6.669679430280371,49.778055233377216],[6.6697488346409,49.778056629854355],[6.669746678600045,49.778101564620236],[6.669816083030066,49.778102961058032],[6.669885487465509,49.778104357454296],[6.669883331547386,49.778149292224157],[6.669952736052321,49.778150688581093],[6.670022140562676,49.778152084896476],[6.670091545078447,49.778153481170321],[6.670089389347132,49.778198415946392],[6.670158793932399,49.778199812180901],[6.670228198523084,49.778201208373872],[6.6702260429145,49.778246143153929],[6.670295447574678,49.778247539307571],[6.670364852240276,49.778248935419654],[6.670434256911291,49.778250331490213],[6.670432101489514,49.778295266276473],[6.670501506230023,49.778296662307689],[6.670570910975949,49.778298058297374],[6.670568755676906,49.778342993087627],[6.670638160492325,49.778344389037962],[6.670707565313162,49.778345784946765],[6.670705410136855,49.778390719741004],[6.670774815027184,49.778392115610465],[6.670844219922931,49.778393511438395],[6.670913624824096,49.778394907224765],[6.670911469834598,49.778439842025215],[6.670980874805255,49.778441237772263],[6.671050279781329,49.778442633477766],[6.671048124914568,49.778487568282209],[6.671117529960135,49.778488963948384],[6.671186935011119,49.778490359572999],[6.671256340067518,49.778491755156082],[6.67125418538757,49.778536689966714],[6.671323590513461,49.778538085510462],[6.671392995644769,49.778539481012665],[6.671390841087559,49.778584415827297],[6.671460246288357,49.778585811290171],[6.671529651494574,49.778587206711492],[6.671599056706206,49.778588602091283],[6.671596902335809,49.778633536912103],[6.671666307616933,49.778634932252558],[6.671735712903471,49.77863632755146],[6.671805118195425,49.778637722808831],[6.671874523492794,49.778639118024643],[6.671943928795578,49.77864051319893],[6.672013334103776,49.778641908331672],[6.672082739417389,49.778643303422868],[6.672152144736417,49.778644698472512],[6.672154298594203,49.778599763634055],[6.672223703854569,49.778601158639965],[6.672293109120349,49.778602553604337],[6.672362514391541,49.778603948527156],[6.672364668051687,49.778559013681658],[6.672434073264217,49.778560408560736],[6.672503478482162,49.778561803398276],[6.67257288370552,49.77856319819427],[6.672642288934292,49.778564592948719],[6.67264444233272,49.778519658093991],[6.672713847502828,49.778521052804706],[6.67278325267835,49.778522447473868],[6.672922063045631,49.778525236687571],[6.672991468237389,49.778526631232126],[6.673060873434561,49.778528025735113],[6.673130278637145,49.77852942019657],[6.673132431581629,49.778484485326004],[6.67320183672555,49.778485879743712],[6.673271241874882,49.778487274119875],[6.673340647029626,49.778488668454507],[6.673410052189779,49.778490062747593],[6.673479457355345,49.778491456999141],[6.67347730473124,49.778536391880728],[6.673546709966295,49.778537786092933],[6.673544557400859,49.778582720976317],[6.673613962705399,49.778584115149187],[6.673683368015351,49.778585509280504],[6.673752773330713,49.778586903370282],[6.673822178651486,49.778588297418516],[6.673891583977669,49.778589691425218],[6.673960989309263,49.778591085390374],[6.674030394646267,49.778592479313993],[6.674099799988681,49.778593873196073],[6.674169205336503,49.7785952670366],[6.674238610689737,49.778596660835589],[6.674308016048379,49.778598054593033],[6.674377421412431,49.778599448308945],[6.674446826781892,49.778600841983312],[6.674516232156761,49.778602235616127],[6.67458563753704,49.77860362920741],[6.674655042922726,49.778605022757148],[6.674724448313822,49.77860641626534],[6.674793853710327,49.778607809731994],[6.674796005122384,49.778562874808969],[6.674865410460219,49.778564268231882],[6.674934815803463,49.778565661613243],[6.675004221152114,49.778567054953072],[6.675002069932287,49.778611989882698],[6.675071475350422,49.778613383183171],[6.675140880773965,49.778614776442112],[6.675210286202916,49.778616169659522],[6.675279691637273,49.778617562835379],[6.675418502522208,49.778620349062471],[6.675487907972788,49.7786217421137],[6.675557313428772,49.778623135123397],[6.675626718890164,49.778624528091534],[6.675696124356961,49.77862592101814],[6.675693973772497,49.778670855969366],[6.675763379308778,49.77867224885663],[6.675832784850464,49.778673641702362],[6.675902190397556,49.778675034506534],[6.675971595950054,49.778676427269168],[6.676110407071266,49.778679212669807],[6.676179812639979,49.778680605307827],[6.676249218214098,49.7786819979043],[6.676318623793621,49.778683390459214],[6.676388029378549,49.778684782972597],[6.676385879429455,49.77872971794541],[6.676455285083865,49.77873111041945],[6.676524690743679,49.778732502851952],[6.676663502079522,49.778735287592326],[6.676732907755548,49.778736679900192],[6.676871719123811,49.778739464391307],[6.676941124816048,49.778740856574551],[6.677010530513688,49.778742248716263],[6.67707993621673,49.778743640816423],[6.677149341925176,49.77874503287503],[6.677147192675535,49.778789967871624],[6.677216598453461,49.778791359890903],[6.677286004236791,49.778792751868629],[6.677494221619193,49.77879692755257],[6.67756362742413,49.778798319364135],[6.677565776289303,49.778753384354346],[6.677635182035566,49.77875477612217],[6.677637330831264,49.778709841109759],[6.677706736518848,49.778711232833835],[6.677776142211836,49.778712624516366],[6.677773993544295,49.778757559533183],[6.677912805074627,49.778760342778021],[6.677914953614012,49.77871540775682],[6.677984359323203,49.778716799314722],[6.677982210847895,49.778761734338126],[6.677980062367189,49.77880666936111],[6.678049468209936,49.778808060881872],[6.678047319787908,49.778852995906639],[6.678116725700134,49.778854387388058],[6.67818613161776,49.778855778827939],[6.678255537540787,49.778857170226267],[6.678324943469212,49.778858561583064],[6.678463755342267,49.778861344172014],[6.678533161286894,49.778862735404175],[6.678602567236919,49.77886412659479],[6.67860471514632,49.778819191552437],[6.678674121037667,49.778820582699318],[6.678743526934414,49.778821973804654],[6.67881293283656,49.778823364868444],[6.678882338744104,49.778824755890696],[6.678951744657046,49.77882614687141],[6.679090556499127,49.778828928708187],[6.679088409038274,49.778873863765938],[6.67915781503149,49.778875254624225],[6.679227221030105,49.77887664544096],[6.679225073692015,49.778921580502669],[6.679294479760106,49.77892297128006],[6.679363885833594,49.7789243620159],[6.679366033043528,49.778879426949793],[6.679435439058337,49.778880817641912],[6.679433291912481,49.778925752710215],[6.679502697996765,49.778927143362978],[6.679500550909594,49.778972078433057],[6.679569957063354,49.778973469046477],[6.679639363222512,49.778974859618351],[6.679641510181526,49.778929924543867],[6.679780322387873,49.778932705558589],[6.679849728499142,49.778934096003631],[6.679919134615808,49.778935486407143],[6.67998854073787,49.778936876769109],[6.679986394099251,49.778981811854571],[6.680055800290788,49.778983202177173],[6.680125206487721,49.778984592458251],[6.680194612690051,49.778985982697776],[6.680196759136432,49.778941047605727],[6.680266165280077,49.778942437801511],[6.680335571429119,49.778943827955757],[6.680404977583555,49.778945218068458],[6.680407123832307,49.778900282969389],[6.68047652992806,49.778901673038355],[6.680474383743388,49.77894660813962],[6.680543789908613,49.778947998169237],[6.680613196079236,49.778949388157301],[6.680682602255252,49.778950778103848],[6.680752008436663,49.778952168008821],[6.68075415436502,49.778907232898767],[6.680823560487746,49.778908622760021],[6.680821414623469,49.778953557872271],[6.680960227013263,49.778956337474533],[6.680962372749383,49.778911402357885],[6.681031778888292,49.778912792094495],[6.681101185032594,49.778914181789588],[6.681170591182291,49.778915571443115],[6.681168445638408,49.778960506566335],[6.681237851857576,49.778961896180533],[6.681307258082137,49.778963285753164],[6.681376664312094,49.778964675284264],[6.681446070547441,49.778966064773826],[6.681515476788182,49.778967454221842],[6.681584883034315,49.778968843628313],[6.681582737869519,49.779013778764281],[6.681652144185124,49.779015168131416],[6.681721550506121,49.779016557456984],[6.681790956832511,49.779017946741028],[6.68179310180507,49.778973011598453],[6.681862508072772,49.778974400838749],[6.681860363164293,49.779019335983513],[6.681929769501467,49.779020725184459],[6.681927624651678,49.779065660331007],[6.681997031058323,49.779067049492603],[6.681999175844034,49.779022114343867],[6.682068582191991,49.77902350346173],[6.68206643747036,49.779068438612669],[6.682135843887789,49.779069827691188],[6.682205250310608,49.779071216728155],[6.682274656738819,49.779072605723577],[6.68234406317242,49.779073994677468],[6.682482876055794,49.779076772460598],[6.682552282505568,49.77907816128986],[6.682621688960731,49.779079550077569],[6.682691095421285,49.779080938823732],[6.682760501887229,49.779082327528357],[6.682829908358562,49.779083716191437],[6.682899314835285,49.779085104812978],[6.682968721317397,49.779086493392967],[6.68297086520599,49.779041558213514],[6.683040271629411,49.779042946749748],[6.683042415448537,49.77899801156768],[6.68311182181327,49.778999400060201],[6.683113965562929,49.778954464875511],[6.683183371868969,49.778955853324298],[6.683185515549162,49.778910918136987],[6.683187659223968,49.77886598294927],[6.683189802893389,49.778821047761134],[6.683191946557422,49.778776112572565],[6.683194090216068,49.778731177383605],[6.683263496207101,49.778732565779869],[6.683265639796283,49.77868763058828],[6.683267783380078,49.778642695396279],[6.683269926958487,49.778597760203859],[6.68327207053151,49.778552825011012],[6.683274214099146,49.778507889817739],[6.683276357661396,49.778462954624082],[6.683345763273348,49.778464342965641],[6.683347906766134,49.778419407769348],[6.683417312319396,49.778420796067174],[6.683486717878047,49.77842218432346],[6.683556123442085,49.778423572538195],[6.683625529011512,49.778424960711391],[6.683694934586325,49.778426348843048],[6.683692791413929,49.778471284050305],[6.683831602707874,49.778474060193382],[6.683901008362929,49.778475448202606],[6.683898865377381,49.778520383416016],[6.683896722386447,49.778565318629013],[6.68389457939013,49.778610253841606],[6.683963985242805,49.778611641815857],[6.683961842305181,49.778656577030212],[6.684031248227321,49.77865796496512],[6.684100654154849,49.778659352858483],[6.684098511339998,49.778704288076824],[6.684167917336992,49.77870567593083],[6.684306729347137,49.778708451514241],[6.684376135360287,49.778709839243618],[6.684653759466752,49.778715389745742],[6.684723165506831,49.778716777267412],[6.684792571552296,49.778718164747538],[6.684861977603146,49.778719552186125],[6.68493138365938,49.77872093958316],[6.685000789721,49.77872232693867],[6.685070195788004,49.778723714252614],[6.685139601860392,49.778725101525026],[6.685209007938163,49.778726488755893],[6.685206866143194,49.778771424008895],[6.68527627229043,49.778772811200412],[6.685345678443049,49.778774198350391],[6.685415084601052,49.77877558545881],[6.685484490764439,49.778776972525698],[6.685623303107361,49.778779746534845],[6.685692709286898,49.778781133477111],[6.685762115471817,49.778782520377831],[6.685831521662119,49.778783907236992],[6.685900927857804,49.778785294054629],[6.68597033405887,49.778786680830713],[6.686039740265319,49.778788067565259],[6.68603759923392,49.778833002844131],[6.686107005509832,49.778834389539313],[6.686176411791124,49.778835776192963],[6.6862458180778,49.778837162805068],[6.686315224369856,49.778838549375628],[6.686384630667294,49.778839935904649],[6.686523443278313,49.778842708838056],[6.686592849591894,49.778844095242434],[6.686662255910856,49.778845481605288],[6.686731662235199,49.778846867926575],[6.686801068564923,49.778848254206338],[6.686870474900027,49.778849640444548],[6.687009287586374,49.778852412796354],[6.687078693937617,49.778853798909935],[6.687076553862036,49.778898734221251],[6.68714596028274,49.778900120295475],[6.687215366708823,49.778901506328168],[6.687217506656244,49.778856571012469],[6.687286913023626,49.778857957001421],[6.687284773140285,49.778902892319309],[6.687354179577127,49.778904278268911],[6.687423586019348,49.778905664176968],[6.687492992466948,49.778907050043479],[6.687562398919926,49.778908435868445],[6.687631805378284,49.778909821651872],[6.687701211842018,49.778911207393747],[6.687770618311132,49.778912593094091],[6.687840024785624,49.778913978752882],[6.687837885409547,49.778958914087866],[6.687907291953498,49.778960299707315],[6.687976698502826,49.778961685285218],[6.687978837750741,49.77891674994585],[6.688048244241367,49.778918135480012],[6.688046105057531,49.778963070821561],[6.688115511617614,49.778964456316373],[6.688184918183075,49.77896584176964],[6.688254324753912,49.778967227181376],[6.688323731330128,49.778968612551544],[6.688393137911719,49.778969997880175],[6.688462544498686,49.778971383167267],[6.688531951091032,49.778972768412814],[6.68867076429185,49.778975538779278],[6.688668625679367,49.779020474140111],[6.688876845713157,49.7790246293848],[6.688946252401837,49.779026014383263],[6.689015659095894,49.779027399340194],[6.689085065795326,49.779028784255573],[6.689154472500133,49.77903016912942],[6.689223879210315,49.779031553961715],[6.689221741105104,49.779076489339658],[6.689291147884741,49.779077874132604],[6.689360554669753,49.779079258884003],[6.68942996146014,49.779080643593858],[6.689499368255901,49.77908202826216],[6.689568775057038,49.77908341288893],[6.689638181863547,49.779084797474141],[6.68970758867543,49.779086182017835],[6.689776995492687,49.779087566519962],[6.689774857894753,49.779132501914987],[6.68991367167355,49.779135270798989],[6.689983078571009,49.779136655178689],[6.690121892382043,49.779139423813426],[6.690191299295621,49.77914080806849],[6.690330113138893,49.779143576453968],[6.690399520068586,49.779144960584397],[6.690397383042016,49.779189895998677],[6.690466790041164,49.779191280089748],[6.690536197045684,49.779192664139266],[6.690605604055575,49.779194048147254],[6.690607740889901,49.779149112726401],[6.690677147841083,49.779150496690654],[6.690746554797636,49.779151880613355],[6.690744418091473,49.779196816038571],[6.690883232148857,49.779199583763713],[6.690952639185605,49.779200967563973],[6.691022046227724,49.779202351322688],[6.691019909772519,49.779247286756245],[6.69108931688409,49.77924867047561],[6.6910871804876,49.779293605910922],[6.691156587668624,49.77929498959093],[6.691225994855019,49.779296373229371],[6.691223858581324,49.779341308668648],[6.691293265837172,49.779342692267747],[6.691362673098388,49.7793440758253],[6.691432080364976,49.7793454593413],[6.691501487636933,49.779346842815769],[6.69157089491426,49.779348226248679],[6.691640302196955,49.779349609640057],[6.69170970948502,49.779350992989876],[6.691707573654536,49.779395928444046],[6.691776981012053,49.779397311754515],[6.691846388374938,49.779398695023445],[6.691915795743192,49.779400078250823],[6.691985203116816,49.779401461436656],[6.692054610495807,49.779402844580957],[6.692056746005878,49.779357909115852],[6.692126153326156,49.779359292216412],[6.692124017880168,49.779404227683706],[6.692193425269895,49.779405610744902],[6.692262832664992,49.779406993764553],[6.692332240065455,49.77940837674268],[6.692401647471288,49.779409759679233],[6.692471054882486,49.779411142574261],[6.692540462299053,49.779412525427738],[6.692609869720986,49.779413908239682],[6.692612004718395,49.779368972757091],[6.692681412081614,49.779370355525295],[6.692889634203468,49.779374503580648],[6.692959041588153,49.779375886182656],[6.693167263774402,49.779380033739464],[6.693306078592063,49.779382798569621],[6.693375486008943,49.779384180922371],[6.693373351716446,49.779429116428986],[6.693442759202773,49.779430498742386],[6.693512166694465,49.779431881014233],[6.693581574191523,49.779433263244535],[6.693650981693944,49.779434645433305],[6.693720389201731,49.779436027580516],[6.693789796714883,49.779437409686189],[6.693785528882799,49.779527280724359],[6.693783394958714,49.779572216242819],[6.693781261029266,49.77961715176086],[6.693711853259781,49.779615769646448],[6.693709719260888,49.779660705161888],[6.693707585256633,49.779705640676923],[6.693638177364344,49.779704258516603],[6.693636043290642,49.77974919402903],[6.693705451247014,49.779750576191525],[6.693774859208752,49.779751958312474],[6.693772725257856,49.779796893828859],[6.693842133289043,49.779798275910466],[6.693911541325595,49.779799657950512],[6.693980949367509,49.779801039949014],[6.694050357414788,49.779802421905977],[6.694048223714868,49.779847357430661],[6.694117631831594,49.779848739348274],[6.694187039953686,49.779850121224328],[6.694184906376575,49.779895056752963],[6.694254314568114,49.779896438589653],[6.694323722765017,49.779897820384811],[6.694321589310714,49.779942755917396],[6.694390997577064,49.779944137673176],[6.694388864181485,49.779989073207531],[6.694458272517284,49.779990454923968],[6.694527680858446,49.779991836598839],[6.69459708920497,49.779993218232178],[6.694666497556859,49.779994599823958],[6.69466436441226,49.780039535366626],[6.694733772833594,49.780040916919056],[6.694803181260292,49.780042298429933],[6.694801048238505,49.780087233976559],[6.694870456734649,49.780088615448072],[6.694939865236158,49.78008999687804],[6.694937732337181,49.780134932428616],[6.695007140908137,49.78013631381922],[6.695076549484454,49.780137695168271],[6.695078682255257,49.780092759613339],[6.695148090772849,49.780094140918671],[6.695217499295802,49.780095522182464],[6.695219631933076,49.780050586622735],[6.695289040397304,49.780051967842802],[6.695286907824118,49.780096903404697],[6.695356316357794,49.780098284585385],[6.695425724896829,49.780099665724542],[6.695423592446455,49.780144601290388],[6.695493001054938,49.780145982390174],[6.695490868663291,49.780190917957782],[6.695560277341222,49.780192299018204],[6.695558145008303,49.780237234587574],[6.695556012670025,49.780282170156539],[6.69555388032639,49.780327105725078],[6.695551747977397,49.780372041293205],[6.695621156917033,49.780373422320821],[6.695690565862029,49.780374803306877],[6.695759974812386,49.780376184251381],[6.695757842650296,49.780421119825633],[6.695827251670099,49.780422500730786],[6.695825119566738,49.780467436306793],[6.695822987458019,49.780512371882395],[6.695892396611357,49.780513752750366],[6.695890264561368,49.780558688327723],[6.695959673784152,49.78056006915633],[6.695961805770055,49.780515133576785],[6.696031214934112,49.780516514361658],[6.69610062410353,49.780517895104985],[6.696239442458442,49.78052065646699],[6.696308851643936,49.780522037085674],[6.696306719978471,49.780566972676134],[6.696376129233413,49.780568353255454],[6.696445538493712,49.780569733793229],[6.696514947759369,49.780571114289451],[6.696512816280812,49.780616049886028],[6.696582225615916,49.780617430342886],[6.696580094196091,49.780662365941239],[6.69664950360064,49.780663746358741],[6.696647372239547,49.780708681958849],[6.696716781713543,49.780710062336986],[6.696714650411183,49.780754997938864],[6.696784059954626,49.780756378277623],[6.696781928710998,49.780801313881263],[6.696851338323887,49.780802694180657],[6.696849207138992,49.780847629786066],[6.696847075948742,49.780892565391049],[6.696916485695167,49.780893945653261],[6.696914354563649,49.78093888126002],[6.69698376437952,49.780940261482861],[6.696981633306738,49.780985197091368],[6.6969795022286,49.781030132699478],[6.696910092284551,49.78102875247226],[6.696907961136968,49.781073688077761],[6.696838551134187,49.781072307806824],[6.696836419917159,49.781117243409717],[6.696834288694777,49.781162179012199],[6.696764878569175,49.781160798695339],[6.696762747277345,49.781205734295241],[6.696760615980161,49.781250669894689],[6.696756353369725,49.781340541092376],[6.696754222056475,49.781385476690581],[6.696752090737867,49.78143041228838],[6.696821501248013,49.781431792618314],[6.69681936998814,49.781476728217875],[6.696888780567735,49.781478108508445],[6.696886649366598,49.781523044109768],[6.696956060015641,49.781524424360967],[6.697025470670042,49.78152580457062],[6.697023339591732,49.781570740175887],[6.697092750315582,49.781572120346183],[6.697162161044789,49.78157350047492],[6.697160030089307,49.781618436084138],[6.697229440887963,49.781619816173503],[6.697227309991218,49.781664751784469],[6.697296720859322,49.781666131834477],[6.697366131732783,49.781667511842933],[6.697364000958867,49.781712447457849],[6.697433411901776,49.781713827426934],[6.697431281186598,49.781758763043626],[6.697500692198956,49.781760142973347],[6.697570103216671,49.781761522861515],[6.697567972624322,49.781806458482144],[6.697637383711484,49.781807838330948],[6.697635253177876,49.781852773953347],[6.697704664334486,49.781854153762772],[6.697774075496453,49.781855533530667],[6.697771945085676,49.781900469156994],[6.697841356317091,49.781901848885511],[6.697910767553862,49.781903228572475],[6.697908637265916,49.781948164202753],[6.697906506972616,49.781993099832604],[6.69797591834293,49.781994479482393],[6.698045329718597,49.781995859090621],[6.698114741099621,49.781997238657304],[6.698184152485999,49.781998618182442],[6.698186282522926,49.781953682543865],[6.698255693850565,49.781955062025261],[6.698394516521907,49.781957820863433],[6.69839238667726,49.78200275650854],[6.698390256827261,49.782047692153249],[6.69845966829915,49.782049071514372],[6.698457538507891,49.782094007160836],[6.698388126971908,49.782092627797532],[6.698385997111204,49.782137563441403],[6.698455408711281,49.782138942806881],[6.698524820316712,49.782140322130815],[6.698522690578844,49.782185257778615],[6.698520560835623,49.782230193426003],[6.69851843108705,49.782275129072971],[6.698516301333126,49.782320064719535],[6.698585713200287,49.782321444010627],[6.698583583505106,49.78236637965896],[6.698652995441715,49.782367758910681],[6.698650865805275,49.782412694560769],[6.698720277811334,49.782414073773126],[6.698718148233638,49.782459009424954],[6.698648736163485,49.782457630210416],[6.698646606516341,49.782502565859673],[6.698644476863848,49.782547501508496],[6.698713889062192,49.782548880727404],[6.698711759468441,49.782593816377982],[6.698709629869339,49.782638752028163],[6.698779042201227,49.78264013120986],[6.698848454538468,49.782641510350025],[6.698846325062204,49.782686446004135],[6.698844195580591,49.782731381657825],[6.698913608051377,49.782732760760801],[6.698911478628508,49.782777696416254],[6.698909349200288,49.782822632071294],[6.69883993660131,49.782821252963977],[6.698701111419414,49.782818494624678],[6.698631698836496,49.78281711539271],[6.698629569146539,49.782862051038613],[6.69856015650488,49.782860671762904],[6.698558026745475,49.782905607406221],[6.698488614045074,49.782904228086785],[6.698419201350025,49.782902848725797],[6.698417071457075,49.782947784364339],[6.698347658703285,49.782946404959624],[6.69827824595485,49.782945025513357],[6.698276115928355,49.782989961147116],[6.698137290319356,49.782987202125582],[6.698139420474045,49.782942266496192],[6.698070007741675,49.782940886925275],[6.698000595014659,49.782939507312804],[6.697931182293001,49.782938127658788],[6.697861769576698,49.782936747963213],[6.697859639165622,49.782981683583884],[6.697790226390579,49.782980303844596],[6.697788095910052,49.783025239462667],[6.697718683076267,49.783023859679645],[6.69771655252629,49.783068795295122],[6.697647139633764,49.783067415468366],[6.697645009014337,49.78311235108125],[6.697575596063071,49.78311097121076],[6.697577726746595,49.783066035600058],[6.697579857424766,49.783021099988943],[6.697649270247839,49.783022479855063],[6.697651400856557,49.782977544241341],[6.697653531459923,49.782932608627213],[6.697722944160159,49.782933988447439],[6.697725074694073,49.782889052830697],[6.697727205222634,49.78284411721355],[6.697657792650592,49.782842737397687],[6.697659923237894,49.782797801782309],[6.697662053819843,49.782752866166504],[6.697731466263694,49.782754245977998],[6.697733596776192,49.7827093103596],[6.697803009161304,49.782710690127367],[6.697805139604354,49.782665754506361],[6.69780727004205,49.782620818884944],[6.697876682304326,49.782622198606802],[6.697878812672573,49.782577262982777],[6.697880943035465,49.782532327358354],[6.697883073393005,49.782487391733511],[6.697885203745192,49.782442456108242],[6.697815791739296,49.782441076395102],[6.697746379738756,49.782439696640424],[6.697748510213777,49.782394761019106],[6.697679098282688,49.782393381225056],[6.69768122881645,49.782348445605493],[6.697611816954812,49.782347065772072],[6.697542405098527,49.782345685897091],[6.697544535755125,49.782300750281472],[6.697475123968293,49.782299370367134],[6.697405712186819,49.782297990411251],[6.697336300410699,49.782296610413816],[6.697338431254225,49.782251674804321],[6.697269019547556,49.782250294767508],[6.69727115044982,49.782205359159782],[6.697201738812603,49.782203979083612],[6.697203869773606,49.782159043477648],[6.697134458205839,49.782157663362113],[6.697136589225581,49.782112727757905],[6.697067177727265,49.782111347602992],[6.696997766234305,49.782109967406527],[6.696999897376879,49.782065031806269],[6.697002028514097,49.782020096205606],[6.696932617154684,49.782018715971958],[6.696863205800627,49.782017335696757],[6.696793794451927,49.782015955380011],[6.69679166312243,49.782060890974144],[6.696722251714997,49.782059510613657],[6.69672012031605,49.78210444620521],[6.696650708849881,49.782103065800996],[6.696648577381485,49.782148001389935],[6.696646445907734,49.78219293697844],[6.696577034318737,49.782191556528325],[6.696574902775534,49.782236492114244],[6.696505491127802,49.782235111620402],[6.69650335951515,49.782280047203706],[6.696501227897141,49.782324982786626],[6.696431816126579,49.782323602246869],[6.69642968443912,49.782368537827168],[6.696427552746304,49.78241347340704],[6.696358140852912,49.782412092821374],[6.696360272609824,49.782367157243669],[6.696362404361377,49.782322221665545],[6.696292992601534,49.782320841042697],[6.696295124411825,49.782275905466335],[6.696225712721435,49.782274524804109],[6.696156301036403,49.78227314410033],[6.696158432969525,49.782228208527926],[6.696089021353948,49.782226827784783],[6.69601960974373,49.782225447000094],[6.69602174179968,49.782180511431633],[6.695952330258916,49.782179130607567],[6.695882918723512,49.782177749741962],[6.695813507193468,49.782176368834797],[6.695744095668784,49.782174987886094],[6.695741963356459,49.782219923445837],[6.695739831038777,49.782264859005146],[6.695670419391267,49.782263478010528],[6.695668287004131,49.782308413567243],[6.695666154611637,49.782353349123554],[6.6955967428413,49.78235196808302],[6.695594610379354,49.782396903636716],[6.695525198550284,49.782395522552449],[6.695523066018884,49.782440458103544],[6.695453654131081,49.78243907697555],[6.695451521530228,49.782484012524051],[6.695449388924017,49.782528948072127],[6.695379976913386,49.782527566898217],[6.695310564908116,49.782526185682748],[6.695308432168356,49.782571121226049],[6.695239020104353,49.78256973996686],[6.695169608045712,49.782568358666126],[6.695167475172403,49.782613294204637],[6.695165342293735,49.782658229742729],[6.695095930112266,49.782656848396073],[6.69502651793616,49.782655467007864],[6.695024384923941,49.782700402541181],[6.695022251906361,49.782745338074079],[6.695091664210657,49.782746719466644],[6.695087398287608,49.78283659053556],[6.695017985855122,49.782835209138618],[6.695015852821462,49.782880144670258],[6.695013719782441,49.782925080201494],[6.695011586738061,49.782970015732296],[6.69500945368832,49.783014951262686],[6.69500732063322,49.783059886792657],[6.694937907885614,49.783058505343249],[6.694935774761056,49.783103440870626],[6.694933641631138,49.783148376397591],[6.695003054506937,49.783149757851362],[6.695000921435755,49.783194693380075],[6.69507033438101,49.783196074794482],[6.695068201368565,49.783241010324971],[6.695137614383284,49.783242391700007],[6.695135481429575,49.783287327232259],[6.695204894513751,49.78328870856793],[6.695202761618779,49.783333644101944],[6.695200628718448,49.783378579635546],[6.695270041936181,49.783379960934028],[6.695339455159276,49.783381342190957],[6.695337322381779,49.783426277728509],[6.695406735674336,49.783427658946067],[6.695404602955577,49.783472594485389],[6.695474016317592,49.783473975663583],[6.695471883657572,49.783518911204666],[6.695469750992195,49.783563846745317],[6.695539164487768,49.783565227886328],[6.695537031881127,49.783610163428754],[6.695534899269129,49.783655098970769],[6.695604312898259,49.78365648007459],[6.695602180344999,49.78370141561836],[6.695671594043589,49.783702796682817],[6.695741007747542,49.783704177705722],[6.695879835171527,49.783706939626882],[6.695949248891562,49.783708320525129],[6.695947116653438,49.7837532560794],[6.696016530442932,49.783754636938284],[6.696014398263549,49.783799572494317],[6.696083812122501,49.783800953313829],[6.696081680001861,49.783845888871625],[6.696151093930274,49.783847269651766],[6.696148961868373,49.783892205211323],[6.696218375866245,49.7838935859521],[6.696216243863087,49.783938521513427],[6.696285657930418,49.783939902214833],[6.69635507200311,49.783941282874693],[6.696352940122794,49.783986218439949],[6.69635080823712,49.784031154004801],[6.69642022244337,49.784032534627471],[6.696418090616439,49.784077470194084],[6.696487504892151,49.784078850777384],[6.696485373123963,49.784123786345766],[6.696554787469132,49.784125166889702],[6.696552655759688,49.784170102459832],[6.696622070174319,49.784171482964389],[6.696619938523618,49.78421641853631],[6.696689353007708,49.784217799001482],[6.696758767497156,49.784219179425122],[6.696756635969301,49.784264115000973],[6.696754504436089,49.784309050576411],[6.696823919059099,49.78431043096284],[6.696893333687466,49.784311811307738],[6.696891202277099,49.78435674688712],[6.696889070861378,49.78440168246609],[6.696958485623308,49.784403062773784],[6.69695635426633,49.784447998354523],[6.697025769097721,49.784449378622845],[6.697023637799489,49.78449431420534],[6.697093052700338,49.784495694434305],[6.697162467606547,49.784497074621704],[6.697160336431163,49.784542010208149],[6.697158205250423,49.784586945794167],[6.697227620290193,49.78458832594437],[6.69729703533532,49.78458970605304],[6.69729490427743,49.784634641643017],[6.697364319392018,49.784636021712295],[6.697362188392875,49.784680957304026],[6.697431603576923,49.78468233733394],[6.697501018766327,49.784683717322295],[6.697498887890033,49.784728652917977],[6.697496757008386,49.784773588513239],[6.697566172331354,49.784774968464411],[6.697635587659677,49.784776348374038],[6.697633456900881,49.78482128397323],[6.69763132613673,49.784866219572017],[6.697700741598617,49.784867599444446],[6.697698610893216,49.784912535044988],[6.697768026424563,49.784913914878047],[6.697837441961268,49.784915294669553],[6.697835311378718,49.784960230274038],[6.697833180790813,49.785005165878111],[6.697902596461081,49.785006545632427],[6.697900465931927,49.785051481238249],[6.697898335397419,49.785096416843665],[6.697967751201253,49.785097796560791],[6.697965620725494,49.785142732167962],[6.698035036598788,49.78514411184571],[6.69803290618178,49.785189047454651],[6.698102322124534,49.785190427093021],[6.698171738072643,49.785191806689831],[6.698169607778491,49.785236742302736],[6.698167477478984,49.785281677915201],[6.69823689356066,49.785283057474821],[6.698234763319905,49.785327993089055],[6.698304179471041,49.785329372609304],[6.698373595627533,49.785330752088001],[6.698371465509635,49.785375687706178],[6.698369335386383,49.78542062332393],[6.698438751676442,49.785422002765429],[6.698436621611942,49.785466938384943],[6.698506037971462,49.785468317787078],[6.698503907965715,49.785513253408368],[6.698573324394694,49.785514632771125],[6.698571194447701,49.78555956839417],[6.69864061094614,49.785560947717542],[6.698638481057902,49.785605883342349],[6.69863635116431,49.785650818966737],[6.698705767796317,49.785652198252926],[6.698703637961478,49.785697133879076],[6.698701508121288,49.785742069504806],[6.698770924886862,49.785743448753799],[6.698766665318636,49.785833320008386],[6.698764535526495,49.785878255635041],[6.698833952489745,49.785879634849017],[6.698831822756359,49.785924570477434],[6.698829693017621,49.785969506105445],[6.69889911011444,49.785970885282225],[6.698896980434457,49.786015820911985],[6.698894850749122,49.786060756541339],[6.698964267979511,49.786062135680922],[6.698962138352932,49.786107071312031],[6.698960008721,49.786152006942729],[6.698957879083716,49.786196942573014],[6.699027296511784,49.786198321677581],[6.699025166933256,49.786243257309614],[6.699094584430789,49.786244636374796],[6.699092454911018,49.786289572008599],[6.699090325385895,49.786334507641989],[6.699088195855422,49.78637944327496],[6.699086066319596,49.786424378907512],[6.699155484078915,49.78642575793986],[6.699153354601847,49.786470693574167],[6.699151225119429,49.786515629208061],[6.699149095631658,49.786560564841551],[6.699146966138533,49.786605500474607],[6.699216384159645,49.786606879474128],[6.69921425472528,49.786651815108947],[6.699283672815856,49.786653194069082],[6.699353090911785,49.786654572987658],[6.69935522021793,49.786609637348484],[6.699424638255102,49.786611016223326],[6.699494056297628,49.786612395056615],[6.699491927119703,49.786657330700152],[6.699489797936427,49.786702266343283],[6.699559216112526,49.786703645139369],[6.699557086988009,49.786748580784256],[6.699554957858143,49.786793516428716],[6.699552828722925,49.786838452072764],[6.699483410354494,49.786837073270135],[6.699413991991417,49.786835694425953],[6.699411862722627,49.786880630065212],[6.699342444300792,49.786879251177304],[6.699340314962541,49.78692418681397],[6.699338185618936,49.786969122450238],[6.699336056269981,49.787014058086079],[6.699333926915675,49.787058993721502],[6.699331797556017,49.787103929356512],[6.699401216298408,49.787105308255327],[6.69939269906271,49.787285050799902],[6.699390569740408,49.787329986434997],[6.699321150677456,49.787328607525282],[6.699316891888571,49.787418478789867],[6.699386311079749,49.787419857703952],[6.69945573027628,49.787421236576456],[6.699453601002035,49.787466172212483],[6.699523020268032,49.787467551045616],[6.699520891052551,49.787512486683404],[6.699590310388014,49.787513865477166],[6.699588181231293,49.787558801116724],[6.699657600636224,49.787560179871093],[6.699727020046506,49.78756155858391],[6.699724891012663,49.787606494227397],[6.699794310492411,49.787607872900843],[6.699863729977513,49.787609251532722],[6.699861601066545,49.787654187180159],[6.699931020621112,49.787655565772667],[6.69992889176891,49.78770050142186],[6.699998311392944,49.787701879974989],[6.70006773102233,49.787703258486552],[6.700065602293005,49.787748194139681],[6.700135021991858,49.787749572611865],[6.700132893321295,49.787794508266771],[6.700202313089615,49.787795886699584],[6.700200184477818,49.78784082235623],[6.700269604315601,49.787842200749672],[6.70026747576257,49.787887136408081],[6.70033689566982,49.787888514762138],[6.700406315582423,49.787889893074627],[6.700404187152271,49.787934828736987],[6.700402058716771,49.787979764398912],[6.700471478762953,49.787981142674205],[6.700469350386219,49.7880260783379],[6.700538770501868,49.788027456573822],[6.700536642183899,49.788072392239279],[6.700534513860582,49.788117327904324],[6.700603934109814,49.788118706103027],[6.700601805845262,49.788163641769835],[6.700671226163961,49.788165019929167],[6.700669097958178,49.788209955597729],[6.700666969747044,49.788254891265879],[6.700736390199325,49.788256269388],[6.700734262046961,49.788301205057913],[6.700803682568708,49.788302583140656],[6.70080155447511,49.788347518812316],[6.700799426376165,49.788392454483571],[6.700797298271872,49.788437390154407],[6.700866718991318,49.788438768202127],[6.700864590945794,49.788483703874725],[6.700934011734708,49.788485081883074],[6.700931883747952,49.788530017557413],[6.700929755755848,49.788574953231354],[6.700927627758396,49.788619888904869],[6.700997048745012,49.788621266878188],[6.700994920806329,49.788666202553465],[6.700992792862297,49.788711138228322],[6.700990664912919,49.788756073902768],[6.701060086097238,49.788757451841064],[6.70105795820663,49.788802387517265],[6.701055830310672,49.788847323193053],[6.701053702409367,49.78889225886843],[6.701123123791391,49.788893636771682],[6.701120995948858,49.788938572448814],[6.701118868100975,49.788983508125533],[6.701116740247746,49.789028443801818],[6.701114612389168,49.789073379477706],[6.701184034033017,49.789074757348118],[6.70118190623321,49.789119693025754],[6.701179778428057,49.789164628702963],[6.701177650617556,49.789209564379775],[6.701247072459112,49.789210942215171],[6.701244944707383,49.78925587789373],[6.701242816950305,49.789300813571877],[6.701240689187881,49.789345749249605],[6.701238561420109,49.789390684926921],[6.701307983523495,49.789392062729462],[6.701305855814494,49.789436998408526],[6.701303728100148,49.789481934087192],[6.701299472655411,49.789571805443245],[6.701368895020629,49.789573183212937],[6.70136676735436,49.789618118892513],[6.701364639682744,49.789663054571683],[6.70136251200578,49.789707990250427],[6.70136038432347,49.789752925928759],[6.701358256635812,49.789797861606665],[6.701427679326986,49.789799239345683],[6.701425551698102,49.789844175025358],[6.70142342406387,49.789889110704614],[6.701421296424291,49.789934046383451],[6.701419168779366,49.789978982061868],[6.701417041129093,49.790023917739873],[6.701414913473473,49.790068853417466],[6.701410658146189,49.790158724771373],[6.701480081355691,49.790160102486261],[6.701477953748152,49.790205038164764],[6.701475826135266,49.790249973842855],[6.701473698517031,49.79029490952054],[6.701467315630244,49.790429716551067],[6.701463060345649,49.790519587902665],[6.701460932695331,49.790564523577849],[6.701456677378652,49.790654394926939],[6.701526101298867,49.790655772624191],[6.70152397369663,49.790700708300299],[6.701521846089047,49.790745643975988],[6.701519718476118,49.790790579651237],[6.701517590857838,49.790835515326094],[6.701515463234214,49.790880451000525],[6.701513335605242,49.790925386674537],[6.701511207970921,49.790970322348137],[6.701509080331253,49.791015258021318],[6.701506952686239,49.791060193694072],[6.701504825035876,49.791105129366422],[6.701502697380166,49.791150065038352],[6.701433272754568,49.79114868731714],[6.701431145029384,49.791193622986476],[6.70150056971911,49.791195000709862],[6.701498442052704,49.791239936380968],[6.701496314380952,49.791284872051634],[6.701494186703852,49.791329807721894],[6.701492059021405,49.791374743391735],[6.701422634075171,49.791373365659645],[6.70142050632325,49.791418301326885],[6.701418378565978,49.791463236993721],[6.701416250803361,49.79150817266013],[6.701409867483419,49.791642979656856],[6.701407739699411,49.79168791532161],[6.701405611910054,49.79173285098593],[6.701336186456145,49.791731473194858],[6.70133193073313,49.791821344517906],[6.701329802863601,49.791866280178816],[6.701327674988722,49.791911215839285],[6.701325547108496,49.791956151499349],[6.701323419222921,49.792001087158994],[6.701321291331999,49.792046022818226],[6.70131703553411,49.792135894135427],[6.701314907627143,49.792180829793402],[6.701312779714828,49.792225765450958],[6.701310651797164,49.792270701108102],[6.701308523874153,49.792315636764826],[6.701304268012083,49.792405508077032],[6.701302140073028,49.792450443732513],[6.701232713598393,49.792449065865029],[6.701230585589856,49.792494001517909],[6.701300012128622,49.792495379387567],[6.70129788417887,49.79254031504221],[6.701228457575971,49.79253893717037],[6.701224201532157,49.792628808474035],[6.701222073502226,49.792673744125253],[6.701219945466947,49.792718679776044],[6.70121781742632,49.792763615426416],[6.701211433272347,49.792898422375046],[6.701207177142954,49.792988293672032],[6.701205049070235,49.793033229319917],[6.701135621767231,49.793031851382565],[6.70113349362503,49.793076787027836],[6.70113136547748,49.793121722672694],[6.70112923732458,49.793166658317141],[6.701124981002735,49.793256529604768],[6.701122852833789,49.793301465247957],[6.701053425151333,49.793300087255986],[6.701051296912905,49.793345022896574],[6.701049168669126,49.793389958536757],[6.701047040419999,49.793434894176514],[6.700977612550491,49.793433516136439],[6.700975484231879,49.793478451773595],[6.700973355907919,49.793523387410353],[6.700971227578608,49.793568323046685],[6.700969099243949,49.793613258682598],[6.70096697090394,49.793658194318091],[6.700897542719108,49.793656816225564],[6.700895414309614,49.793701751858457],[6.700893285894772,49.79374668749093],[6.70082385758702,49.793745309352481],[6.700821729102691,49.793790244982368],[6.700819600613011,49.79383518061185],[6.700817472117983,49.793880116240892],[6.700748043623175,49.793878738054332],[6.700745915058659,49.793923673680794],[6.700743786488794,49.793968609306837],[6.700741657913579,49.794013544932461],[6.700672229231714,49.794012166697804],[6.700670100587013,49.794057102320842],[6.70066797193696,49.794102037943453],[6.700598543132175,49.794100659662867],[6.700596414412635,49.794145595282878],[6.700594285687745,49.794190530902476],[6.700592156957506,49.794235466521656],[6.700522727965661,49.794234088192965],[6.700520599165933,49.794279023809558],[6.700518470360853,49.794323959425725],[6.700516341550424,49.794368895041487],[6.700446912371517,49.794367516664693],[6.7004447834916,49.794412452277854],[6.70044265460633,49.794457387890596],[6.70044052571571,49.794502323502918],[6.700371096349744,49.794500945078013],[6.700368967389633,49.79454588068775],[6.700366838424173,49.794590816297053],[6.700364709453361,49.79463575190595],[6.700295279900331,49.794634373432963],[6.70029315086003,49.79467930903926],[6.700291021814377,49.794724244645131],[6.700288892763373,49.79476918025059],[6.70021946302328,49.794767801729492],[6.700217333902785,49.794812737332364],[6.700215204776939,49.794857672934818],[6.700145774913918,49.79485629436779],[6.700143645718581,49.794901229967635],[6.700141516517892,49.794946165567076],[6.70013938731185,49.794991101166097],[6.700069957261766,49.794989722550973],[6.700067827986233,49.795034658147387],[6.700065698705347,49.795079593743395],[6.70006356941911,49.795124529338985],[6.699994139181959,49.795123150675757],[6.69999200982623,49.795168086268738],[6.699989880465147,49.795213021861315],[6.699987751098714,49.795257957453472],[6.699918320674494,49.795256578742134],[6.699916191238567,49.79530151433169],[6.699914061797288,49.795346449920842],[6.69984463125014,49.795345071163581],[6.699842501739367,49.795390006750111],[6.699840372223242,49.79543494233625],[6.699838242701763,49.79547987792197],[6.699768811967545,49.795478499116605],[6.699766682376573,49.795523434699717],[6.699764552780247,49.795568370282417],[6.699762423178568,49.795613305864691],[6.699692992257281,49.795611927011215],[6.699690862586106,49.795656862590896],[6.69968873290958,49.795701798170164],[6.699686603227701,49.79574673374902],[6.699617172119338,49.79574535484744],[6.699615042367964,49.795790290423696],[6.699612912611236,49.795835225999532],[6.699610782849154,49.795880161574949],[6.699541351553719,49.795878782625259],[6.699539221722142,49.795923718198068],[6.69953709188521,49.795968653770487],[6.699534962042926,49.796013589342465],[6.699465530560415,49.796012210344678],[6.699463400648633,49.79605714591407],[6.699461270731499,49.796102081483049],[6.699391839126056,49.796100702439318],[6.699389709139423,49.796145638005704],[6.699387579147437,49.79619057357165],[6.699385449150096,49.79623550913719],[6.699383319147402,49.796280444702326],[6.699313887290739,49.796279065608303],[6.699309627140997,49.796368936732954],[6.699240195161402,49.796367557593008],[6.699238065014357,49.796412493152523],[6.699235934861956,49.796457428711619],[6.699233804704201,49.796502364270296],[6.699164372537526,49.796500985082247],[6.699162242310271,49.79654592063833],[6.699160112077663,49.796590856194001],[6.6991579818397,49.796635791749246],[6.699088549485944,49.796634412513079],[6.699086419178481,49.796679348065737],[6.699084288865663,49.796724283617969],[6.69901485638897,49.796722904335873],[6.699012726006653,49.796767839885518],[6.699010595618978,49.796812775434731],[6.69900846522595,49.796857710983531],[6.699006334827566,49.796902646531919],[6.698936902099647,49.796901267199544],[6.698934771631762,49.796946202745325],[6.698932641158522,49.796991138290686],[6.698930510679926,49.797036073835649],[6.698861077764923,49.797034694455157],[6.698858947216825,49.797079629997498],[6.698856816663371,49.797124565539441],[6.698854686104562,49.797169501080973],[6.698785253002474,49.797168121652362],[6.698783122374163,49.797213057191279],[6.698780991740495,49.797257992729797],[6.698778861101473,49.797302928267882],[6.698776730457095,49.797347863805541],[6.698707297103772,49.797346484326646],[6.69870516638989,49.797391419861732],[6.698703035670652,49.797436355396385],[6.698700904946059,49.797481290930627],[6.69869877421611,49.797526226464441],[6.69862934061155,49.797524846935261],[6.698627209812096,49.797569782466489],[6.698625079007287,49.797614717997277],[6.69862294819712,49.797659653527681],[6.698620817381599,49.797704589057645],[6.698618686560721,49.797749524587203],[6.698616555734486,49.797794460116336],[6.698547121750389,49.797793080532493],[6.698544990854649,49.797838016059032],[6.698542859953553,49.797882951585144],[6.6985407290471,49.797927887110859],[6.698538598135292,49.797972822636154],[6.698536467218126,49.798017758161009],[6.698534336295606,49.798062693685466],[6.698532205367728,49.798107629209504],[6.698462770939934,49.798106249568832],[6.698464901931963,49.798061314046976],[6.69839546757368,49.798059934366904],[6.6983933365175,49.798104869886579],[6.698323902100424,49.798103490162752],[6.698254467688709,49.798102110397366],[6.698256598873189,49.798057174882054],[6.698258730052314,49.798012239366322],[6.698189295774258,49.798010859563711],[6.698191427012176,49.797965924049741],[6.698193558244737,49.79792098853536],[6.69819568947194,49.797876053020566],[6.698126255391696,49.797874673182925],[6.698128386677692,49.7978297376699],[6.698130517958332,49.797784802156443],[6.698061084011745,49.79778342228159],[6.698063215351178,49.797738486769894],[6.698065346685253,49.797693551257787],[6.698067478013971,49.797648615745253],[6.697998044265192,49.797647235835377],[6.698000175652702,49.79760230032462],[6.698002307034852,49.797557364813443],[6.697932873419734,49.797555984866356],[6.697935004860677,49.797511049356935],[6.697937136296263,49.797466113847094],[6.697939267726491,49.797421178336855],[6.697869834309177,49.797419798354738],[6.697871965798196,49.79737486284624],[6.697874097281858,49.797329927337337],[6.6978046639982,49.79732854731801],[6.697806795540652,49.797283611810869],[6.697808927077745,49.797238676303309],[6.697811058609482,49.797193740795336],[6.697813190135861,49.797148805286945],[6.697743757114154,49.797147425234769],[6.697745888699322,49.797102489728132],[6.697748020279133,49.797057554221077],[6.697750151853585,49.797012618713616],[6.697752283422679,49.796967683205736],[6.697756546544795,49.796877812188718],[6.697758678097817,49.796832876679574],[6.697760809645481,49.796787941170031],[6.697762941187786,49.796743005660055],[6.697765072724734,49.796698070149667],[6.697767204256325,49.796653134638866],[6.697769335782557,49.796608199127647],[6.697838768034506,49.796609579153639],[6.697840899491236,49.796564643639819],[6.697843030942608,49.796519708125572],[6.697845162388623,49.796474772610914],[6.697849425264579,49.796384901580353],[6.697851556694522,49.796339966064444],[6.697853688119107,49.796295030548123],[6.697855819538335,49.796250095031375],[6.697857950952204,49.796205159514216],[6.697927382632209,49.796206539479009],[6.697929513976579,49.796161603959256],[6.69793164531559,49.796116668439076],[6.697933776649244,49.796071732918485],[6.697935907977542,49.796026797397467],[6.697938039300482,49.795981861876037],[6.697940170618065,49.795936926354187],[6.697942301930291,49.795891990831933],[6.697944433237159,49.795847055309245],[6.698013864409377,49.795848435215035],[6.698015995646746,49.795803499689761],[6.698018126878758,49.795758564164053],[6.698020258105412,49.795713628637948],[6.698022389326711,49.795668693111416],[6.698024520542654,49.795623757584458],[6.698026651753238,49.795578822057095],[6.698028782958466,49.795533886529313],[6.698030914158338,49.795488951001111],[6.698100344822776,49.795490330847876],[6.698102475953149,49.795445395317081],[6.698104607078166,49.795400459785853],[6.698106738197827,49.795355524254227],[6.698108869312129,49.795310588722174],[6.698111000421076,49.795265653189702],[6.698113131524665,49.795220717656825],[6.698115262622899,49.795175782123522],[6.698117393715777,49.795130846589799],[6.698186823872447,49.79513222637754],[6.698188954895827,49.795087290841231],[6.698191085913852,49.795042355304481],[6.69819321692652,49.794997419767334],[6.698195347933832,49.794952484229761],[6.698197478935787,49.794907548691775],[6.698199609932387,49.794862613153377],[6.69820174092363,49.794817677614539],[6.698203871909517,49.794772742075303],[6.698208133865222,49.794682870995572],[6.698277563385856,49.794684250719953],[6.698279694291537,49.794639315177285],[6.698281825191861,49.794594379634191],[6.698283956086829,49.794549444090677],[6.698286086976442,49.794504508546751],[6.698288217860697,49.794459573002406],[6.698357647065999,49.794460952674321],[6.698359777880761,49.794416017127382],[6.698364039494219,49.79432614603224],[6.698366170292914,49.794281210484051],[6.698368301086255,49.794236274935436],[6.698370431874238,49.794191339386423],[6.698372562656868,49.794146403836969],[6.698374693434141,49.794101468287103],[6.698376824206058,49.794056532736825],[6.698446252839482,49.794057912347547],[6.698448383541908,49.794012976794676],[6.698452644930692,49.793923105687654],[6.698454775617052,49.793878170133524],[6.698459036973706,49.793788299024023],[6.698461167643999,49.793743363468636],[6.698463298308938,49.79369842791283],[6.698532726434633,49.793699807464542],[6.69853485703008,49.793654871906149],[6.698539118204911,49.793565000788099],[6.698543379358321,49.793475129668387],[6.698545509926995,49.793430194107891],[6.698549771048275,49.793340322985685],[6.69861919866625,49.793341702478386],[6.698621329154724,49.79329676691448],[6.698623459637843,49.79325183135014],[6.698625590115608,49.793206895785389],[6.698627720588018,49.79316196022021],[6.698629851055072,49.793117024654634],[6.698631981516773,49.793072089088625],[6.698634111973118,49.793027153522196],[6.698636242424108,49.79298221795537],[6.698705669534376,49.792983597389075],[6.69870779991588,49.792938661819633],[6.698709930292028,49.79289372624978],[6.698712060662824,49.792848790679507],[6.698642633744954,49.792847411252339],[6.698644764174526,49.792802475683835],[6.698646894598745,49.792757540114913],[6.698577467814496,49.792756160650555],[6.698579598297491,49.79271122508338],[6.698581728775131,49.792666289515815],[6.698512302124503,49.792664910014238],[6.69851443266092,49.792619974448414],[6.698445006079781,49.792618594907466],[6.698447136674975,49.792573659343404],[6.698449267264813,49.792528723778936],[6.698379840817293,49.792527344200771],[6.698381971465906,49.792482408638072],[6.698384102109166,49.792437473074948],[6.698314675795266,49.792436093459571],[6.6983168064973,49.792391157898216],[6.698247380252887,49.792389778243461],[6.698249511013697,49.792344842683875],[6.698251641769152,49.792299907123848],[6.698182215658356,49.792298527431903],[6.698184346472586,49.792253591873639],[6.698186477281459,49.792208656314969],[6.698117051304282,49.79220727658582],[6.698119182171929,49.792162341028906],[6.698049756264241,49.792160961260372],[6.698051887190663,49.792116025705219],[6.698054018111728,49.792071090149662],[6.697984592337654,49.792069710343931],[6.697986723317494,49.792024774790129],[6.697988854291977,49.7919798392359],[6.697919428651522,49.791978459392958],[6.697921559684777,49.791933523840513],[6.697852134113807,49.791932143958199],[6.697854265205836,49.791887208407502],[6.697784839704354,49.791885828485789],[6.697786970855156,49.791840892936854],[6.697789102000601,49.791795957387514],[6.697719676632733,49.791794577428611],[6.69772180783695,49.791749641881033],[6.697723939035812,49.791704706333014],[6.697654513801559,49.791703326336908],[6.697585088572663,49.791701946299234],[6.697515663349129,49.791700566220001],[6.697446238130952,49.791699186099194],[6.697444106675579,49.791744121638473],[6.697374681398634,49.791742741473939],[6.697372549873777,49.79178767701061],[6.697370418343564,49.791832612546862],[6.697366155267062,49.791922483618137],[6.697296729738963,49.791921103403304],[6.697227304216223,49.791919723146918],[6.697225172541679,49.791964658677543],[6.697155746960172,49.791963278377402],[6.697153615216141,49.792008213905454],[6.697151483466753,49.792053149433087],[6.697149351712007,49.792098084960294],[6.697147219951903,49.792143020487096],[6.697145088186441,49.792187956013471],[6.697142956415621,49.79223289153942],[6.697140824639443,49.792277827064964],[6.697138692857908,49.792322762590096],[6.697069266768724,49.792321382230945],[6.697067134917702,49.792366317753455],[6.697065003061319,49.79241125327556],[6.697062871199579,49.792456188797267],[6.697060739332481,49.792501124318527],[6.697058607460026,49.792546059839388],[6.69705647558221,49.792590995359824],[6.697054343699039,49.792635930879833],[6.697052211810507,49.792680866399451],[6.697050079916618,49.792725801918628],[6.697047948017371,49.792770737437387],[6.696978521292241,49.792769357014862],[6.696976389323503,49.792814292531027],[6.696974257349408,49.792859228046787],[6.696972125369952,49.792904163562113],[6.696967861394969,49.792994034591523],[6.696965729399439,49.793038970105606],[6.697035156509362,49.79304035054124],[6.697033024572606,49.793085286057078],[6.697030892630491,49.793130221572497],[6.69710031987404,49.793131601970927],[6.697098187990701,49.793176537488122],[6.697096056102002,49.793221473004898],[6.697026628730188,49.793220092602105],[6.697024496771999,49.793265028116281],[6.697020232839544,49.793354899143381],[6.697015968885656,49.793444770168819],[6.697013836900672,49.793489705680898],[6.696944409149416,49.793488325223457],[6.696942277094942,49.79353326073295],[6.696938012969915,49.793623131750671],[6.696935880899365,49.793668067258906],[6.696933748823454,49.793713002766729],[6.696931616742186,49.793757938274126],[6.696862188611482,49.793756557762038],[6.69686005646072,49.793801493266827],[6.696857924304597,49.793846428771218],[6.696788496050985,49.793845048213193],[6.696786363825368,49.79388998371499],[6.696784231594394,49.793934919216341],[6.696782099358058,49.793979854717307],[6.696779967116364,49.79402479021784],[6.696777834869311,49.794069725717947],[6.696773570359126,49.794159596716916],[6.696771438095995,49.794204532215787],[6.696769305827505,49.794249467714231],[6.696767173553655,49.794294403212255],[6.696765041274445,49.794339338709868],[6.696762908989878,49.794384274207061],[6.696760776699949,49.794429209703843],[6.696758644404662,49.794474145200198],[6.696756512104015,49.794519080696134],[6.696754379798008,49.794564016191664],[6.69668495052357,49.794562635557163],[6.696682818148067,49.794607571050086],[6.696680685767204,49.79465250654259],[6.696678553380981,49.794697442034675],[6.696676420989398,49.794742377526347],[6.696674288592455,49.794787313017601],[6.696672156190153,49.794832248508442],[6.696670023782491,49.794877183998857],[6.696667891369469,49.794922119488866],[6.696663626527346,49.795011990467607],[6.696594196616882,49.795010609769726],[6.696592064123641,49.79505554525629],[6.696589931625041,49.795100480742434],[6.696587799121081,49.795145416228166],[6.696585666611759,49.795190351713494],[6.696583534097079,49.795235287198373],[6.696514103871277,49.795233906448004],[6.696511971287096,49.795278841930312],[6.696509838697555,49.795323777412186],[6.696507706102654,49.795368712893641],[6.696505573502392,49.795413648374698],[6.696503440896769,49.795458583855314],[6.696501308285788,49.795503519335533],[6.696499175669445,49.795548454815325],[6.696492777788253,49.795683261252201],[6.696423346926403,49.795681880438437],[6.696421214224476,49.795726815914371],[6.69641908151719,49.795771751389893],[6.696416948804543,49.795816686865003],[6.696414816086535,49.795861622339693],[6.696412683363166,49.795906557813957],[6.696410550634437,49.795951493287802],[6.696408417900346,49.795996428761249],[6.696406285160896,49.79604136423427],[6.696336853791267,49.796039983361482],[6.69633045534832,49.796174789771484],[6.696324056857126,49.796309596177721],[6.696321924016006,49.79635453164564],[6.696317658317683,49.7964444025802],[6.696248226376123,49.796443021646205],[6.696246093454775,49.796487957110692],[6.696243960528067,49.796532892574746],[6.696241827595997,49.796577828038387],[6.696239694658564,49.796622763501617],[6.696237561715773,49.796667698964427],[6.696235428767618,49.796712634426811],[6.696233295814103,49.796757569888783],[6.696231162855228,49.796802505350335],[6.696161730405868,49.796801124357316],[6.696159597377484,49.796846059816268],[6.696155331304633,49.796935930732921],[6.696153198260164,49.79698086619063],[6.696151065210335,49.797025801647905],[6.696148932155144,49.797070737104775],[6.696146799094591,49.797115672561233],[6.696077366201569,49.79711429151137],[6.696075233071508,49.797159226965206],[6.696073099936084,49.797204162418637],[6.696068833649154,49.797294033324242],[6.696066700497644,49.797338968776423],[6.696064567340774,49.797383904228191],[6.696062434178542,49.797428839679533],[6.696060301010948,49.797473775130456],[6.695990867610108,49.797472394021554],[6.695988734373004,49.797517329469876],[6.695986601130538,49.797562264917794],[6.695980201370966,49.797697071259016],[6.695978068107051,49.797742006705256],[6.695975934837773,49.797786942151077],[6.695973801563134,49.797831877596472],[6.695971668283133,49.797876813041455],[6.695902234310318,49.79787543187134],[6.695900100960804,49.797920367313715],[6.695897967605928,49.797965302755699],[6.69589583424569,49.798010238197236],[6.69589370088009,49.798055173638375],[6.695891567509127,49.798100109079087],[6.695889434132801,49.79814504451938],[6.695887300751113,49.798189979959261],[6.695885167364063,49.79823491539873],[6.695815732883409,49.798233534169569],[6.695813599426844,49.798278469606444],[6.695811465964918,49.798323405042879],[6.695807199024975,49.798413275914513],[6.695805065546962,49.798458211349704],[6.695802932063583,49.798503146784483],[6.695800798574844,49.798548082218851],[6.695794398076445,49.798682888519409],[6.695792264566253,49.798727823952099],[6.695722829385294,49.798726442657347],[6.695720695805587,49.798771378087437],[6.695718562220516,49.798816313517115],[6.695787997529782,49.798817694816229],[6.69585743284441,49.798819076073769],[6.695855299382283,49.798864011507369],[6.695924734766431,49.798865392725524],[6.695926868164406,49.798820457289729],[6.695929001557018,49.798775521853507],[6.695998436818225,49.798776903025704],[6.696000570141321,49.798731967586889],[6.696002703459054,49.798687032147662],[6.696004836771426,49.798642096708001],[6.696074271845538,49.798643477832094],[6.696076405088395,49.798598542389833],[6.69607853832589,49.798553606947166],[6.696147973277062,49.798554988025316],[6.696217408233598,49.798556369061899],[6.6962868431955,49.798557750056894],[6.696284710150462,49.798602685506111],[6.696354145181879,49.798604066461721],[6.696423580218661,49.798605447375749],[6.696421447296567,49.798650382828924],[6.696490882402863,49.798651763703575],[6.696560317514524,49.798653144536651],[6.696558184715373,49.79869807999377],[6.696627619896549,49.798699460787446],[6.696697055083089,49.798700841539549],[6.696694922406883,49.798745777000612],[6.696764357662938,49.798747157713329],[6.696833792924355,49.798748538384473],[6.696831660371095,49.798793473849486],[6.696901095702029,49.79879485448123],[6.696970531038325,49.798796235071414],[6.69696839860801,49.798841170540371],[6.697037834013821,49.798842551091163],[6.697107269424995,49.798843931600381],[6.697105137117628,49.798888867073281],[6.697174572598318,49.798890247543099],[6.697244008084368,49.798891627971351],[6.697313443575782,49.798893008358021],[6.697311311455516,49.798937943837053],[6.697380747016444,49.798939324184339],[6.697378614954972,49.798984259665133],[6.697448050585415,49.798985639973026],[6.697445918582739,49.799030575455568],[6.697443786574703,49.799075510937712],[6.697513222338816,49.799076891208401],[6.697511090389574,49.7991218266923],[6.697580526223203,49.799123206923582],[6.697578394332758,49.79916814240925],[6.697576262436955,49.7992130778945],[6.697574130535791,49.79925801337933],[6.697643566567244,49.799259393575582],[6.697641434724878,49.799304329062181],[6.697639302877153,49.799349264548361],[6.697708739042278,49.799350644707403],[6.697706607253349,49.799395580195338],[6.697776043487989,49.799396960315001],[6.697845479727991,49.799398340393076],[6.697914915973353,49.799399720429584],[6.697912784371533,49.799444655923651],[6.697910652764355,49.799489591417306],[6.697980089143387,49.799490971416596],[6.697977957595007,49.799535906912006],[6.697975826041267,49.799580842407003],[6.697973694482172,49.799625777901575],[6.698043131059034,49.799627157865842],[6.698040999558735,49.799672093362176],[6.698110436205114,49.799673473287044],[6.698108304763613,49.799718408785161],[6.698106173316756,49.799763344282852],[6.698175610096808,49.799764724170501],[6.698173478708751,49.79980965966994],[6.698171347315335,49.799854595168988],[6.69824078422906,49.799855975019419],[6.698238652894443,49.799900910520215],[6.698308089877687,49.799902290331268],[6.698305958601872,49.799947225833826],[6.698303827320697,49.799992161335972],[6.698373264437615,49.799993541109806],[6.698371133215242,49.800038476613715],[6.698369001987512,49.800083412117182],[6.698366870754424,49.800128347620266],[6.698436308069176,49.800129727359064],[6.698434176894891,49.800174662863895],[6.698432045715246,49.800219598368315],[6.698501483163672,49.800220978069902],[6.69849935204283,49.800265913576084],[6.69849722091663,49.800310849081846],[6.698566658498734,49.800312228746215],[6.698564527431338,49.800357164253732],[6.698562396358583,49.800402099760852],[6.698631834074365,49.800403479388002],[6.698629703060414,49.80044841489687],[6.698627572041105,49.800493350405318],[6.698625441016439,49.800538285913355],[6.698694878930058,49.800539665505475],[6.698692747964197,49.800584601015281],[6.698690616992978,49.800629536524667],[6.698760055040275,49.800630916079569],[6.69875792412786,49.800675851590718],[6.698755793210088,49.80072078710144],[6.698825231391065,49.800722166619131],[6.698823100532097,49.800767102131616],[6.698820969667773,49.800812037643695],[6.698818838798092,49.800856973155348],[6.69888827717691,49.800858352638002],[6.698886146366034,49.800903288151424],[6.698884015549801,49.800948223664435],[6.698881884728213,49.800993159177004],[6.698951323304872,49.800994538624629],[6.698949192542089,49.801039474138967],[6.698947061773949,49.801084409652901],[6.69901650048429,49.801085789063308],[6.699014369774956,49.801130724578989],[6.699012239060266,49.801175660094266],[6.699010108340221,49.801220595609131],[6.699007977614819,49.801265531123548],[6.69900584688406,49.801310466637588],[6.69907528592057,49.801311846017313],[6.69907315524862,49.801356781533087],[6.699071024571312,49.801401717048456],[6.699140463741506,49.801403096390963],[6.699138333123005,49.801448031908102],[6.699136202499148,49.801492967424814],[6.699134071869937,49.801537902941114],[6.699131941235368,49.80158283845698],[6.699129810595444,49.801627773972442],[6.699060371104434,49.801626394619042],[6.699058240394991,49.801671330131896],[6.698988800845175,49.801669950734748],[6.698986670066212,49.801714886245009],[6.698917230457591,49.801713506804099],[6.698847790854327,49.801712127321601],[6.698845659941679,49.801757062827086],[6.698776220279609,49.80175568330084],[6.698706780622901,49.801754303732999],[6.698637340971551,49.801752924123591],[6.698635209861053,49.801797859622113],[6.698565770150897,49.801796479968942],[6.698496330446102,49.801795100274191],[6.698426890746666,49.801793720537873],[6.69835745105259,49.80179234075996],[6.698288011363872,49.80179096094048],[6.698285879927197,49.801835896427697],[6.698216440179676,49.801834516564448],[6.698147000437515,49.801833136659631],[6.698077560700716,49.801831756713241],[6.698008120969276,49.801830376725263],[6.698010252662609,49.801785441246778],[6.697940813000695,49.801784061219401],[6.697871373344141,49.801782681150456],[6.697801933692949,49.801781301039924],[6.697732494047117,49.801779920887817],[6.697730362097128,49.801824856357577],[6.697591482693221,49.801822095924273],[6.69752204299931,49.801820715645263],[6.697452603310762,49.801819335324659],[6.697450471098755,49.801864270785273],[6.697381031351403,49.801862890420921],[6.697311591609416,49.80186151001498],[6.697242151872787,49.801860129567466],[6.697172712141525,49.801858749078377],[6.697170579667501,49.80190368452984],[6.697101139877435,49.801902303996997],[6.697031700092731,49.801900923422572],[6.696962260313392,49.801899542806559],[6.696892820539415,49.801898162148973],[6.696823380770803,49.801896781449805],[6.696821247970595,49.801941716889971],[6.696751808143182,49.801940336147034],[6.696682368321131,49.801938955362537],[6.696612928504444,49.80193757453646],[6.696543488693123,49.801936193668801],[6.696541355630897,49.801981129099808],[6.696471915760774,49.801979748188387],[6.696402475896016,49.801978367235385],[6.696333036036621,49.80197698624081],[6.696263596182592,49.801975605204667],[6.696261462858346,49.802020540626508],[6.696192022945517,49.802019159546596],[6.696122583038053,49.802017778425103],[6.696053143135953,49.802016397262037],[6.695983703239221,49.802015016057389],[6.695981569652952,49.802059951470092],[6.69591212969742,49.802058570221682],[6.695842689747253,49.802057188931698],[6.695773249802452,49.802055807600141],[6.695703809863017,49.802054426226988],[6.695701676014727,49.802099361630532],[6.695632236016492,49.802097980213638],[6.695562796023625,49.802096598755156],[6.695493356036125,49.802095217255093],[6.695423916053991,49.80209383571345],[6.695421781943677,49.802138771107863],[6.695352341902744,49.802137389522471],[6.695282901867179,49.802136007895477],[6.695213461836981,49.802134626226923],[6.69514402181215,49.802133244516796],[6.695141887439813,49.802178179902043],[6.695072447356184,49.802176798148139],[6.695003007277923,49.802175416352675],[6.694933567205029,49.802174034515616],[6.694864127137505,49.802172652636983],[6.694861992503141,49.802217588013079],[6.694792552376819,49.802216206090691],[6.694723112255867,49.802214824126715],[6.694653672140281,49.802213442121172],[6.694584232030065,49.802212060074034],[6.694582097133675,49.802256995440985],[6.694512656964663,49.802255613350091],[6.694443216801019,49.802254231217624],[6.694373776642744,49.802252849043583],[6.69430433648984,49.802251466827947],[6.694302201331421,49.802296402185739],[6.694232761119721,49.802295019926348],[6.694163320913389,49.802293637625382],[6.694093880712428,49.802292255282836],[6.694091745356148,49.802337190633651],[6.69402230509639,49.802335808247342],[6.693952864842005,49.802334425819453],[6.693883424592988,49.802333043349982],[6.69381398434934,49.802331660838945],[6.69381184873103,49.802376596180608],[6.693742408428589,49.802375213625801],[6.693672968131519,49.802373831029414],[6.693603527839821,49.802372448391452],[6.693601392023645,49.80241738372613],[6.693531951673151,49.802416001044413],[6.69346251132803,49.802414618321102],[6.693393070988279,49.802413235556223],[6.693390934974238,49.802458170883931],[6.693321494575692,49.80245678807529],[6.693252054182521,49.802455405225061],[6.693249918034778,49.802500340547979],[6.693180477582811,49.802498957653988],[6.693111037136216,49.802497574718423],[6.693108900854772,49.80254251003656],[6.693039460349385,49.802541127057232],[6.692970019849369,49.802539744036302],[6.692900579354727,49.80253836097382],[6.692898442875414,49.802583296284979],[6.692829002321979,49.802581913178727],[6.692759561773913,49.802580530030887],[6.692757425160899,49.802625465337258],[6.692687984554043,49.802624082145662],[6.692618543952561,49.802622698912486],[6.692616407205842,49.802667634214068],[6.692546966545566,49.802666250937129],[6.692477525890665,49.802664867618603],[6.692475389010242,49.802709802915395],[6.692405948296548,49.802708419553106],[6.692336507588228,49.802707036149236],[6.6923343705741,49.802751971441246],[6.692264929806987,49.802750587993614],[6.69219548904525,49.802749204504401],[6.692193351897416,49.802794139791615],[6.692123911076886,49.80279275625864],[6.692121773859513,49.802837691543246],[6.692052332980191,49.802836307966501],[6.691982892106243,49.802834924348183],[6.691980754755165,49.802879859627993],[6.691911313822425,49.802878475965912],[6.691909176401807,49.802923411243121],[6.691839735410276,49.802922027537271],[6.691837597920117,49.802966962811873],[6.691768156869795,49.802965579062253],[6.691766019310096,49.803010514334261],[6.691696578200979,49.803009130540879],[6.691694440571739,49.803054065810279],[6.691624999403833,49.803052681973121],[6.691555558241302,49.803051298094395],[6.691553420478353,49.803096233359],[6.691551282710031,49.803141168623185],[6.691481841424541,49.803139784698494],[6.691479703586677,49.803184719960079],[6.691477565743438,49.803229655221237],[6.691408124334988,49.803228271250603],[6.691405986422207,49.803273206509168],[6.691403848504052,49.803318141767306],[6.691401710580521,49.803363077025026],[6.691399572651616,49.803408012282333],[6.691382469026904,49.803767494325726],[6.69138033104963,49.803812429579274],[6.691378193066981,49.803857364832403],[6.69130875076554,49.803855980789557],[6.691306612713346,49.803900916040071],[6.691304474655777,49.80394585129018],[6.691302336592834,49.803990786539863],[6.691232894104258,49.803989402448877],[6.691230755971769,49.80403433769596],[6.691161313424399,49.804032953561212],[6.691159175222364,49.804077888805686],[6.691157037014953,49.804122824049742],[6.691087594344618,49.804121439869043],[6.691085456067662,49.804166375110498],[6.691016013338531,49.804164990886015],[6.691013874992028,49.804209926124862],[6.690944432204105,49.804208541856624],[6.690942293788055,49.804253477092857],[6.690872850941338,49.804252092780843],[6.69087071245574,49.804297028014481],[6.690801269550229,49.804295643658705],[6.690799130995083,49.804340578889736],[6.690729688030778,49.80433919449019],[6.690727549406086,49.804384129718613],[6.690658106382987,49.804382745275291],[6.690588663365268,49.804381360790387],[6.690519220352926,49.804379976263903],[6.69051708153034,49.804424911485349],[6.690447638459204,49.804423526915102],[6.690378195393449,49.804422142303267],[6.690308752333074,49.804420757649851],[6.690239309278076,49.804419372954861],[6.690237170193424,49.804464308167134],[6.690167727079635,49.804462923428368],[6.690098283971224,49.804461538648027],[6.690028840868194,49.804460153826106],[6.689959397770545,49.80445876896259],[6.689957258423826,49.804503704165676],[6.689955119071729,49.80454863936837],[6.689952979714255,49.804593574570625],[6.689950840351401,49.804638509772474],[6.68994870098317,49.804683444973897],[6.68994656160956,49.804728380174907],[6.690016005092247,49.804729765051533],[6.690013865777432,49.804774700254328],[6.690011726457239,49.804819635456681],[6.690009587131669,49.804864570658623],[6.690007447800721,49.804909505860152],[6.690076891545481,49.804910890703958],[6.690074752273329,49.804955825907264],[6.6900726129958,49.805000761110136],[6.690070473712891,49.805045696312604],[6.690068334424605,49.805090631514645],[6.690066195130941,49.805135566716267],[6.690135639201954,49.805136951529434],[6.690133499967087,49.805181886732832],[6.690131360726841,49.805226821935818],[6.690129221481219,49.805271757138364],[6.690127082230219,49.805316692340519],[6.690196526563311,49.805318077120866],[6.690194387371108,49.805363012324776],[6.690192248173528,49.805407947528259],[6.690190108970569,49.805452882731338],[6.690187969762232,49.805497817934011],[6.690118525172438,49.805496433144903],[6.690116385894547,49.805541368344954],[6.690046941245956,49.805539983512077],[6.689977496602745,49.805538598637625],[6.689908051964913,49.805537213721593],[6.689838607332464,49.805535828763965],[6.689769162705393,49.80553444376477],[6.689767023101245,49.805579378953453],[6.68969757841538,49.805577993910489],[6.689628133734896,49.80557660882593],[6.68963241319452,49.805486738456885],[6.689634552916263,49.805441803271734],[6.689636692632628,49.805396868086163],[6.689638832343613,49.805351932900194],[6.689640972049218,49.805306997713785],[6.689645251444294,49.805217127339724],[6.689647391133763,49.805172192152064],[6.689649530817854,49.805127256963999],[6.689651670496565,49.805082321775515],[6.689655949837852,49.804992451397268],[6.689658089500426,49.804947516207527],[6.689660229157623,49.804902581017366],[6.68966236880944,49.804857645826786],[6.689666648096938,49.804767775444368],[6.689668787732618,49.804722840252531],[6.689673066987843,49.804632969867612],[6.689675206607387,49.804588034674524],[6.689605763344123,49.804586649596544],[6.689610042695421,49.804496779213487],[6.689612182363002,49.804451844021337],[6.689614322025204,49.804406908828774],[6.689616461682025,49.804361973635778],[6.68961860133347,49.804317038442385],[6.689620740979536,49.804272103248543],[6.689622880620222,49.804227168054311],[6.689625020255531,49.804182232859645],[6.68962715988546,49.804137297664575],[6.689629299510012,49.804092362469078],[6.689631439129183,49.804047427273161],[6.689633578742977,49.804002492076833],[6.689564136319325,49.804001106985723],[6.689566275991909,49.803956171791164],[6.689568415659116,49.803911236596193],[6.689570555320944,49.803866301400781],[6.689572694977392,49.803821366204978],[6.689576974274154,49.803731495812094],[6.689579113914467,49.803686560615027],[6.689581253549401,49.803641625417541],[6.689511811644488,49.803640240302379],[6.689442369744956,49.803638855145621],[6.689372927850805,49.80363746994729],[6.689303485962036,49.803636084707392],[6.689234044078648,49.803634699425892],[6.689164602200643,49.803633314102818],[6.689162462180693,49.803678249287167],[6.6890930202439,49.80367686392033],[6.689023578312488,49.803675478511913],[6.688954136386458,49.803674093061915],[6.688951996168621,49.803719028239279],[6.688882554183803,49.803717642745511],[6.688813112204371,49.803716257210162],[6.688810971852813,49.80376119238273],[6.688741529814593,49.803759806803605],[6.688672087781755,49.803758421182913],[6.6886026457543,49.803757035520626],[6.688600505204853,49.803801970686216],[6.688531063118612,49.803800584980159],[6.688461621037755,49.803799199232536],[6.688392178962278,49.803797813443325],[6.688390038214942,49.803842748601923],[6.688320596080683,49.803841362768928],[6.688251153951805,49.803839976894373],[6.688249013070748,49.803884912048169],[6.688179570883085,49.803883526129837],[6.688110128700806,49.803882140169932],[6.688040686523913,49.803880754168446],[6.688038545444964,49.80392568931525],[6.687969103209284,49.80392430326998],[6.687899660978988,49.803922917183144],[6.687760776534553,49.803920144884721],[6.687691334320413,49.803918758673127],[6.687621892111658,49.803917372419974],[6.687552449908289,49.803915986125233],[6.687483007710306,49.803914599788911],[6.687413565517707,49.803913213411015],[6.687411423855846,49.803958148537674],[6.687341981604463,49.803956762116009],[6.687272539358467,49.803955375652755],[6.687203097117857,49.803953989147914],[6.687200955258102,49.803998924267596],[6.687131512958709,49.803997537718992],[6.687129371029399,49.804042472836059],[6.687127229094705,49.804087407952707],[6.687057786672358,49.804086021358145],[6.687055644668109,49.804130956472171],[6.687051360643457,49.804220826698987],[6.687042792529534,49.804400567147624],[6.687038508440265,49.804490437369424],[6.687036366387553,49.804535372479691],[6.687034224329457,49.804580307589553],[6.687029940197109,49.804670177808021],[6.687027798122856,49.804715112916625],[6.687025656043221,49.804760048024811],[6.687023513958201,49.804804983132577],[6.686954070514494,49.804803596461362],[6.686951928359914,49.80484853156652],[6.686947644034601,49.804938401775587],[6.686945501863867,49.804983336879474],[6.686943359687747,49.805028271982977],[6.686941217506241,49.805073207086032],[6.686871773682881,49.805071820360098],[6.686869631431817,49.805116755460553],[6.686867489175368,49.805161690560602],[6.686798045229048,49.805160303788689],[6.686795902903039,49.80520523888611],[6.68672645889793,49.805203852070427],[6.686724316502362,49.80524878716524],[6.686654872438467,49.805247400305795],[6.686652729973338,49.805292335398008],[6.686650587502823,49.80533727048978],[6.686581143315968,49.80533588358437],[6.686579000775891,49.805380818673548],[6.686648445026922,49.805382205581161],[6.686646302545634,49.805427140672123],[6.686642017566902,49.805517010852782],[6.686639875069456,49.805561945942479],[6.686637732566626,49.805606881031757],[6.686707177143921,49.80560826790876],[6.68670503469988,49.805653202999814],[6.686702892250453,49.805698138090456],[6.686700749795638,49.805743073180679],[6.686770194570851,49.805744460022652],[6.686768052174828,49.805789395114658],[6.686837497019604,49.805790781917246],[6.686835354682372,49.805835717011014],[6.686904799596713,49.805837103774223],[6.686902657318272,49.805882038869754],[6.686900515034445,49.805926973964887],[6.686969960082527,49.805928360690892],[6.686967817857492,49.80597329578778],[6.686965675627071,49.80601823088427],[6.687035120808895,49.806019617573078],[6.687032978637266,49.80606455267133],[6.687030836460253,49.806109487769163],[6.687028694277855,49.80615442286657],[6.68702655209007,49.806199357963578],[6.686957106651536,49.806197971266009],[6.686954964394189,49.806242906360389],[6.686952822131456,49.806287841454363],[6.686883376569954,49.806286454710829],[6.686813931013838,49.806285067925714],[6.686744485463112,49.806283681099004],[6.686742343002458,49.806328616185986],[6.686672897392942,49.806327229315507],[6.686603451788812,49.806325842403439],[6.686534006190072,49.806324455449797],[6.686464560596721,49.80632306845456],[6.686466703314087,49.806278133376345],[6.686468846026068,49.806233198297711],[6.686470988732661,49.806188263218672],[6.686401543337232,49.806186876188434],[6.686403686102618,49.80614194111115],[6.686334240776755,49.806140554041527],[6.686336383600931,49.806095618966033],[6.686266938344636,49.80609423185701],[6.686264795456283,49.806139166930322],[6.686195350141199,49.806137779777515],[6.686193207183281,49.806182714848227],[6.686191064219977,49.80622764991849],[6.686260509663416,49.806229037075667],[6.686258366758902,49.806273972147736],[6.686256223849001,49.806318907219371],[6.686325669426184,49.806320294339351],[6.686323526575075,49.806365229412748],[6.686254080933712,49.80636384229058],[6.686184635297739,49.806362455126816],[6.686186778277205,49.806317520057803],[6.686117332710799,49.806316132854647],[6.686047887149782,49.806314745609917],[6.686045744041959,49.806359680674554],[6.685976298422154,49.80635829338604],[6.685974155244765,49.806403228448076],[6.686043600928747,49.806404615738778],[6.686041457810149,49.806449550802569],[6.685972012061987,49.806448163509685],[6.685969868873823,49.806493098570868],[6.685900423066872,49.806491711234209],[6.685830977265312,49.80649032385594],[6.685828833943401,49.806535258912326],[6.685759388083052,49.806533871490302],[6.685757244691573,49.806578806544088],[6.685687798772437,49.806577419078273],[6.685685655311392,49.806622354129438],[6.685616209333466,49.806620966619853],[6.685614065802852,49.80666590166841],[6.685544619766138,49.806664514115049],[6.685475173734815,49.806663126520107],[6.685473030070455,49.80670806156386],[6.685403583980342,49.806706673925135],[6.685401440246413,49.806751608966266],[6.685331994097514,49.806750221283764],[6.685262547954006,49.806748833559688],[6.685260404086327,49.806793768596023],[6.685258260213258,49.806838703631946],[6.685188813946783,49.806837315861898],[6.6851193676857,49.806835928050248],[6.685049921430007,49.80683454019703],[6.685047777359009,49.806879475225934],[6.684978331044529,49.806878087328947],[6.684976186903961,49.806923022355242],[6.684906740530693,49.806921634414472],[6.684837294162819,49.806920246432107],[6.6848351498885,49.806965181453613],[6.684765703461838,49.806963793427478],[6.684763559117949,49.807008728446348],[6.684694112632499,49.807007340376437],[6.684691968219038,49.807052275392707],[6.684622521674801,49.807050887279011],[6.684620377191768,49.807095822292673],[6.684550930588745,49.807094434135195],[6.684548786036141,49.807139369146256],[6.684479339374328,49.807137980945001],[6.684477194752151,49.807182915953447],[6.684407748031552,49.807181527708401],[6.684405603339803,49.807226462714233],[6.684336156560416,49.807225074425425],[6.684266709786423,49.807223686095021],[6.684197263017826,49.807222297723044],[6.684127816254622,49.807220909309486],[6.684125671300755,49.807265844306109],[6.684123526341497,49.807310779302327],[6.684054079455326,49.807309390842789],[6.684051934426494,49.807354325836378],[6.683982487481535,49.807352937333064],[6.683980342383128,49.80739787232406],[6.683910895379383,49.807396483776962],[6.683908750211401,49.807441418765336],[6.683839303148869,49.807440030174462],[6.683837157911312,49.807484965160214],[6.683767710789994,49.80748357652557],[6.683765565482862,49.807528511508707],[6.683696118302756,49.807527122830273],[6.683693972926051,49.807572057810809],[6.683624525687158,49.807570669088598],[6.683555078453661,49.807569280324792],[6.683552932943197,49.807614215300518],[6.683483485650915,49.807612826492935],[6.683481340070873,49.807657761466061],[6.683411892719803,49.807656372614694],[6.683409747070185,49.807701307585191],[6.683340299660331,49.807699918690048],[6.683338153941135,49.807744853657944],[6.683268706472495,49.807743464719003],[6.683266560683723,49.807788399684298],[6.683197113156295,49.807787010701581],[6.683194967297945,49.807831945664255],[6.683125519711731,49.807830556637761],[6.683056072130914,49.807829167569686],[6.683053926138802,49.807874102527542],[6.6829844784992,49.807872713415684],[6.68298233243751,49.807917648370932],[6.682912884739121,49.807916259215297],[6.682910738607853,49.80796119416793],[6.682841290850678,49.807959804968512],[6.682839144649831,49.808004739918523],[6.682769696833871,49.808003350675328],[6.682767550563445,49.808048285622732],[6.682698102688697,49.808046896335746],[6.682628654819348,49.808045507007186],[6.682626508415159,49.808090441949766],[6.682557060487024,49.808089052577422],[6.682554914013255,49.808133987517394],[6.682485466026334,49.808132598101274],[6.682483319482984,49.808177533038638],[6.682413871437277,49.80817614357872],[6.682411724824346,49.808221078513469],[6.682342276719855,49.808219689009789],[6.682340130037344,49.808264623941909],[6.682270681874067,49.808263234394431],[6.68220123371619,49.808261844805386],[6.682199086899911,49.808306779732703],[6.682129638683248,49.808305390099861],[6.682127491797388,49.808350325024563],[6.682058043521941,49.808348935347944],[6.682055896566499,49.808393870270017],[6.681986448232265,49.808392480549614],[6.68198430120724,49.808437415469093],[6.681914852814222,49.808436025704907],[6.681845404426603,49.808434635899125],[6.68184325726781,49.808479570813795],[6.681773808821406,49.808478180964244],[6.68177166159303,49.808523115876291],[6.681702213087842,49.808521725982942],[6.681700065789882,49.808566660892382],[6.681630617225907,49.808565270955256],[6.681561168667336,49.808563880976543],[6.681559021235606,49.808608815881165],[6.681489572618248,49.808607425858668],[6.681487425116935,49.808652360760675],[6.681417976440793,49.808650970694394],[6.681415828869895,49.808695905593794],[6.681346380134968,49.808694515483737],[6.681276931405443,49.808693125332084],[6.681274783700773,49.808738060226659],[6.681205334912463,49.808736670031237],[6.681203187138207,49.808781604923198],[6.681133738291114,49.808780214683978],[6.681064289449421,49.808778824403177],[6.681062141541394,49.80882375929032],[6.680992692640918,49.80882236896575],[6.680990544663306,49.808867303850271],[6.680921095704044,49.808865913481895],[6.680918947656846,49.808910848363816],[6.6808494986388,49.808909457951671],[6.680780049626159,49.808908067497924],[6.680777901445184,49.808953002375027],[6.680708452373758,49.808951611877504],[6.680639003307735,49.808950221338385],[6.680636854992988,49.808995156210678],[6.680567405868181,49.808993765627783],[6.680565257483845,49.80903870049746],[6.680495808300254,49.809037309870774],[6.680493659846331,49.809082244737823],[6.680424210603955,49.809080854067375],[6.680354761366986,49.80907946335531],[6.680352612779287,49.809124398217556],[6.680283163483533,49.809123007461714],[6.680281014826245,49.809167942321338],[6.680211565471707,49.809166551521706],[6.68020941674483,49.809211486378722],[6.68013996733151,49.809210095535313],[6.680137818535043,49.8092550303897],[6.680068369062938,49.809253639502508],[6.679998919596239,49.809252248573721],[6.679996770665994,49.809297183423304],[6.679927321140511,49.80929579245074],[6.679925172140677,49.809340727297702],[6.679855722556411,49.809339336281347],[6.679853573486985,49.809384271125687],[6.679784123843937,49.809382880065534],[6.67978197470492,49.809427814907281],[6.679712525003088,49.809426423803345],[6.67971037579448,49.809471358642448],[6.679640926033865,49.809469967494742],[6.679638776755665,49.809514902331237],[6.679569326936268,49.809513511139734],[6.679567177588475,49.809558445973614],[6.679497727710295,49.809557054738328],[6.67949557829291,49.809601989569593],[6.679426128355948,49.809600598290515],[6.679423978868971,49.809645533119145],[6.679354528873224,49.809644141796291],[6.679352379316654,49.809689076622313],[6.679282929262126,49.809687685255668],[6.679280779635962,49.809732620079068],[6.679211329522651,49.809731228668639],[6.679209179826893,49.809776163489424],[6.6791397296548,49.809774772035205],[6.679137579889449,49.809819706853375],[6.679068129658573,49.809818315355365],[6.679065979823627,49.80986325017092],[6.678996529533967,49.809861858629127],[6.678994379629428,49.809906793442067],[6.678924929280987,49.809905401856483],[6.678922779306851,49.809950336666795],[6.678920629327312,49.809995271476694],[6.678851178855897,49.809993879845123],[6.678849028806761,49.810038814652408],[6.678779578276565,49.810037422977047],[6.678777428157833,49.810082357781717],[6.678707977568854,49.810080966062564],[6.678705827380527,49.810125900864612],[6.678636376732763,49.810124509101676],[6.67863422647484,49.810169443901103],[6.678564775768296,49.810168052094376],[6.678562625440774,49.810212986891194],[6.678493174675448,49.810211595040677],[6.678491024278332,49.810256529834859],[6.678421573454221,49.810255137940565],[6.678419422987507,49.81030007273214],[6.678349972104614,49.810298680794048],[6.678347821568302,49.810343615583008],[6.678278370626626,49.810342223601126],[6.678276220020717,49.810387158387464],[6.678206769020259,49.810385766361797],[6.678204618344751,49.810430701145506],[6.678135167285511,49.810429309076056],[6.678133016540404,49.810474243857151],[6.678063565422382,49.810472851743917],[6.678061414607676,49.810517786522382],[6.677991963430872,49.810516394365344],[6.677989812546566,49.810561329141208],[6.677920361310981,49.810559936940386],[6.677918210357075,49.810604871713622],[6.677848759062707,49.810603479469016],[6.677779307773749,49.810602087182815],[6.677777156686052,49.810647021951226],[6.677707705338311,49.810645629621234],[6.677705554181014,49.810690564387045],[6.677636102774491,49.810689172013262],[6.67756665137338,49.810687779597892],[6.67756450008229,49.810732714358885],[6.677495048622396,49.810731321899716],[6.677492897261704,49.810776256658073],[6.677423445743029,49.810774864155114],[6.677421294312735,49.81081979891087],[6.677351842735278,49.810818406364127],[6.677349691235382,49.810863341117255],[6.677280239599145,49.810861948526714],[6.677278088029648,49.810906883277212],[6.677208636334628,49.810905490642895],[6.677206484695527,49.810950425390779],[6.677137032941726,49.810949032712671],[6.677067581193336,49.810947639992968],[6.677065429420439,49.810992574736026],[6.676995977613269,49.810991181972533],[6.67692652581151,49.810989789167444],[6.676924373904817,49.811034723905692],[6.676854922044277,49.811033331056819],[6.676852770067981,49.811078265792446],[6.67678331814866,49.811076872899761],[6.676781166102759,49.811121807632773],[6.676711714124658,49.811120414696319],[6.676642262151969,49.81111902171827],[6.67664010997227,49.81116395644645],[6.6765706579408,49.811162563424617],[6.676568505691495,49.811207498150182],[6.676499053601246,49.811206105084544],[6.676496901282336,49.81125103980748],[6.676427449133305,49.811249646698066],[6.67642529674479,49.81129458141838],[6.676355844536978,49.811293188265175],[6.676353692078858,49.81133812298286],[6.676284239812265,49.811336729785864],[6.676282087284538,49.811381664500935],[6.676279934751401,49.811426599215586],[6.67627778221285,49.811471533929847],[6.676208329759088,49.811470140684648],[6.676138877310739,49.811468747397853],[6.676136724638387,49.811513682107254],[6.676067272131258,49.811512288776683],[6.676065119389298,49.811557223483483],[6.675995666823387,49.811555830109107],[6.67599351401182,49.811600764813285],[6.675924061387129,49.811599371395104],[6.675921908505956,49.81164430609666],[6.675852455822484,49.811642912634696],[6.675850302871701,49.81168784733363],[6.675780850129448,49.811686453827882],[6.675778697109057,49.811731388524194],[6.675709244308024,49.811729994974634],[6.675639791512406,49.8117286013835],[6.675637638358211,49.811773536074995],[6.675568185503813,49.811772142440056],[6.67549873265483,49.811770748763536],[6.67549657936683,49.811815683450206],[6.675427126459067,49.811814289729888],[6.675424973101457,49.811859224413929],[6.675355520134914,49.811857830649828],[6.675286067173787,49.811856436844117],[6.67528391368237,49.811901371523334],[6.675214460662464,49.811899977673832],[6.675145007647975,49.811898583782749],[6.67514285402275,49.811943518457149],[6.675073400949482,49.811942124522268],[6.675075554638902,49.811897189850079],[6.675006101635247,49.811895795875806],[6.675003947881629,49.8119407305458],[6.674934494819193,49.811939336527729],[6.674932340995964,49.811984271195101],[6.674930187167321,49.812029205862054],[6.674791280801916,49.812026417692344],[6.67472182762734,49.812025023545097],[6.674652374458182,49.812023629356268],[6.674650220367336,49.812068564013991],[6.674580767139398,49.812067169781358],[6.67457861297894,49.812112104436451],[6.674509159692223,49.812110710160042],[6.674439706410926,49.812109315842015],[6.674437552116657,49.812154250492277],[6.674368098776581,49.812152856130474],[6.674298645441923,49.812151461727076],[6.674229192112684,49.81215006728209],[6.674227037620408,49.812195001925325],[6.674157584232391,49.812193607436541],[6.674088130849793,49.812192212906169],[6.674018677472614,49.812190818334194],[6.67401652278233,49.812235752970395],[6.673947069346373,49.81223435835463],[6.673877615915836,49.812232963697276],[6.673808162490718,49.812231568998335],[6.673806007602424,49.812276503627508],[6.673736554118529,49.812275108884776],[6.67373439916062,49.812320043511328],[6.673664945617948,49.812318648724791],[6.673595492080696,49.812317253896659],[6.673526038548864,49.812315859026945],[6.673523883392944,49.812360793646462],[6.673454429802335,49.812359398732951],[6.673384976217148,49.812358003777838],[6.673382820927415,49.812402938392523],[6.67331336728345,49.812401543393626],[6.673243913644907,49.812400148353127],[6.673174460011785,49.812398753271047],[6.673172304524039,49.812443687878705],[6.67310285083214,49.812442292752827],[6.673033397145663,49.812440897585354],[6.673031241524103,49.812485832188173],[6.67296178777885,49.812484436976895],[6.67289233403902,49.812483041724036],[6.67282288030461,49.812481646429589],[6.672820724485035,49.812526581025374],[6.67275127069185,49.812525185687136],[6.672681816904086,49.812523790307296],[6.672679660950695,49.812568724898256],[6.672610207104157,49.812567329474632],[6.672540753263041,49.812565934009392],[6.672538597175834,49.812610868595527],[6.672469143275943,49.812609473086496],[6.672399689381477,49.812608077535884],[6.672397533160451,49.812653012117188],[6.672328079207208,49.812651616522764],[6.672258625259389,49.812650220886759],[6.672256468904544,49.812695155463231],[6.67218701489795,49.812693759783436],[6.672117560896781,49.81269236406203],[6.672048106901034,49.812690968299037],[6.672045950348172,49.812735902868475],[6.671976496293651,49.812734507061691],[6.671907042244556,49.812733111213312],[6.671904885557875,49.812778045777904],[6.671835431450004,49.812776649885741],[6.671765977347557,49.812775253951976],[6.671763820527056,49.812820188511751],[6.671694366365836,49.812818792534195],[6.67162491221004,49.81281739651503],[6.671622755255719,49.812862331069965],[6.671553301041149,49.812860935007009],[6.671483846832005,49.812859538902451],[6.671481689743862,49.812904473452569],[6.671412235475944,49.812903077304235],[6.671342781213452,49.81290168111429],[6.671340623991487,49.812946615659563],[6.671271169670222,49.812945219425821],[6.671201715354384,49.812943823150498],[6.671199557998595,49.812988757690931],[6.671130103623983,49.81298736137181],[6.671060649254797,49.812985965011087],[6.671058491765186,49.813030899546696],[6.670989037337226,49.813029503142182],[6.670919582914695,49.813028106696066],[6.670917425291259,49.813073041226858],[6.670847970809954,49.813071644736944],[6.670845813116896,49.813116579265078],[6.670776358576817,49.81311518273138],[6.670706904042167,49.813113786156073],[6.670704746215284,49.813158720679397],[6.67063529162186,49.813157324060299],[6.67063313372535,49.813202258580986],[6.670563679073155,49.813200861918084],[6.670494224426386,49.813199465213593],[6.670492066396052,49.813244399729449],[6.670422611690511,49.813243002981153],[6.67042045359055,49.81328793749438],[6.670350998826237,49.813286540702286],[6.67034884065665,49.813331475212884],[6.670279385833564,49.813330078376993],[6.67027722759435,49.813375012884983],[6.670207772712493,49.813373616005293],[6.670138317836065,49.813372219083995],[6.670136159463024,49.813417153587139],[6.670066704527823,49.813415756622049],[6.670064546085153,49.813460691122565],[6.669995091091181,49.813459294113677],[6.669992932578884,49.813504228611563],[6.66992347752614,49.813502831558878],[6.669921318944214,49.813547766054143],[6.669851863832698,49.81354636895766],[6.669849705181145,49.813591303450281],[6.669780250010857,49.813589906309993],[6.669778091289674,49.813634840799999],[6.669708636060614,49.813633443615913],[6.669706477269802,49.81367837810329],[6.669637021981971,49.8136769808754],[6.669634863121529,49.813721915360141],[6.669565407774926,49.813720518088445],[6.669563248844856,49.813765452570578],[6.669561089909357,49.813810387052293],[6.66949163443978,49.813808989734582],[6.669489475434652,49.813853924213653],[6.669420019906301,49.813852526852152],[6.669417860831542,49.813897461328608],[6.669348405244421,49.813896063923302],[6.66934624610003,49.813940998397129],[6.669344086950212,49.813985932870523],[6.669274631240116,49.813984535419209],[6.669272472020666,49.814029469889995],[6.669270312795787,49.814074404360341],[6.669200856962717,49.814073006863005],[6.669198697668206,49.814117941330736],[6.669129241776364,49.814116543789602],[6.669127082412222,49.814161478254704],[6.669124923042648,49.814206412719393],[6.669055467027831,49.814205015132252],[6.669053307588626,49.814249949594299],[6.669051148143991,49.814294884055933],[6.668981692006199,49.814293486422784],[6.668979532491931,49.814338420881789],[6.668977372972234,49.814383355340368],[6.668907916711465,49.814381957661205],[6.668905757122134,49.814426892117169],[6.668836300802592,49.814425494394193],[6.668834141143628,49.814470428847535],[6.668831981479233,49.814515363300437],[6.668762525036715,49.814513965531461],[6.668760365302685,49.814558899981748],[6.668758205563226,49.814603834431608],[6.668688748997732,49.81460243661661],[6.668686589188637,49.814647371063849],[6.668684429374111,49.814692305510661],[6.668614972685639,49.814690907649663],[6.668612812801478,49.814735842093846],[6.668610652911889,49.81478077653761],[6.668608493016867,49.814825710980976],[6.668539036141211,49.814824313071739],[6.668536876176554,49.814869247512455],[6.668534716206465,49.814914181952759],[6.66846525920783,49.814912783997514],[6.668463099168106,49.814957718435188],[6.668460939122951,49.815002652872444],[6.668391482001336,49.815001254871184],[6.668389321886543,49.815046189305818],[6.668387161766319,49.815091123740025],[6.668385001640663,49.815136058173813],[6.668382841509577,49.815180992607175],[6.668452298888016,49.815182390617281],[6.668450138815706,49.815227325052433],[6.668519596263786,49.815228723023147],[6.668589053717299,49.815230120952265],[6.668658511176244,49.815231518839781],[6.668656351291125,49.815276453281143],[6.668725808819711,49.815277851129274],[6.66879526635373,49.815279248935823],[6.668864723893179,49.815280646700764],[6.668934181438063,49.815282044424116],[6.668936341066352,49.815237109973914],[6.669005798552462,49.815238507653461],[6.669007958111116,49.815193573200617],[6.669010117664341,49.815148638747374],[6.669079575027467,49.815150036380899],[6.669081734511055,49.81510510192502],[6.669151191815406,49.815106499514755],[6.669153351229358,49.81506156505624],[6.669155510637881,49.815016630597306],[6.66922496781925,49.815018028141026],[6.669227127158138,49.81497309367947],[6.669229286491595,49.814928159217494],[6.669298743549984,49.8149295567152],[6.669300902813807,49.814884622250595],[6.6693030620722,49.814839687785572],[6.669372519007609,49.814841085237262],[6.669374678196368,49.814796150769617],[6.669376837379698,49.814751216301545],[6.6693789965576,49.814706281833054],[6.669448453305821,49.81470767923652],[6.669517910059474,49.814709076598398],[6.669520069103537,49.814664142125075],[6.669589525798413,49.814665539443148],[6.669591684772842,49.814620604967203],[6.669593843741843,49.814575670490825],[6.669663300313741,49.81457706776289],[6.669665459213109,49.814532133283883],[6.669734915726233,49.814533530512143],[6.669737074555968,49.814488596030529],[6.669739233380275,49.814443661548474],[6.669741392199155,49.814398727066006],[6.669810848525095,49.814400124246049],[6.669880304856463,49.814401521384482],[6.669882463541507,49.814356586897198],[6.669951919814102,49.81435798399184],[6.669954078429514,49.814313049501912],[6.669956237039498,49.814268115011565],[6.670025693189115,49.814269512060207],[6.67009514934416,49.814270909067233],[6.670097307820308,49.814225974572061],[6.67016676391658,49.814227371535296],[6.670168922323099,49.814182437037488],[6.670238378360596,49.814183833956918],[6.670240536697485,49.814138899456474],[6.670309992676206,49.81414029633212],[6.670312150943464,49.814095361829061],[6.67038160686341,49.814096758660895],[6.67038376506104,49.814051824155207],[6.670453220922211,49.814053220943229],[6.670455379050212,49.81400828643492],[6.670457537172786,49.813963351926191],[6.670459695289934,49.813918417417035],[6.670461853401657,49.813873482907454],[6.670392397797297,49.813872086128249],[6.670394555967795,49.813827151620472],[6.670325100433065,49.81382575480189],[6.670327258662342,49.813780820295896],[6.670396714132869,49.813782217112276],[6.670398872292514,49.81373728260364],[6.670468327704268,49.813738679376222],[6.670470485794286,49.813693744864985],[6.670539941147267,49.813695141593755],[6.670542099167657,49.813650207079881],[6.670544257182623,49.813605272565574],[6.670613712412626,49.813606669248351],[6.670683167648058,49.813608065889525],[6.670752622888917,49.813609462489104],[6.670822078135203,49.813610859047095],[6.670824235887936,49.813565924523559],[6.670893691075448,49.813567321037752],[6.670895848758555,49.813522386511586],[6.670965303887293,49.813523782981967],[6.670967461500775,49.813478848453173],[6.671036916570737,49.813480244879763],[6.671039074114591,49.813435310348346],[6.671108529125781,49.813436706731139],[6.67111068660001,49.813391772197086],[6.671180141552425,49.813393168536081],[6.671249596510265,49.81339456483348],[6.671247439164437,49.813439499371945],[6.671316894191905,49.813440895629952],[6.671386349224798,49.813442291846378],[6.671382034773678,49.813532160930862],[6.6714514899404,49.813533557110091],[6.671520945112548,49.813534953247746],[6.671590400290122,49.813536349343806],[6.671659855473122,49.813537745398264],[6.671729310661546,49.813539141411127],[6.671731467568812,49.81349420685806],[6.67180092269846,49.813495602827132],[6.671870377833534,49.813496998754609],[6.67193983297403,49.813498394640483],[6.672009288119954,49.813499790484769],[6.67201144476499,49.813454855922473],[6.672080899852135,49.813456251722968],[6.672083056427549,49.813411317158028],[6.672152511455917,49.813412712914712],[6.672154667961709,49.813367778347157],[6.672224122931299,49.81336917406005],[6.672226279367468,49.813324239489859],[6.672228435798214,49.813279304919241],[6.672297890644828,49.813280700586127],[6.67230004700595,49.813235766012902],[6.672302203361652,49.81319083143925],[6.672304359711934,49.81314589686518],[6.672234905057921,49.813144501204903],[6.67223706146698,49.81309956663263],[6.672239217870618,49.813054632059924],[6.672241374268835,49.813009697486798],[6.672310828730247,49.813011093140453],[6.672312985058842,49.81296615856472],[6.672382439461478,49.812967554174577],[6.672451893869536,49.812968949742839],[6.67252134828302,49.812970345269513],[6.672523504413594,49.812925410686717],[6.672592958768301,49.812926806169592],[6.672662413128429,49.812928201610873],[6.672664569125184,49.812883267023267],[6.672734023426537,49.812884662420757],[6.672803477733313,49.812886057776637],[6.672805633596249,49.812841123184214],[6.672875087844246,49.812842518496296],[6.672944542097667,49.812843913766805],[6.673013996356509,49.812845308995712],[6.673016152021428,49.812800374396232],[6.673085606221492,49.812801769581348],[6.673155060426979,49.812803164724869],[6.673224514637887,49.812804559826802],[6.673226670104789,49.812759625220281],[6.67329612425692,49.812761020278415],[6.673365578414471,49.812762415294962],[6.673367733747556,49.812717480683624],[6.673437187846329,49.812718875656365],[6.673506641950524,49.812720270587519],[6.67357609606014,49.812721665477085],[6.673578251195208,49.812676730858705],[6.673647705246045,49.812678125704473],[6.673717159302304,49.812679520508645],[6.673786613363981,49.81268091527123],[6.673788768301034,49.812635980645815],[6.673858222303935,49.812637375364602],[6.673927676312254,49.812638770041794],[6.673997130325994,49.812640164677397],[6.673999285065033,49.81259523004497],[6.674068739019993,49.812596624636768],[6.674066584345152,49.812641559271405],[6.674136038369729,49.812642953823818],[6.674133883753671,49.812687888460246],[6.674203337847866,49.812689282973281],[6.674201183290588,49.812734217611485],[6.674270637454402,49.812735612085135],[6.674340091623637,49.812737006517168],[6.674409545798287,49.812738400907641],[6.674407391428191,49.812783335552034],[6.67447684567246,49.8127847299031],[6.674474691361146,49.812829664549298],[6.674544145675034,49.812831058860972],[6.674613599994341,49.812832453131051],[6.674683054319065,49.812833847359556],[6.674752508649208,49.812835241546466],[6.674821962984767,49.812836635691774],[6.674891417325745,49.812838029795486],[6.674893571251863,49.81279309513608],[6.674963025534059,49.812794489196008],[6.675032479821673,49.812795883214335],[6.675101934114704,49.812797277191081],[6.675104087842807,49.812752342524647],[6.675173542077054,49.812753736457587],[6.675242996316721,49.812755130348933],[6.675240842717017,49.812800065019779],[6.675310297026297,49.812801458871739],[6.675379751340995,49.812802852682118],[6.67544920566111,49.812804246450888],[6.675451359068216,49.812759311773448],[6.675520813329546,49.812760705498434],[6.675590267596294,49.812762099181825],[6.675659721868457,49.812763492823628],[6.675661875077551,49.812718558139139],[6.675731329290931,49.812719951737151],[6.675800783509725,49.812721345293561],[6.675870237733936,49.812722738808382],[6.675872390745019,49.812677804116881],[6.675941844910445,49.812679197587904],[6.676011299081287,49.812680591017333],[6.676013451958558,49.812635656321014],[6.676082906070615,49.812637049706652],[6.676152360188087,49.812638443050702],[6.676154512931547,49.812593508349536],[6.676223966990235,49.812594901649796],[6.676226119664084,49.812549966946023],[6.67622827233252,49.812505032241837],[6.676158818402232,49.812503638945984],[6.676160971129455,49.812458704243575],[6.676091517268778,49.812457310908329],[6.676022063413517,49.812455917531501],[6.675952609563669,49.812454524113079],[6.675954762478075,49.812409589416852],[6.676024216263724,49.812410982833079],[6.676093670054787,49.81241237620771],[6.676163123851266,49.812413769540747],[6.676232577653159,49.812415162832195],[6.676302031460466,49.812416556082042],[6.676371485273187,49.8124179492903],[6.676440939091322,49.812419342456977],[6.676510392914871,49.812420735582052],[6.676579846743834,49.812422128665546],[6.676718754417999,49.812424914707734],[6.676788208263202,49.812426307666449],[6.676790360401816,49.812381372943392],[6.676859814188233,49.81238276585831],[6.676929267980063,49.812384158731639],[6.676998721777306,49.812385551563381],[6.677000873717915,49.812340616833289],[6.677003025653113,49.812295682102778],[6.677072479327371,49.812297074888519],[6.677141933007044,49.812298467632665],[6.677144084808435,49.812253532897344],[6.677146236604417,49.812208598161597],[6.677215690161105,49.812209990859756],[6.677217841887478,49.812165056121401],[6.67728729538538,49.81216644877577],[6.677426202397418,49.812169233959715],[6.677495655911555,49.812170626489305],[6.67749780737573,49.81212569174172],[6.677499958834494,49.812080756993701],[6.677569412225647,49.812082149477298],[6.677571563614806,49.812037214726672],[6.677641016947173,49.812038607166478],[6.67771047028495,49.812039999564689],[6.677779923628139,49.812041391921312],[6.677782074819297,49.811996457163673],[6.677851528103699,49.811997849476491],[6.677853679225251,49.811952914716223],[6.677923132450866,49.811954306985271],[6.677925283502813,49.811909372222388],[6.677994736669642,49.811910764447632],[6.67806418984188,49.811912156631287],[6.678066340760027,49.811867221863587],[6.678068491672764,49.81182228709546],[6.678137944722019,49.811823679233129],[6.678140095565153,49.811778744462387],[6.678209548555621,49.811780136556244],[6.678211699329152,49.811735201782895],[6.678281152260834,49.811736593832975],[6.67828330296476,49.811691659056997],[6.678422208715959,49.811694443027982],[6.678491661599672,49.811695834951095],[6.678493812105603,49.811650900168104],[6.678563264930529,49.811652292047413],[6.678565415366857,49.811607357261799],[6.678634868132995,49.811608749097331],[6.678637018499722,49.811563814309089],[6.678775923919833,49.811566597850977],[6.678845376638,49.811567989559542],[6.678914829361576,49.811569381226491],[6.678916979466112,49.811524446429054],[6.6789864321309,49.811525838052226],[6.679055884801096,49.811527229633811],[6.679058034771836,49.811482294831535],[6.679127487383243,49.811483686369328],[6.679196940000058,49.811485077865534],[6.679199089837002,49.811440143058448],[6.679268542395029,49.811441534510863],[6.679337994958463,49.811442925921696],[6.679407447527303,49.81144431729092],[6.679409597166256,49.811399382476814],[6.679479049676306,49.811400773802269],[6.679548502191765,49.811402165086122],[6.679617954712629,49.811403556328379],[6.679620104153592,49.81135862150726],[6.679689556615667,49.811360012705741],[6.679759009083148,49.811361403862627],[6.679828461556035,49.811362794977924],[6.67983061079901,49.811317860149785],[6.679900063213107,49.811319251221285],[6.679902212386482,49.811274316390545],[6.67997166474179,49.811275707418261],[6.679973813845567,49.811230772584892],[6.679975962943941,49.811185837751104],[6.680045415176265,49.81118722873282],[6.680047564205041,49.811142293896431],[6.680117016378576,49.811143684834356],[6.680119165337755,49.811098749995345],[6.680188617452499,49.811100140889508],[6.680190766342082,49.811055206047861],[6.680260218398037,49.811056596898226],[6.680262367218022,49.811011662053978],[6.680264516032606,49.810966727209305],[6.680266664841787,49.810921792364219],[6.680336116710564,49.810923183166402],[6.680338265450148,49.810878248318694],[6.680340414184332,49.81083331347056],[6.680409865930127,49.810834704226757],[6.680412014594714,49.810789769376022],[6.680414163253899,49.810744834524861],[6.680483614876713,49.810746225235064],[6.680485763466304,49.810701290381296],[6.680555215030327,49.810702681047701],[6.680557363550322,49.810657746191325],[6.680626815055557,49.810659136813946],[6.680628963505958,49.810614201954941],[6.680698414952403,49.810615592533786],[6.680700563333211,49.810570657672159],[6.680702711708617,49.810525722810127],[6.68077216303208,49.810527113342978],[6.680774311337892,49.810482178478317],[6.680843762602567,49.810483568967399],[6.680845910838785,49.810438634100123],[6.680915362044671,49.810440024545407],[6.680917510211298,49.810395089675509],[6.680919658372524,49.810350154805192],[6.680989109455428,49.810351545204497],[6.680991257547062,49.810306610331573],[6.681060708571177,49.810308000687087],[6.681062856593218,49.810263065811547],[6.681132307558544,49.810264456123285],[6.681134455510994,49.810219521245124],[6.681203906417531,49.810220911513063],[6.681206054300389,49.810175976632294],[6.681275505148137,49.81017736685645],[6.681277652961405,49.810132431973067],[6.681279800769271,49.810087497089256],[6.681349251494039,49.810088887267426],[6.681351399232317,49.810043952381001],[6.681420849898295,49.81004534251538],[6.681422997566981,49.810000407626355],[6.681425145230269,49.809955472736895],[6.681494595773267,49.809956862825295],[6.681496743366965,49.809911927933229],[6.681566193851174,49.809913317977852],[6.681568341375283,49.809868383083163],[6.681637791800705,49.809869773083989],[6.681639939255223,49.809824838186692],[6.681709389621855,49.809826228143727],[6.681711537006785,49.809781293243823],[6.681780987314629,49.809782683157081],[6.68178313462997,49.809737748254555],[6.681852584879024,49.80973913812403],[6.681854732124776,49.809694203218882],[6.681924182315042,49.809695593044573],[6.681926329491207,49.809650658136817],[6.681995779622683,49.809652047918725],[6.68199792672926,49.809607113008347],[6.682067376801946,49.809608502746471],[6.682069523838937,49.809563567833472],[6.682138973852833,49.809564957527819],[6.682141120820237,49.809520022612205],[6.682210570775346,49.809521412262768],[6.682212717673162,49.809476477344546],[6.682214864565583,49.809431542425898],[6.682217011452604,49.809386607506852],[6.68221915833423,49.809341672587372],[6.682288608037982,49.809343062187558],[6.682358057747133,49.809344451746149],[6.682427507461685,49.809345841263159],[6.682429654145348,49.809300906336659],[6.682431800823613,49.809255971409776],[6.682501250415187,49.809257360880792],[6.682503397023868,49.80921242595128],[6.682505543627152,49.809167491021334],[6.682574993095748,49.8091688804464],[6.682577139629449,49.809123945513853],[6.682579286157751,49.809079010580881],[6.682648735503371,49.809080399959946],[6.682650881962091,49.809035465024358],[6.682653028415414,49.808990530088359],[6.68265517486334,49.808945595151954],[6.682724624021798,49.80894698448283],[6.682726770400142,49.808902049543811],[6.682728916773089,49.808857114604365],[6.68279836580857,49.808858503889269],[6.682800512111934,49.808813568947208],[6.682802658409905,49.808768634004721],[6.682804804702476,49.808723699061822],[6.682806950989654,49.808678764118497],[6.682876399773788,49.808680153353052],[6.682878545991383,49.808635218407119],[6.682880692203582,49.808590283460767],[6.682882838410388,49.808545348513995],[6.682884984611797,49.808500413566804],[6.68288713080781,49.808455478619202],[6.682956579276413,49.808456867801176],[6.682958725402846,49.808411932850952],[6.682960871523882,49.808366997900315],[6.682963017639523,49.808322062949266],[6.68296516374977,49.808277127997791],[6.683034611967028,49.808278517129402],[6.683036758007694,49.808233582175312],[6.683106206166167,49.808234971263147],[6.683175654330035,49.808236360309394],[6.683177800236938,49.8081914253505],[6.68324724834202,49.808192814352957],[6.683249394179342,49.808147879391434],[6.683318842225637,49.808149268350121],[6.683320987993381,49.808104333385998],[6.683390435980887,49.808105722300901],[6.683392581679053,49.808060787334163],[6.683462029607772,49.808062176205283],[6.683464175236359,49.80801724123593],[6.683533623106289,49.808018630063273],[6.683603070981618,49.808020018849014],[6.683605216476443,49.807975083874858],[6.683674664292981,49.807976472616836],[6.683744112114917,49.807977861317219],[6.683813559942247,49.807979249976015],[6.683815705239128,49.80793431499486],[6.683885153007671,49.807935703609878],[6.683887298234976,49.807890768626088],[6.68395674594473,49.80789215719733],[6.683958891102457,49.807847222210953],[6.684028338753423,49.807848610738411],[6.684030483841575,49.807803675749412],[6.684099931433751,49.807805064233079],[6.684102076452327,49.807760129241458],[6.684171523985717,49.807761517681371],[6.684173668934716,49.807716582687149],[6.684243116409317,49.807717971083257],[6.684312563889311,49.807719359437804],[6.684314708704554,49.807674424438758],[6.684316853514404,49.807629489439307],[6.684386300871427,49.807630877747862],[6.684455748233844,49.807632266014835],[6.684457892909938,49.807587331010581],[6.684527340213567,49.807588719233777],[6.684529484820085,49.807543784226908],[6.684598932064925,49.807545172406321],[6.68460107660187,49.807500237396845],[6.684670523787921,49.807501625532481],[6.684739970979366,49.807503013626523],[6.684742115382555,49.807458078612243],[6.68481156251521,49.807459466662515],[6.684813706848827,49.807414531645605],[6.684883153922693,49.807415919652108],[6.684885298186738,49.807370984632584],[6.684954745201814,49.807372372595303],[6.684956889396287,49.807327437573178],[6.685026336352575,49.807328825492121],[6.685028480477475,49.807283890467374],[6.685097927374974,49.80728527834254],[6.685167374277865,49.807286666176111],[6.685236821186148,49.807288053968108],[6.685238965113112,49.80724311893637],[6.685308411962606,49.807244506684576],[6.685377858817492,49.807245894391194],[6.685380002610705,49.80720095935466],[6.685449449406801,49.807202347017508],[6.685518896208288,49.807203734638769],[6.685521039867749,49.807158799597424],[6.685590486610446,49.807160187174915],[6.685659933358534,49.807161574710811],[6.685662076884244,49.807116639664663],[6.685731523573542,49.807118027156783],[6.685733667029681,49.807073092108034],[6.685803113660189,49.80707447955637],[6.685872560296088,49.807075866963132],[6.685874703618476,49.807030931909566],[6.685944150195584,49.807032319272551],[6.686013596778083,49.807033706593941],[6.686015739966723,49.806988771535586],[6.686085186490431,49.806990158813214],[6.686087329609503,49.80694522375223],[6.686156776074419,49.806946610986067],[6.686226222544726,49.80694799817833],[6.686228365530049,49.806903063112543],[6.686297811941565,49.80690445026103],[6.68629995485732,49.806859515192649],[6.686369401210045,49.806860902297345],[6.686438847568158,49.806862289360467],[6.686440990350166,49.806817354287276],[6.686510436649489,49.806818741306621],[6.686579882954201,49.806820128284386],[6.686582025602462,49.806775193206377],[6.686651471848382,49.806776580140358],[6.686720918099692,49.806777967032765],[6.686723060614205,49.806733031949967],[6.686792506806722,49.806734418798598],[6.686861953004628,49.806735805605634],[6.686931399207921,49.806737192371088],[6.68693354152451,49.806692257281291],[6.687002987669011,49.806693644002976],[6.6870724338189,49.806695030683073],[6.687074576001744,49.806650095588473],[6.687144022092841,49.806651482224794],[6.687213468189326,49.806652868819533],[6.687215610238426,49.806607933720137],[6.687217752282141,49.806562998620322],[6.687287198255653,49.806564385169089],[6.687289340229803,49.806519450066666],[6.687358786144523,49.806520836571657],[6.68736092804911,49.806475901466634],[6.687430373905038,49.806477287927855],[6.687499819766352,49.806478674347495],[6.687569265633054,49.806480060725534],[6.687571407339718,49.806435125613511],[6.687640853147626,49.806436511947794],[6.68771029896092,49.806437898240482],[6.687779744779601,49.806439284491596],[6.687849190603667,49.806440670701107],[6.687918636433119,49.806442056869052],[6.688057528108178,49.806444829080178],[6.688059669360207,49.806399893952403],[6.688129115141637,49.806401279993395],[6.688126973953787,49.806446215123366],[6.688265865661157,49.806448987084991],[6.688404757390066,49.806451758880279],[6.688474203262598,49.806453144715547],[6.688543649140514,49.806454530509221],[6.688541508332356,49.806499465651925],[6.688539367518818,49.806544400794188],[6.688608813530476,49.806545786550664],[6.688747705569944,49.806548557938875],[6.688817151597753,49.806549943570602],[6.688886597630946,49.806551329160747],[6.688956043669521,49.806552714709312],[6.688958184097983,49.806507779553897],[6.689027630077763,49.806509165058692],[6.689097076062925,49.806510550521892],[6.68916652205347,49.806511935943504],[6.689235968049398,49.806513321323543],[6.689305414050708,49.806514706661986],[6.689303273943144,49.806559641828343],[6.689372720014017,49.806561027127401],[6.689442166090272,49.806562412384864],[6.689444306069476,49.806517477214129],[6.689513752086933,49.806518862427836],[6.68958319810977,49.806520247599948],[6.689652644137991,49.806521632730473],[6.689722090171593,49.806523017819416],[6.689791536210575,49.806524402866771],[6.689860982254939,49.806525787872559],[6.689863121843687,49.80648085268826],[6.689932567829253,49.806482237650258],[6.689934707348442,49.806437302463365],[6.689936846862252,49.806392367276054],[6.690006292724839,49.806393752192093],[6.690008432169092,49.806348817002167],[6.690010571607968,49.806303881811822],[6.690012711041463,49.806258946621064],[6.690082156716895,49.806260331488971],[6.690084296080834,49.806215396295592],[6.690014850469582,49.80621401142988],[6.690016989892321,49.806169076238291],[6.690086435439396,49.806170461101807],[6.690088574792577,49.806125525907611],[6.690158020280854,49.80612691072735],[6.690227465774509,49.806128295505509],[6.690229604993958,49.806083360306509],[6.690299050428815,49.806084745040899],[6.690368495869054,49.8060861297337],[6.690370634954768,49.806041194529897],[6.690440080336208,49.806042579178921],[6.690437941314672,49.80608751438492],[6.690507386765669,49.806088898994545],[6.690505247802934,49.806133834202306],[6.690574693323487,49.806135218772539],[6.690572554419553,49.806180153982055],[6.690570415510242,49.806225089191152],[6.690639861164533,49.806226473724195],[6.690637722314024,49.806271408935068],[6.690635583458138,49.806316344145522],[6.690705029246166,49.806317728641346],[6.690702890449082,49.806362663853577],[6.69070075164662,49.806407599065388],[6.690770197568386,49.806408983524001],[6.690768058824728,49.806453918737567],[6.690765920075694,49.806498853950743],[6.690835366131196,49.806500238372152],[6.690833227440965,49.806545173587082],[6.690831088745356,49.806590108801593],[6.690900534934598,49.806591493185792],[6.690898396297793,49.806636428402079],[6.690967842556594,49.806637812746871],[6.690965703978593,49.806682747964949],[6.690963565395216,49.806727683182579],[6.691033011787756,49.806729067490174],[6.691102458185674,49.806730451756174],[6.691100319725282,49.806775386977769],[6.691098181259513,49.806820322198952],[6.691167627791171,49.806821706427755],[6.691165489384209,49.806866641650693],[6.691234935985426,49.806868025840096],[6.691232797637268,49.806912961064818],[6.691230659283734,49.806957896289113],[6.691300106018693,49.806959280441319],[6.691297967723965,49.807004215667376],[6.691367414528481,49.807005599780176],[6.69136527629256,49.807050535008017],[6.691434723166636,49.80705191908141],[6.691504170046089,49.807053303113236],[6.691573616930922,49.807054687103459],[6.691571478882171,49.807099622337446],[6.691640925836562,49.807101006288278],[6.691710372796328,49.807102390197521],[6.691779819761472,49.80710377406519],[6.691777681899892,49.807148709305316],[6.691775544032938,49.807193644545023],[6.69170609693943,49.807192260672977],[6.691703959002919,49.807237195910083],[6.69177340616061,49.807238579784304],[6.691771268282906,49.807283515023187],[6.691701821061033,49.807282131146771],[6.691697545161136,49.807372001618894],[6.691766992511376,49.807373385499666],[6.691764854617548,49.807418320737284],[6.691834302037348,49.807419704578678],[6.69183216420233,49.807464639818065],[6.691830026361936,49.80750957505704],[6.69189947391548,49.807510958861208],[6.691968921474398,49.807512342623802],[6.691966783756998,49.807557277866735],[6.691964646034223,49.807602213109249],[6.692034093726887,49.807603596834625],[6.692031956062922,49.8076485320789],[6.692101403825146,49.807649915764877],[6.692099266219991,49.807694851010929],[6.692168714051776,49.807696234657506],[6.692166576505431,49.807741169905327],[6.692236024406775,49.807742553512497],[6.692233886919243,49.807787488762081],[6.692303334890147,49.807788872329866],[6.692301197461424,49.807833807581225],[6.692370645501888,49.807835191109611],[6.692368508131977,49.807880126362733],[6.692437956242004,49.807881509851718],[6.692435818930904,49.807926445106595],[6.692505267110489,49.807927828556188],[6.692503129858202,49.807972763812849],[6.692572578107351,49.807974147223035],[6.692570440913875,49.808019082481465],[6.692639889232582,49.808020465852245],[6.692637752097919,49.808065401112444],[6.692707200486187,49.808066784443817],[6.692705063410338,49.808111719705799],[6.692774511868166,49.80811310299778],[6.69277237485113,49.80815803826151],[6.692841823378518,49.808159421514091],[6.692839686420297,49.808204356779598],[6.692909135017246,49.808205739992765],[6.692906998117837,49.808250675260055],[6.692976446784347,49.808252058433837],[6.692974309943754,49.808296993702868],[6.693043758679825,49.80829837683725],[6.693041621898044,49.80834331210805],[6.693111070703677,49.808344695203033],[6.693108933980712,49.80838963047561],[6.693178382855905,49.808391013531192],[6.693176246191755,49.808435948805545],[6.693245695136508,49.808437331821715],[6.693243558531175,49.808482267097823],[6.693313007545489,49.808483650074599],[6.693310870998973,49.808528585352484],[6.693380320082846,49.808529968289854],[6.693378183595145,49.8085749035695],[6.693447632748581,49.808576286467471],[6.693445496319696,49.808621221748886],[6.693514945542693,49.808622604607464],[6.693512809172625,49.808667539890642],[6.693582258465185,49.808668922709806],[6.693580122153934,49.808713857994761],[6.693649571516053,49.808715240774525],[6.693647435263618,49.808760176061263],[6.693716884695299,49.808761558801621],[6.693714748501683,49.808806494090113],[6.693784198002925,49.808807876791072],[6.693782061868128,49.808852812081312],[6.69385151143893,49.808854194742878],[6.693849375362951,49.808899130034902],[6.693918825003315,49.808900512657061],[6.693916688986155,49.808945447950848],[6.693986138696079,49.8089468305336],[6.693984002737738,49.808991765829155],[6.694053452517224,49.808993148372515],[6.694051316617703,49.809038083669833],[6.694049180712812,49.809083018966753],[6.694118630626049,49.80908440147288],[6.694116494779977,49.809129336771555],[6.694185944762777,49.80913071923829],[6.694255394750947,49.809132101663408],[6.694253259027884,49.809177036966055],[6.694322709085617,49.809178419351788],[6.694320573421376,49.809223354656183],[6.694390023548668,49.809224737002516],[6.69438788794325,49.809269672308687],[6.694385752332461,49.809314607614432],[6.694383616716303,49.809359542919765],[6.694381481094775,49.809404478224671],[6.694450931484202,49.809405860538149],[6.694448795921498,49.809450795844825],[6.694518246380486,49.809452178118903],[6.694587696844845,49.809453560351386],[6.694657147314575,49.809454942542303],[6.694726597789677,49.809456324691617],[6.694724462478367,49.809501260006613],[6.694793913023029,49.80950264211652],[6.694791777770544,49.809547577433271],[6.694789642512689,49.809592512749646],[6.694859093191105,49.809593894822321],[6.694856957992073,49.809638830140429],[6.694926408740051,49.809640212173719],[6.694924273599844,49.809685147493603],[6.694993724417382,49.809686529487479],[6.694991589335999,49.809731464809126],[6.695061040223101,49.809732846763595],[6.695058905200542,49.809777782087011],[6.695128356157205,49.80977916400208],[6.695126221193472,49.809824099327258],[6.695195672219697,49.809825481202921],[6.695193537314787,49.809870416529876],[6.695262988410575,49.809871798366132],[6.69526085356449,49.809916733694848],[6.695330304729842,49.809918115491705],[6.695328169942583,49.809963050822176],[6.695397621177495,49.809964432579619],[6.695395486449063,49.810009367911867],[6.695464937753536,49.81001074962991],[6.695462803083931,49.81005568496392],[6.695532254457968,49.81005706664255],[6.695530119847189,49.810102001978329],[6.695599571290788,49.810103383617559],[6.695597436738836,49.810148318955108],[6.695666888251997,49.810149700554931],[6.69566475375887,49.810194635894241],[6.695734205341595,49.810196017454651],[6.695732070907297,49.810240952795731],[6.695801522559583,49.81024233431674],[6.695799388184113,49.81028726965959],[6.695868839905962,49.810288651141185],[6.695866705589321,49.810333586485797],[6.695936157380731,49.810334967927986],[6.69593402312292,49.810379903274359],[6.696003474983893,49.810381284677156],[6.696001340784909,49.810426220025299],[6.696070792715444,49.810427601388682],[6.696068658575291,49.81047253673858],[6.696138110575387,49.810473918062563],[6.696135976494062,49.810518853414237],[6.696205428563723,49.810520234698807],[6.696203294541228,49.81056517005225],[6.696272746680451,49.810566551297399],[6.696270612716788,49.810611486652597],[6.696340064925572,49.810612867858353],[6.696337931020738,49.810657803215328],[6.696407383299087,49.81065918438167],[6.696405249453083,49.810704119740407],[6.696403115601716,49.810749055098718],[6.696472568013823,49.810750436227849],[6.696470434221285,49.810795371587929],[6.696539886702956,49.810796752677639],[6.696537752969251,49.810841688039481],[6.696607205520484,49.810843069089792],[6.696605071845611,49.810888004453396],[6.696674524466407,49.810889385464293],[6.696743977092571,49.810890766433594],[6.696741843540726,49.810935701801156],[6.696811296236451,49.810937082731058],[6.696809162743439,49.810982018100383],[6.696878615508728,49.810983398990864],[6.69687648207455,49.811028334361957],[6.696945934909401,49.811029715213031],[6.696943801534056,49.811074650585894],[6.69701325443847,49.811076031397562],[6.69708270734825,49.811077412167641],[6.697152160263395,49.811078792896119],[6.697221613183905,49.811080173583015],[6.697219480059987,49.811125108964191],[6.697288933050059,49.811126489611681],[6.697286799984976,49.811171424994605],[6.697356253044612,49.811172805602688],[6.697354120038362,49.811217740987374],[6.697351987026749,49.811262676371655],[6.697349854009776,49.811307611755517],[6.697347720987437,49.811352547138974],[6.697345587959737,49.81139748252199],[6.697415041345728,49.811398863099384],[6.697412908376864,49.811443798484177],[6.697482361832418,49.811445179022165],[6.697480228922391,49.811490114408713],[6.697549682447509,49.811491494907287],[6.697547549596317,49.811536430295611],[6.697617003190998,49.811537810754778],[6.697614870398644,49.811582746144865],[6.697684324062888,49.811584126564611],[6.69768219132937,49.811629061956474],[6.697751645063178,49.811630442336821],[6.697749512388498,49.811675377730431],[6.697818966191871,49.811676758071357],[6.697816833576028,49.811721693466737],[6.697886287448965,49.811723073768256],[6.69788415489196,49.811768009165405],[6.697953608834458,49.811769389427511],[6.697951476336293,49.811814324826422],[6.698020930348356,49.811815705049113],[6.698018797909028,49.811860640449801],[6.698088251990654,49.811862020633086],[6.698086119610166,49.811906956035521],[6.698155573761357,49.811908336179393],[6.698153441439708,49.811953271583597],[6.698222895660463,49.811954651688048],[6.698220763397653,49.811999587094022],[6.698290217687971,49.812000967159072],[6.698288085484003,49.812045902566794],[6.698357539843885,49.812047282592445],[6.698355407698754,49.812092218001929],[6.698424862128202,49.812093597988159],[6.698422730041913,49.81213853339942],[6.698492184540923,49.812139913346236],[6.698490052513475,49.812184848759252],[6.69855950708205,49.812186228666661],[6.698557375113443,49.812231164081446],[6.698626829751581,49.812232543949442],[6.698624697841816,49.812277479365989],[6.698622565926692,49.812322414782109],[6.698692020698595,49.812323794612873],[6.698689888842313,49.812368730030762],[6.698759343683781,49.812370109822119],[6.698757211886341,49.812415045241771],[6.698826666797374,49.812416424993714],[6.698824535058776,49.812461360415121],[6.698893990039374,49.81246274012765],[6.69889185835962,49.812507675550833],[6.698961313409781,49.812509055223934],[6.698959181788871,49.812553990648894],[6.699028636908596,49.812555370282588],[6.699026505346528,49.812600305709303],[6.699095960535818,49.812601685303591],[6.699093829032595,49.812646620732053],[6.69916328429145,49.81264800028692],[6.699161152847071,49.812692935717159],[6.69923060817549,49.812694315232612],[6.699228476789956,49.812739250664599],[6.699297932187938,49.812740630140659],[6.69929580086125,49.812785565574423],[6.699365256328798,49.812786945011048],[6.699363125060954,49.812831880446581],[6.699432580598067,49.812833259843792],[6.699430449389069,49.812878195281073],[6.699499904995747,49.812879574638878],[6.699497773845594,49.812924510077927],[6.699567229521835,49.812925889396318],[6.69956509843053,49.81297082483713],[6.699634554176336,49.812972204116107],[6.699632423143877,49.813017139558674],[6.699701878959249,49.813018518798231],[6.69977133477998,49.813019897996206],[6.699840790606071,49.813021277152579],[6.699838659760869,49.813066212601278],[6.699908115656525,49.813067591718223],[6.69990598487017,49.813112527168691],[6.699975440835391,49.813113906246237],[6.699973310107882,49.813158841698453],[6.700042766142667,49.813160220736577],[6.700040635474009,49.813205156190563],[6.700110091578357,49.813206535189273],[6.700179547688066,49.813207914146389],[6.700177417142461,49.813252849604311],[6.700246873321734,49.813254228522013],[6.700244742834977,49.813299163981696],[6.700242612342866,49.813344099440975],[6.70031206865591,49.81334547832143],[6.700309938222645,49.813390413782479],[6.700379394605253,49.813391792623527],[6.700448850993221,49.81339317142298],[6.700446720683014,49.813438106887943],[6.700444590367451,49.813483042352509],[6.700514046889189,49.813484421114715],[6.700511916632476,49.813529356581043],[6.700581373223779,49.813530735303836],[6.700579243025917,49.813575670771925],[6.700648699686785,49.813577049455304],[6.700646569547774,49.813621984925149],[6.700716026278207,49.813623363569107],[6.700713896198048,49.813668299040728],[6.700783352998045,49.813669677645279],[6.700781222976738,49.813714613118648],[6.7008506798463,49.813715991683779],[6.700848549883845,49.81376092715891],[6.700779092950075,49.813759548591598],[6.700776962918056,49.813804484064129],[6.700774832880684,49.813849419536226],[6.700844289942869,49.8138507981079],[6.700842159964347,49.813895733581781],[6.700911617096098,49.813897112114034],[6.70090948717643,49.813942047589684],[6.700978944377748,49.81394342608251],[6.700976814516932,49.813988361559922],[6.701046271787814,49.813989740013334],[6.701044141985853,49.814034675492501],[6.7011135993263,49.814036053906506],[6.701111469583194,49.814080989387421],[6.701180926993207,49.814082367761998],[6.701250384408578,49.814083746094994],[6.701248254788533,49.814128681579859],[6.701246125163133,49.814173617064306],[6.701315582712279,49.814174995360055],[6.701313453145735,49.814219930846257],[6.701382910764444,49.814221309102585],[6.701380781256756,49.814266244590563],[6.701450238945032,49.814267622807478],[6.701448109496198,49.814312558297203],[6.70151756725404,49.814313936474711],[6.701515437864063,49.814358871966185],[6.701584895691472,49.814360250104265],[6.701582766360349,49.814405185597515],[6.701652224257324,49.814406563696181],[6.701650094985057,49.814451499191193],[6.701719552951599,49.814452877250439],[6.70171742373819,49.814497812747199],[6.701786881774296,49.814499190767023],[6.701784752619744,49.814544126265559],[6.701854210725417,49.814545504245963],[6.701852081629722,49.814590439746254],[6.70192153980496,49.814591817687244],[6.701919410768124,49.814636753189298],[6.701988869012928,49.814638131090859],[6.70198674003495,49.814683066594675],[6.702056198349321,49.814684444456823],[6.702054069430202,49.814729379962394],[6.702123527814137,49.814730757785121],[6.702121398953876,49.814775693292461],[6.70219085740738,49.81477707107576],[6.702188728605977,49.814822006584855],[6.702258187129046,49.814823384328747],[6.702256058386502,49.814868319839611],[6.702325516979139,49.814869697544083],[6.702323388295454,49.814914633056688],[6.702392846957656,49.814916010721745],[6.702390718332832,49.814960946236127],[6.7024601770646,49.814962323861749],[6.702458048498636,49.815007259377893],[6.702527507299972,49.815008636964102],[6.702525378792869,49.815053572481993],[6.70259483766377,49.815054950028781],[6.702592709215527,49.815099885548435],[6.702662168155995,49.815101263055816],[6.702660039766614,49.815146198577239],[6.702729498776648,49.815147576045185],[6.702727370446128,49.815192511568362],[6.702725242110258,49.815237447091121],[6.702794701254072,49.815238824521813],[6.702792572977063,49.815283760046341],[6.702862032190443,49.815285137437627],[6.702859903972298,49.815330072963903],[6.702929363255245,49.81533145031576],[6.702927235095961,49.815376385843813],[6.702996694448474,49.815377763156256],[6.702994566348055,49.815422698686042],[6.702992438242283,49.815467634215437],[6.703061897728579,49.81546901149062],[6.703059769681671,49.81551394702177],[6.703129229237533,49.815515324257547],[6.703127101249489,49.815560259790445],[6.703196560874918,49.815561636986793],[6.703194432945739,49.815606572521467],[6.703192305011208,49.815651508055701],[6.703261764770419,49.815652885214824],[6.703259636894753,49.81569782075082],[6.703329096723532,49.815699197870501],[6.703326968906731,49.81574413340828],[6.703396428805076,49.81574551048854],[6.703394301047141,49.815790446028061],[6.703392173283855,49.815835381567162],[6.703461633315983,49.815836758610189],[6.703459505611563,49.815881694151052],[6.70352896571326,49.815883071154644],[6.703526838067706,49.81592800669727],[6.703524710416803,49.815972942239476],[6.703594170652283,49.815974319205829],[6.703592043060245,49.816019254749811],[6.703589915462857,49.816064190293361],[6.703659375832122,49.816065567222452],[6.703657248293602,49.816110502767764],[6.703726708732434,49.816111879657448],[6.703724581252782,49.816156815204515],[6.70372245376778,49.816201750751162],[6.703791914340397,49.8162031276036],[6.703789786914263,49.816248063152003],[6.70378765948278,49.8162929987],[6.703857120189182,49.816294375515191],[6.703854992816567,49.816339311064951],[6.703852865438603,49.81638424661427],[6.703922326278792,49.816385623392222],[6.703920198959696,49.81643055894331],[6.703918071635252,49.816475494493993],[6.703987532609228,49.816476871234684],[6.703985405343652,49.816521806787122],[6.704054866387197,49.816523183488385],[6.704052739180491,49.816568119042579],[6.704050611968436,49.816613054596367],[6.704120073145769,49.816614431260383],[6.704117945992585,49.816659366815919],[6.704115818834051,49.816704302371043],[6.70411369167017,49.816749237925741],[6.704183153045509,49.816750614554692],[6.704181025940497,49.816795550111159],[6.704178898830137,49.8168404856672],[6.704248360339265,49.816841862258897],[6.704246233287776,49.8168867978167],[6.70424410623094,49.816931733374084],[6.704241979168755,49.816976668931055],[6.704311440875891,49.816978045487694],[6.704309313872577,49.817022981046414],[6.704307186863916,49.817067916604728],[6.704305059849906,49.817112852162616],[6.704374521755053,49.817114228684169],[6.704372394799916,49.817159164243833],[6.704370267839431,49.817204099803064],[6.704439729878368,49.81720547628737],[6.704437602976755,49.81725041184837],[6.704435476069794,49.81729534740893],[6.704433349157485,49.817340282969099],[6.704502811394436,49.817341659418318],[6.704500684541001,49.817386594980242],[6.704498557682217,49.817431530541747],[6.704496430818085,49.817476466102839],[6.704565893253052,49.817477842516993],[6.704563766447794,49.817522778079841],[6.704561639637189,49.817567713642262],[6.704631102205948,49.817569090019163],[6.704628975454216,49.817614025583353],[6.704626848697138,49.817658961147117],[6.704696311399691,49.817660337486771],[6.704694184701488,49.817705273052297],[6.704692057997936,49.817750208617412],[6.704689931289038,49.817795144182107],[6.704687804574792,49.817840079746375],[6.704757267539584,49.817841456053124],[6.704755140884214,49.817886391619162],[6.70482460391858,49.817887767886482],[6.704822477322086,49.817932703454282],[6.704820350720244,49.817977639021656],[6.704818224113055,49.81802257458861],[6.70488768734544,49.818023950820859],[6.704885560797127,49.818068886389575],[6.704883434243468,49.818113821957873],[6.704881307684461,49.818158757525758],[6.704950771114868,49.818160133722927],[6.704948644614738,49.81820506929256],[6.704946518109262,49.818250004861788],[6.705015981673466,49.818251381021717],[6.705013855226867,49.818296316592708],[6.705011728774921,49.818341252163258],[6.705081192472924,49.818342628285919],[6.705079066079856,49.818387563858252],[6.705076939681441,49.818432499430159],[6.705146403513243,49.818433875515581],[6.705144277173707,49.818478811089236],[6.705142150828825,49.818523746662486],[6.705211614794427,49.818525122710646],[6.705281078765377,49.818526498717198],[6.705278952543598,49.818571434294384],[6.705348416584123,49.818572810261507],[6.705417880629994,49.818574186187043],[6.705487344681216,49.818575562070968],[6.705556808737784,49.818576937913278],[6.705626272799701,49.818578313714006],[6.705624146893706,49.818623249301638],[6.705693611025196,49.818624625062924],[6.705691485178081,49.818669560652324],[6.705830413585557,49.818672312054446],[6.705899877797314,49.818673687693092],[6.705902003451751,49.818628752097169],[6.70597146760463,49.818630127692053],[6.705969342014421,49.818675063290137],[6.706038806236873,49.818676438845586],[6.706036680705544,49.818721374445445],[6.706034555168871,49.818766310044872],[6.706032429626852,49.818811245643893],[6.706101894047332,49.818812621164248],[6.706099768564195,49.818857556765032],[6.706097643075714,49.818902492365382],[6.706167107629994,49.818903867848483],[6.706164982200397,49.818948803450603],[6.706162856765454,49.818993739052296],[6.706232321453535,49.818995114498165],[6.706230196077475,49.819040050101606],[6.706228070696072,49.819084985704649],[6.706225945309324,49.819129921307265],[6.706295410195434,49.819131296718034],[6.706293284867569,49.819176232322413],[6.706291159534361,49.819221167926372],[6.706360624554273,49.819222543299894],[6.706358499279949,49.819267478905608],[6.706356374000282,49.819312414510904],[6.706425839153996,49.819313789847172],[6.706423713933213,49.819358725454229],[6.706421588707085,49.819403661060861],[6.706419463475616,49.819448596667073],[6.706488928827363,49.819449971968254],[6.706486803654776,49.819494907576249],[6.706484678476846,49.819539843183811],[6.706554143962398,49.819541218447725],[6.706552018843355,49.819586154057049],[6.706549893718966,49.819631089665947],[6.706619359338324,49.819632464892614],[6.706617234272822,49.819677400503267],[6.706615109201977,49.819722336113514],[6.706612984125789,49.819767271723336],[6.70668244994318,49.819768646914923],[6.70668032492588,49.8198135825265],[6.706749790812848,49.819814957678645],[6.706747665854433,49.819859893291991],[6.706745540890675,49.819904828904917],[6.706815006911451,49.819906204019794],[6.706812882006581,49.819951139634476],[6.706810757096367,49.819996075248739],[6.70680863218081,49.820041010862596],[6.706804382333667,49.820130882089025],[6.706873848680943,49.820132257173178],[6.706871723813588,49.820177192787945],[6.706869598940891,49.820222128402293],[6.706939065421977,49.820223503449192],[6.707008531908408,49.820224878454468],[6.707006407158831,49.820269814072752],[6.707004282403911,49.820314749690617],[6.707073749024151,49.820316124658646],[6.707143215649736,49.820317499585073],[6.707141091017938,49.820362435206867],[6.7072105577131,49.820363810093859],[6.707208433140193,49.820408745717408],[6.707277899904931,49.820410120564972],[6.707275775390915,49.820455056190269],[6.707345242225231,49.820456430998398],[6.707343117770105,49.820501366625457],[6.707412584673998,49.820502741394151],[6.707410460277762,49.820547677022979],[6.707479927251233,49.820549051752224],[6.707477802913888,49.8205939873828],[6.707547269956938,49.820595362072623],[6.707545145678484,49.820640297704962],[6.70761461279111,49.820641672355357],[6.707612488571549,49.820686607989437],[6.707681955753752,49.820687982600404],[6.707751422941297,49.820689357169762],[6.707749298844862,49.820734292807771],[6.707818766101986,49.820735667337694],[6.707816642064445,49.820780602977457],[6.707886109391146,49.820781977467945],[6.707883985412497,49.820826913109464],[6.707953452808774,49.820828287560524],[6.70795132888902,49.82087322320379],[6.708020796354876,49.820874597615415],[6.708090263826072,49.820875971985416],[6.708088140029446,49.82092090763264],[6.708157607570221,49.820922281963213],[6.708155483832489,49.820967217612186],[6.708224951442841,49.820968591903323],[6.708222827764003,49.821013527554037],[6.708292295443933,49.821014901805746],[6.708361763129206,49.82101627601584],[6.708359639573499,49.821061211670489],[6.708429107328347,49.821062585841155],[6.708426983831535,49.821107521497552],[6.708496451655961,49.821108895628804],[6.708494328218045,49.821153831286949],[6.708563796112048,49.821155205378744],[6.708633264011393,49.821156579428937],[6.708631140696609,49.821201515091026],[6.708700608665532,49.82120288910177],[6.708698485409642,49.821247824765621],[6.708767953448141,49.821249198736936],[6.708837421491982,49.821250572666649],[6.708833175221133,49.821340444001756],[6.7088310520777,49.821385379668698],[6.708761583841152,49.821384005732469],[6.708759460628144,49.82142894139681],[6.708757337409797,49.821473877060733],[6.708755214186111,49.821518812724257],[6.708824682615369,49.821520186667001],[6.70889415104997,49.821521560568129],[6.708896274145183,49.821476624900257],[6.708965742520887,49.821477998757615],[6.708967865546523,49.821433063087177],[6.708969988566821,49.821388127416327],[6.709039456819394,49.821389501227721],[6.709108925077305,49.821390874997519],[6.709178393340558,49.821392248725708],[6.709176270512969,49.821437184403081],[6.709245738845798,49.821438558091835],[6.709243616077109,49.821483493770948],[6.709313084479515,49.821484867420274],[6.709382552887262,49.821486241027976],[6.709380430241707,49.821531176711041],[6.709449898719031,49.821532550279308],[6.709519367201694,49.821533923805966],[6.709517244679277,49.821578859492945],[6.709586713231515,49.821580232980168],[6.709656181789094,49.821581606425788],[6.709654059389816,49.821626542116697],[6.70972352801697,49.821627915522875],[6.709792996649464,49.821629288887443],[6.709790874373324,49.821674224582281],[6.709860343075393,49.821675597907415],[6.709858220858154,49.821720533604001],[6.709927689629801,49.821721906889692],[6.709997158406786,49.821723280133789],[6.71006662718911,49.821724653336261],[6.710064505159248,49.821769589038958],[6.710133974011148,49.821770962201995],[6.710203442868386,49.821772335323431],[6.710201320961664,49.821817271030042],[6.710270789888478,49.821818644112042],[6.71034025882063,49.821820017152426],[6.710338137037049,49.821864952862953],[6.710407606038778,49.821866325863908],[6.710477075045843,49.821867698823247],[6.710474953385403,49.821912634537703],[6.710544422462045,49.821914007457607],[6.710613891544025,49.821915380335909],[6.71068336063134,49.821916753172594],[6.710681239158282,49.821961688893133],[6.710750708315174,49.82196306169039],[6.710820177477403,49.821964434446024],[6.710818056127486,49.822009370170498],[6.71088752535929,49.822010742886697],[6.71095699459643,49.822012115561293],[6.710954873369658,49.822057051289683],[6.711024342676375,49.822058423924837],[6.711093811988426,49.822059796518388],[6.711163281305813,49.822061169070324],[6.711161160266427,49.82210610480481],[6.711230629653389,49.82210747731731],[6.711300099045688,49.822108849788201],[6.711369568443322,49.822110222217475],[6.711367447591321,49.822155157958058],[6.711436917058529,49.822156530347904],[6.711506386531074,49.822157902696127],[6.711575856008953,49.822159275002761],[6.711573735344336,49.822204210749433],[6.71164320489179,49.822205583016611],[6.711712674444579,49.82220695524218],[6.71171055390311,49.822251890992767],[6.711780023525474,49.822253263178901],[6.711849493153171,49.822254635323439],[6.711918962786203,49.82225600742634],[6.711988432424569,49.82225737948766],[6.711986312134728,49.82230231524651],[6.712055781842668,49.822303687268366],[6.712125251555943,49.822305059248635],[6.71219472127455,49.822306431187279],[6.712192601172099,49.822351366952219],[6.712262070960281,49.822352738851421],[6.712331540753794,49.822354110709021],[6.712401010552644,49.822355482525012],[6.712470480356823,49.822356854299407],[6.712539950166337,49.822358226032179],[6.71253783037976,49.822403161807522],[6.712607300258847,49.822404533500858],[6.712676770143267,49.822405905152586],[6.712746240033018,49.822407276762696],[6.712815709928103,49.822408648331198],[6.712885179828518,49.82241001985809],[6.712883060357814,49.822454955643884],[6.712952530327803,49.822456327131334],[6.713022000303123,49.822457698577189],[6.71316094026976,49.822460441344049],[6.713230410261074,49.822461812665061],[6.713369350259698,49.822464555182258],[6.713508290279644,49.822467297533031],[6.713506171381781,49.822512233337903],[6.713714581644402,49.82251634655848],[6.713922991954993,49.822520459404572],[6.713992462069182,49.822521830270055],[6.714061932188701,49.822523201093915],[6.714131402313549,49.822524571876187],[6.714200872443726,49.822525942616828],[6.714202990699176,49.822481006790284],[6.714341930847032,49.822483748142425],[6.714480871016204,49.822486489328128],[6.714550341108783,49.822487859858555],[6.714619811206688,49.822489230347387],[6.714689281309922,49.822490600794595],[6.714828221532374,49.822493341564211],[6.714897691651591,49.822494711886591],[6.714967161776134,49.822496082167369],[6.715036631906004,49.822497452406537],[6.715106102041203,49.822498822604096],[6.715103984620893,49.822543758458799],[6.715242925035752,49.822546498733416],[6.715245042327578,49.822501562874379],[6.715383982635259,49.822504302978231],[6.715453452797089,49.822505672967743],[6.715522922964245,49.822507042915639],[6.715592393136726,49.822508412821932],[6.715661863314533,49.822509782686616],[6.715731333497665,49.822511152509691],[6.715733450334477,49.822466216635078],[6.715802920458692,49.822467586414362],[6.7159418607231,49.82247032584813],[6.716080801008807,49.822473065115453],[6.716289211477299,49.822477173704371],[6.716358681644111,49.822478543150794],[6.716497621993707,49.822481281918797],[6.716636562364597,49.822484020520371],[6.716775502756779,49.822486758955506],[6.716844972960856,49.822488128110656],[6.716914443170254,49.822489497224197],[6.716983913384976,49.822490866296121],[6.716981797704517,49.822535802209707],[6.71712073827841,49.822538540233076],[6.717122853830385,49.822493604315156],[6.717192324061072,49.822494973262259],[6.71719020857334,49.822539909182332],[6.717259678873591,49.822541278089986],[6.717261794297081,49.822496342167753],[6.717331264538412,49.822497711031637],[6.717470205037039,49.822500448634571],[6.717539675294334,49.82250181737362],[6.71760914555695,49.82250318607106],[6.717607030454671,49.822548122004122],[6.71767650078685,49.822549490662126],[6.717678615824887,49.822504554726905],[6.717748086098145,49.822505923341126],[6.717745971124351,49.8225508592785],[6.717954382168774,49.822554964878002],[6.717956496949842,49.822510028934133],[6.718025967244382,49.822511397381923],[6.718095437544241,49.82251276578809],[6.71816490784942,49.822514134152655],[6.718234378159918,49.822515502475611],[6.718303848475737,49.822516870756957],[6.718373318796874,49.822518238996693],[6.718375433187171,49.822473303039438],[6.718444903449386,49.822474671235398],[6.718583843989771,49.822477407502497],[6.718722784551431,49.822480143603144],[6.718792254840238,49.822481511591064],[6.718794368839766,49.822436575620422],[6.718933309304851,49.822439311467079],[6.719002779545371,49.822440679328004],[6.719072249791209,49.822442047147312],[6.719141720042363,49.822443414925004],[6.719211190298836,49.822444782661115],[6.719213303907594,49.822399846677072],[6.719282774105141,49.822401214369386],[6.719352244308004,49.822402582020104],[6.719421714516186,49.822403949629191],[6.719491184729683,49.822405317196676],[6.719560654948497,49.822406684722559],[6.719630125172627,49.822408052206839],[6.71963223839062,49.822363116209424],[6.719701708555824,49.82236448364992],[6.719771178726345,49.822365851048801],[6.719840648902181,49.822367218406079],[6.7199795892698,49.822369952995814],[6.719977476373018,49.822414889004044],[6.720046946629043,49.822416256238647],[6.720049059461583,49.822371320228264],[6.720051172288811,49.822326384217455],[6.720190112559838,49.822329118553199],[6.720259582703324,49.822330485658661],[6.720329052852125,49.822331852722506],[6.72039852300624,49.822333219744749],[6.72046799316567,49.82233458672539],[6.720537463330412,49.8223359536644],[6.720539575702634,49.822291017638051],[6.72060904580845,49.822292384533299],[6.720678515919579,49.822293751386937],[6.720747986036024,49.822295118198973],[6.720750098210208,49.822250182165718],[6.720819568267723,49.822251548933984],[6.720889038330551,49.82225291566062],[6.720958508398692,49.822254282345668],[6.720960620374841,49.82220934630552],[6.721030090384054,49.822210712946806],[6.721032202290649,49.822165776904086],[6.721101672240933,49.822167143501581],[6.72117114219653,49.82216851005748],[6.721173253969332,49.822123574010014],[6.721242723866,49.822124940522137],[6.721312193767981,49.822126306992651],[6.721381663675275,49.822127673421555],[6.721383775250042,49.82208273736719],[6.721453245098406,49.822084103752331],[6.721522714952081,49.822085470095857],[6.721592184811068,49.822086836397773],[6.721594296187802,49.822041900336522],[6.721663765987859,49.822043266594662],[6.721733235793228,49.822044632811199],[6.721802705603907,49.822045998986134],[6.721872175419898,49.822047365119445],[6.721874286534359,49.822002429049128],[6.721943756291419,49.822003795138684],[6.722013226053791,49.822005161186617],[6.722082695821473,49.82200652719294],[6.722084806737902,49.821961591115745],[6.722154276446653,49.821962957078306],[6.722223746160714,49.821964322999264],[6.722293215880085,49.821965688878599],[6.722295326598483,49.821920752794512],[6.722364796258923,49.821922118630084],[6.722503735595734,49.821924850176408],[6.722505846116102,49.821879914085429],[6.72257531572823,49.821881279794006],[6.722644785345668,49.821882645460974],[6.722714254968414,49.821884011086347],[6.722716365290752,49.821839074988475],[6.722785834854568,49.821840440570078],[6.72285530442369,49.821841806110065],[6.722924773998121,49.821843171608442],[6.722994243577862,49.821844537065203],[6.722996353637932,49.8217996009583],[6.723065823158739,49.821800966371306],[6.723135292684856,49.821802331742695],[6.723137402611139,49.821757395631032],[6.723206872078321,49.821758760958666],[6.723276341550813,49.821760126244669],[6.723345811028612,49.821761491489085],[6.723415280511717,49.821762856691883],[6.72348475000013,49.821764221853066],[6.723486859599906,49.821719285730211],[6.723556329029386,49.821720650847624],[6.723625798464171,49.821722015923449],[6.723627907930162,49.821677079795855],[6.723697377306015,49.821678444827896],[6.723766846687174,49.821679809818342],[6.72383631607364,49.821681174767171],[6.723905785465411,49.821682539674391],[6.723907894669137,49.821637603537745],[6.723977364001975,49.821638968401196],[6.72397525486249,49.821683904539995],[6.724114193672562,49.821686634146388],[6.724116302683567,49.821641698003283],[6.724185772032323,49.821643062741899],[6.724255241386382,49.821644427438912],[6.724324710745748,49.82164579209433],[6.724326819558729,49.821600855944325],[6.724396288859159,49.82160222055596],[6.724465758164895,49.821603585125999],[6.724463649480394,49.821648521280309],[6.72446154079059,49.821693457434208],[6.724531010230111,49.821694821966943],[6.724528901599245,49.821739758122575],[6.724598371108312,49.821741122615862],[6.724600479674937,49.821696186458063],[6.724669949125066,49.821697550907579],[6.724672057622148,49.821652614747222],[6.724741527013342,49.82165397915297],[6.724743635440881,49.82160904299004],[6.724745743863119,49.821564106826685],[6.724747852280056,49.82151917066291],[6.724817321483832,49.821520535020575],[6.724886790692914,49.821521899336645],[6.724888898976069,49.821476963168138],[6.724958368126214,49.821478327440445],[6.724960476339828,49.821433391269373],[6.725029945431037,49.821434755497904],[6.725099414527548,49.821436119684833],[6.725101522607382,49.821391183509036],[6.725170991644958,49.821392547652195],[6.725240460687837,49.821393911753738],[6.72524256863389,49.821348975573216],[6.725312037617833,49.821350339630996],[6.725381506607078,49.821351703647174],[6.725383614419352,49.82130676746192],[6.72545308334966,49.821308131434336],[6.725522552285272,49.821309495365135],[6.725524659963766,49.821264559175155],[6.725594128840441,49.821265923062192],[6.725663597722417,49.82126728690762],[6.725733066609695,49.821268650711438],[6.725735174090174,49.821223714514574],[6.725804642918514,49.82122507827463],[6.725874111752156,49.821226441993062],[6.725876219098858,49.821181505791486],[6.725945687873561,49.82118286946617],[6.726015156653567,49.821184233099238],[6.726084625438873,49.821185596690711],[6.726086732587559,49.821140660482236],[6.726156201313928,49.821142024029932],[6.726225670045597,49.821143387536026],[6.726227777060507,49.821098451322833],[6.726297245733237,49.821099814785164],[6.726366714411268,49.821101178205879],[6.726368821292404,49.821056241987947],[6.726438289911497,49.821057605364913],[6.72650775853589,49.821058968700257],[6.726577227165582,49.821060331993998],[6.726646695800574,49.821061695246136],[6.726648802419459,49.821016759019166],[6.726718270995511,49.821018122227535],[6.726787739576864,49.821019485394302],[6.726789846061975,49.820974549162614],[6.726859314584387,49.820975912285611],[6.726861420999962,49.820930976051351],[6.726930889463437,49.820932339130572],[6.72700035793221,49.820933702168205],[6.72706982640628,49.820935065164228],[6.727071932623844,49.820890128923082],[6.727141401038977,49.820891491875344],[6.727210869459407,49.820892854786003],[6.727280337885135,49.820894217655031],[6.727282443904689,49.820849281407028],[6.727351912271478,49.820850644232301],[6.727421380643564,49.820852007015965],[6.727423486529347,49.82080707076323],[6.727492954842492,49.820808433503132],[6.727562423160935,49.820809796201431],[6.727564528912947,49.820764859943964],[6.72763399717245,49.820766222598508],[6.727703465437251,49.820767585211421],[6.727772933707349,49.820768947782746],[6.727842401982741,49.820770310312462],[6.727844507472507,49.820725374045971],[6.72784661295698,49.820680437779046],[6.727916081109196,49.820681800262847],[6.727918186524136,49.820636863993364],[6.727987654617411,49.820638226433395],[6.728057122715982,49.820639588831824],[6.728059227997153,49.820594652557631],[6.728128696036782,49.82059601491229],[6.728130801248422,49.820551078635518],[6.728200269229112,49.820552440946422],[6.728202374371222,49.820507504667084],[6.72827184229297,49.820508866934219],[6.728341310220013,49.820510229159765],[6.728343415228355,49.820465292875696],[6.728412883096456,49.82046665505748],[6.72841498803527,49.820421718770831],[6.728484455844431,49.82042308090886],[6.728553923658885,49.820424443005258],[6.728556028463933,49.820379506713905],[6.728625496219447,49.820380868766549],[6.728694963980255,49.820382230777582],[6.728697068651536,49.820337294481519],[6.728766536353403,49.82033865644879],[6.728768640955156,49.82029372015014],[6.72883810859808,49.82029508207367],[6.728840213130306,49.820250145772441],[6.728909680714288,49.820251507652209],[6.728979148303567,49.820252869490353],[6.728981252702027,49.820207933184435],[6.729050720232363,49.82020929497881],[6.729052824561296,49.820164358670304],[6.729122292032689,49.820165720420945],[6.729124396292095,49.820120784109868],[6.729193863704546,49.82012214581674],[6.72926333112229,49.820123507481995],[6.729265435247934,49.820078571166206],[6.729334902606735,49.820079932787714],[6.729404369970829,49.820081294367611],[6.729406473962712,49.820036358047105],[6.729475941267863,49.820037719583233],[6.729478045190219,49.819992783260155],[6.729547512436429,49.819994144752542],[6.729616979687931,49.819995506203306],[6.729686446944724,49.819996867612467],[6.729688550669085,49.819951931282517],[6.729758017866936,49.819953292647924],[6.729827485070079,49.819954653971728],[6.729896952278513,49.819956015253915],[6.729899055804879,49.81991107891708],[6.729901159325956,49.819866142579848],[6.729970626411212,49.81986750381612],[6.729972729862763,49.819822567476329],[6.730042196889077,49.819823928668846],[6.730111663920682,49.819825289819761],[6.730181130957576,49.819826650929073],[6.730183234211135,49.819781714582398],[6.730252701189086,49.819783075647948],[6.73025690755187,49.819693202949054],[6.730326374406644,49.819694563968689],[6.730395841266708,49.819695924946721],[6.730397944311699,49.81965098859235],[6.730467411112819,49.819652349526621],[6.730469514088287,49.81960741316967],[6.730538980830463,49.8196087740602],[6.73060844757793,49.819610134909105],[6.730606344730931,49.81965507127034],[6.73067581154792,49.81965643207981],[6.7307452783702,49.819657792847657],[6.730747381088733,49.819612856482102],[6.730816847852068,49.819614217206201],[6.730818950501079,49.819569280838088],[6.73088841720547,49.819570641518418],[6.730890519784959,49.81952570514774],[6.730892622359161,49.81948076877665],[6.730962088940374,49.819482129411078],[6.731031555526876,49.819483490003897],[6.731033657967323,49.819438553628082],[6.731103124494881,49.819439914177138],[6.731172591027728,49.8194412746846],[6.731174693334421,49.819396338304067],[6.731244159808324,49.819397698767759],[6.731313626287513,49.819399059189848],[6.731315728460455,49.819354122804612],[6.731385194880699,49.81935548318296],[6.731454661306231,49.819356843519678],[6.73145676334542,49.819311907129723],[6.731526229712007,49.819313267422693],[6.731528331681679,49.819268331030166],[6.73159779798932,49.819269691279388],[6.731667264302248,49.819271051486986],[6.731669366138168,49.819226115089755],[6.731738832392152,49.819227475253605],[6.731740934158553,49.819182538853802],[6.731810400353591,49.819183898973897],[6.731808298651423,49.819228835375853],[6.73187776491598,49.819230195456491],[6.731879866553916,49.819185259052375],[6.731949332759528,49.819186619089265],[6.732018798970425,49.819187979084553],[6.732020900474612,49.819143042675726],[6.732090366626563,49.819144402627252],[6.732092468061233,49.819099466215867],[6.732094569490618,49.81905452980407],[6.732164035519392,49.819055889709681],[6.73216613687926,49.819010953295319],[6.732235602849088,49.819012313157174],[6.732237704139441,49.818967376740247],[6.732307170050323,49.818968736558361],[6.73230927127116,49.818923800138862],[6.732378737123096,49.818925159913221],[6.732380838274417,49.818880223491149],[6.732450304067405,49.818881583221753],[6.732452405149213,49.818836646797124],[6.732521870883255,49.818838006483979],[6.732591336622582,49.818839366129211],[6.732593437570644,49.818794429699857],[6.732662903251025,49.81879578930134],[6.732665004129571,49.818750852869442],[6.732734469751007,49.818752212427164],[6.732803935377726,49.81875357194329],[6.732806036122527,49.818708635506681],[6.732808136862046,49.818663699069646],[6.732877602365589,49.818665058539857],[6.732879703035594,49.818620122100263],[6.732949168480189,49.818621481526726],[6.732947067874414,49.818666417968473],[6.732944967263358,49.8187113544098],[6.733014432841699,49.818712713798959],[6.733012332289592,49.818757650242006],[6.733081797937448,49.818759009591716],[6.733083898425324,49.818714073146516],[6.733153364014234,49.818715432452457],[6.73315126359059,49.818760368899802],[6.733149163161662,49.81880530534675],[6.733147062727455,49.818850241793285],[6.733216528514342,49.818851601064068],[6.733214428139084,49.818896537512323],[6.733212327758546,49.818941473960166],[6.733210227372724,49.818986410407604],[6.733279693357591,49.818987769643229],[6.733277593030722,49.819032706092386],[6.733347059085103,49.819034065288555],[6.733344958817185,49.819079001739446],[6.733342858543985,49.819123938189932],[6.733340758265503,49.819168874639992],[6.733410224517868,49.819170233801003],[6.733408124298338,49.819215170252804],[6.733406024073528,49.819260106704185],[6.73347549045964,49.819261465827886],[6.733473390293783,49.819306402280993],[6.733471290122642,49.819351338733696],[6.733469189946222,49.81939627518598],[6.733538656530319,49.819397634274509],[6.733536556412852,49.819442570728533],[6.733606023066465,49.819443929777613],[6.73360392300795,49.819488866233357],[6.733673389731081,49.81949022524298],[6.73367128973152,49.819535161700465],[6.733740756524168,49.819536520670624],[6.733736556637672,49.819626393588635],[6.733734456686504,49.819671330047029],[6.733803923677137,49.819672688982017],[6.733801823784924,49.819717625442131],[6.733799723887429,49.81976256190184],[6.733797623984654,49.819807498361129],[6.733795524076598,49.819852434819992],[6.733726056829024,49.819851075876414],[6.733656589586732,49.81984971689122],[6.733587122349724,49.819848357864416],[6.733585022243682,49.819893294316429],[6.733582922132359,49.819938230768024],[6.733513454772162,49.819936871695319],[6.733443987417249,49.819935512581004],[6.733374520067619,49.819934153425081],[6.733372419758307,49.819979089869818],[6.733302952349724,49.819977730670153],[6.733300851970895,49.820022667112326],[6.733298751586786,49.820067603554072],[6.733229284055015,49.820066244308499],[6.733159816528527,49.820064885021324],[6.733090349007325,49.820063525692518],[6.733088248425225,49.820108462127415],[6.733086147837843,49.820153398561899],[6.733016680193451,49.820152039187199],[6.732947212554346,49.82015067977089],[6.732945111833208,49.82019561620065],[6.73287564413515,49.820194256740585],[6.732806176442377,49.820192897238918],[6.732736708754887,49.820191537695642],[6.732734607835758,49.820236474118538],[6.732665140089319,49.820235114531499],[6.732663039100669,49.820280050951851],[6.732660938106736,49.820324987371784],[6.732658837107522,49.82036992379129],[6.732728305046672,49.820371283384773],[6.732797772991109,49.820372642936647],[6.732867240940829,49.820374002446911],[6.732869341747334,49.820329066020953],[6.732938809638101,49.820330425487469],[6.732936708895835,49.820375361915573],[6.733006176856125,49.820376721342633],[6.7330756448217,49.820378080728069],[6.733077745435493,49.820333144295667],[6.733079846044003,49.820288207862845],[6.733149313886388,49.820289567202394],[6.733151414425381,49.820244630767],[6.733220882208813,49.82024599006278],[6.733290349997529,49.820247349316958],[6.73335981779153,49.820248708529519],[6.733429285590814,49.820250067700471],[6.733498753395381,49.820251426829842],[6.733500853607907,49.820206490383292],[6.733570321353522,49.820207849468879],[6.733639789104418,49.820209208512864],[6.733637689020366,49.820254144963698],[6.733635588931032,49.820299081414142],[6.733705056815685,49.820300440420809],[6.733702956785308,49.820345376872964],[6.733772424739482,49.820346735840182],[6.733770324768061,49.820391672294065],[6.733768224791359,49.820436608747535],[6.733907160972503,49.82043932656574],[6.733911360663677,49.820349453649783],[6.733913460501343,49.820304517191182],[6.733915560333729,49.82025958073217],[6.733917660160835,49.820214644272738],[6.733921859799205,49.820124771352639],[6.73392395961047,49.820079834891963],[6.733926059416456,49.820034898430876],[6.733928159217162,49.819989961969355],[6.733930259012586,49.819945025507437],[6.73393235880273,49.819900089045099],[6.733934458587595,49.819855152582349],[6.733936558367179,49.81981021611918],[6.733938658141484,49.819765279655599],[6.733940757910508,49.819720343191591],[6.733942857674253,49.819675406727185],[6.733944957432716,49.819630470262354],[6.733947057185902,49.81958553379711],[6.733949156933805,49.819540597331454],[6.73395125667643,49.819495660865378],[6.733957555872625,49.819360851464644],[6.733959655594129,49.819315914996913],[6.733961755310354,49.819270978528763],[6.73396805442735,49.819136169121812],[6.733974353496827,49.81900135971113],[6.734043819539805,49.819002718489088],[6.734045919154838,49.818957782015879],[6.734048018764593,49.818912845542251],[6.734050118369068,49.818867909068224],[6.733980652518787,49.818866550296704],[6.733982752182214,49.818821613824397],[6.733984851840363,49.818776677351671],[6.73398695149323,49.818731740878533],[6.733917485840927,49.818730382071855],[6.733919585552747,49.818685445600458],[6.733780654392448,49.81868272786658],[6.733784854057173,49.818592854931126],[6.733715388613409,49.818591496006079],[6.733717488502083,49.818546559539861],[6.733719588385475,49.818501623073239],[6.733650123075456,49.818500264110888],[6.733580657770718,49.818498905106921],[6.733582757777293,49.818453968644171],[6.733513292542067,49.818452609600762],[6.733515392607591,49.818407673139745],[6.733445927441879,49.818406314056872],[6.733448027566352,49.818361377597604],[6.733517492667833,49.818362736678324],[6.733519592722794,49.818317800216491],[6.733589057765329,49.818319159253463],[6.73359115775078,49.818274222789057],[6.733660622734368,49.818275581782281],[6.733662722650308,49.81823064531531],[6.733732187574947,49.818232004264779],[6.733734287421378,49.81818706779525],[6.733803752287071,49.818188426700971],[6.733805852063993,49.818143490228884],[6.733875316870738,49.818144849090849],[6.733944781682764,49.818146207911205],[6.734014246500073,49.818147566689966],[6.734083711322662,49.818148925427117],[6.734081611802657,49.818193861907794],[6.734151076694759,49.818195220605496],[6.734153176150534,49.818150284122659],[6.734157375046246,49.818060411155749],[6.73422683975094,49.818061769805396],[6.734296304460916,49.818063128413435],[6.734300503078596,49.817973255436279],[6.734302602379519,49.817928318947082],[6.734304701675162,49.81788338245746],[6.734374166133503,49.817884741015305],[6.734372066902089,49.817929677507067],[6.734510995963069,49.817932394502243],[6.734513095066027,49.817887458006176],[6.734515194163706,49.817842521509711],[6.734584658573661,49.81784387994059],[6.734586757601834,49.817798943441552],[6.734588856624731,49.817754006942103],[6.734658320911508,49.817755365327081],[6.734727785203565,49.817756723670477],[6.734797249500902,49.817758081972251],[6.734799348325836,49.817713145465937],[6.734801447145493,49.817668208959212],[6.734870911319653,49.817669567215091],[6.734873010069804,49.817624630705815],[6.734942474185017,49.817625988917939],[6.734944572865663,49.817581052406091],[6.735014036921927,49.817582410574474],[6.735083500983471,49.817583768701247],[6.735085599530385,49.817538832184695],[6.73515506353298,49.817540190267714],[6.735157162010391,49.817495253748596],[6.735226625954038,49.817496611787867],[6.735228724361944,49.817451675266184],[6.735298188246642,49.817453033261707],[6.735437116031872,49.817455749127937],[6.735439214241821,49.817410812599398],[6.735508678078127,49.817412170467968],[6.735510776218574,49.817367233936864],[6.735580239995929,49.817368591761685],[6.735649703778566,49.81736994954489],[6.735651801785282,49.817325013009089],[6.735721265508967,49.81732637074856],[6.735723363446182,49.817281434210187],[6.735792827110918,49.817282791905896],[6.73586229078093,49.81728414956001],[6.735864388584417,49.817239213016933],[6.735933852195481,49.817240570627305],[6.735935949929466,49.817195634081656],[6.736005413481581,49.817196991648267],[6.736007511146066,49.81715205510006],[6.736076974639229,49.817153412622929],[6.73614643813767,49.817154770104189],[6.736148535668428,49.817109833551292],[6.73621799910792,49.81711119098879],[6.736220096569177,49.817066254433328],[6.736289559949718,49.817067611827085],[6.736291657341477,49.817022675269065],[6.736430583989935,49.81702538992748],[6.736500047322078,49.817026747194262],[6.736502144515886,49.816981810629407],[6.736571607789078,49.816983167852463],[6.736641071067546,49.816984525033916],[6.73664316812763,49.816939588464329],[6.73664526518244,49.816894651894316],[6.736714728337732,49.816896009029882],[6.736784191498299,49.81689736612384],[6.736786288419386,49.81685242954913],[6.736855751521003,49.816853786599339],[6.736925214627894,49.816855143607945],[6.73699467774006,49.81685650057495],[6.736996774463199,49.816811563993383],[6.737066237516412,49.816812920916647],[6.737135700574902,49.816814277798287],[6.737137797164317,49.81676934121203],[6.737207260163856,49.816770698049936],[6.737276723168667,49.816772054846233],[6.7372746267077,49.816816991436781],[6.737272530241461,49.81686192802691],[6.737341993379998,49.816863284785896],[6.737339896972713,49.816908221377751],[6.737409360180747,49.816909578097274],[6.737407263832417,49.81695451469087],[6.737476727109949,49.816955871370936],[6.737546190392755,49.816957228009407],[6.737685116974187,49.816959941161514],[6.737754580272811,49.816961297675171],[6.737756676300013,49.816916361070852],[6.737826139539684,49.816917717540768],[6.737828235497391,49.816872780933899],[6.737897698678109,49.816874137360053],[6.737967161864099,49.816875493744604],[6.738036625055362,49.816876850087553],[6.738034529290333,49.816921786700853],[6.738103992551093,49.816923143004338],[6.738173455817124,49.816924499266236],[6.738175551453702,49.816879562648644],[6.738245014660779,49.816880918866794],[6.738242919088427,49.816925855486517],[6.738381845646847,49.816928567802279],[6.738383941090748,49.816883631178264],[6.738453404313639,49.816884987271592],[6.738522867541801,49.816886343323326],[6.738524962851983,49.816841406694593],[6.738527058156896,49.816796470065469],[6.738529153456539,49.816751533435912],[6.738533344040024,49.816661660175555],[6.73860280695233,49.816663016174957],[6.738672269869907,49.81666437213277],[6.738674365025296,49.816619435497685],[6.738743827883918,49.816620791411751],[6.738813290747812,49.816622147284207],[6.738882753616974,49.816623503115053],[6.738880658654259,49.816668439756569],[6.738950121592918,49.816669795547959],[6.73894802668916,49.816714732191208],[6.739017489697311,49.816716087943135],[6.739019584536845,49.81667115129774],[6.739158510440507,49.816673862672516],[6.739227973400242,49.816675218297505],[6.739297436365246,49.816676573880883],[6.739366899335518,49.81667792942266],[6.739368993848659,49.816632992766145],[6.739438456759976,49.816634348264174],[6.739507919676561,49.816635703720607],[6.739577382598414,49.816637059135424],[6.739646845525536,49.816638414508645],[6.739648939776512,49.816593477843149],[6.739718402644677,49.816594833172623],[6.739787865518108,49.816596188460501],[6.739857328396809,49.816597543706763],[6.739859422449844,49.816552607034424],[6.739928885269587,49.816553962236945],[6.739998348094599,49.816555317397857],[6.74000044201392,49.816510380720828],[6.740069904779973,49.816511735838013],[6.740139367551294,49.816513090913574],[6.740208830327879,49.816514445947547],[6.740210924049262,49.816469509263669],[6.740280386766891,49.816470864253887],[6.740349849489787,49.816472219202517],[6.740419312217949,49.816473574109537],[6.740421405741394,49.816428637418802],[6.740490868410597,49.816429992282089],[6.740560331085068,49.816431347103759],[6.740629793764803,49.816432701883819],[6.740631887090312,49.816387765186271],[6.740701349711089,49.81638911992259],[6.740770812337131,49.816390474617322],[6.740840274968438,49.816391829270437],[6.74084236809601,49.816346892566045],[6.740981293245974,49.816349601743191],[6.74097920024685,49.816394538451881],[6.741048662893953,49.816395892980182],[6.741118125546321,49.816397247466895],[6.741187588203955,49.816398601911999],[6.74125705086685,49.816399956315493],[6.741259143609078,49.816355019598262],[6.741328606213015,49.816356373958016],[6.74146753143668,49.816359082552722],[6.741536994056408,49.816360436787683],[6.741606456681399,49.816361790981027],[6.741608549097244,49.816316854252662],[6.741678011663274,49.816318208402272],[6.741747474234569,49.81631956251028],[6.741816936811126,49.816320916576686],[6.741886399392947,49.816322270601468],[6.741888491546633,49.816277333864136],[6.741957954069492,49.816278687845198],[6.742027416597613,49.816280041784651],[6.742096879130997,49.816281395682495],[6.742098971086752,49.81623645893832],[6.742168433561173,49.81623781279243],[6.742237896040859,49.816239166604923],[6.742307358525804,49.816240520375828],[6.742376821016012,49.816241874105124],[6.742446283511481,49.816243227792818],[6.742515746012213,49.816244581438916],[6.742517837577362,49.816199644681483],[6.742656762466161,49.816202351844581],[6.742726224918451,49.816203705363726],[6.742795687376001,49.816205058841263],[6.742865149838813,49.816206412277211],[6.742934612306885,49.81620776567155],[6.742932521127077,49.816252702441815],[6.743001983664634,49.816254055796684],[6.743071446207451,49.816255409109957],[6.743140908755527,49.816256762381627],[6.743210371308863,49.816258115611689],[6.743279833867459,49.816259468800155],[6.743281924726146,49.816214532019195],[6.743284015579573,49.816169595237824],[6.743288197270659,49.816079721673837],[6.743290288108316,49.816034784891215],[6.743220825870839,49.816033431713436],[6.743222916767461,49.815988494932554],[6.743227098544935,49.81589862136952],[6.743229189425787,49.815853684587381],[6.74323128030138,49.815808747804823],[6.743161818390277,49.815807394596149],[6.743163909324835,49.815762457815325],[6.743302833023856,49.815765164186807],[6.743372294881254,49.815766517310131],[6.74337438561789,49.815721580522464],[6.743443847416325,49.815722933602061],[6.743513309220019,49.815724286640048],[6.743652232843184,49.81572699259123],[6.743654323317672,49.815682055794596],[6.74372378507292,49.815683408705645],[6.743793246833426,49.815684761575092],[6.74386270859919,49.815686114402929],[6.743932170370212,49.815687467189171],[6.743934260582556,49.815642530383563],[6.744003722294615,49.815643883126057],[6.744073184011929,49.815645235826963],[6.744142645734502,49.815646588486253],[6.744212107462333,49.815647941103954],[6.744281569195421,49.815649293680039],[6.744279479304188,49.815694230496341],[6.744277389407702,49.815739167312202],[6.74427529950596,49.815784104127658],[6.744344761436972,49.815785456668564],[6.744414223373241,49.815786809167868],[6.744553147261549,49.815789514041661],[6.744551057611443,49.815834450865253],[6.744620519627704,49.815835803241896],[6.744618430036566,49.8158807400672],[6.744612161231632,49.816015550540669],[6.744610071619478,49.816060487364318],[6.744679533962112,49.816061839710045],[6.744677444408928,49.81610677653542],[6.744746906821042,49.816108128841684],[6.744744817326828,49.816153065668786],[6.744742727827361,49.816198002495469],[6.744740638322638,49.816242939321747],[6.744810100932681,49.81624429159281],[6.74480801148693,49.8162892284208],[6.744877474166452,49.816290580652407],[6.744946936851231,49.816291932842397],[6.745016399541265,49.816293284990785],[6.745085862236555,49.81629463709757],[6.7451553249371,49.816295989162761],[6.745157414061729,49.81625105232407],[6.745226876703303,49.816252404345512],[6.745228965758456,49.816207467504285],[6.745298428341062,49.816208819481993],[6.745367890928923,49.816210171418085],[6.745437353522038,49.816211523312582],[6.745439442379264,49.816166586464519],[6.74550890491341,49.816167938315289],[6.74557836745281,49.816169290124442],[6.745580456176335,49.816124353271697],[6.745649918656764,49.816125705037116],[6.745719381142449,49.816127056760926],[6.745788843633386,49.816128408443134],[6.745790932158987,49.816083471583568],[6.745860394590953,49.816084823222035],[6.745862483047079,49.81603988635991],[6.745864571497953,49.81599494949738],[6.745866659943576,49.81595001263441],[6.745870836819068,49.815860138907269],[6.745872925248937,49.815815202043069],[6.745877102092922,49.815725328313427],[6.745879190507036,49.815680391447984],[6.745881278915902,49.815635454582122],[6.745883367319514,49.815590517715862],[6.745885455717876,49.815545580849175],[6.745887544110988,49.81550064398207],[6.745889632498847,49.815455707114559],[6.745893809258814,49.81536583337828],[6.745910516088641,49.815006338416595],[6.745979976984531,49.815007689962194],[6.74598206525041,49.814962753087983],[6.745984153511038,49.814917816213352],[6.745988330016544,49.814827942462863],[6.745990418261418,49.814783005586982],[6.745996682964543,49.814648194956881],[6.746000859407039,49.814558321201417],[6.746005035828535,49.81446844744427],[6.746007124031405,49.814423510565078],[6.746009212229026,49.814378573685481],[6.746013388608517,49.814288699925036],[6.746015476790387,49.814243763044182],[6.746017564967006,49.814198826162915],[6.746019653138374,49.814153889281243],[6.74602382946536,49.814064015516642],[6.746025917620977,49.814019078633734],[6.746030093916461,49.813929204866632],[6.746032182056327,49.81388426798248],[6.746048886986248,49.813524772894233],[6.746050975078863,49.81347983600633],[6.746053063166227,49.813434899118022],[6.74605515124834,49.813389962229287],[6.746057239325205,49.813345025340148],[6.74598778080535,49.81334367387359],[6.74599613331716,49.813163926321423],[6.746065591580158,49.81316527777944],[6.746067679630771,49.813120340888226],[6.746071855716248,49.813030467104554],[6.746073943751111,49.812985530212096],[6.746076031780725,49.812940593319219],[6.746006573838792,49.812939241871888],[6.74601283808877,49.812804431197186],[6.746082295838066,49.812805782638108],[6.74608438384668,49.812760845743583],[6.746086471850043,49.812715908848638],[6.746090647841021,49.812626035057498],[6.74616010533872,49.812627386448277],[6.746162193262123,49.812582449549957],[6.746166369093181,49.812492575752053],[6.746168457000834,49.81244763885249],[6.746170544903238,49.812402701952507],[6.746172632800393,49.812357765052099],[6.746174720692297,49.812312828151292],[6.746176808578953,49.812267891250059],[6.746178896460359,49.812222954348421],[6.746180984336516,49.81217801744635],[6.74618516007308,49.812088143640999],[6.746187247933487,49.812043206737698],[6.746189335788647,49.811998269833971],[6.746191423638555,49.811953332929846],[6.746193511483216,49.811908396025295],[6.746197687156786,49.811818522214971],[6.746199774985699,49.811773585309169],[6.746201862809361,49.811728648402969],[6.74627131902811,49.811729999709435],[6.74627549453127,49.8116401258915],[6.746206038440937,49.811638774589312],[6.746208126248852,49.811593837681862],[6.746277582274978,49.811595188981919],[6.746279670013434,49.811550252071932],[6.746210214051516,49.811548900774007],[6.746212301848932,49.811503963865732],[6.746142845956474,49.811502612528329],[6.746073390069266,49.81150126114936],[6.746003934187311,49.811499909728788],[6.7460060221721,49.811454972826503],[6.745936566359604,49.811453621366468],[6.745867110552359,49.811452269864837],[6.745869198660314,49.811407332966404],[6.745799742922529,49.81140598142531],[6.74580183108944,49.811361044528603],[6.745732375421116,49.811359692948059],[6.745734463646984,49.811314756053065],[6.7457365518676,49.81126981915768],[6.745738640082968,49.811224882261868],[6.745669184612516,49.811223530646124],[6.745671272886838,49.811178593752032],[6.745601817485846,49.811177242096825],[6.745603905819125,49.811132305204467],[6.74553445048759,49.811130953509803],[6.745536538879826,49.811086016619157],[6.74546708361775,49.811084664885037],[6.745397628360926,49.811083313109329],[6.745399716876324,49.811038376222534],[6.74533026168896,49.811037024407369],[6.745332350263312,49.810992087522301],[6.745262895145405,49.810990735667673],[6.745264983778712,49.810945798784331],[6.745195528730266,49.81094444689024],[6.745197617422525,49.810899510008625],[6.745128162443539,49.810898158075076],[6.745130251194752,49.810853221195181],[6.745060796285223,49.810851869222169],[6.745062885095391,49.810806932343986],[6.745064973900305,49.810761995465398],[6.744995519124442,49.810760643455076],[6.744997607988309,49.810715706578208],[6.744928153281903,49.810714354528415],[6.744930242204723,49.810669417653273],[6.744932331122292,49.810624480777712],[6.744862876549549,49.810623128690615],[6.74486496552607,49.810578191816759],[6.744867054497339,49.810533254942499],[6.744869143463355,49.810488318067833],[6.744799689088478,49.810486965945543],[6.744801778113446,49.810442029072597],[6.744803867133161,49.810397092199231],[6.744805956147625,49.810352155325468],[6.744736501970613,49.810350803167999],[6.744738591044028,49.810305866295927],[6.744740680112189,49.810260929423457],[6.744671226068839,49.810259577228663],[6.74467331519595,49.810214640357927],[6.744675404317811,49.81016970348675],[6.744677493434418,49.810124766615175],[6.744679582545773,49.810079829743195],[6.744681671651876,49.810034892870789],[6.744612217934793,49.81003354064508],[6.744614307099845,49.809988603774407],[6.744544853452217,49.809987251509249],[6.744546942676219,49.809942314640274],[6.744549031894968,49.809897377770902],[6.744479578380999,49.80989602546844],[6.744481667658698,49.809851088600787],[6.744412214214185,49.809849736258855],[6.744414303550831,49.809804799392921],[6.744344850175773,49.809803447011539],[6.744346939571368,49.809758510147333],[6.744277486265768,49.809757157726494],[6.744279575720311,49.809712220864],[6.744281665169599,49.809667284001108],[6.744212211997657,49.809665931542945],[6.744214301505893,49.809620994681758],[6.744216391008877,49.809576057820173],[6.744218480506605,49.809531120958162],[6.74414902753252,49.809529768464827],[6.744151117089197,49.809484831604543],[6.744153206640618,49.809439894743853],[6.744155296186789,49.809394957882724],[6.744157385727704,49.809350021021203],[6.744087933015673,49.80934866849482],[6.744090022615535,49.809303731635005],[6.744094201799498,49.809213857914152],[6.7440962913836,49.809168921053114],[6.744098380962447,49.80912398419165],[6.744100470536043,49.80907904732976],[6.744031018214461,49.809077694774608],[6.743961565898135,49.809076342177875],[6.743963655594873,49.809031405319864],[6.743965745286357,49.80898646846142],[6.743967834972587,49.808941531602578],[6.743969924653563,49.808896594743317],[6.743900472599286,49.808895242113536],[6.743902562339207,49.808850305255994],[6.743833110354384,49.808848952586771],[6.743835200153248,49.808804015730942],[6.743837289946858,49.808759078874715],[6.743767838095686,49.808757726168174],[6.743769927948239,49.80871278931366],[6.743772017795538,49.80866785245874],[6.743702566078017,49.808666499714874],[6.74370465598426,49.808621562861674],[6.743635204336191,49.808620210078352],[6.743637294301376,49.808575273226879],[6.743639384261306,49.808530336374979],[6.743569932746887,49.808528983554339],[6.743572022765758,49.808484046704194],[6.743574112779376,49.808439109853595],[6.743504661398608,49.808437756995652],[6.743506751471166,49.808392820146793],[6.74350884153847,49.808347883297515],[6.743439390291352,49.808346530402254],[6.743441480417595,49.80830159355471],[6.743443570538587,49.808256656706746],[6.743374119425115,49.80825530377416],[6.743376209605046,49.808210366927916],[6.743378299779723,49.808165430081267],[6.743380389949143,49.808120493234192],[6.743310939033515,49.808119140266442],[6.743313029261875,49.808074203421093],[6.743315119484982,49.808029266575332],[6.743245668703,49.808027913570257],[6.743247758985045,49.80798297672623],[6.743249849261836,49.807938039881762],[6.7431803986135,49.807936686839383],[6.74318248894923,49.807891749996656],[6.743184579279703,49.807846813153517],[6.743115128765013,49.807845460073821],[6.743117219154426,49.807800523232402],[6.743119309538583,49.807755586390563],[6.743121399917485,49.807710649548319],[6.743051949600633,49.807709296433444],[6.743054040038474,49.807664359592906],[6.743056130471058,49.807619422751962],[6.742986680287851,49.807618069599791],[6.742988770779372,49.807573132760581],[6.742919320665616,49.807571779568946],[6.742921411216075,49.807526842731455],[6.74285196117177,49.807525489500371],[6.742854051781165,49.807480552664593],[6.74278460180631,49.807479199394052],[6.742786692474642,49.807434262560015],[6.742717242569237,49.807432909250032],[6.742719333296507,49.807387972417715],[6.742649883460552,49.807386619068275],[6.742651974246758,49.80734168223767],[6.742582524480253,49.807340328848781],[6.742584615325393,49.807295392019924],[6.742586706165278,49.807250455190619],[6.742517256532416,49.807249101764434],[6.742519347431235,49.80720416493687],[6.742449897867825,49.807202811471214],[6.742451988825579,49.807157874645377],[6.742454079778075,49.807112937819127],[6.742384630348307,49.807111584316161],[6.742386721359738,49.807066647491631],[6.742317271999419,49.807065293949215],[6.742319363069784,49.807020357126419],[6.742249913778917,49.807019003544561],[6.742252004908216,49.80697406672347],[6.742182555686797,49.806972713102155],[6.742184646875028,49.806927776282798],[6.74211519772306,49.806926422622041],[6.742117288970225,49.806881485804425],[6.742047839887707,49.806880132104212],[6.741978390810448,49.80687877836241],[6.741980482180737,49.806833841548645],[6.741911033172928,49.806832487767402],[6.741913124602148,49.806787550955363],[6.74191521602611,49.806742614142898],[6.741845767151943,49.806741260324337],[6.741847858634837,49.806696323513613],[6.741778409830117,49.806694969655602],[6.741780501371944,49.806650032846598],[6.741711052636674,49.806648678949152],[6.741713144237432,49.806603742141867],[6.741643695571612,49.806602388204958],[6.7416457872313,49.806557451399399],[6.741576338634929,49.806556097423048],[6.741506890043821,49.806554743405115],[6.741508981826628,49.80650980660343],[6.741439533304969,49.806508452546041],[6.741441625146706,49.80646351574606],[6.741372176694497,49.806462161649236],[6.741374268595164,49.806417224850975],[6.741376360490571,49.806372288052337],[6.741306912172001,49.806370933918188],[6.741309004126337,49.806325997121256],[6.741239555877216,49.806324642947665],[6.741241647890482,49.806279706152459],[6.74117219971081,49.806278351939419],[6.741174291783004,49.80623341514594],[6.741104843672782,49.806232060893464],[6.741106935803905,49.80618712410169],[6.741037487763132,49.806185769809758],[6.741039579953183,49.806140833019732],[6.740970131981859,49.806139478688351],[6.740900684015799,49.806138124315382],[6.740902776328964,49.806093187529214],[6.740904868636868,49.806048250742634],[6.740835420804444,49.806046896332376],[6.740765972977282,49.806045541880508],[6.740768065408301,49.806000605097793],[6.74077015783406,49.805955668314674],[6.740772250254558,49.805910731531121],[6.740774342669796,49.805865794747156],[6.740704895104643,49.805864440262276],[6.740706987578807,49.805819503480045],[6.740637540083103,49.805818148955716],[6.740568092592664,49.805816794389791],[6.740359750152918,49.805812730442504],[6.740361842942752,49.805767793670562],[6.74029239553755,49.805766438940438],[6.740222948137612,49.805765084168719],[6.740225041050556,49.805720147400649],[6.740155593720067,49.805718792589481],[6.740086146394843,49.805717437736739],[6.740088239430897,49.805672500972534],[6.740018792175121,49.805671146080336],[6.739949344924611,49.805669791146556],[6.739951438083773,49.805624854386217],[6.739881990902712,49.805623499412995],[6.739812543726915,49.805622144398171],[6.739814637009187,49.805577207641711],[6.73974518990284,49.805575852587445],[6.739675742801758,49.805574497491598],[6.739677836207138,49.805529560739004],[6.739608389175505,49.805528205603714],[6.739610482639807,49.805483268852832],[6.739541035677626,49.805481913678086],[6.739471588720709,49.805480558461788],[6.739402141769056,49.805479203203873],[6.73933269482267,49.805477847904378],[6.739334788538447,49.805432911161652],[6.739265341661511,49.805431555822715],[6.739267435436211,49.805386619081723],[6.739197988628725,49.805385263703329],[6.739128541826505,49.80538390828336],[6.739130635724309,49.805338971546242],[6.73906118899154,49.805337616086824],[6.739063282948264,49.805292679351417],[6.738993836284946,49.805291323852565],[6.738924389626894,49.80528996831211],[6.738926483706722,49.80524503158059],[6.738928577781284,49.805200094848644],[6.738930671850583,49.805155158116285],[6.738932765914617,49.805110221383508],[6.738863319518566,49.805108865810048],[6.738793873127783,49.805107510195],[6.738724426742265,49.805106154538365],[6.738726520993584,49.805061217811605],[6.738657074677518,49.805059862115527],[6.738587628366719,49.805058506377861],[6.738518182061187,49.805057150598614],[6.73852027649979,49.805012213877866],[6.738450830263707,49.80501085805917],[6.738452924761229,49.804965921340148],[6.738383478594597,49.80496456548201],[6.738385573151036,49.804919628764715],[6.738316127053856,49.804918272867141],[6.738246680961942,49.804916916927979],[6.73824877564148,49.804871980214564],[6.738179329619017,49.804870624235953],[6.738109883601823,49.804869268215768],[6.738111978404461,49.804824331506218],[6.738042532456717,49.804822975446584],[6.737973086514241,49.804821619345361],[6.737975181439976,49.80477668263967],[6.737905735566952,49.804775326499019],[6.737907830551602,49.804730389795061],[6.737838384748028,49.804729033614947],[6.737840479791593,49.80468409691273],[6.737771034057471,49.804682740693188],[6.737701588328616,49.804681384432051],[6.737703683495279,49.804636447733699],[6.737634237835875,49.804635091433127],[6.737564792181742,49.80463373509096],[6.737495346532878,49.804632378707225],[6.737497441886817,49.804587442014906],[6.737427996307403,49.804586085591708],[6.737358550733261,49.804584729126937],[6.737360646210294,49.804539792438469],[6.737291200705601,49.804538435934255],[6.737293296241546,49.804493499247528],[6.737223850806306,49.804492142703879],[6.737225946401165,49.804447206018878],[6.737228041990756,49.804402269333444],[6.737158596689146,49.804400912752492],[6.737089151392809,49.804399556129965],[6.73701970610174,49.804398199465844],[6.737021801878604,49.804353262786449],[6.736952356656987,49.804351906082879],[6.736954452492762,49.804306969405211],[6.736956548323268,49.804262032727124],[6.736887103235283,49.804260675986264],[6.736817658152568,49.804259319203823],[6.736819754106167,49.804214382529608],[6.736750309092903,49.804213025707725],[6.736680864084911,49.80421166884426],[6.736682960161598,49.804166732173933],[6.736685056233017,49.804121795503157],[6.736615611358656,49.804120438602396],[6.736546166489566,49.804119081660055],[6.736476721625749,49.804117724676118],[6.736478817884435,49.804072788011389],[6.736409373090068,49.804071430988017],[6.736411469407665,49.804026494325015],[6.736342024682749,49.804025137262208],[6.736272579963106,49.804023780157806],[6.736274676403791,49.803978843498662],[6.736205231753599,49.803977486354832],[6.736207328253191,49.803932549697436],[6.73613788367245,49.803931192514163],[6.73613998023095,49.803886255858487],[6.736070535719662,49.803884898635772],[6.736001091213646,49.803883541371476],[6.736003187895233,49.803838604719672],[6.735933743458668,49.803837247415935],[6.735864299027376,49.803835890070616],[6.735866395832049,49.803790953422698],[6.735796951470208,49.803789596037944],[6.735727507113642,49.80378823861161],[6.735729604041399,49.803743301967557],[6.735660159754284,49.803741944501773],[6.735590715472442,49.803740586994408],[6.735592812523284,49.803695650354236],[6.735523368310894,49.803694292807435],[6.735453924103779,49.803692935219054],[6.73531503570537,49.803690219917534],[6.73531713300765,49.803645283285519],[6.735247688880536,49.803643925574534],[6.735245591514079,49.803688862204389],[6.735176147328059,49.803687504449663],[6.735106703147316,49.803686146653369],[6.735108800642129,49.803641210027806],[6.735039356530838,49.803639852192063],[6.735041454084556,49.803594915568233],[6.734972010042718,49.803593557693048],[6.734902566006156,49.803592199776276],[6.734833121974868,49.803590841817936],[6.734763677948858,49.803589483818008],[6.734694233928121,49.803588125776493],[6.734692136053519,49.803633062389594],[6.734622691973882,49.803631704304358],[6.734620594029828,49.803676640914894],[6.7346184960805,49.80372157752501],[6.734549051877783,49.803720219393902],[6.734546953859003,49.803765156001461],[6.734477509597387,49.803763797826612],[6.734479607680345,49.803718861221192],[6.734481705758028,49.803673924615353],[6.734483803830437,49.803628988009116],[6.734414359766629,49.803627629799117],[6.734412261630042,49.803672566403215],[6.734342817507335,49.803671208149495],[6.734273373389903,49.803669849854181],[6.734271275119687,49.803714786453583],[6.734201830943355,49.803713428114541],[6.734199732603686,49.803758364711378],[6.734130288368453,49.80375700632861],[6.734060844138496,49.803755647904246],[6.734062942606521,49.803710711311709],[6.73399349844602,49.803709352847925],[6.733924054290799,49.803707994342545],[6.733785165996186,49.803705277207051],[6.733715721856798,49.803703918576922],[6.733646277722687,49.803702559905211],[6.733648376570499,49.803657623325137],[6.733578932505845,49.803656264613991],[6.733509488446469,49.803654905861265],[6.733440044392371,49.803653547066965],[6.733370600343553,49.803652188231062],[6.733301156300013,49.803650829353572],[6.733299057131314,49.803695765922917],[6.733229613028877,49.803694407001707],[6.733160168931718,49.803693048038916],[6.733158069629388,49.803737984603544],[6.733019181322556,49.803735266548905],[6.732949737177059,49.803733907459211],[6.732947637676919,49.803778844016968],[6.732878193472525,49.803777484883533],[6.732876093902929,49.803822421438745],[6.732806649639638,49.803821062261591],[6.732808749273413,49.803776125708538],[6.732739305079579,49.803774766491948],[6.732737205381627,49.803819703042848],[6.732735105678398,49.803864639593343],[6.73266566136149,49.803863280330866],[6.732663561588804,49.803908216878789],[6.732594117213,49.803906857572585],[6.732524672842476,49.803905498224786],[6.732522572936155,49.803950434768005],[6.732453128506735,49.803949075376487],[6.732451028530956,49.803994011917133],[6.732381584042638,49.803992652481874],[6.732312139559602,49.803991293005041],[6.732242695081848,49.803989933486626],[6.732240594908257,49.804034870020409],[6.732171150371606,49.804033510458254],[6.732101705840236,49.804032150854503],[6.73203226131415,49.804030791209193],[6.732030160942743,49.804075727736119],[6.732028060566056,49.804120664262626],[6.731958615916895,49.804119304571429],[6.731889171273015,49.80411794483863],[6.731887070762691,49.804162881360426],[6.731884970247085,49.80420781788181],[6.731815525480132,49.804206458103145],[6.731746080718461,49.804205098282885],[6.731676635962073,49.804203738421045],[6.731674535248651,49.804248674935565],[6.731605090433367,49.80424731502999],[6.731602989650486,49.804292251541931],[6.731600888862321,49.804337188053481],[6.731598788068876,49.80438212456459],[6.731668233076697,49.80438348447661],[6.731666132342151,49.804428420989467],[6.731735577419435,49.804429780862051],[6.731733476743787,49.804474717376642],[6.731731376062858,49.804519653890807],[6.731800821273785,49.804521013726102],[6.731798720651756,49.804565950242008],[6.731796620024445,49.804610886757509],[6.731866065369015,49.804612246555514],[6.731863964800603,49.804657183072742],[6.731861864226912,49.804702119589557],[6.73179241875398,49.804700759787238],[6.731794519391853,49.804655823272583],[6.731725073988386,49.804654463430836],[6.7315861831973,49.804651743622593],[6.731588284022433,49.804606807113963],[6.731518838698996,49.804605447149605],[6.731520939583027,49.804560510642723],[6.731451494329053,49.80455915063893],[6.731449393380841,49.804604087143673],[6.731379948067971,49.80460272709616],[6.731310502760386,49.804601367007045],[6.731241057458085,49.804600006876356],[6.731243158598836,49.804555070378058],[6.731173713365999,49.804553710207941],[6.731104268138446,49.804552349996221],[6.731034822916178,49.804550989742935],[6.731032721582886,49.804595926234768],[6.730963276301721,49.804594565937748],[6.730961174898966,49.804639502427037],[6.730891729558908,49.804638142086262],[6.73088962808669,49.804683078572985],[6.730820182687735,49.804681718188483],[6.730750737294064,49.8046803577624],[6.730748635688204,49.804725294244392],[6.73067919023564,49.804723933774582],[6.730609744788362,49.804722573263177],[6.730611846522585,49.80467763678547],[6.730542401144772,49.804676276234638],[6.730472955772246,49.804674915642217],[6.730475057629546,49.804629979168404],[6.730405612326487,49.80462861853654],[6.730403510405006,49.804673555008208],[6.730334065043052,49.804672194332625],[6.730331963052107,49.804717130801713],[6.730329861055879,49.804762067270389],[6.73026041557085,49.804760706548905],[6.730190970091108,49.804759345785847],[6.730121524616654,49.804757984981201],[6.730119422422599,49.804802921443013],[6.730117320223259,49.804847857904413],[6.730186765826074,49.804849218713365],[6.730184663685632,49.804894155176491],[6.730115218018634,49.804892794365394],[6.730045772356923,49.804891433512708],[6.730043670082833,49.804936369971109],[6.729974224362229,49.804935009074697],[6.729972122018671,49.804979945530555],[6.72997001966983,49.805024881985972],[6.729967917315702,49.805069818440998],[6.72989847140784,49.805068457496532],[6.729896368984247,49.805113393948986],[6.729965814956289,49.805114754895598],[6.730035260933619,49.805116115800637],[6.730033158633104,49.805161052256963],[6.730031056327302,49.805205988712885],[6.730100502438284,49.805207349580627],[6.730169948554552,49.805208710406781],[6.730167846371831,49.805253646866589],[6.730237292557568,49.805255007653315],[6.730235190433745,49.805299944114843],[6.730304636688952,49.805301304862134],[6.730302534624025,49.805346241325417],[6.730371980948701,49.805347602033265],[6.730441427278665,49.805348962699533],[6.730439325336819,49.805393899166688],[6.73043722338969,49.805438835633439],[6.730367776931361,49.805437474962872],[6.730365674914765,49.805482411427057],[6.730296228397539,49.805481050712764],[6.730226781885601,49.805479689956876],[6.73015733537895,49.805478329159399],[6.730087888877585,49.805476968320335],[6.730018442381508,49.805475607439682],[6.730016340038711,49.805520543892698],[6.730085786598971,49.805521904775503],[6.730155233164518,49.805523265616706],[6.730153130944802,49.805568202073601],[6.730222577579821,49.805569562875384],[6.730220475419004,49.80561449933402],[6.730289922123491,49.805615860096353],[6.730287820021574,49.805660796556722],[6.730285717914371,49.805705733016673],[6.730283615801883,49.805750669476225],[6.730214168904843,49.805749308707426],[6.730212066722887,49.805794245164392],[6.730209964535645,49.805839181620946],[6.730207862343119,49.805884118077095],[6.730205760145308,49.805929054532811],[6.730203657942212,49.805973990988115],[6.730201555733831,49.80601892744302],[6.73027100301598,49.806020288224722],[6.730340450303414,49.806021648964837],[6.730338348218119,49.806066585423608],[6.730407795575026,49.806067946124287],[6.730477242937219,49.806069306783371],[6.730475140975011,49.806114243246036],[6.730544588406675,49.806115603865692],[6.730542486503366,49.80616054033009],[6.730540384594775,49.806205476794077],[6.730609832160098,49.806206837376436],[6.730679279730706,49.806208197917215],[6.730748727306603,49.806209558416406],[6.730746625585284,49.806254494886424],[6.730816073230651,49.80625585534618],[6.730885520881304,49.80625721576434],[6.730883419283073,49.80630215223826],[6.730952867003198,49.806303512616992],[6.730950765463871,49.806348449092631],[6.730948663919261,49.806393385567851],[6.731018111773043,49.806394745909294],[6.731016010287336,49.806439682386248],[6.731013908796345,49.806484618862783],[6.731011807300072,49.806529555338919],[6.730942359253728,49.806528194991024],[6.73087291121267,49.806526834601549],[6.73087080958274,49.806571771072953],[6.73080136148278,49.806570410639736],[6.730731913388106,49.806569050164931],[6.730729811624517,49.806613986631632],[6.730660363470942,49.806612626113086],[6.730658261637882,49.806657562577215],[6.730588813425406,49.806656202014928],[6.730590915322654,49.806611265552952],[6.730521467179652,49.80660990495123],[6.730452019041937,49.806608544307927],[6.730382570909508,49.806607183623029],[6.730384672994033,49.806562247167093],[6.730315224931078,49.806560886442753],[6.73024577687341,49.806559525676839],[6.730176328821029,49.80655816486933],[6.73017843109283,49.806513228419419],[6.730108983109924,49.806511867572475],[6.730039535132305,49.806510506683949],[6.729970087159973,49.806509145753829],[6.729967984695612,49.80655408219728],[6.729898536664381,49.806552721223433],[6.729896434130546,49.806597657664312],[6.729826986040417,49.806596296646724],[6.729757537955575,49.806594935587533],[6.729755435288079,49.806639872023709],[6.729753332615298,49.806684808459458],[6.72968388440737,49.806683447354381],[6.729614436204732,49.806682086207722],[6.729612333398289,49.806727022638754],[6.72961023058656,49.80677195906938],[6.729608127769545,49.80681689549958],[6.729606024947242,49.806861831929382],[6.729675473406633,49.806863193084645],[6.729673370643233,49.806908129516174],[6.7297428191721,49.806909490632002],[6.729744921871312,49.806864554198327],[6.729814370341279,49.806865915270407],[6.729816472971017,49.80682097883416],[6.729885921382085,49.806822339862514],[6.729888023942348,49.806777403423702],[6.729957472294516,49.806778764408321],[6.729955369798439,49.806823700849279],[6.730024818220083,49.806825061794449],[6.730094266647014,49.80682642269803],[6.730163715079232,49.806827783560031],[6.730233163516738,49.806829144380451],[6.73030261195953,49.806830505159269],[6.730300509779109,49.806875441610572],[6.730369958291377,49.806876802349969],[6.730367856169859,49.806921738802998],[6.730363651910968,49.807011611707821],[6.730361549773594,49.807056548159608],[6.730430998547904,49.807057908866007],[6.730500447327501,49.807059269530832],[6.730498345313221,49.807104205986484],[6.730496243293657,49.807149142441759],[6.730494141268808,49.8071940788966],[6.730492039238674,49.807239015351023],[6.730489937203256,49.807283951805026],[6.730420488102713,49.807282591129464],[6.730418385997821,49.807327527580917],[6.730416283887643,49.807372464031936],[6.730414181772181,49.807417400482549],[6.730344732484356,49.807416039758941],[6.730342630299418,49.807460976207004],[6.730340528109195,49.807505912654634],[6.730271078698276,49.807504551885131],[6.730268976438579,49.807549488330203],[6.730266874173596,49.807594424774848],[6.730197424639584,49.807593063959466],[6.730127975110859,49.807591703102489],[6.730058525587421,49.807590342203923],[6.729989076069272,49.807588981263777],[6.729991178591018,49.807544044827722],[6.729921729142347,49.807542683848133],[6.729852279698965,49.807541322826943],[6.729854382343805,49.807496386394774],[6.729784932969901,49.80749502533417],[6.729715483601285,49.807493664231963],[6.729646034237958,49.807492303088161],[6.729648137070082,49.807447366662039],[6.729578687776235,49.807446005478816],[6.729509238487675,49.807444644253991],[6.729439789204404,49.807443282987578],[6.729370339926424,49.807441921679576],[6.729372443010022,49.80739698526164],[6.729302993801522,49.807395623914203],[6.729233544598309,49.807394262525179],[6.729164095400387,49.807392901094559],[6.729094646207756,49.807391539622358],[6.729096749542825,49.807346603212615],[6.729027300419673,49.807345241700979],[6.728957851301811,49.807343880147748],[6.728888402189239,49.807342518552929],[6.72889050571159,49.807297582149239],[6.728821056668498,49.807296220514985],[6.728751607630697,49.807294858839143],[6.728682158598185,49.807293497121719],[6.728612709570966,49.807292135362694],[6.728614813344787,49.807247198967175],[6.728545364387047,49.807245837168729],[6.728475915434599,49.807244475328687],[6.728406466487442,49.807243113447051],[6.728337017545577,49.807241751523833],[6.728339121570865,49.807196815136521],[6.72826967269848,49.807195453173868],[6.728200223831388,49.80719409116962],[6.728130774969589,49.807192729123777],[6.728132879182153,49.807147792742512],[6.728063430389834,49.807146430657255],[6.727993981602807,49.807145068530396],[6.727924532821073,49.807143706361948],[6.727855084044632,49.807142344151913],[6.72785718850866,49.807097407778841],[6.7277877398017,49.807096045529377],[6.727718291100033,49.807094683238319],[6.727648842403659,49.807093320905672],[6.727650947054964,49.807048384538639],[6.727581498428072,49.807047022166557],[6.727512049806473,49.807045659752887],[6.727442601190168,49.807044297297622],[6.727444706028745,49.806999360936658],[6.727375257481921,49.806997998441965],[6.727305808940392,49.806996635905683],[6.727307913902053,49.806951699548591],[6.727312123809501,49.806861826833156],[6.727314228755288,49.806816890474813],[6.727244780475804,49.806815527905563],[6.727105883932717,49.806812802642305],[6.727036435669118,49.806811439948284],[6.726966987410811,49.806810077212688],[6.726969092672242,49.806765140864684],[6.726971197928379,49.806720204516289],[6.726901749803742,49.806718841743404],[6.726832301684399,49.806717478928938],[6.726834407063619,49.806672542584415],[6.726764959013759,49.806671179730522],[6.726762853570352,49.80671611607287],[6.7266934054616,49.806714753175228],[6.726623957358144,49.806713390236006],[6.726626062929923,49.806668453897949],[6.72662816849641,49.806623517559473],[6.726630274057603,49.806578581220606],[6.726632379613504,49.806533644881306],[6.726701827460214,49.806535007811917],[6.726703932946633,49.806490071470051],[6.726773380734453,49.806491434356928],[6.726775486151394,49.806446498012491],[6.726777591563041,49.806401561667627],[6.726847039227783,49.806402924508618],[6.726849144569952,49.806357988161196],[6.726851249906828,49.806313051813355],[6.726853355238412,49.806268115465095],[6.726855460564702,49.806223179116422],[6.726924907977998,49.806224541907206],[6.72692701323481,49.806179605555954],[6.72692911848633,49.806134669204297],[6.726931223732558,49.806089732852229],[6.727000670958592,49.806091095594965],[6.727002776135343,49.80604615924031],[6.727072223302488,49.806047521939298],[6.727141670474927,49.806048884596713],[6.727211117652659,49.806050247212518],[6.727280564835687,49.806051609786756],[6.727350012024007,49.806052972319385],[6.727347907168181,49.806097908684805],[6.727417354425981,49.806099271178006],[6.727486801689075,49.806100633629633],[6.727484696956326,49.806145569998925],[6.727554144288899,49.80614693241111],[6.727552039615045,49.806191868782143],[6.727482592218287,49.806190506367813],[6.727480487474956,49.806235442736281],[6.727411040019306,49.806234080278209],[6.727408935206499,49.806279016644105],[6.727339487691959,49.806277654142278],[6.727337382809675,49.806322590505609],[6.727335277922098,49.806367526868527],[6.72733317302923,49.806412463231027],[6.727263725327425,49.80641110068116],[6.72726162036508,49.80645603704108],[6.727259515397442,49.806500973400603],[6.727328963227619,49.806502335954775],[6.727326858318875,49.806547272316038],[6.727324753404839,49.806592208676868],[6.727255305446291,49.806590846118382],[6.727253200462777,49.806635782476647],[6.727251095473971,49.8066807188345],[6.727320543560896,49.806682081397291],[6.727389991653112,49.806683443918487],[6.727459439750622,49.80668480639811],[6.727461544546867,49.806639870033798],[6.72746364933782,49.806594933669068],[6.727533097312251,49.806596296102789],[6.727535202033726,49.806551359735501],[6.72753730674991,49.806506423367786],[6.727539411460803,49.806461486999652],[6.727608859247968,49.806462849385326],[6.727610963889383,49.806417913014627],[6.727613068525507,49.806372976643509],[6.72761517315634,49.806328040271993],[6.727617277781881,49.806283103900043],[6.727619382402133,49.806238167527702],[6.727688829873662,49.80623952986101],[6.727690934424437,49.806194593486069],[6.727693038969921,49.80614965711073],[6.727695143510115,49.806104720734972],[6.727697248045016,49.806059784358801],[6.727766695265097,49.806061146641916],[6.727768799730524,49.806016210263174],[6.727773008645506,49.805926337504431],[6.727842455678325,49.805927699739513],[6.727844560063697,49.80588276335736],[6.727846664443777,49.805837826974802],[6.727848768818568,49.805792890591825],[6.727918215664127,49.80579425277886],[6.727920319969443,49.80574931639331],[6.727922424269469,49.805704380007356],[6.727852977552277,49.805703017824626],[6.727855081911196,49.805658081440399],[6.727785635263479,49.805656719218241],[6.727716188621056,49.805655356954489],[6.727646741983923,49.805653994649163],[6.727648846530103,49.805609058270981],[6.727579399962447,49.805607695926227],[6.727509953400086,49.805606333539878],[6.727440506843014,49.805604971111947],[6.727442611576452,49.805560034739806],[6.727373165088859,49.80555867227244],[6.727303718606559,49.805557309763493],[6.727305823463071,49.805512373395246],[6.727166930642721,49.805509648256887],[6.727097484240486,49.805508285625329],[6.727028037843545,49.805506922952183],[6.727030142951495,49.805461986592135],[6.726960696624031,49.805460623879569],[6.726962801790872,49.805415687521261],[6.726893355532884,49.805414324769259],[6.726895460758617,49.805369388412679],[6.726826014570106,49.805368025621249],[6.726756568386891,49.805366662788217],[6.726687122208971,49.80536529991361],[6.726617676036346,49.805363936997416],[6.726548229869016,49.805362574039641],[6.72647878370698,49.805361211040278],[6.726480889312512,49.80531627469621],[6.726411443219955,49.805314911657419],[6.726413548884374,49.805269975315099],[6.726344102861293,49.805268612236866],[6.726274656843509,49.805267249117044],[6.726272551050727,49.805312185455072],[6.726203104974058,49.80531082229151],[6.726200999111798,49.805355758626959],[6.726198893244247,49.805400694961982],[6.7261967873714,49.8054456312966],[6.72612734110748,49.805444268084997],[6.726125235165157,49.805489204417043],[6.726055788842351,49.8054878411617],[6.726053682830551,49.805532777491166],[6.726051576813457,49.805577713820227],[6.725982130367584,49.80557635051899],[6.725980024281013,49.805621286845472],[6.725977918189145,49.805666223171542],[6.725975812091985,49.8057111594972],[6.725906365458858,49.805709796147916],[6.72590425929222,49.805754732470987],[6.725902153120286,49.805799668793661],[6.725900046943058,49.805844605115908],[6.725830600122678,49.805843241718577],[6.72582849387597,49.805888178038252],[6.725826387623967,49.805933114357522],[6.725824281366671,49.805978050676366],[6.725754834359036,49.805976687230981],[6.725752728032259,49.806021623547267],[6.725750621700188,49.806066559863126],[6.725748515362821,49.806111496178566],[6.72567906816793,49.806110132685127],[6.725676961761083,49.806155068998002],[6.72567485534894,49.806200005310473],[6.725605408030979,49.80619864177114],[6.725535960718314,49.806197278190218],[6.725466513410947,49.806195914567702],[6.72539706610888,49.806194550903605],[6.725399172777762,49.806149614599754],[6.725329725545177,49.806148250896236],[6.725331832272949,49.806103314594132],[6.725333938995423,49.806058378291624],[6.7253360457126,49.806013441988689],[6.725405492752632,49.806014805685749],[6.725407599400329,49.805969869380249],[6.72540970604273,49.805924933074337],[6.725411812679837,49.805879996767985],[6.725481259532614,49.805881360416997],[6.72548336610024,49.805836424108094],[6.72548547266257,49.805791487798764],[6.725487579219604,49.805746551489037],[6.72555702588513,49.805747915089995],[6.725559132372685,49.805702978777688],[6.725561238854944,49.80565804246497],[6.725630685397401,49.805659406020027],[6.725632791810182,49.805614469704729],[6.725634898217668,49.805569533389018],[6.725637004619857,49.805524597072896],[6.725706450975063,49.805525960579907],[6.725708557307776,49.805481024261212],[6.725710663635193,49.805436087942098],[6.725712769957314,49.805391151622572],[6.725714876274141,49.80534621530262],[6.725645430175664,49.805344851804222],[6.725575984082483,49.805343488264249],[6.725578090522379,49.805298551948198],[6.725508644498678,49.80529718836879],[6.725506537994601,49.805342124682682],[6.725504431485229,49.805387060996182],[6.725502324970561,49.805431997309235],[6.725432878759613,49.80543063368178],[6.725430772175466,49.805475569992268],[6.725428665586024,49.805520506302351],[6.72535921925201,49.805519142628995],[6.72535711259309,49.805564078936499],[6.725355005928874,49.80560901524359],[6.725352899259361,49.805653951550262],[6.725283452738096,49.80565258782886],[6.725281345999104,49.805697524132967],[6.725211899418954,49.805696160367823],[6.725142452844104,49.805694796561085],[6.725144559711461,49.805649860261305],[6.725075113206093,49.805648496415131],[6.725005666706022,49.805647132527383],[6.72500777369645,49.805602196231476],[6.72493832726586,49.805600832304307],[6.724868880840571,49.805599468335544],[6.724870987954065,49.805554532043544],[6.724801541598259,49.805553168035345],[6.724732095247751,49.80555180398558],[6.724662648902543,49.805550439894198],[6.724664756203287,49.805505503608259],[6.724595309927561,49.805504139477463],[6.724525863657136,49.805502775305079],[6.724456417392009,49.805501411091122],[6.724458524880003,49.805456474811223],[6.724389078684359,49.805455110557823],[6.724319632494017,49.805453746262849],[6.724180740129231,49.80545101754813],[6.724182847868654,49.805406081276445],[6.724113401758395,49.80540471685886],[6.724111293954791,49.805449653128392],[6.724041847785651,49.805448288667073],[6.724039739912565,49.805493224934025],[6.723970293684545,49.805491860428965],[6.723968185741978,49.805536796693346],[6.723966077794112,49.805581732957322],[6.723896631443028,49.805580368406353],[6.723894523425679,49.805625304667757],[6.723892415403033,49.805670240928734],[6.723890307375085,49.805715177189299],[6.723820860836756,49.805713812590284],[6.723751414303727,49.805712447949681],[6.723753522460041,49.805667511693429],[6.723684075996497,49.80566614701339],[6.723614629538257,49.805664782291771],[6.723616737817633,49.805619846039427],[6.723547291428877,49.80561848127838],[6.723477845045424,49.805617116475744],[6.723479953447867,49.805572180227287],[6.723410507133898,49.805570815385217],[6.723341060825232,49.805569450501572],[6.723343169350739,49.805524514257023],[6.723273723111557,49.805523149333936],[6.72320427687768,49.805521784369283],[6.723134830649104,49.805520419363042],[6.723136939361856,49.805475483124539],[6.723067493202767,49.805474118078862],[6.723069601974399,49.805429181842108],[6.723000155884796,49.805427816756996],[6.722930709800495,49.805426451630318],[6.722861263721499,49.805425086462044],[6.72285915475732,49.805470022692333],[6.722857045787841,49.805514958922195],[6.722787599585785,49.805513593708028],[6.722789708619446,49.805468657480311],[6.722720262486876,49.805467292226723],[6.72265081635961,49.805465926931525],[6.722581370237648,49.805464561594761],[6.722511924120991,49.805463196216401],[6.722373031903593,49.805460465334939],[6.722375141317041,49.805415529119749],[6.722305695280482,49.805414163618792],[6.722236249249226,49.805412798076254],[6.722166803223277,49.805411432492129],[6.722027911187294,49.80540870119912],[6.721889019172536,49.80540596973978],[6.721819573173115,49.805404603947729],[6.721750127179003,49.805403238114096],[6.721611235206693,49.805400506322066],[6.721472343255614,49.805397774363698],[6.721402897288034,49.805396408322132],[6.721264005368798,49.805393676114257],[6.721194559417142,49.805392309947941],[6.721055667529752,49.805389577490551],[6.720986221594019,49.805388211199471],[6.720916775663595,49.805386844866817],[6.720847329738479,49.805385478492575],[6.720777883818671,49.805384112076744],[6.720638991994984,49.805381379120334],[6.720500100192533,49.805378645997585],[6.72043065429927,49.805377279373836],[6.720361208411319,49.805375912708506],[6.720222316651344,49.805373179253067],[6.720224428049107,49.805328243104412],[6.720154982241266,49.805326876316471],[6.720085536438734,49.805325509486956],[6.720016090641515,49.805324142615859],[6.719877199063005,49.805321408748888],[6.719807753281716,49.805320041753042],[6.719738307505739,49.8053186747156],[6.719740419347458,49.805273738581647],[6.719742531183869,49.80522880244726],[6.719744643014971,49.805183866312476],[6.719675197436846,49.80518249923994],[6.719605751864032,49.805181132125803],[6.71960363990457,49.805226068256268],[6.719534194272888,49.805224701098389],[6.719532082243935,49.805269637226296],[6.719529970209673,49.805314573353762],[6.719527858170102,49.805359509480823],[6.719458412351192,49.805358142274876],[6.719454188127758,49.805448014523428],[6.719315296249145,49.805445279978144],[6.719245850317806,49.805443912643121],[6.719247962624721,49.805398976525545],[6.719178516762875,49.8053976091511],[6.719109070906344,49.805396241735068],[6.719039625055125,49.805394874277468],[6.719041737549271,49.805349938165946],[6.718972291767545,49.805348570668912],[6.718902845991133,49.805347203130282],[6.718833400220032,49.805345835550092],[6.718763954454245,49.805344467928293],[6.718694508693773,49.805343100264913],[6.718696621503512,49.805298164163801],[6.718627175812533,49.805296796461],[6.718557730126868,49.805295428716612],[6.718488284446516,49.805294060930649],[6.718486171444236,49.805338997025288],[6.718555617188768,49.805340364813418],[6.718553504245356,49.805385300909805],[6.718622950059382,49.805386668658507],[6.718692395878723,49.805388036365621],[6.718761841703375,49.805389404031168],[6.718831287533344,49.805390771655119],[6.718829174841344,49.80543570775972],[6.718898620740804,49.805437075344258],[6.718968066645579,49.805438442887201],[6.719037512555667,49.805439810388549],[6.719106958471068,49.80544117784833],[6.719104846030481,49.80548611396118],[6.719174292015375,49.805487481381526],[6.719243738005583,49.805488848760284],[6.719313184001101,49.805490216097475],[6.719311071747747,49.805535152216386],[6.71938051781276,49.805536519514135],[6.719449963883085,49.805537886770324],[6.719519409958721,49.805539253984904],[6.71958885603967,49.805540621157895],[6.71965830212593,49.80554198828932],[6.719797194314386,49.805544722427385],[6.719866640416581,49.805546089434038],[6.719864528671368,49.805591025569825],[6.719933974843056,49.805592392537058],[6.720003421020054,49.805593759462717],[6.720072867202361,49.805595126346773],[6.720142313389982,49.805596493189256],[6.720211759582909,49.805597859990151],[6.720281205781149,49.805599226749457],[6.720279094415719,49.805644162897778],[6.72034854068345,49.805645529617657],[6.720417986956492,49.805646896295961],[6.720487433234843,49.805648262932671],[6.720556879518503,49.8056496295278],[6.720554768404494,49.805694565684355],[6.720624214757646,49.805695932240049],[6.720693661116107,49.805697298754168],[6.720763107479877,49.8056986652267],[6.720832553848957,49.805700031657651],[6.720902000223345,49.805701398047006],[6.720971446603041,49.805702764394773],[6.721040892988047,49.805704130700967],[6.72111033937836,49.805705496965572],[6.721249232174911,49.805708229370019],[6.721318678581148,49.80570959550986],[6.721388124992694,49.805710961608121],[6.721457571409545,49.805712327664807],[6.721527017831705,49.805713693679891],[6.721529128047163,49.805668757493102],[6.721531238257315,49.805623821305893],[6.721461791963519,49.805622455295129],[6.721322899391851,49.80561972314883],[6.721253453113978,49.805618357013309],[6.721184006841414,49.805616990836192],[6.721114560574156,49.805615624617495],[6.721045114312208,49.805614258357203],[6.72083677555821,49.805610159326854],[6.720767329317495,49.80560879290023],[6.720769440228344,49.80556385673637],[6.720838886404876,49.805565223160833],[6.720840997246238,49.80552028699438],[6.720910443363898,49.805521653375109],[6.720979889486866,49.805523019714244],[6.721049335615144,49.80552438601179],[6.721118781748729,49.805525752267755],[6.721188227887622,49.805527118482132],[6.721190338402768,49.805482182304488],[6.721259784482787,49.805483548475117],[6.72139867665875,49.805486280691632],[6.721468122754692,49.805487646737511],[6.721537568855941,49.805489012741809],[6.721607014962498,49.805490378704519],[6.721745907191531,49.805493110505182],[6.721815353314008,49.805494476343135],[6.721884799441791,49.805495842139507],[6.72195424557488,49.805497207894277],[6.722023691713276,49.805498573607487],[6.722093137856977,49.805499939279102],[6.722162584005986,49.805501304909122],[6.722232030160298,49.805502670497567],[6.722301476319918,49.805504036044418],[6.72237092248484,49.805505401549681],[6.722440368655069,49.805506767013384],[6.722438259295195,49.805551703229881],[6.722577151779931,49.805554434036821],[6.722646598030257,49.805555799377906],[6.722716044285887,49.805557164677403],[6.722713935177439,49.805602100902135],[6.722783381502556,49.805603466162211],[6.722852827832976,49.805604831380698],[6.722922274168701,49.805606196557598],[6.722920165247498,49.805651132788377],[6.722989611652709,49.805652497925848],[6.723059058063224,49.805653863021739],[6.723056949265085,49.805698799256419],[6.723126395745086,49.805700164312881],[6.723195842230389,49.805701529327763],[6.723193733555314,49.805746465566337],[6.723263180110105,49.805747830541783],[6.723332626670198,49.805749195475649],[6.723330518118187,49.805794131718123],[6.723399964747767,49.805795496612561],[6.72346941138265,49.805796861465403],[6.723467302953703,49.805841797711778],[6.723536749658073,49.8058431625252],[6.723534641288009,49.80588809877333],[6.723604088061863,49.805889463547302],[6.723673534841019,49.805890828279722],[6.723671426594024,49.805935764531732],[6.723740873442666,49.805937129224702],[6.723738765254554,49.80598206547846],[6.723808212172682,49.805983430132017],[6.723806104043454,49.806028366387501],[6.723875551031067,49.806029731001615],[6.723873442960724,49.806074667258848],[6.723942890017823,49.806076031833541],[6.723940782006364,49.806120968092515],[6.72401022913295,49.806122332627773],[6.724008121180375,49.806167268888494],[6.724077568376446,49.806168633384324],[6.724075460482758,49.806213569646786],[6.724144907748315,49.806214934103174],[6.724142799913511,49.806259870367377],[6.724140692073409,49.806304806631161],[6.724210139472638,49.806306171050288],[6.724208031691421,49.806351107315805],[6.724277479160137,49.806352471695504],[6.724275371437806,49.80639740796277],[6.724344818976006,49.806398772303041],[6.724342711312563,49.806443708572047],[6.72441215892025,49.806445072872869],[6.724410051315694,49.806490009143616],[6.724479498992867,49.806491373405024],[6.724477391447198,49.806536309677512],[6.724546839193858,49.806537673899484],[6.724544731707076,49.806582610173713],[6.724614179523223,49.806583974356251],[6.724683627344669,49.8065853384972],[6.724753075171416,49.806586702596562],[6.724822523003462,49.806588066654335],[6.724820415768126,49.806633002936778],[6.724889863669659,49.80663436695513],[6.724959311576492,49.806635730931887],[6.725028759488622,49.806637094867064],[6.725098207406053,49.806638458760645],[6.725096100422166,49.806683395051287],[6.725165548409083,49.80668475890544],[6.725304444398814,49.80668748648899],[6.725373892401627,49.806688850218386],[6.725443340409738,49.806690213906194],[6.725512788423147,49.8066915775524],[6.725510681819084,49.806736513855569],[6.725580129901978,49.806737877462346],[6.725578023356806,49.806782813767249],[6.725647471509185,49.806784177334613],[6.725645365022903,49.806829113641243],[6.725714813244767,49.806830477169164],[6.725784261471929,49.806831840655498],[6.725853709704389,49.806833204100244],[6.725851603405374,49.80687814041292],[6.725921051707319,49.806879503818244],[6.725990500014561,49.80688086718196],[6.725988393838625,49.806925803498551],[6.726057842215352,49.806927166822838],[6.726127290597375,49.806928530105544],[6.726196738984696,49.806929893346663],[6.726266187377313,49.806931256546186],[6.726264081452832,49.806976192870977],[6.726333529914934,49.806977556031065],[6.726402978382332,49.806978919149579],[6.726400872580934,49.807023855478242],[6.726470321117815,49.807025218557321],[6.726539769659993,49.807026581594805],[6.726609218207466,49.807027944590715],[6.726678666760235,49.807029307545022],[6.726676561210295,49.807074243881907],[6.726746009832548,49.807075606796793],[6.726815458460097,49.807076969670071],[6.72688490709294,49.807078332501774],[6.726882801730272,49.807123268844705],[6.726952250432598,49.807124631636967],[6.72702169914022,49.807125994387647],[6.727091147853137,49.807127357096739],[6.727160596571348,49.807128719764243],[6.727158491460142,49.80717365611536],[6.727227940247836,49.807175018743429],[6.727297389040825,49.80717638132991],[6.727295284052704,49.807221317684927],[6.727364732915174,49.807222680231973],[6.727434181782942,49.807224042737424],[6.727503630656002,49.807225405201294],[6.727573079534356,49.807226767623575],[6.727570974797697,49.807271703986785],[6.727640423745532,49.807273066369646],[6.727709872698662,49.80727442871089],[6.727779321657084,49.807275791010575],[6.727918219589808,49.807278515485137],[6.727916115168806,49.807323451858693],[6.727985564207295,49.807324814035752],[6.72805501325108,49.807326176171223],[6.728052908953165,49.80737111254868],[6.728122358066428,49.807372474644708],[6.728330705437976,49.807376560683281],[6.72840015457241,49.80737792261295],[6.728469603712134,49.807379284501039],[6.728467499794068,49.807424220891001],[6.728536949003274,49.807425582739654],[6.728534845144107,49.807470519131343],[6.728604294422795,49.807471880940561],[6.728673743706774,49.807473242708191],[6.728671639970699,49.807518179103774],[6.728741089324158,49.807519540831962],[6.72881053868291,49.807520902518561],[6.728879988046951,49.807522264163573],[6.728877884498157,49.807567200565202],[6.728947333931679,49.807568562170779],[6.729016783370491,49.807569923734775],[6.729086232814595,49.807571285257161],[6.729084129453084,49.80761622166483],[6.729153578966667,49.807617583147788],[6.729223028485541,49.807618944589166],[6.729292478009705,49.807620305988941],[6.729290374835479,49.807665242402642],[6.729359824429122,49.807666603762996],[6.729429274028055,49.807667965081748],[6.729498723632277,49.807669326358926],[6.72956817324179,49.807670687594509],[6.729566070319041,49.807715624016403],[6.729635519998032,49.807716985212544],[6.729704969682312,49.807718346367103],[6.729774419371881,49.807719707480068],[6.729772316636419,49.807764643907987],[6.729841766395467,49.807766004981524],[6.729911216159805,49.807767366013444],[6.729980665929432,49.807768727003804],[6.730050115704343,49.807770087952562],[6.730048013220361,49.807815024388681],[6.730117463064753,49.807816385297997],[6.730186912914434,49.807817746165732],[6.730256362769403,49.807819106991879],[6.730254260472708,49.80786404343403],[6.730323710397156,49.807865404220735],[6.73039316032689,49.807866764965844],[6.730462610261912,49.807868125669366],[6.730460508152508,49.807913062117557],[6.730529958157009,49.807914422781643],[6.730599408166795,49.807915783404134],[6.730668858181871,49.807917143985044],[6.730666756259757,49.807962080439268],[6.730736206344311,49.807963440980743],[6.73080565643415,49.807964801480615],[6.730875106529274,49.807966161938907],[6.730873004794454,49.808011098399177],[6.730942454959059,49.80801245881802],[6.731011905128947,49.808013819195281],[6.731009803517228,49.808058755659431],[6.731148704001249,49.808061476293474],[6.731218154251189,49.80806283654811],[6.731287604506412,49.808064196761165],[6.731357054766922,49.808065556932618],[6.731354953470881,49.808110493407106],[6.731424403800869,49.808111853539131],[6.73149385413614,49.808113213629554],[6.731563304476698,49.808114573678395],[6.731632754822538,49.808115933685635],[6.731630653777987,49.808160870168301],[6.731700104193306,49.808162230136119],[6.731769554613908,49.808163590062335],[6.731767453692461,49.808208526548881],[6.731836904182542,49.808209886435662],[6.731906354677904,49.808211246280848],[6.731975805178553,49.808212606084446],[6.732045255684483,49.808213965846456],[6.732043155014527,49.808258902341187],[6.732112605589935,49.808260262063762],[6.732182056170624,49.808261621744734],[6.732251506756599,49.808262981384118],[6.732249406273944,49.808307917884882],[6.732318856929393,49.808309277484824],[6.732388307590127,49.808310637043178],[6.732457758256142,49.808311996559944],[6.732455657960787,49.808356933066754],[6.732525108696279,49.808358292544071],[6.732594559437054,49.808359651979806],[6.732664010183109,49.80836101137394],[6.732661910075056,49.808405947886762],[6.732731360890589,49.808407307241481],[6.732800811711404,49.808408666554584],[6.7328702625375,49.808410025826099],[6.732868162616749,49.80845496234496],[6.732937613512322,49.808456321577033],[6.733007064413174,49.808457680767511],[6.733076515319309,49.808459039916407],[6.733145966230724,49.808460399023723],[6.733143866561472,49.808505335550755],[6.733213317542362,49.808506694618622],[6.733282768528534,49.808508053644893],[6.733352219519987,49.808509412629569],[6.73335012003804,49.808554349162634],[6.733419571098967,49.808555708107882],[6.733489022165174,49.80855706701152],[6.733558473236662,49.808558425873585],[6.733556373942021,49.808603362412661],[6.733625825082983,49.808604721235284],[6.733695276229227,49.808606080016297],[6.733764727380748,49.808607438755743],[6.733834178537551,49.808608797453587],[6.733832079494411,49.808653734000856],[6.733901530720689,49.808655092659251],[6.733970981952244,49.808656451276057],[6.733968883032218,49.808701387827199],[6.734038334333247,49.80870274640457],[6.734107785639556,49.80870410494034],[6.734177236951145,49.808705463434528],[6.734246688268011,49.808706821887121],[6.73424458959949,49.808751758446434],[6.73431404098583,49.808753116859577],[6.734383492377448,49.808754475231133],[6.734452943774344,49.808755833561101],[6.734450845293135,49.808800770126446],[6.734520296759505,49.808802128416964],[6.734589748231153,49.808803486665887],[6.734659199708078,49.808804844873229],[6.734657101414181,49.808849781444607],[6.73472655296058,49.8088511396125],[6.734796004512257,49.808852497738798],[6.73486545606921,49.808853855823521],[6.73493490763144,49.808855213866636],[6.734932809589052,49.808900150446163],[6.735002261220757,49.80890150844985],[6.735071712857737,49.808902866411934],[6.735141164499994,49.808904224332423],[6.735210616147527,49.808905582211331],[6.735208518356649,49.808950518799044],[6.735277970073655,49.808951876638496],[6.735347421795937,49.808953234436366],[6.735416873523494,49.808954592192642],[6.735486325256329,49.808955949907315],[6.735484227716963,49.809000886503206],[6.73555367951927,49.80900224417843],[6.735623131326851,49.809003601812087],[6.735692583139708,49.809004959404135],[6.73576203495784,49.809006316954594],[6.735759937669988,49.809051253558636],[6.735829389557592,49.80905261106966],[6.735898841450471,49.809053968539075],[6.735968293348624,49.809055325966909],[6.735966196248092,49.809100262576976],[6.736035648215717,49.809101619965361],[6.736105100188616,49.809102977312158],[6.73617455216679,49.809104334617366],[6.736172455253576,49.809149271233444],[6.736241907301221,49.809150628499211],[6.736311359354139,49.809151985723368],[6.736380811412332,49.809153342905951],[6.736450263475798,49.809154700046918],[6.736448166814102,49.809199636671174],[6.736517618947039,49.809200993772713],[6.73658707108525,49.809202350832656],[6.736656523228733,49.809203707850997],[6.73672597537749,49.809205064827758],[6.736723878967314,49.809250001460178],[6.736793331185541,49.809251358397489],[6.73686278340904,49.809252715293205],[6.736932235637812,49.809254072147333],[6.737001687871857,49.809255428959872],[6.736999591713202,49.809300365600457],[6.737069044016716,49.80930172237354],[6.737138496325503,49.809303079105042],[6.737136400289975,49.809348015749485],[6.737205852668231,49.809349372441545],[6.737207948639561,49.809304435794957],[6.737277400958892,49.809305792443261],[6.737275305051761,49.809350729091996],[6.73734475744056,49.809352085700851],[6.737414209834631,49.809353442268133],[6.737416305613366,49.809308505615107],[6.737485757948511,49.80930986213864],[6.737483662233974,49.809354798793812],[6.737481566514168,49.809399735448558],[6.73755101898298,49.809401091934795],[6.737620471457062,49.809402448379444],[6.737689923936416,49.809403804782484],[6.737687828403937,49.809448741443255],[6.737757280952761,49.809450097806852],[6.737826733506854,49.809451454128862],[6.737896186066218,49.809452810409269],[6.737965638630851,49.809454166648102],[6.737963543349899,49.80949910331703],[6.738032995984002,49.8095004595164],[6.738030900761981,49.809545396187069],[6.738028805534692,49.809590332857319],[6.738098258302463,49.809591689019385],[6.738167711075503,49.809593045139856],[6.738237163853814,49.809594401218732],[6.738306616637393,49.809595757256027],[6.738304521661635,49.80964069393444],[6.738373974514682,49.809642049932279],[6.738443427372999,49.809643405888536],[6.738512880236586,49.809644761803185],[6.738510785448159,49.809689698487595],[6.738580238381213,49.809691054362808],[6.738649691319537,49.809692410196419],[6.738719144263129,49.809693765988435],[6.738788597211989,49.809695121738862],[6.738786502675095,49.809740058431437],[6.738855955693423,49.809741414142401],[6.738925408717018,49.809742769811791],[6.738994861745882,49.809744125439586],[6.738992767396322,49.809789062138179],[6.739062220494654,49.809790417726518],[6.739131673598252,49.809791773273261],[6.73920112670712,49.809793128778416],[6.739199032544894,49.809838065483021],[6.73926848572323,49.80983942094872],[6.739337938906831,49.809840776372845],[6.739407392095697,49.809842131755346],[6.739476845289833,49.809843487096273],[6.739474751379145,49.809888423809042],[6.739544204642746,49.809889779110513],[6.739613657911615,49.809891134370389],[6.73968311118575,49.809892489588677],[6.7396810174624,49.809937426307442],[6.739750470806,49.809938781486274],[6.739819924154868,49.809940136623531],[6.739889377509002,49.809941491719165],[6.7399588308684,49.809942846773225],[6.739956737396589,49.809987783500148],[6.740026190825455,49.809989138514752],[6.740095644259585,49.809990493487767],[6.740165097698982,49.809991848419187],[6.740163004414511,49.810036785152114],[6.740232457923374,49.810038140044071],[6.740301911437501,49.810039494894447],[6.740371364956893,49.810040849703221],[6.740369271859763,49.810085786442173],[6.740438725448621,49.810087141211497],[6.740508179042743,49.810088495939226],[6.740577632642129,49.810089850625367],[6.740647086246779,49.81009120526992],[6.740644993401195,49.810136142017008],[6.740714447075311,49.810137496622097],[6.74078390075469,49.810138851185599],[6.740853354439333,49.810140205707505],[6.740851261781092,49.810185142460604],[6.740920715535201,49.810186496943054],[6.740990169294572,49.810187851383915],[6.741059623059208,49.810189205783168],[6.741129076829105,49.810190560140846],[6.741126984422411,49.810235496902102],[6.741196438261773,49.810236851220317],[6.741265892106398,49.810238205496951],[6.741335345956287,49.810239559731983],[6.741404799811438,49.810240913925426],[6.741474253671851,49.810242268077261],[6.741543707537526,49.810243622187507],[6.741541615510784,49.810288558961183],[6.741611069445923,49.81028991303198],[6.741680523386324,49.810291267061174],[6.741749977331986,49.810292621048795],[6.741819431282909,49.810293974994806],[6.741888885239094,49.81029532889923],[6.741886793528106,49.810340265683188],[6.741956247553754,49.81034161954814],[6.742025701584664,49.810342973371526],[6.742095155620834,49.810344327153302],[6.742164609662265,49.810345680893484],[6.742234063708956,49.81034703459207],[6.742231972313723,49.810391971386323],[6.742301426429878,49.81039332504546],[6.742370880551293,49.810394678662995],[6.742440334677966,49.810396032238941],[6.742509788809902,49.8103973857733],[6.742507697666223,49.810442322575682],[6.74257715186762,49.810443676070584],[6.742646606074277,49.810445029523891],[6.742716060286194,49.810446382935588],[6.742785514503367,49.810447736305726],[6.742783423611244,49.810492673116244],[6.742852877897882,49.810494026446904],[6.742922332189779,49.810495379735961],[6.742991786486934,49.810496732983438],[6.743061240789348,49.810498086189313],[6.74313069509702,49.810499439353599],[6.743128604520657,49.81054437617442],[6.743198058897791,49.810545729299243],[6.743267513280183,49.81054708238247],[6.743336967667833,49.810548435424117],[6.74340642206074,49.810549788424161],[6.743404331735937,49.810594725253104],[6.743473786198305,49.810596078213699],[6.743543240665934,49.810597431132692],[6.743541150464282,49.810642367965492],[6.74361060500137,49.810643720845036],[6.743608514858668,49.810688657679563],[6.743606424710711,49.810733594513685],[6.743675879381464,49.810734947355911],[6.743745334057476,49.810736300156528],[6.743743244032672,49.810781236994515],[6.743882153528873,49.810783942475254],[6.743951608284858,49.810785295153238],[6.7440210630461,49.81078664778962],[6.74401897327286,49.81083158463575],[6.744088428103563,49.810832937232668],[6.744157882939522,49.810834289787998],[6.744227337780737,49.81083564230174],[6.744296792627208,49.810836994773879],[6.744294703105534,49.810881931628145],[6.744364158021465,49.810883284060822],[6.744433612942652,49.810884636451917],[6.744503067869094,49.810885988801402],[6.744500978534782,49.810930925661651],[6.744570433530686,49.810932277971688],[6.744639888531843,49.810933630240122],[6.744709343538256,49.810934982466975],[6.744707254391306,49.810979919333228],[6.74477670946718,49.810981271520625],[6.744846164548306,49.810982623666412],[6.744844075524517,49.811027560536516],[6.744913530675104,49.811028912642847],[6.744911441710268,49.811073849514685],[6.744909352740177,49.811118786386103],[6.744907263764836,49.81116372325711],[6.744976719113296,49.811165075328262],[6.744974630196909,49.811210012200995],[6.744905174784243,49.811208660127704],[6.744903085798398,49.811253596997872],[6.744833630326779,49.811252244880855],[6.744831541271476,49.811297181748465],[6.744762085740906,49.811295829587714],[6.74462317469553,49.811293125141418],[6.744553719180725,49.811291772855874],[6.744484263671175,49.811290420528742],[6.744414808166881,49.811289068160008],[6.744345352667841,49.811287715749678],[6.744275897174059,49.811286363297754],[6.744206441685531,49.811285010804241],[6.744136986202259,49.811283658269126],[6.744067530724243,49.811282305692416],[6.744069620485819,49.81123736884831],[6.744000165077265,49.811236016232137],[6.744002254897793,49.811191079389758],[6.743932799558703,49.811189726734128],[6.743934889438182,49.811144789893468],[6.743865434168554,49.811143437198389],[6.743795978904183,49.8111420844617],[6.743726523645069,49.81114073168343],[6.743728613711911,49.811095794848761],[6.743659158522259,49.811094442031042],[6.743589703337865,49.81109308917172],[6.743520248158729,49.811091736270789],[6.743522338412934,49.811046799442117],[6.743452883303259,49.811045446501744],[6.743383428198843,49.811044093519776],[6.743313973099685,49.811042740496212],[6.743316063541251,49.810997803673537],[6.743246608511556,49.810996450610517],[6.743177153487119,49.810995097505895],[6.74310769846794,49.810993744359678],[6.743109789096865,49.810948807543028],[6.743040334147151,49.810947454357354],[6.742970879202693,49.810946101130092],[6.742972969954772,49.810901164317286],[6.74290351507978,49.810899811050561],[6.742834060210046,49.810898457742248],[6.742764605345571,49.810897104392339],[6.742766696285008,49.810852167585544],[6.742697241489996,49.810850814196179],[6.742627786700245,49.810849460765219],[6.742558331915753,49.810848107292664],[6.742488877136521,49.810846753778506],[6.742490968327519,49.810801816979847],[6.74242151361775,49.810800463426247],[6.742352058913243,49.810799109831045],[6.742354150227391,49.810754173036244],[6.742284695592349,49.810752819401586],[6.742215240962565,49.810751465725332],[6.742145786338042,49.81075011200749],[6.742147877839545,49.810705175218708],[6.742078423284487,49.810703821461409],[6.74200896873469,49.810702467662509],[6.741939514190154,49.81070111382202],[6.74194160587901,49.810656177039242],[6.741872151403939,49.810654823159283],[6.741802696934129,49.810653469237749],[6.74173324246958,49.810652115274621],[6.74173533434579,49.810607178497833],[6.741665879950705,49.810605824495255],[6.741596425560885,49.810604470451068],[6.741526971176324,49.810603116365286],[6.741529063239883,49.810558179594516],[6.741459608924789,49.810556825469291],[6.741390154614956,49.810555471302465],[6.741320700310387,49.810554117094043],[6.741322792561296,49.810509180329277],[6.741253338326191,49.810507826081412],[6.741183884096349,49.810506471791939],[6.741114429871771,49.81050511746087],[6.74111652231003,49.810460180702108],[6.741047068154917,49.81045882633159],[6.740977614005067,49.810457471919484],[6.740908159860481,49.810456117465783],[6.740910252486087,49.810411180713039],[6.740840798410967,49.810409826219875],[6.740771344341111,49.810408471685122],[6.740701890276517,49.810407117108781],[6.740703983089471,49.810362180362034],[6.740634529094343,49.810360825746237],[6.740565075104482,49.810359471088844],[6.740495621119884,49.810358116389857],[6.740497714120182,49.810313179649121],[6.740428260205051,49.810311824910677],[6.740358806295184,49.810310470130652],[6.740289352390581,49.810309115309025],[6.740291445578224,49.810264178574307],[6.740221991743089,49.810262823713231],[6.740152537913218,49.810261468810552],[6.740083084088613,49.810260113866285],[6.740085177463599,49.810215177137565],[6.740015723708461,49.810213822153855],[6.739946269958589,49.810212467128537],[6.739876816213981,49.810211112061637],[6.73980736247464,49.810209756953128],[6.739809456101171,49.810164820232558],[6.739740002431298,49.810163465084607],[6.73967054876669,49.81016210989506],[6.739601095107348,49.810160754663926],[6.739603188921219,49.810115817949374],[6.739533735331346,49.81011446267879],[6.73946428174674,49.810113107366597],[6.739394828167399,49.810111752012837],[6.73939692216861,49.810066815304282],[6.739327468658738,49.810065459911058],[6.739258015154133,49.81006410447624],[6.739188561654794,49.810062748999819],[6.739190655843345,49.810017812297296],[6.739121202413475,49.810016456781426],[6.738982295569539,49.810013745624914],[6.738984389945426,49.809968808928396],[6.738914936595561,49.8099674532899],[6.738845483250962,49.809966097609802],[6.738776029911632,49.809964741888102],[6.73870657657757,49.809963386124821],[6.738708671204996,49.809918449436466],[6.738639217940404,49.809917093633729],[6.738569764681079,49.80991573778941],[6.738500311427023,49.809914381903489],[6.738502406241785,49.809869445221139],[6.738432953057198,49.809868089295769],[6.73836349987788,49.809866733328803],[6.738294046703833,49.809865377320257],[6.738296141705928,49.809820440643911],[6.738226688601349,49.809819084595922],[6.738157235502039,49.809817728506324],[6.738087782408001,49.809816372375117],[6.738018329319232,49.809815016202336],[6.738020424572859,49.809770079534168],[6.737950971553559,49.809768723321938],[6.73788151853953,49.809767367068105],[6.73781206553077,49.809766010772691],[6.73781416097173,49.809721074110527],[6.737744708032442,49.809719717775657],[6.737675255098423,49.809718361399192],[6.737605802169675,49.809717004981145],[6.737607897797965,49.809672068325007],[6.737538444938687,49.809670711867511],[6.737468992084682,49.809669355368406],[6.737399539235946,49.80966799882772],[6.737401635051567,49.809623062177593],[6.737332182272302,49.809621705597465],[6.737262729498309,49.809620348975734],[6.737193276729589,49.809618992312409],[6.737123823966139,49.809617635607495],[6.737125920033287,49.809572698965539],[6.737056467339309,49.809571342221162],[6.736987014650602,49.809569985435218],[6.736917561967169,49.809568628607664],[6.736919658221642,49.809523691971727],[6.73685020560768,49.809522335104738],[6.736711300395573,49.809519621245961],[6.736641847797429,49.809518264254187],[6.736572395204558,49.809516907220818],[6.736574491774756,49.80947197059519],[6.736505039251357,49.809470613522379],[6.73643558673323,49.809469256407972],[6.736366134220379,49.809467899251985],[6.736368230977901,49.809422962632361],[6.736298778534522,49.80942160543691],[6.736229326096415,49.809420248199878],[6.736159873663582,49.809418890921251],[6.736161970608428,49.809373954307652],[6.736092518245069,49.809372596989583],[6.736023065886982,49.809371239629918],[6.735953613534171,49.809369882228658],[6.73595571066634,49.809324945621071],[6.735886258383001,49.809323588180369],[6.735816806104937,49.809322230698079],[6.735747353832148,49.809320873174187],[6.735677901564635,49.809319515608699],[6.735679998948322,49.809274579009305],[6.735610546750282,49.809273221404375],[6.735541094557516,49.80927186375785],[6.735471642370027,49.809270506069744],[6.735473739941034,49.809225569476347],[6.735404287823018,49.809224211748798],[6.735334835710278,49.809222853979634],[6.735265383602814,49.809221496168895],[6.73526748136114,49.809176559581537],[6.735198029323148,49.809175201731342],[6.735128577290434,49.809173843839574],[6.73513067517188,49.809128907256088],[6.73506122320864,49.809127549324863],[6.734991771250676,49.80912619135205],[6.734922319297987,49.809124833337634],[6.73492441736675,49.809079896760174],[6.734854965483536,49.809078538706324],[6.7347855136056,49.809077180610878],[6.734716061732942,49.809075822473837],[6.73464660986556,49.809074464295222],[6.734648708185835,49.809029527725919],[6.734579256387929,49.809028169507847],[6.734440352807948,49.809025452946926],[6.734442451315537,49.80898051638367],[6.734372999597659,49.808979158042966],[6.734303547885061,49.808977799660667],[6.734234096177741,49.808976441236801],[6.734236194872644,49.808931504679549],[6.734166743234797,49.808930146216227],[6.734097291602231,49.808928787711295],[6.733958388352935,49.808926070576689],[6.733960487299345,49.808881134027615],[6.733891035746812,49.808879775400079],[6.733821584199556,49.808878416730934],[6.733752132657581,49.808877058020215],[6.733754231791303,49.808832121477174],[6.733684780318804,49.808830762726998],[6.733615328851584,49.808829403935242],[6.733545877389643,49.80882804510189],[6.733547976710676,49.808783108564867],[6.733478525318212,49.808781749692074],[6.733409073931027,49.808780390777684],[6.733339622549124,49.808779031821707],[6.733341722057464,49.808734095290724],[6.733272270745037,49.808732736295305],[6.733202819437889,49.808731377258297],[6.733133368136023,49.808730018179688],[6.733063916839439,49.808728659059483],[6.733066016599281,49.808683722536678],[6.732996565372172,49.808682363377052],[6.732927114150346,49.808681004175817],[6.7328576629338,49.808679644933001],[6.732859762880949,49.808634708416228],[6.73279031173388,49.808633349133963],[6.732720860592091,49.80863198981011],[6.732651409455586,49.808630630444675],[6.73265350959004,49.808585693933921],[6.732584058523012,49.80858433452903],[6.732514607461266,49.808582975082544],[6.732445156404802,49.808581615594491],[6.732375705353622,49.808580256064815],[6.732377805739573,49.80853531956226],[6.732308354757871,49.808533959993149],[6.732238903781449,49.80853260038247],[6.732169452810311,49.80853124073019],[6.732171553383566,49.808486304233654],[6.732102102481906,49.808484944541924],[6.732032651585528,49.808483584808613],[6.731963200694436,49.808482225033721],[6.731965301454991,49.808437288543203],[6.731895850633376,49.808435928728855],[6.731826399817044,49.808434568872926],[6.731756949005996,49.808433208975408],[6.731759049953853,49.808388272490937],[6.731689599212282,49.808386912553978],[6.731620148475997,49.808385552575416],[6.731550697744996,49.808384192555273],[6.731481247019279,49.808382832493535],[6.73148334821863,49.808337896017242],[6.731413897562391,49.808336535916055],[6.731344446911439,49.808335175773287],[6.73127499626577,49.808333815588938],[6.731277097652418,49.80828887911867],[6.731207647076229,49.808287518894872],[6.731138196505325,49.808286158629485],[6.731068745939707,49.808284798322504],[6.731070847513652,49.80823986185829],[6.731001397017511,49.808238501511873],[6.730931946526659,49.808237141123861],[6.730862496041091,49.808235780694261],[6.730793045560809,49.808234420223073],[6.730795147386243,49.808189483767023],[6.730725696975441,49.808188123256414],[6.730656246569925,49.808186762704182],[6.730586796169694,49.808185402110375],[6.730517345774754,49.808184041474981],[6.730519447851674,49.808139105027138],[6.730449997526212,49.808137744352294],[6.730380547206036,49.808136383635869],[6.730311096891149,49.808135022877842],[6.730241646581548,49.808133662078234],[6.730243748909953,49.808088725638576],[6.730174298669834,49.808087364799533],[6.730104848435,49.808086003918895],[6.730035398205455,49.808084642996668],[6.730037500721155,49.808039706563044],[6.729968050561091,49.808038345601382],[6.729898600406314,49.808036984598125],[6.729829150256826,49.80803562355328],[6.729831252959815,49.807990687125688],[6.729761802879807,49.807989326041408],[6.729692352805089,49.80798796491554],[6.729622902735659,49.807986603748077],[6.729625005625938,49.807941667326524],[6.729555555625989,49.807940306119619],[6.729486105631328,49.807938944871132],[6.729416655641957,49.807937583581058],[6.729347205657877,49.807936222249388],[6.729349308799636,49.807891285836035],[6.729279858885037,49.807889924464924],[6.729210408975726,49.807888563052231],[6.729140959071707,49.80788720159795],[6.729143062400753,49.807842265190622],[6.729073612566213,49.807840903696899],[6.728934712913007,49.807838180584703],[6.72893681642934,49.807793244183415],[6.728867366674864,49.807791882567088],[6.728797916925679,49.807790520909151],[6.728728467181784,49.807789159209626],[6.728730570885402,49.807744222814385],[6.728661121210989,49.807742861075454],[6.728591671541868,49.807741499294892],[6.728522221878038,49.807740137472763],[6.728452772219498,49.807738775609053],[6.72845487617459,49.807693839222011],[6.728385426585533,49.807692477318852],[6.728315977001769,49.807691115374098],[6.728246527423297,49.80768975338777],[6.728248631565672,49.807644817006754],[6.728179182056683,49.807643454980983],[6.728109732552984,49.807642092913625],[6.72804028305458,49.807640730804671],[6.728042387384236,49.807595794429709],[6.727972937955315,49.80759443228132],[6.727834039113347,49.807591707859785],[6.727764589700303,49.80759034558664],[6.72776669428143,49.80754540921987],[6.727697244937871,49.807544046907289],[6.727627795599604,49.80754268455312],[6.727488896938951,49.807539959719989],[6.727491001771548,49.807495023361419],[6.727421552513351,49.807493660884639],[6.727419447616565,49.807538597241049],[6.727349998299472,49.807537234720513],[6.727280548987673,49.807535872158397],[6.72721109968117,49.807534509554699],[6.727208994586522,49.807579445904224],[6.727139545221123,49.807578083256757],[6.727137440056992,49.807623019603739],[6.727133229712851,49.807712892296429],[6.727131124532843,49.807757828642146],[6.727200574155003,49.807759191298217],[6.727198469033893,49.807804127645674],[6.727337368422481,49.807806852837352],[6.727545717545071,49.807810940312933],[6.727615167263187,49.807812302721622],[6.727754066715302,49.807815027414229],[6.727823516449298,49.807816389698147],[6.727892966188588,49.807817751940476],[6.727962415933172,49.807819114141211],[6.728031865683049,49.807820476300364],[6.728101315438217,49.807821838417922],[6.728170765198678,49.807823200493893],[6.728240214964432,49.807824562528282],[6.728238110800897,49.807869498907614],[6.728168660970952,49.807868136871079],[6.728166556737936,49.807913073247846],[6.72802765696554,49.807910349045713],[6.727958207087281,49.807908986882254],[6.727888757214315,49.807907624677213],[6.727819307346643,49.807906262430578],[6.727680407627176,49.807903537812528],[6.727610957775384,49.807902175441129],[6.727541507928883,49.807900813028148],[6.727472058087678,49.807899450573558],[6.727402608251766,49.807898088077387],[6.727333158421148,49.807896725539628],[6.727194258775795,49.807894000339346],[6.727124808961062,49.807892637676808],[6.726985909347477,49.807889912226983],[6.726983804017916,49.807934848566738],[6.726914354154875,49.807933485777291],[6.726844904297129,49.807932122946262],[6.726775454444679,49.807930760073631],[6.726706004597523,49.80792939715942],[6.726567104919101,49.807926671206211],[6.726497655087835,49.807925308167228],[6.726428205261865,49.80792394508665],[6.72635875544119,49.807922581964498],[6.726289305625812,49.807921218800736],[6.726219855815731,49.807919855595387],[6.726150406010946,49.807918492348463],[6.726080956211459,49.807917129059945],[6.726011506417268,49.807915765729845],[6.725942056628376,49.807914402358136],[6.725944162920805,49.807869466050697],[6.725874713201401,49.807868102639567],[6.725805263487294,49.807866739186849],[6.725735813778485,49.807865375692536],[6.725666364074976,49.807864012156635],[6.725668470618873,49.80781907585741],[6.72559902098485,49.80781771228208],[6.725529571356127,49.807816348665156],[6.725460121732702,49.807814985006644],[6.725462228463875,49.807770048713465],[6.725392778909939,49.807768685015525],[6.725323329361301,49.807767321275996],[6.725253879817964,49.807765957494865],[6.725255986736411,49.80772102120774],[6.725186537262563,49.807719657387182],[6.725117087794013,49.807718293525035],[6.725119194835545,49.807673357241804],[6.725049745436485,49.807671993340222],[6.725051852536909,49.807627057058731],[6.724982403207339,49.807625693117728],[6.724912953883068,49.80762432913513],[6.724915061106576,49.807579392857512],[6.724845611851794,49.807578028835486],[6.724776162602313,49.807576664771865],[6.724778269948901,49.807531728498162],[6.724708820768911,49.807530364395099],[6.72471092817439,49.807485428123151],[6.724641479063888,49.80748406398066],[6.72464358652826,49.807439127710431],[6.724574137487248,49.807437763528519],[6.72457624501051,49.807392827260038],[6.724506796038987,49.807391463038691],[6.72450890362114,49.807346526771951],[6.724511011197995,49.807301590504778],[6.724441562360152,49.807300226246156],[6.724443669995896,49.807255289980738],[6.72437422122754,49.80725392568268],[6.724376328922174,49.80720898941901],[6.72430688022331,49.807207625081517],[6.724308987976832,49.807162688819581],[6.724239539347456,49.80716132444266],[6.72424164715987,49.807116388182465],[6.724243754966983,49.807071451921864],[6.724174306471284,49.807070087507668],[6.724176414337286,49.807025151248787],[6.724106965911076,49.807023786795156],[6.724109073835966,49.80697885053803],[6.724111181755557,49.806933914280485],[6.724113289669849,49.806888978022521],[6.724043841441503,49.806887613533775],[6.724045949414682,49.806842677277551],[6.723976501255825,49.80684131274937],[6.723837604954015,49.806838583568265],[6.723768156811063,49.806837218915319],[6.723770265035691,49.80679228266731],[6.723700816962228,49.806790917974944],[6.723702925245742,49.806745981728682],[6.723633477241768,49.80674461699688],[6.723564029243097,49.806743252223491],[6.723494581249729,49.806741887408521],[6.723496689720503,49.806696951168284],[6.723566137649684,49.806698315981116],[6.723635585584169,49.806699680752345],[6.723637693921268,49.806654744507398],[6.723568246050969,49.806653379738329],[6.723498798185974,49.806652014927671],[6.723429350326281,49.806650650075419],[6.723431458850639,49.806605713836525],[6.723362011060435,49.806604348944852],[6.723292563275534,49.806602984011597],[6.723223115495937,49.806601619036741],[6.723225224207551,49.806556682803901],[6.723155776497443,49.806555317789623],[6.723086328792639,49.806553952733765],[6.723016881093137,49.806552587636304],[6.722947433398941,49.806551222497269],[6.722949542361997,49.806506286272651],[6.72288009473729,49.806504921094174],[6.722810647117886,49.806503555874123],[6.722741199503789,49.806502190612477],[6.722671751894993,49.806500825309243],[6.722673861109489,49.806455889092845],[6.722604413570187,49.806454523750183],[6.722534966036187,49.80645315836594],[6.72253707537375,49.806408222153429],[6.722467627909242,49.806406856729758],[6.722398180450039,49.806405491264492],[6.72232873299614,49.806404125757645],[6.722259285547548,49.80640276020921],[6.722261395136549,49.80635782400492],[6.722191947757446,49.806356458417063],[6.722122500383651,49.806355092787605],[6.722053053015159,49.806353727116566],[6.721983605651975,49.806352361403953],[6.72198571549241,49.806307425207876],[6.721916268198718,49.806306059455828],[6.721846820910331,49.806304693662177],[6.721777373627251,49.806303327826967],[6.721779483654936,49.806258391636959],[6.721710036441348,49.806257025762314],[6.721640589233065,49.806255659846066],[6.72157114203009,49.806254293888244],[6.721501694832422,49.806252927888828],[6.721503805111541,49.806207991707041],[6.721434357983364,49.806206625668203],[6.721364910860496,49.806205259587777],[6.721295463742935,49.806203893465771],[6.7212975742093,49.80615895729003],[6.721228127161232,49.806157591128596],[6.72115868011847,49.806156224925573],[6.721089233081018,49.806154858680955],[6.721019786048873,49.806153492394763],[6.721021896766668,49.806108556227265],[6.720952449804016,49.806107189901638],[6.72088300284667,49.80610582353443],[6.720813555894637,49.806104457125635],[6.72074410894791,49.806103090675244],[6.720746219917134,49.806058154515966],[6.720676773039902,49.806056788026147],[6.720607326167977,49.806055421494754],[6.720537879301363,49.806054054921773],[6.72053999045783,49.806009118768557],[6.720470543660708,49.806007752156148],[6.720401096868897,49.806006385502151],[6.720331650082393,49.806005018806573],[6.720333761426103,49.805960082659418],[6.720264314709094,49.805958715924412],[6.720194867997394,49.805957349147832],[6.720125421291006,49.805955982329657],[6.720055974589927,49.805954615469894],[6.720058086185062,49.805909679330966],[6.719988639553477,49.805908312431775],[6.719849746306242,49.805905578508643],[6.71978029969059,49.805904211484695],[6.719710853080249,49.805902844419165],[6.7197087411642,49.805947780547292],[6.719706629242843,49.805992716675007],[6.719704517316176,49.80603765280231],[6.719635070518597,49.806036285688712],[6.719632958522436,49.806081221813436],[6.719630846520968,49.80612615793774],[6.719561399600335,49.806124790778235],[6.719559287529374,49.806169726899959],[6.719557175453101,49.806214663021272],[6.719487728409411,49.806213295815866],[6.719485616263646,49.806258231934592],[6.71948350411257,49.806303168052906],[6.719414056945825,49.806301800801592],[6.719411944725255,49.806346736917327],[6.719409832499376,49.806391673032657],[6.719479279794489,49.806393040288306],[6.719475055455169,49.806482912522021],[6.719472943277542,49.806527848638261],[6.719542390770521,49.806529215858809],[6.719540278651771,49.806574151976783],[6.719538166527712,49.806619088094344],[6.719468718906362,49.806617720869497],[6.719399271290324,49.806616353603033],[6.719329823679598,49.80661498629501],[6.719260376074185,49.806613618945391],[6.719258263688072,49.8066585550539],[6.719188816023786,49.806657187660527],[6.719186703568178,49.806702123766463],[6.71911725584502,49.806700756329334],[6.719115143319915,49.806745692432685],[6.719045695537885,49.806744324951829],[6.719043582943284,49.806789261052593],[6.718974135102379,49.806787893527989],[6.718972022438282,49.806832829626188],[6.719041470343371,49.806834197152959],[6.719039357738148,49.806879133252899],[6.719037245127613,49.806924069352426],[6.719106693166389,49.806925436841937],[6.719176141210478,49.806926804289851],[6.719174028723005,49.806971740393294],[6.719243476836593,49.806973107801788],[6.719312924955495,49.806974475168694],[6.719310812591084,49.807019411276023],[6.719380260779483,49.807020778603516],[6.71937814847395,49.8070657147126],[6.719376036163107,49.807110650821265],[6.719373923846952,49.807155586929511],[6.719369699198712,49.807245459144774],[6.719367586866625,49.807290395251769],[6.719365474529229,49.807335331358352],[6.719296025891518,49.807333964015747],[6.719157128632034,49.807331229205765],[6.719087680010261,49.807329861738381],[6.719018231393803,49.807328494229424],[6.718948782782657,49.807327126678871],[6.718879334176825,49.80732575908673],[6.718809885576307,49.807324391453008],[6.718807772720097,49.807369327541885],[6.718738324060705,49.807367959864415],[6.718668875406626,49.807366592145343],[6.718666762416729,49.807411528229487],[6.718597313703778,49.807410160466667],[6.71852786499614,49.807408792662272],[6.718458416293815,49.807407424816283],[6.718456303106042,49.807452360893521],[6.718454189912955,49.807497296970354],[6.71838474108757,49.807495929078449],[6.718382627824984,49.807540865152674],[6.718380514557083,49.807585801226509],[6.718378401283869,49.807630737299924],[6.718308952271235,49.807629369359944],[6.718306838928521,49.807674305430766],[6.718304725580492,49.807719241501189],[6.718302612227149,49.807764177571187],[6.718233163027263,49.807762809583139],[6.71823104960442,49.807807745650571],[6.718226822742793,49.80789761778415],[6.718296272135248,49.807898985778699],[6.718294158760655,49.807943921847027],[6.718363608222615,49.807945289802134],[6.71843305768989,49.807946657715654],[6.718430944438363,49.807991593787904],[6.718500393975142,49.807992961661988],[6.718569843517239,49.807994329494491],[6.718639293064648,49.807995697285421],[6.718637180000379,49.808040633363724],[6.718706629617293,49.808042001115219],[6.718776079239523,49.808043368825111],[6.718773966298322,49.808088304907336],[6.718843415990055,49.808089672577808],[6.718912865687102,49.808091040206698],[6.718910752868971,49.808135976292824],[6.718980202635523,49.808137343882272],[6.719049652407389,49.808138711430146],[6.719119102184568,49.808140078936432],[6.71918855196706,49.808141446401116],[6.719190664528429,49.808096510306342],[6.719260114252045,49.808097877727278],[6.719329563980973,49.808099245106639],[6.719327451547985,49.808144181205726],[6.719396901346417,49.808145548545646],[6.719466351150162,49.808146915843984],[6.719535800959219,49.808148283100735],[6.719533688713494,49.808193219205897],[6.719603138592054,49.808194586423205],[6.719672588475928,49.80819595359894],[6.719670476353274,49.808240889708003],[6.719739926306651,49.808242256844295],[6.719809376265339,49.808243623939013],[6.719807264265758,49.808288560051992],[6.71987671429395,49.808289927107268],[6.719946164327452,49.808291294120956],[6.720015614366267,49.80829266109307],[6.72001350255395,49.808337597212102],[6.720082952662269,49.808338964144774],[6.720152402775897,49.808340331035865],[6.720221852894838,49.808341697885361],[6.720219741269785,49.808386634010468],[6.720217629639426,49.808431570135163],[6.720287079892062,49.808432936947376],[6.7202828567438,49.808522809199822],[6.720213406362781,49.808521442383274],[6.720143955987073,49.808520075525138],[6.720141844276593,49.808565011646408],[6.720072393842005,49.808563644744524],[6.719933492988761,49.808560910815984],[6.719864042570107,49.808559543789322],[6.719794592156764,49.808558176721078],[6.719792480120014,49.808603112831129],[6.719723029647791,49.808601745719137],[6.719718805429975,49.80869161793369],[6.719649354834679,49.80869025077579],[6.719647242653614,49.80873518688027],[6.719577791999437,49.808733819678615],[6.719579904244695,49.808688883576288],[6.719582016484642,49.808643947473549],[6.719512565964163,49.808642580234611],[6.719443115448997,49.8086412129541],[6.719441003080664,49.808686149052527],[6.719371552506619,49.808684781728246],[6.719302101937886,49.808683414362392],[6.719299989435855,49.808728350456072],[6.719230538808242,49.808726983046469],[6.719232651374465,49.808682046954949],[6.719163200816358,49.808680679505912],[6.719093750263565,49.808679312015286],[6.719024299716085,49.808677944483073],[6.719022186957286,49.808722880568105],[6.718952736350927,49.808721512992136],[6.718950623522622,49.808766449074604],[6.718881172857384,49.808765081454887],[6.718811722197461,49.808763713793574],[6.718742271542853,49.808762346090674],[6.718672820893559,49.808760978346186],[6.718603370249578,49.808759610560109],[6.718601257094996,49.808804546631343],[6.718531806392138,49.808803178801519],[6.718462355694594,49.808801810930099],[6.718323454315454,49.808799075062495],[6.718254003633858,49.808797707066297],[6.718251890152999,49.808842643126304],[6.718182439412523,49.808841275086365],[6.718184552957577,49.808796339028511],[6.71811510228661,49.808794970949158],[6.718112988677365,49.808839907004831],[6.718043537947523,49.808838538881716],[6.717974087222995,49.808837170717005],[6.717904636503786,49.8088358025107],[6.717902522696646,49.808880738559481],[6.71783307191856,49.808879370309434],[6.717830958041914,49.808924306355635],[6.717761507204949,49.808922938061833],[6.717759393258795,49.808967874105456],[6.717689942362955,49.808966505767891],[6.717620491472432,49.808965137388739],[6.717618377392576,49.809010073427622],[6.717616263307405,49.809055009466086],[6.717546812293812,49.809053641041018],[6.717544698139131,49.809098577076917],[6.717542583979137,49.809143513112389],[6.717540469813827,49.809188449147435],[6.7175383556432,49.809233385182068],[6.717607806913569,49.809234753615797],[6.717605692801823,49.809279689652179],[6.717675144141704,49.809281058046473],[6.717673030088837,49.809325994084588],[6.71774248149823,49.809327362439454],[6.717811932912939,49.809328730752725],[6.717809818983147,49.809373666794762],[6.717879270467369,49.809375035068605],[6.717948721956907,49.80937640330086],[6.71794660815019,49.809421339346798],[6.71801605970924,49.809422707539632],[6.718013945961404,49.809467643587318],[6.717944494338159,49.809466275392332],[6.717942380520814,49.809511211437446],[6.717940266698154,49.809556147482148],[6.717870814951834,49.809554779241253],[6.717868701059664,49.809599715283369],[6.717799249254465,49.809598346998712],[6.717797135292786,49.809643283038255],[6.71779502132579,49.809688219077387],[6.717725569397516,49.809686850746822],[6.717723455361011,49.80973178678336],[6.717654003373858,49.809730418409039],[6.717651889267841,49.809775354442998],[6.71758243722181,49.809773986024922],[6.71758032304628,49.809818922056323],[6.717578208865436,49.809863858087283],[6.71750875669633,49.809862489623292],[6.717439304532541,49.809861121117699],[6.717437190217987,49.809906057143934],[6.71736773799532,49.809904688594585],[6.71729828577797,49.809903320003656],[6.717302514658547,49.809813447959442],[6.717304629090862,49.809768511936696],[6.717374081115621,49.809769880521138],[6.717376195478424,49.809724944495819],[6.717445647444306,49.809726313036506],[6.717447761737597,49.809681377008616],[6.717517213644601,49.809682745505555],[6.71751932786838,49.809637809475078],[6.717588779716506,49.809639177928261],[6.717658231569948,49.80964054633985],[6.717660345660021,49.809595610304633],[6.717729797454584,49.809596978672467],[6.717731911475146,49.809552042634678],[6.717734025490393,49.809507106596463],[6.717736139500325,49.809462170557843],[6.71773825350494,49.80941723451879],[6.717668801967158,49.809415866159604],[6.717670916030655,49.809370930122306],[6.717601464562384,49.809369561723692],[6.717599350434692,49.80941449775883],[6.717529898907544,49.809413129316468],[6.717532013099431,49.809368193283476],[6.717462561641795,49.8093668248017],[6.717464675892562,49.809321888770469],[6.717395224504438,49.809320520249237],[6.717397338814083,49.809275584219776],[6.717327887495472,49.809274215659123],[6.717330001863997,49.809229279631388],[6.717260550614897,49.809227911031314],[6.717262665042301,49.809182975005321],[6.717264779464387,49.809138038978922],[6.717266893881158,49.809093102952112],[6.717269008292614,49.80904816692486],[6.717271122698753,49.809003230897225],[6.717273237099576,49.80895829486915],[6.717342687963512,49.808959663456257],[6.717344802294826,49.808914727425616],[6.717346916620826,49.808869791394542],[6.717416367361692,49.808871159935713],[6.717418481618182,49.808826223902074],[6.717420595869357,49.808781287868023],[6.717490046487156,49.808782656363299],[6.717492160668823,49.808737720326654],[6.717494274845174,49.808692784289597],[6.71749638901621,49.808647848252136],[6.71756583944675,49.808649216699322],[6.717567953548279,49.808604280659267],[6.717637403919943,49.808605649062706],[6.717639517951965,49.808560713020071],[6.717641631978672,49.808515776977025],[6.717711082227269,49.808517145334548],[6.71771319618447,49.808472209288922],[6.717715310136356,49.808427273242884],[6.717717424082926,49.808382337196434],[6.717719538024182,49.808337401149551],[6.717788988021329,49.808338769456839],[6.717791101893081,49.808293833407376],[6.717793215759518,49.808248897357515],[6.717795329620641,49.808203961307235],[6.717797443476448,49.808159025256529],[6.71779955732694,49.808114089205425],[6.71786900700845,49.808115457460303],[6.717871120789439,49.808070521406606],[6.717873234565114,49.808025585352482],[6.71787746210052,49.807935713243019],[6.717946911530587,49.807937081447655],[6.71794902522613,49.807892145390127],[6.717951138916358,49.807847209332202],[6.717953252601273,49.807802273273843],[6.718022701844085,49.807803641430404],[6.718024815459497,49.807758705369473],[6.718026929069595,49.807713769308123],[6.718096378189346,49.807715137418768],[6.718098491729941,49.807670201354831],[6.718100605265223,49.807625265290504],[6.71810271879519,49.807580329225736],[6.718104832319844,49.807535393160556],[6.718109059353213,49.807445521028946],[6.718111172861928,49.807400584962529],[6.718041724191496,49.807399216867005],[6.71797227552638,49.807397848729913],[6.71790282686658,49.807396480551212],[6.717900713165302,49.807441416611155],[6.717831264446629,49.807440048388713],[6.717761815733274,49.807438680124676],[6.717692367025235,49.807437311819058],[6.717690253126077,49.807482247872116],[6.717686025311822,49.807572119976925],[6.717616576416535,49.807570751623238],[6.717618690390509,49.8075258155732],[6.71747979274426,49.807523078745369],[6.71747767864191,49.807568014791087],[6.717475564534245,49.807612950836393],[6.717473450421267,49.807657886881266],[6.717404001413551,49.807656518398481],[6.717401887231069,49.807701454440789],[6.717332438164483,49.807700085914249],[6.717330323912496,49.807745021953977],[6.717260874787039,49.807743653383689],[6.7171914256669,49.80774228477182],[6.717121976552079,49.807740916118355],[6.717124090996633,49.807695980085121],[6.717054641951319,49.807694611392236],[6.716985192911323,49.80769324265777],[6.716987307478939,49.807648306628444],[6.71691785850845,49.807646937854543],[6.716915743876644,49.807691873881701],[6.716846294847286,49.807690505064052],[6.716844180145975,49.807735441088631],[6.716913629239524,49.807736809908455],[6.716909399949333,49.807826681960691],[6.716839950727406,49.807825313136547],[6.716837836010148,49.807870249159876],[6.71676838672935,49.807868880291984],[6.716698937453872,49.807867511382511],[6.716696822602918,49.807912447401087],[6.716627373268569,49.807911078447866],[6.716625258348107,49.807956014463876],[6.71662314342233,49.808000950479453],[6.716553693964921,49.807999581480317],[6.716551578969637,49.808044517493336],[6.716621028491235,49.808045886494639],[6.716618913554823,49.808090822509399],[6.716616798613095,49.80813575852374],[6.716614683666048,49.808180694537668],[6.716684133385536,49.808182063503885],[6.716682018497364,49.808226999519562],[6.716679903603875,49.808271935534812],[6.716749353457063,49.808273304463768],[6.716747238622447,49.808318240480773],[6.716745123782514,49.808363176497366],[6.716814573769404,49.808364545389061],[6.716810344201971,49.80845441742531],[6.716808229410279,49.808499353442812],[6.716806114613271,49.808544289459888],[6.716736664369615,49.808542920559546],[6.716667214131278,49.808541551617616],[6.71666932905667,49.808496615604859],[6.716599878887846,49.808495246623501],[6.716530428724339,49.808493877600547],[6.716532543772797,49.808448941591699],[6.716463093678802,49.808447572529325],[6.716393643590125,49.808446203425355],[6.716395758761649,49.808401267420422],[6.716326308742484,49.808399898277024],[6.716256858728641,49.808398529092052],[6.716258974023228,49.808353593091027],[6.716189524078895,49.808352223866628],[6.716050624206189,49.80834948529305],[6.715981174277817,49.808348115943886],[6.715979058726466,49.808393051936235],[6.715909608739225,49.808391682543323],[6.715907493118362,49.808436618533115],[6.715838043072251,49.808435249096441],[6.715840158757302,49.808390313108816],[6.715770708780703,49.808388943632714],[6.715701258809426,49.808387574115017],[6.71569914299599,49.808432510098314],[6.715560242941016,49.808429770933834],[6.715490792921511,49.808428401289213],[6.715488676910184,49.808473337265596],[6.715349776758757,49.808470597847247],[6.715347660613726,49.808515533818884],[6.715345544463376,49.808560469790116],[6.715343428307705,49.808605405760915],[6.715412878573332,49.808606775497381],[6.715410762476534,49.808651711469935],[6.715480212811674,49.808653081166966],[6.715478096773747,49.808698017141268],[6.715475980730499,49.808742953115157],[6.715545431199347,49.808744322774935],[6.715543315214973,49.808789258750565],[6.715541199225279,49.808834194725783],[6.715610649827832,49.808835564348293],[6.71560853389701,49.808880500325266],[6.715677984569078,49.808881869908362],[6.71567586869713,49.808926805887062],[6.715745319438713,49.808928175430736],[6.715743203625638,49.808973111411198],[6.715812654436735,49.808974480915438],[6.715810538682534,49.809019416897648],[6.715879989563145,49.80902078636246],[6.715877873867819,49.809065722346425],[6.715875758167174,49.809110658329956],[6.715945209181494,49.809112027757521],[6.715943093539722,49.809156963742808],[6.715940977892632,49.80920189972769],[6.716010429040661,49.80920326911798],[6.716008313452447,49.809248205104595],[6.716004082260061,49.809338077076582],[6.715934630919448,49.809336707679812],[6.715936746582496,49.809291771696181],[6.7158672953114,49.809290402259968],[6.715869411033322,49.809245466278092],[6.715871526749925,49.809200530295804],[6.71587364246121,49.809155594313097],[6.715804191388016,49.809154224841791],[6.715806307158175,49.809109288860817],[6.715808422923015,49.809064352879439],[6.715738971983531,49.809062983370872],[6.715669521049369,49.809061613820717],[6.715671636937276,49.809016677843246],[6.715602186072629,49.809015308253649],[6.715604302019409,49.808970372277955],[6.715534851224278,49.808969002648936],[6.71553696722993,49.808924066674976],[6.715539083230264,49.808879130700582],[6.715469632568841,49.808877761034317],[6.715471748628048,49.808832825061671],[6.715402298036137,49.808831455355978],[6.715404414154216,49.808786519385087],[6.715406530266976,49.808741583413791],[6.715337079808773,49.808740213670831],[6.715339195980403,49.808695277701275],[6.715341312146715,49.808650341731301],[6.715271861822218,49.808648971951094],[6.715273978047401,49.80860403598286],[6.715204527792419,49.808602666163232],[6.715206644076472,49.808557730196753],[6.715137193891006,49.808556360337697],[6.715139310233931,49.808511424372959],[6.715069860117978,49.808510054474468],[6.715000410007348,49.808508684534395],[6.71499829353604,49.808553620494799],[6.714996177059411,49.808598556454776],[6.714994060577462,49.80864349241434],[6.715063510880666,49.808644862360914],[6.715061394457588,49.80868979832222],[6.715130844830307,49.808691168229366],[6.715128728466101,49.808736104192427],[6.715126612096572,49.808781040155068],[6.715122379341554,49.808870912079115],[6.715191829976365,49.808872281953334],[6.71518759732845,49.808962153880046],[6.715183364659252,49.809052025805066],[6.715113913767667,49.809050655922185],[6.715111797360894,49.809095591881913],[6.71504234641044,49.809094221955284],[6.715040229934152,49.809139157912433],[6.715038113452543,49.809184093869163],[6.714968662379024,49.809182723896612],[6.7149665458279,49.809227659850769],[6.714964429271456,49.809272595804501],[6.714894978074873,49.809271225786013],[6.714897094695512,49.809226289834449],[6.714827643568447,49.809224919776561],[6.714688741330288,49.809222179535979],[6.714619290219195,49.809220809353299],[6.714621407091288,49.809175873409984],[6.714690858138187,49.809177243590483],[6.714692974940764,49.809132307644589],[6.714695091738019,49.809087371698268],[6.714697208529953,49.809042435751522],[6.714699325316564,49.808997499804377],[6.714629874526437,49.808996129632533],[6.71463199137192,49.808951193687136],[6.714634108212082,49.808906257741306],[6.714564657555666,49.808904887532201],[6.714566774454696,49.80885995158814],[6.714636225046921,49.808861321795078],[6.714638341876438,49.808816385848409],[6.714707792409794,49.808817756011592],[6.714709909169798,49.808772820062345],[6.714779359644284,49.808774190181786],[6.714781476334773,49.808729254229974],[6.714850926750391,49.808730624305646],[6.714853043371368,49.808685688351247],[6.714855159987023,49.808640752396421],[6.714857276597354,49.808595816441205],[6.714787826374311,49.808594446372027],[6.714718376156592,49.808593076261261],[6.714720492889986,49.808548140309938],[6.714722609618059,49.808503204358196],[6.714724726340811,49.808458268406042],[6.714726843058241,49.808413332453483],[6.714796293019195,49.808414702555581],[6.714798409667113,49.808369766600428],[6.7148678595692,49.808371136658778],[6.714869976147606,49.80832620070106],[6.714939425990824,49.808327570715655],[6.715008875839368,49.808328940688654],[6.715078325693234,49.808330310620072],[6.715080442073746,49.808285374655426],[6.715149891868744,49.808286744543089],[6.715152008179746,49.808241808575858],[6.715154124485426,49.808196872608221],[6.715223574157367,49.808198242449961],[6.715293023834629,49.808199612250121],[6.715295140006609,49.808154676277724],[6.715364589625004,49.808156046034128],[6.715434039248723,49.808157415748944],[6.715436155287001,49.8081124797718],[6.715505604851852,49.808113849442854],[6.715507720820621,49.808068913463153],[6.715577170326602,49.808070283090458],[6.715579286225862,49.808025347108156],[6.715648735672976,49.808026716691714],[6.715718185125409,49.808028086233683],[6.715720300890971,49.807983150246628],[6.715789750284537,49.807984519744835],[6.715791865980591,49.807939583755221],[6.715861315315287,49.80794095320968],[6.715863430941831,49.807896017217473],[6.715932880217662,49.807897386628177],[6.716002329498811,49.807898755997293],[6.716004444991658,49.807853820000346],[6.716073894213941,49.8078551893257],[6.71607600963728,49.807810253326181],[6.716145458800693,49.807811622607787],[6.716147574154525,49.807766686605682],[6.716217023259069,49.807768055843539],[6.716219138543396,49.807723119838847],[6.716288587589071,49.80772448903295],[6.716358036640066,49.807725858185478],[6.71642748569638,49.807727227296404],[6.716496934758015,49.807728596365742],[6.716499049780269,49.807683660351984],[6.716568498783033,49.807685029377573],[6.716570613735782,49.807640093361229],[6.716640062679677,49.807641462343057],[6.716709511628892,49.807642831283317],[6.716778960583425,49.807644200181983],[6.716848409543278,49.807645569039053],[6.716850524233955,49.807600633013649],[6.716781075338291,49.807599264158732],[6.716783190087839,49.807554328135069],[6.716852638919315,49.807555696987812],[6.716854753599359,49.80751076096157],[6.716924202371965,49.807512129770565],[6.716926316982505,49.807467193741751],[6.716928431587729,49.807422257712503],[6.716997880237277,49.807423626475583],[6.716999994772997,49.807378690443755],[6.717069443363675,49.807380059163087],[6.717138891959673,49.807381427840816],[6.7171410063617,49.807336491804264],[6.717210454898828,49.807337860438253],[6.717212569231353,49.807292924399107],[6.717282017709611,49.807294292989354],[6.717351466193184,49.807295661538014],[6.717420914682076,49.807297030045078],[6.717490363176287,49.807298398510554],[6.717492477246747,49.807253462462342],[6.717494591311892,49.807208526413724],[6.717564039683045,49.807209894833278],[6.717566153678689,49.807164958782067],[6.717635601990971,49.80716632715788],[6.717705050308569,49.807167695492112],[6.717774498631484,49.807169063784748],[6.717776612429252,49.807124127726638],[6.717846060693296,49.807125495975534],[6.717848174421564,49.807080559914844],[6.717850288144518,49.807035623853743],[6.717919736285505,49.807036992056709],[6.717921849938958,49.806992055993028],[6.717991298021075,49.80699342415226],[6.718060746108506,49.806994792269897],[6.718062859628273,49.806949856201477],[6.718132307656833,49.806951224275373],[6.718201755690711,49.806952592307674],[6.718203869076792,49.8069076562345],[6.718273317051796,49.806909024223067],[6.718275430368379,49.8068640881473],[6.718277543679648,49.806819152071149],[6.718279656985604,49.806774215994572],[6.718349104773369,49.80677558393505],[6.718351218009825,49.806730647855893],[6.718420665738717,49.806732015752623],[6.718422778905677,49.806687079670894],[6.718492226575698,49.806688447523882],[6.71849433967316,49.806643511439567],[6.718496452765311,49.806598575354833],[6.718565900312275,49.806599943161906],[6.718635347864554,49.806601310927391],[6.718637460823021,49.806556374837932],[6.718706908316429,49.806557742559669],[6.7187090212054,49.806512806467623],[6.718778468639938,49.806514174145605],[6.718780581459413,49.80646923805098],[6.718850028835079,49.80647060568522],[6.718919476216058,49.80647197327788],[6.718921588901851,49.80642703717853],[6.71899103622396,49.806428404727441],[6.719060483551382,49.806429772234758],[6.719129930884117,49.806431139700493],[6.719132043372046,49.806386203594229],[6.719134155854663,49.806341267487547],[6.719203603064343,49.806342634907374],[6.719205715477465,49.806297698798105],[6.719207827885278,49.80625276268843],[6.719209940287779,49.806207826578351],[6.719279387310218,49.80620919395011],[6.719281499643226,49.806164257837438],[6.719283611970923,49.806119321724353],[6.719353058870308,49.806120689050204],[6.71935517112851,49.806075752934539],[6.719357283381403,49.806030816818463],[6.719359395628986,49.805985880701968],[6.719361507871258,49.805940944585068],[6.719430954519224,49.805942311860676],[6.719433066692003,49.805897375741196],[6.719435178859474,49.80585243962129],[6.719437291021634,49.805807503500972],[6.719439403178483,49.805762567380228],[6.719369956787249,49.805761200113245],[6.719300510401326,49.805759832804696],[6.719231064020717,49.805758465454545],[6.719233176364805,49.805713529339876],[6.719163730053689,49.805712161950311],[6.719094283747887,49.80571079451915],[6.719024837447397,49.805709427046409],[6.718955391152221,49.805708059532087],[6.718957503747724,49.805663123425646],[6.718888057522043,49.805661755871903],[6.718818611301675,49.805660388276557],[6.718749165086619,49.805659020639638],[6.718751277869357,49.805614084539272],[6.718681831723798,49.805612716862925],[6.718612385583552,49.805611349144989],[6.71854293944862,49.80560998138548],[6.718545052418591,49.805565045291175],[6.718475606353155,49.805563677492238],[6.718406160293032,49.805562309651705],[6.718336714238224,49.805560941769599],[6.718267268188732,49.805559573845905],[6.718269381410115,49.805514637759842],[6.718199935430119,49.80551326979672],[6.718130489455437,49.805511901792016],[6.718061043486068,49.805510533745739],[6.718063156894683,49.80546559766573],[6.717993710994811,49.805464229580025],[6.717924265100256,49.805462861452725],[6.717854819211015,49.805461493283836],[6.71785693280686,49.805416557209909],[6.717787486987115,49.805415189001614],[6.717718041172687,49.805413820751724],[6.717648595363574,49.805412452460246],[6.717579149559778,49.805411084127194],[6.71758126340703,49.805366148061502],[6.717511817672731,49.805364779689029],[6.717442371943748,49.805363411274968],[6.717372926220081,49.805362042819311],[6.717375040254562,49.805317106759681],[6.717305594600393,49.805315738264611],[6.71723614895154,49.805314369727959],[6.717166703308004,49.805313001149727],[6.717168817529711,49.805268065096172],[6.717099371955672,49.805266696478512],[6.717029926386952,49.805265327819264],[6.716960480823548,49.805263959118427],[6.716891035265462,49.805262590376017],[6.716893149738572,49.805217654330697],[6.716823704249985,49.805216285548873],[6.716754258766714,49.805214916725447],[6.716684813288762,49.805213547860454],[6.716686927949097,49.805168611821202],[6.716617482540643,49.805167242916774],[6.716548037137507,49.805165873970758],[6.716478591739691,49.805164504983161],[6.716409146347192,49.80516313595399],[6.716411261258928,49.805118199922987],[6.716341815935928,49.805116830854388],[6.716272370618247,49.805115461744208],[6.716202925305886,49.805114092592433],[6.716205040404843,49.805069156567512],[6.71613559516198,49.805067787376323],[6.716066149924436,49.805066418143554],[6.715927259465309,49.805063679553257],[6.715929374815666,49.805018743536571],[6.715859929658261,49.805017374181197],[6.715790484506176,49.805016004784257],[6.715721039359411,49.805014635345728],[6.715723154896986,49.804969699335125],[6.715653709819722,49.804968329857168],[6.715584264747775,49.804966960337637],[6.715514819681151,49.804965590776526],[6.715445374619849,49.804964221173833],[6.715447490408819,49.804919285171458],[6.715378045417017,49.80491791552933],[6.715308600430534,49.804916545845636],[6.715239155449374,49.804915176120339],[6.715241271425562,49.804870240124046],[6.715171826513901,49.804868870359343],[6.715102381607561,49.804867500553058],[6.715032936706544,49.804866130705186],[6.714963491810849,49.804864760815732],[6.714965608038431,49.804819824827675],[6.714896163212235,49.8048184548988],[6.714826718391362,49.804817084928338],[6.714757273575812,49.804815714916295],[6.714759389990608,49.804770778934319],[6.714689945244559,49.804769408882855],[6.714620500503831,49.80476803878981],[6.714551055768428,49.804766668655184],[6.714481611038347,49.804765298478976],[6.714483727704533,49.804720362505243],[6.714414283043953,49.804718992289615],[6.714344838388696,49.804717622032399],[6.714275393738764,49.804716251733595],[6.71427751059216,49.804671315765958],[6.714208066011729,49.804669945427747],[6.714138621436621,49.804668575047948],[6.714069176866837,49.804667204626561],[6.713999732302378,49.8046658341636],[6.714001849407163,49.804620898204206],[6.713932404912205,49.804619527701817],[6.713862960422571,49.804618157157854],[6.713793515938263,49.804616786572296],[6.713795633230257,49.804571850618991],[6.71372618881545,49.80457047999402],[6.713656744405968,49.80456910932746],[6.713587300001811,49.804567738619333],[6.713517855602981,49.804566367869626],[6.713519973146359,49.804521431924542],[6.713450528817029,49.80452006113542],[6.713311640174347,49.804517319432399],[6.713313757904933,49.804472383493412],[6.713244313655757,49.804471012581693],[6.713174869411907,49.804469641628394],[6.713105425173385,49.804468270633514],[6.713035980940189,49.804466899597045],[6.713038098922156,49.804421963666314],[6.712968654758463,49.804420592590439],[6.712899210600095,49.804419221472962],[6.712829766447056,49.804417850313911],[6.712831884616227,49.804372914389269],[6.71276244053269,49.804371543190811],[6.712692996454479,49.804370171950772],[6.712623552381597,49.804368800669131],[6.712621434019898,49.804413736587271],[6.712619315652873,49.804458672505],[6.712549871456965,49.804457301177457],[6.712480427266386,49.804455929808334],[6.712478308765683,49.804500865721302],[6.71254775302044,49.804502237092599],[6.712545634578587,49.804547173007329],[6.712541397678906,49.804637044835538],[6.71247195323162,49.804635673457746],[6.712469834709614,49.804680609369044],[6.712330945702671,49.804677866484361],[6.712261501207191,49.804676494979645],[6.712192056717041,49.804675123433348],[6.712122612232219,49.804673751845463],[6.71212473107511,49.804628815944994],[6.712126849912675,49.804583880044099],[6.712057405561535,49.80458250841896],[6.711987961215724,49.804581136752248],[6.711918516875243,49.804579765043947],[6.711916397845147,49.804624700938348],[6.711846953445819,49.804623329186299],[6.711777509051818,49.804621957392662],[6.711775389888043,49.804666893282288],[6.711705945435196,49.804665521444903],[6.711703826201917,49.804710457331957],[6.711634381690223,49.804709085450817],[6.711564937183857,49.804707713528089],[6.711562817816896,49.804752649410396],[6.711493373251684,49.80475127744392],[6.711423928691802,49.80474990543587],[6.711354484137251,49.804748533386245],[6.711352364572429,49.804793469261611],[6.711282919959031,49.804792097168217],[6.711280800324704,49.804837033041004],[6.71121135565246,49.804835660903862],[6.711141910985546,49.804834288725139],[6.711139791217533,49.804879224593179],[6.711070346491774,49.804877852370701],[6.710862012346482,49.804873735453768],[6.710792567642048,49.804872363064959],[6.710794687730946,49.804827427207762],[6.710725243096022,49.804826054779539],[6.710655798466428,49.804824682309736],[6.710657918678351,49.804779746456461],[6.710660038884945,49.804734810602788],[6.710729483386184,49.80473618306825],[6.710731603523269,49.804691247211984],[6.710801047965663,49.804692619633691],[6.710803168033243,49.804647683774839],[6.710805288095492,49.804602747915574],[6.710807408152413,49.804557812055883],[6.710876852407607,49.804559184429507],[6.710878972395022,49.80451424856723],[6.710881092377107,49.804469312704533],[6.710883212353863,49.804424376841425],[6.710952656421862,49.804425749166967],[6.710954776329112,49.804380813301272],[6.710956896231032,49.804335877435172],[6.710959016127624,49.804290941568631],[6.710961136018887,49.804246005701692],[6.711030579835515,49.804247377976978],[6.711032699657273,49.804202442107446],[6.710963255904821,49.80420106983432],[6.710965375785425,49.804156133966565],[6.710895932102479,49.804154761654026],[6.710826488424865,49.80415338929992],[6.71082860842849,49.804108453436058],[6.710759164820381,49.804107081042552],[6.71076128488285,49.804062145180453],[6.710691841344249,49.804060772747512],[6.71062239781098,49.804059400272997],[6.710552954283042,49.804058027756895],[6.710555074532706,49.804013091900892],[6.710416187621177,49.804010346748278],[6.710414067243164,49.804055282599961],[6.71041194685982,49.804100218451211],[6.710342503283705,49.804098845808198],[6.710340382830857,49.804143781656876],[6.710338262372677,49.804188717505127],[6.710336141909168,49.804233653352959],[6.710334021440327,49.804278589200386],[6.710264577612845,49.804277216507117],[6.710195133790696,49.80427584377226],[6.710193013188174,49.804320779614919],[6.710123569307182,49.804319406836314],[6.710054125431523,49.80431803401612],[6.710056246162396,49.804273098177795],[6.710058366887936,49.804228162339058],[6.710060487608147,49.804183226499887],[6.71012993129128,49.804184599313565],[6.710132051941983,49.80413966347183],[6.710134172587356,49.804094727629668],[6.710203616147473,49.804096100397423],[6.710205736723339,49.804051164552682],[6.710207857293875,49.804006228707507],[6.710209977859081,49.803961292861928],[6.710212098418956,49.803916357015936],[6.710142655115535,49.803914984256849],[6.710073211817448,49.803913611456188],[6.710075332500341,49.803868675614098],[6.710005889271762,49.80386730277403],[6.709936446048516,49.80386592989236],[6.709938566854424,49.803820994054213],[6.709869123700685,49.803819621133144],[6.709871244565434,49.803774685296744],[6.709801801481204,49.803773312336261],[6.709732358402306,49.803771939334197],[6.709734479390071,49.80372700350172],[6.70966503638068,49.803725630460242],[6.709667157427286,49.80368069462952],[6.709597714487403,49.803679321548636],[6.709528271552855,49.803677948426163],[6.709530392722475,49.803633012599363],[6.709460949857434,49.803631639437491],[6.709391506997727,49.803630266234023],[6.70939362829036,49.803585330411138],[6.709324185500162,49.803583957168271],[6.709254742715297,49.803582583883809],[6.709256864130943,49.803537648064868],[6.709187421415585,49.803536274740992],[6.709117978705564,49.803534901375549],[6.709048536000878,49.803533527968526],[6.709050657603707,49.803488592155666],[6.708981214968529,49.803487218709222],[6.708911772338687,49.803485845221203],[6.708909650607512,49.803530781029728],[6.708770765235491,49.8035280339246],[6.708768643370639,49.80357296972835],[6.708766521500451,49.803617905531702],[6.708835964312139,49.803619279109398],[6.708833842500792,49.803664214914477],[6.708831720684109,49.803709150719165],[6.708829598862093,49.803754086523433],[6.708760155857886,49.803752712939222],[6.708758033966364,49.803797648740883],[6.70868859090332,49.80379627511293],[6.708619147845613,49.803794901443382],[6.708617025820409,49.803839837240297],[6.708547582703867,49.803838463526994],[6.70847813959266,49.803837089772124],[6.70840869648679,49.803835715975666],[6.70840657426373,49.80388065176566],[6.708404452035336,49.80392558755522],[6.708402329801607,49.803970523344375],[6.708400207562543,49.804015459133105],[6.708469650925108,49.804016832938252],[6.708467528744883,49.804061768728737],[6.708465406559324,49.804106704518809],[6.708534850055574,49.804108078286717],[6.708532727928853,49.804153014078551],[6.708602171494614,49.804154387807039],[6.708600049426733,49.804199323600614],[6.708597927353519,49.804244259393791],[6.708595805274969,49.804289195186527],[6.708665249038591,49.804290568879949],[6.708663127018882,49.804335504674455],[6.708661004993838,49.804380440468542],[6.708730448891147,49.804381814124717],[6.708728326924944,49.804426749920559],[6.708726204953408,49.804471685715981],[6.708724082976535,49.804516621510984],[6.708654638886698,49.804515247848286],[6.708656760927747,49.80447031205545],[6.708587316907423,49.804468938353359],[6.708589439007311,49.804424002562271],[6.7085199950565,49.804422628820745],[6.708450551111025,49.804421255037646],[6.708381107170887,49.804419881212958],[6.708383229457969,49.804374945427966],[6.708313785587345,49.804373571563879],[6.708244341722057,49.804372197658203],[6.708174897862108,49.80437082371094],[6.708105454007497,49.804369449722088],[6.708103331463716,49.804414385498383],[6.708033887550267,49.804413011465783],[6.708031764936973,49.804457947239499],[6.70789287699774,49.804455199045215],[6.707823433036131,49.804453824885691],[6.707821310224976,49.804498760652464],[6.707819187408483,49.804543696418833],[6.707749743323861,49.804542322213393],[6.707747620437857,49.804587257977161],[6.707745497546516,49.80463219374051],[6.707676053338882,49.804630819489134],[6.707673930378028,49.804675755249903],[6.707671807411837,49.804720691010246],[6.707741251747825,49.804722065265963],[6.707739128840473,49.804767001028061],[6.707737005927785,49.804811936789761],[6.707806450397463,49.804813311008232],[6.707804327543616,49.804858246771673],[6.70787377208281,49.804859620950737],[6.707871649287804,49.804904556715933],[6.707869526487459,49.804949492480709],[6.707938971160348,49.804950866622526],[6.707936848418844,49.804995802389072],[6.707934725672004,49.805040738155199],[6.70786528087076,49.805039364009033],[6.707863158054407,49.805084299772545],[6.707861035232717,49.805129235535659],[6.707930480162316,49.805130609686174],[6.707928357399466,49.805175545451043],[6.70792623463128,49.805220481215486],[6.707856789573326,49.80521910706063],[6.707854666735625,49.805264042822493],[6.707785221618832,49.80526266862389],[6.707783098711615,49.80530760438316],[6.707713653535983,49.805306230140793],[6.707644208365688,49.805304855856846],[6.707642085324779,49.805349791611349],[6.707572640095646,49.805348417283646],[6.707570516985221,49.805393353035569],[6.707568393869457,49.80543828878708],[6.707498948517307,49.805436914413448],[6.707496825332027,49.805481850162352],[6.707427379921035,49.805480475744957],[6.70742525666624,49.805525411491288],[6.70735581119641,49.805524037030146],[6.70728636573192,49.805522662527402],[6.707288489115075,49.805477726785426],[6.707219043720103,49.805476352243282],[6.707149598330473,49.805474977659543],[6.707080152946183,49.805473603034244],[6.707078029370493,49.805518538769711],[6.707008583927363,49.805517164100635],[6.707004336631607,49.805607035565977],[6.70700221297572,49.805651971298019],[6.707000089314494,49.805696907029642],[6.70706953501434,49.805698281707407],[6.707067411411956,49.805743217440785],[6.707065287804233,49.805788153173744],[6.706995841976027,49.805786778491644],[6.706993718298785,49.805831714222023],[6.706924272411739,49.805830339496168],[6.706926396153161,49.805785403767956],[6.706928519889245,49.805740468039332],[6.706930643619988,49.805695532310295],[6.706861197930825,49.805694157549368],[6.70686332172041,49.805649221822087],[6.706865445504655,49.805604286094386],[6.706867569283562,49.805559350366281],[6.706798123792278,49.805557975570288],[6.706800247630024,49.805513039843923],[6.706802371462432,49.805468104117139],[6.706804495289501,49.805423168389964],[6.706735049996094,49.805421793558899],[6.706737173882002,49.805376857833473],[6.70673929776257,49.805331922107605],[6.706669852602863,49.805330547239315],[6.70667197654227,49.805285611515224],[6.706602531452083,49.805284236607513],[6.706604655450331,49.805239300885162],[6.706606779443237,49.805194365162414],[6.706608903430805,49.805149429439233],[6.706539458538492,49.805148054496463],[6.706541582584898,49.805103118775051],[6.706611027413032,49.805104493715646],[6.706613151389921,49.805059557991633],[6.706682596159219,49.805060932888473],[6.70668472006659,49.805015997161888],[6.706754164777053,49.805017372014966],[6.706756288614908,49.804972436285766],[6.706825733266536,49.80497381109511],[6.706827857034875,49.804928875363331],[6.706897301627666,49.804930250128898],[6.706899425326488,49.804885314394532],[6.706968869860443,49.804886689116358],[6.70697099348975,49.804841753379392],[6.706973117113718,49.804796817642028],[6.707042561524661,49.804798192317925],[6.707044685079115,49.80475325657796],[6.707046808628231,49.80470832083757],[6.707048932172007,49.804663385096774],[6.707051055710447,49.804618449355566],[6.707053179243546,49.804573513613931],[6.707055302771308,49.804528577871892],[6.706985858745423,49.804527203209034],[6.706987982332023,49.804482267468735],[6.706918538375653,49.80448089276647],[6.706920662021089,49.804435957027934],[6.706851218134235,49.80443458228627],[6.706853341838507,49.804389646549481],[6.70678389802117,49.804388271768403],[6.706786021784279,49.804343336033369],[6.706788145542049,49.804298400297924],[6.70679026929448,49.804253464562073],[6.706720825675009,49.80425208974593],[6.706722949486275,49.804207154011827],[6.706725073292204,49.804162218277305],[6.706655629806421,49.804160843423915],[6.70658618632598,49.804159468528958],[6.706588310254918,49.804114532798351],[6.706518866843993,49.804113157863988],[6.706520990831764,49.804068222135143],[6.706523114814197,49.804023286405901],[6.70652523879129,49.803978350676225],[6.706527362763044,49.803933414946151],[6.706596805917273,49.803934789871825],[6.706598929819514,49.803889854139157],[6.706601053716415,49.803844918406064],[6.706603177607978,49.803799982672551],[6.706672620575031,49.803801357550128],[6.70667474439708,49.803756421814036],[6.706744187305302,49.803757796647851],[6.706746311057839,49.803712860909179],[6.706676868213792,49.803711486077525],[6.706678992025164,49.80366655034058],[6.706681115831199,49.803621614603237],[6.706683239631893,49.803576678865483],[6.706685363427249,49.803531743127294],[6.706687487217265,49.803486807388694],[6.70661804469942,49.803485432526301],[6.706548602186915,49.803484057622363],[6.706546478268556,49.803528993356615],[6.706544354344856,49.803573929090462],[6.706542230415816,49.803618864823875],[6.706472787716137,49.803617489871826],[6.706474911709348,49.80357255414058],[6.70647703569722,49.803527618408907],[6.706479159679753,49.80348268267683],[6.70640971717793,49.803481307689722],[6.706411841219295,49.803436371959393],[6.706272956360021,49.803433621864762],[6.706203513938396,49.803432246755072],[6.706134071522114,49.803430871603808],[6.706064629111174,49.803429496410963],[6.706062504748951,49.803474432130422],[6.705993062279182,49.803473056893829],[6.705923619814756,49.80347168161564],[6.70592149531885,49.803516617330324],[6.705852052795595,49.803515242008395],[6.705854177355673,49.803470306295878],[6.705856301910409,49.803425370582936],[6.705925744305322,49.803426745900516],[6.705927868790547,49.803381810184995],[6.705929993270431,49.803336874469061],[6.705999435542344,49.803338249740712],[6.706001559952717,49.803293314022184],[6.706003684357749,49.803248378303216],[6.706005808757441,49.80320344258385],[6.705936366678042,49.803202067318708],[6.705938491136564,49.803157131601097],[6.705869049126677,49.803155756296555],[6.705799607122132,49.803154380950424],[6.705801731703654,49.803109445236736],[6.705803856279837,49.803064509522642],[6.705734414408977,49.803063134139286],[6.70566497254346,49.803061758714335],[6.705595530683286,49.803060383247811],[6.705597655446637,49.803015447539821],[6.705528213655977,49.803014072033889],[6.705530338478156,49.802969136327647],[6.705532463294994,49.802924200620993],[6.705601904957314,49.802925576122568],[6.705604029704642,49.802880640413328],[6.705608279183272,49.802790768993582],[6.705610403914576,49.80274583328309],[6.705612528640538,49.802700897572173],[6.705543087299064,49.802699522081468],[6.705545212083853,49.802654586372306],[6.705475770811891,49.802653210842188],[6.705406329545272,49.802651835270481],[6.705336888283996,49.802650459657215],[6.70533901325595,49.802605523954163],[6.705269572064187,49.802604148301469],[6.705200130877768,49.802602772607216],[6.705202255972718,49.802557836908086],[6.705132814855811,49.802556461174419],[6.705063373744249,49.80255508539917],[6.705065498962191,49.802510149703998],[6.704996057920142,49.802508773889336],[6.704926616883438,49.802507398033114],[6.704928742224374,49.80246246234185],[6.704859301257183,49.802461086446215],[6.704861426656944,49.802416150756713],[6.704791985759265,49.802414774821663],[6.70479411121785,49.802369839133924],[6.704724670389683,49.802368463159475],[6.704726795907094,49.80232352747349],[6.70465735514844,49.802322151459641],[6.704659480724675,49.802277215775412],[6.704590040035533,49.802275839722157],[6.704592165670591,49.802230904039696],[6.704522725050962,49.802229527947034],[6.704524850744844,49.802184592266322],[6.704526976433383,49.80213965658519],[6.704457535947432,49.80213828045531],[6.704459661694793,49.802093344775948],[6.704390221278356,49.802091968606646],[6.70439234708454,49.802047032929025],[6.704394472885379,49.802002097251005],[6.704396598680876,49.801957161572552],[6.704327158462283,49.801955785368207],[6.704329284316601,49.801910849691524],[6.704331410165576,49.801865914014421],[6.704333536009206,49.801820978336892],[6.704264095988457,49.801819602097488],[6.704266221890908,49.801774666421714],[6.704268347788016,49.801729730745549],[6.704272599566199,49.801639859391919],[6.704276851323006,49.801549988036648],[6.704278977193395,49.801505052358372],[6.704281103058438,49.801460116679692],[6.70428322891814,49.801415181000586],[6.704352668361407,49.801416557220413],[6.704354794151599,49.801371621538721],[6.704356919936448,49.801326685856623],[6.704359045715952,49.801281750174084],[6.704361171490114,49.801236814491141],[6.704430610682072,49.80123819066069],[6.704432736386727,49.801193254975146],[6.704434862086038,49.801148319289197],[6.704436987780005,49.801103383602822],[6.704439113468629,49.801058447916041],[6.70444123915191,49.801013512228835],[6.704510678028401,49.801014888345925],[6.704512803642175,49.800969952656132],[6.704514929250607,49.80092501696592],[6.704517054853695,49.800880081275281],[6.70451918045144,49.800835145584244],[6.704521306043842,49.800790209892781],[6.704523431630901,49.800745274200899],[6.704525557212616,49.800700338508605],[6.704529808360018,49.800610467122745],[6.704599246664398,49.800611843178686],[6.704601372165922,49.800566907482974],[6.704603497662105,49.800521971786821],[6.704534059486048,49.800520595735229],[6.704536185041048,49.800475660040838],[6.704538310590704,49.80043072434605],[6.704540436135019,49.800385788650829],[6.70454256167399,49.800340852955188],[6.704544687207617,49.800295917259135],[6.704546812735902,49.800250981562677],[6.704477374950152,49.800249605482549],[6.704479500537254,49.800204669787838],[6.704481626119013,49.800159734092709],[6.704483751695428,49.800114798397161],[6.7044858772665,49.800069862701193],[6.704416439742734,49.800068486588181],[6.704418565372621,49.800023550893997],[6.704420690997167,49.799978615199379],[6.704422816616369,49.799933679504335],[6.704424942230229,49.799888743808879],[6.704355504968441,49.799887367663004],[6.704357630641116,49.799842431969303],[6.704359756308447,49.799797496275183],[6.704361881970436,49.799752560580657],[6.704292444906468,49.799751184399732],[6.70429457062727,49.799706248706954],[6.70429669634273,49.799661313013772],[6.704298822052844,49.799616377320163],[6.704229385186696,49.7996150011042],[6.704231510955625,49.79957006541234],[6.704233636719212,49.799525129720067],[6.704235762477455,49.799480194027382],[6.704166325809124,49.799478817776347],[6.704168451626181,49.799433882085424],[6.704170577437893,49.799388946394089],[6.704172703244262,49.79934401070232],[6.704103266773746,49.799342634416249],[6.704105392638929,49.799297698726242],[6.704107518498765,49.799252763035831],[6.704109644353261,49.799207827344979],[6.704111770202411,49.799162891653729],[6.704042333993867,49.799161515334781],[6.704044459901829,49.799116579645293],[6.704046585804448,49.799071643955372],[6.704048711701723,49.799026708265046],[6.704050837593654,49.798981772574308],[6.704052963480242,49.798936836883129],[6.70398352759782,49.798935460533485],[6.70398565354322,49.798890524844076],[6.703987779483274,49.798845589154261],[6.703989905417985,49.798800653464028],[6.703992031347352,49.798755717773361],[6.703922595726895,49.798754341390833],[6.703924721715071,49.798709405701942],[6.703926847697907,49.798664470012618],[6.703928973675397,49.798619534322889],[6.703931099647542,49.798574598632733],[6.703933225614344,49.798529662942173],[6.703935351575802,49.798484727251186],[6.703865916345614,49.798483350840144],[6.703868042365881,49.798438415150919],[6.703872294390385,49.798348543771212],[6.703876546393511,49.798258672389835],[6.703878672387058,49.798213736698536],[6.703880798375262,49.79816880100681],[6.703882924358122,49.798123865314658],[6.703885050335638,49.7980789296221],[6.703887176307809,49.798033993929117],[6.703889302274637,49.797989058235729],[6.703891428236122,49.797944122541907],[6.703893554192261,49.797899186847687],[6.703895680143058,49.797854251153019],[6.70389780608851,49.797809315457961],[6.703899932028619,49.797764379762484],[6.703902057963385,49.79771944406658],[6.703904183892806,49.797674508370264],[6.703908435735617,49.797584636976381],[6.703910561649008,49.797539701278822],[6.703912687557054,49.797494765580822],[6.703914813459757,49.797449829882432],[6.703921191135804,49.797315022784723],[6.703923317017132,49.797270087084655],[6.703927568763759,49.797180215683262],[6.703929694629056,49.797135279981937],[6.703999127934717,49.797136656327737],[6.704003379520985,49.79704678491948],[6.704005505306103,49.797001849214737],[6.704009756860312,49.796911977803987],[6.704011882629402,49.796867042098],[6.704014008393147,49.796822106391581],[6.70401825990461,49.796732234977497],[6.704087692638287,49.796733611262127],[6.704091944000082,49.796643739842033],[6.704096195340505,49.796553868420261],[6.704098321002703,49.796508932708754],[6.704100446659557,49.79646399699682],[6.704102572311069,49.796419061284482],[6.704104697957237,49.796374125571724],[6.704174130183087,49.796375501797392],[6.704176255759767,49.796330566082027],[6.704178381331104,49.796285630366256],[6.704180506897099,49.796240694650081],[6.704182632457751,49.796195758933465],[6.70418475801306,49.79615082321645],[6.704186883563026,49.79610588749901],[6.70425631540935,49.796107263670059],[6.704258440889828,49.796062327950025],[6.704260566364964,49.796017392229572],[6.704262691834758,49.795972456508714],[6.70426481729921,49.79592752078743],[6.70426694275832,49.795882585065733],[6.704269068212087,49.795837649343618],[6.704271193660511,49.795792713621083],[6.704340625063168,49.795794089735331],[6.704342750442107,49.79574915401021],[6.704344875815703,49.795704218284676],[6.704347001183957,49.795659282558717],[6.70434912654687,49.79561434683233],[6.704351251904439,49.795569411105546],[6.704353377256667,49.795524475378336],[6.704355502603553,49.795479539650707],[6.704424933562552,49.795480915708161],[6.704427058839953,49.795435979977945],[6.704429184112012,49.79539104424731],[6.704431309378729,49.795346108516256],[6.704433434640104,49.795301172784789],[6.704435559896139,49.79525623705289],[6.704437685146831,49.795211301320592],[6.704507115726321,49.795212677323441],[6.704509240907528,49.795167741588543],[6.704511366083396,49.795122805853225],[6.704515616419104,49.795032934381354],[6.704517741578947,49.794987998644785],[6.704519866733447,49.794943062907805],[6.704589296933433,49.794944438856035],[6.704591422018451,49.794899503116454],[6.704593547098128,49.794854567376476],[6.704595672172463,49.794809631636078],[6.704597797241458,49.794764695895246],[6.70459992230511,49.794719760154003],[6.704602047363422,49.794674824412347],[6.704604172416392,49.794629888670265],[6.704673602172742,49.794631264561701],[6.70467572715623,49.79458632881704],[6.704677852134378,49.79454139307196],[6.704679977107187,49.794496457326453],[6.704682102074652,49.794451521580548],[6.704686351993562,49.79436165008746],[6.704755781370419,49.794363025924277],[6.704757906257723,49.794318090174926],[6.704760031139687,49.794273154425177],[6.70476215601631,49.794228218674995],[6.704764280887592,49.794183282924408],[6.704766405753533,49.794138347173394],[6.704768530614134,49.794093411421969],[6.704770655469395,49.794048475670131],[6.704840084402627,49.794049851450168],[6.704842209188409,49.794004915695716],[6.70484433396885,49.793959979940865],[6.70484645874395,49.793915044185603],[6.704848583513711,49.793870108429914],[6.704850708278132,49.793825172673799],[6.704852833037211,49.793780236917293],[6.70485495779095,49.793735301160346],[6.704924386280565,49.793736676883597],[6.704926510964827,49.793691741124071],[6.704928635643749,49.793646805364133],[6.704930760317331,49.793601869603762],[6.704932884985572,49.793556933842972],[6.704935009648474,49.793511998081769],[6.704937134306035,49.793467062320168],[6.704941383605136,49.793377190795681],[6.705010811587007,49.793378566459978],[6.705015060736478,49.793288694929473],[6.70501930986459,49.793198823397312],[6.705021434420637,49.793153887630602],[6.705023558971341,49.793108951863488],[6.705025683516707,49.79306401609594],[6.705027808056733,49.793019080327987],[6.705097235530871,49.793020455933316],[6.705101484466637,49.792930584391797],[6.705103608926509,49.79288564862042],[6.705105733381043,49.792840712848616],[6.705107857830237,49.7927957770764],[6.705109982274091,49.792750841303771],[6.705112106712606,49.792705905530717],[6.705114231145782,49.792660969757236],[6.705183658112194,49.792662345303611],[6.705185782475898,49.792617409527558],[6.705190031187286,49.792527537974188],[6.70519215553497,49.792482602196884],[6.705194279877317,49.792437666419147],[6.705196404214323,49.792392730640998],[6.705198528545991,49.79234779486243],[6.705200652872318,49.792302859083463],[6.705202777193308,49.792257923304064],[6.705272203587874,49.792259298789311],[6.705274327839393,49.792214363007325],[6.705278576326413,49.792124491442095],[6.705280700561914,49.792079555658866],[6.705282824792077,49.79203461987521],[6.7052849490169,49.791989684091135],[6.705287073236385,49.791944748306655],[6.70528919745053,49.791899812521748],[6.705291321659337,49.79185487673643],[6.705293445862806,49.791809940950678],[6.705295570060935,49.791765005164521],[6.705364995755408,49.791766380584306],[6.705369244007391,49.791676509006386],[6.705371368125374,49.791631573216804],[6.705373492238019,49.791586637426803],[6.705377740447293,49.791496765845558],[6.705379864543922,49.791451830054314],[6.705381988635213,49.791406894262643],[6.705384112721164,49.79136195847056],[6.705386236801777,49.791317022678072],[6.705388360877053,49.791272086885137],[6.705457785871451,49.791273462239438],[6.705459909877259,49.791228526443938],[6.705464157872862,49.791138654851672],[6.705466281862655,49.791093719054913],[6.705468405847111,49.791048783257743],[6.705470529826228,49.791003847460146],[6.705472653800006,49.790958911662131],[6.705474777768448,49.79091397586371],[6.70547690173155,49.790869040064862],[6.705481149641741,49.790779168465932],[6.705485397530579,49.79068929686531],[6.705487521466989,49.790644361064388],[6.705556945568957,49.790645736346697],[6.705565441004723,49.79046599313012],[6.705569688690577,49.790376121519323],[6.705571812525498,49.790331185713306],[6.705573936355081,49.79028624990687],[6.705576060179327,49.790241314100015],[6.705578183998234,49.790196378292734],[6.705580307811805,49.790151442485062],[6.705582431620037,49.790106506676956],[6.705584555422931,49.790061570868424],[6.705586679220487,49.790016635059487],[6.705590926799586,49.789926763440363],[6.705660349880906,49.789928138646331],[6.705662473598327,49.789883202833963],[6.705666721017156,49.789793331207981],[6.705668844718564,49.789748395394376],[6.705670968414635,49.789703459580338],[6.705673092105369,49.789658523765894],[6.705677339470824,49.789568652135742],[6.705679463145544,49.789523716320048],[6.705681586814928,49.789478780503934],[6.705683710478975,49.789433844687395],[6.705685834137684,49.789388908870443],[6.705687957791056,49.789343973053079],[6.705690081439091,49.789299037235295],[6.705692205081789,49.789254101417086],[6.705694328719148,49.789209165598479],[6.705696452351171,49.789164229779445],[6.705698575977857,49.789119293959985],[6.705702823215218,49.789029422319828],[6.705704946825892,49.788984486499132],[6.705707070431229,49.788939550678009],[6.705709194031229,49.788894614856467],[6.705778615643101,49.788895989970896],[6.705784986218722,49.788761182497268],[6.705787109733256,49.788716246671882],[6.705789233242452,49.788671310846084],[6.70579135674631,49.788626375019874],[6.705793480244833,49.788581439193258],[6.705795603738019,49.788536503366217],[6.705797727225869,49.788491567538735],[6.705799850708381,49.788446631710862],[6.705801974185555,49.788401695882577],[6.705804097657395,49.788356760053851],[6.705806221123897,49.788311824224721],[6.705808344585061,49.788266888395171],[6.705810468040889,49.788221952565202],[6.705812591491382,49.788177016734828],[6.705818961810837,49.788042209241183],[6.705821085239982,49.787997273409125],[6.705890505574841,49.787998648438538],[6.705892628934534,49.787953712603901],[6.70590112231994,49.787773969261167],[6.705903245652951,49.787729033424448],[6.705907492302964,49.787639161749752],[6.705909615619966,49.787594225911768],[6.705911738931631,49.787549290073372],[6.705913862237961,49.787504354234578],[6.705915985538954,49.787459418395343],[6.705922355409916,49.787324610875167],[6.705924478689563,49.787279675034277],[6.705926601963876,49.787234739192961],[6.705928725232852,49.787189803351225],[6.70593084849649,49.787144867509092],[6.705932971754796,49.787099931666532],[6.705935095007764,49.787054995823546],[6.705943587966273,49.786875252447459],[6.705945711192561,49.786830316602405],[6.705949957629128,49.786740444911025],[6.705952080839407,49.7866955090647],[6.705954204044352,49.786650573217976],[6.70595632724396,49.786605637370826],[6.705960573627167,49.786515765675269],[6.705962696810768,49.786470829826889],[6.705964819989032,49.78642589397807],[6.705969066329554,49.78633602227918],[6.705971189491811,49.786291086429109],[6.705975435800316,49.786201214727726],[6.705977558946567,49.786156278876405],[6.705981805223059,49.78606640717252],[6.705983928353302,49.786021471319962],[6.705914510839395,49.78602009638616],[6.705918757212091,49.785930224684115],[6.705920880390435,49.785885288832468],[6.705923003563443,49.785840352980401],[6.705925126731115,49.785795417127929],[6.705929373050455,49.785705545421706],[6.70593149620212,49.785660609567984],[6.70593361934845,49.785615673713828],[6.705864202416856,49.785614298758027],[6.705866325621956,49.78556936290564],[6.705868448821723,49.785524427052835],[6.705937865625102,49.78552580200428],[6.705939988755426,49.785480866148887],[6.706009405500035,49.785482241056613],[6.706011528560915,49.785437305198634],[6.706080945246756,49.785438680062626],[6.706083068238194,49.785393744202047],[6.706152484865266,49.785395119022319],[6.706150361937935,49.785440054885065],[6.706148239005269,49.785484990747392],[6.706217655765891,49.78548636553046],[6.706215532891997,49.785531301394549],[6.706213410012769,49.785576237258226],[6.706211287128204,49.78562117312147],[6.706209164238304,49.785666108984316],[6.706204918442501,49.78575598070875],[6.706202795536597,49.785800916570331],[6.706200672625357,49.785845852431507],[6.706198549708783,49.785890788292257],[6.706267967051712,49.785892163053312],[6.706265844193911,49.785937098915824],[6.706263721330775,49.78598203477793],[6.706261598462305,49.786026970639597],[6.706259475588499,49.786071906500865],[6.706257352709357,49.786116842361707],[6.706326770378169,49.786118217092067],[6.706324647557803,49.786163152954664],[6.706394065296063,49.786164527645646],[6.706391942534471,49.786209463509998],[6.706389819767544,49.786254399373945],[6.706387696995282,49.786299335237452],[6.706385574217686,49.786344271100567],[6.706383451434755,49.786389206963236],[6.706381328646489,49.786434142825506],[6.706379205852888,49.786479078687364],[6.706448624045255,49.786480453351999],[6.70644650131043,49.786525389215612],[6.706444378570271,49.786570325078799],[6.706433764789451,49.786795004388495],[6.706431642017283,49.786839940249187],[6.706429519239779,49.786884876109447],[6.706427396456942,49.786929811969323],[6.70649681529576,49.786931186614112],[6.706566234139918,49.786932561217363],[6.706568356794531,49.78688762535316],[6.706637775579913,49.786888999912684],[6.70663989816508,49.786844064045887],[6.706709316891685,49.786845438561663],[6.706711439407406,49.786800502692294],[6.706780858075236,49.786801877164343],[6.706850276748401,49.786803251594854],[6.706852399130564,49.786758315720711],[6.706921817744954,49.786759690107488],[6.706923940057671,49.786714754230765],[6.706926062365055,49.786669818353616],[6.706995480856556,49.786671192694484],[6.706997603094495,49.786626256814749],[6.707001847554371,49.786536385054028],[6.707003969776309,49.786491449173049],[6.707073388016703,49.786492823463675],[6.707075510169195,49.786447887580103],[6.707144928350814,49.786449261827002],[6.707147050433863,49.786404325940836],[6.707149172511579,49.786359390054265],[6.707151294583964,49.786314454167275],[6.707081876594676,49.786313079926892],[6.707083998725837,49.786268144041657],[6.707086120851666,49.786223208155988],[6.707088242972159,49.786178272269908],[6.707157660769116,49.786179646503783],[6.707159782820167,49.78613471061513],[6.707161904865885,49.786089774726044],[6.707231322539958,49.786091148914011],[6.707300740219365,49.786092523060425],[6.707370157904107,49.786093897165287],[6.707439575594184,49.786095271228596],[6.707441697378131,49.786050335330408],[6.707511115009433,49.786051709349984],[6.70751323672394,49.786006773449209],[6.707515358433114,49.78596183754803],[6.707517480136956,49.785916901646409],[6.707586897581265,49.785918275617924],[6.707589019215666,49.785873339713731],[6.707591140844735,49.785828403809127],[6.707593262468472,49.785783467904096],[6.707595384086877,49.785738531998653],[6.707664801280085,49.785739905919925],[6.707734218478627,49.785741279799637],[6.707803635682504,49.78574265363779],[6.707805757103253,49.785697717725412],[6.70780787851867,49.785652781812622],[6.707877295599663,49.785654155604881],[6.707879416945642,49.785609219689505],[6.707881538286288,49.785564283773702],[6.7079509552444,49.78556565752006],[6.707953076515607,49.785520721601685],[6.707955197781486,49.785475785682891],[6.707957319042031,49.785430849763678],[6.708026735813152,49.785432223461967],[6.708028857004262,49.785387287540146],[6.708030978190039,49.785342351617942],[6.708100394838278,49.785343725270337],[6.708102515954618,49.785298789345525],[6.708104637065628,49.785253853420294],[6.708106758171307,49.785208917494664],[6.708176174632559,49.785210291098991],[6.708178295668802,49.785165355170761],[6.708247712071279,49.785166728731362],[6.708249833038085,49.785121792800552],[6.70825195399956,49.785076856869317],[6.708254074955706,49.785031920937655],[6.708323491171199,49.785033294450194],[6.708325612057907,49.784988358515967],[6.708327732939287,49.784943422581314],[6.708329853815337,49.784898486646235],[6.708399269843844,49.784899860110698],[6.708468685877683,49.784901233533631],[6.708470806620192,49.784856297593798],[6.708472927357371,49.784811361653553],[6.708542343268332,49.784812735030577],[6.708544463936076,49.784767799087739],[6.708613879788263,49.784769172421043],[6.708616000386574,49.784724236475626],[6.708685416179986,49.784725609765196],[6.70868329564578,49.784770545712789],[6.70875271150863,49.784771918962981],[6.708822127376811,49.784773292171622],[6.708824247782807,49.784728356219695],[6.708893663592214,49.784729729384608],[6.708895783928775,49.784684793430088],[6.708897904260009,49.784639857475156],[6.708967319946537,49.784641230594168],[6.708969440208338,49.784596294636657],[6.70903885583609,49.784597667711957],[6.70904097602846,49.784552731751845],[6.709043096215499,49.78450779579132],[6.708973680715954,49.784506422720355],[6.708904265221739,49.784505049607844],[6.708902144906491,49.784549985564034],[6.708763313805845,49.784547239210006],[6.708765434249301,49.784502303258158],[6.708767554687429,49.784457367305905],[6.708769675120227,49.784412431353225],[6.708773915969839,49.784322559446615],[6.708776036386651,49.784277623492692],[6.708845451549687,49.78427899667745],[6.708843331196977,49.784323932633555],[6.708912746429447,49.784325305778935],[6.708982161667246,49.784326678882778],[6.709051576910375,49.78432805194506],[6.709053697070775,49.784283115982433],[6.709123112255132,49.784284489000996],[6.709192527444818,49.784285861977999],[6.709190407412627,49.784330797944946],[6.709188287375106,49.784375733911475],[6.709186167332259,49.784420669877591],[6.709116751950261,49.784419296894079],[6.709114631837982,49.784464232857601],[6.709112511720374,49.784509168820712],[6.70911039159744,49.78455410478341],[6.709179807171749,49.784555477773438],[6.70917768710759,49.784600413737884],[6.709247102751334,49.784601786688526],[6.709249222751388,49.784556850721906],[6.709318638336358,49.784558223628807],[6.709457469522285,49.784560969317987],[6.709526885123243,49.78456234210023],[6.709529004861554,49.784517406124515],[6.709598420403736,49.784518778863053],[6.709600540072615,49.784473842884758],[6.709669955556023,49.784475215579562],[6.709739371044759,49.784476588232813],[6.70974361011012,49.784386716266283],[6.709674194749591,49.784385343617373],[6.709604779394392,49.784383970926903],[6.70960689904729,49.784339034947358],[6.709676314338386,49.784340407635653],[6.709678433921853,49.784295471653529],[6.709747849154175,49.784296844298098],[6.709817264391824,49.784298216901114],[6.709886679634803,49.784299589462599],[6.709888799020634,49.784254653473532],[6.709890918401139,49.784209717484053],[6.709893037776317,49.784164781494169],[6.709895157146169,49.784119845503852],[6.709964572138063,49.784121218015095],[6.709962452832314,49.784166154007572],[6.71003186789364,49.784167526479429],[6.710029748646667,49.784212462473654],[6.709960333521238,49.784211089999637],[6.709958214204837,49.784256025991276],[6.709956094883109,49.78430096198251],[6.710025510136745,49.784302334460882],[6.710027629394369,49.784257398467474],[6.710097044589228,49.784258770902113],[6.710166459789416,49.784260143295192],[6.71023587499493,49.784261515646733],[6.710237994054918,49.784216579646412],[6.710240113109581,49.784171643645685],[6.710309528192216,49.784173015951325],[6.710378943280179,49.784174388215412],[6.71038106220131,49.784129452209918],[6.710450477230498,49.784130824430285],[6.7104525960822,49.784085888422226],[6.710454714928579,49.784040952413733],[6.710456833769634,49.783996016404814],[6.710526248611838,49.78399738857712],[6.710528367383464,49.783952452565636],[6.710597782166894,49.78395382469423],[6.710599900869094,49.783908888680138],[6.710602019565969,49.783863952665641],[6.710671434226521,49.783865324748348],[6.71067355285397,49.783820388731264],[6.710742967455746,49.783821760770238],[6.710812382062847,49.783823132767679],[6.710814500556769,49.783778196745843],[6.710883915105095,49.783779568699543],[6.710886033529591,49.783734632675127],[6.71095544801914,49.783736004585109],[6.71095756637421,49.783691068558106],[6.711026980804985,49.783692440424367],[6.711096395241085,49.783693812249076],[6.71109851346263,49.783648876217327],[6.711167927839952,49.783650247998317],[6.711170045992072,49.783605311963981],[6.711239460310618,49.783606683701258],[6.711241578393314,49.783561747664329],[6.711310992653084,49.783563119357879],[6.711313110666356,49.783518183318364],[6.71138252486735,49.783519554968201],[6.71145193907367,49.783520926576472],[6.711521353285312,49.783522298143211],[6.711523471100958,49.783477362096782],[6.711592885253825,49.783478733619788],[6.711595003000049,49.783433797570765],[6.711664417094139,49.783435169050065],[6.711733831193553,49.783436540487791],[6.71180324529829,49.783437911883972],[6.711805362846889,49.783392975828043],[6.71187477689285,49.783394347180497],[6.711944190944134,49.783395718491406],[6.71194630835921,49.783350782430745],[6.712015722351717,49.783352153697933],[6.712085136349547,49.783353524923584],[6.712154550352699,49.783354896107667],[6.712156667570153,49.783309960040064],[6.71222608151453,49.783311331180435],[6.712228198662563,49.783266395110246],[6.712297612548159,49.783267766206897],[6.712299729626772,49.783222830134136],[6.712369143453591,49.783224201187068],[6.712371260462783,49.783179265111713],[6.712440674230825,49.783180636120932],[6.712442791170597,49.78313570004299],[6.712444908105049,49.783090763964651],[6.712375494465208,49.783089392959766],[6.71237761145844,49.783044456883168],[6.712379728446352,49.78299952080615],[6.712381845428944,49.782954584728728],[6.712451258876488,49.782955955727104],[6.712449141957996,49.783000891806694],[6.712447025034183,49.783045827885879],[6.712516438615246,49.783047198847036],[6.712585852201633,49.783048569766656],[6.7125837354007,49.783093505849749],[6.712653149056507,49.783094876729983],[6.712722562717636,49.78309624756865],[6.712791976384087,49.783097618365773],[6.712789859770133,49.783142554454955],[6.71278774315086,49.783187490543718],[6.712857156950832,49.783188861303614],[6.712926570756124,49.783190232021965],[6.712928687247198,49.783145295928868],[6.712998100993711,49.7831466666035],[6.713067514745544,49.783148037236593],[6.713069631103098,49.783103101138742],[6.713071747455333,49.78305816504048],[6.713141161084289,49.783059535627672],[6.713143277367107,49.783014599526837],[6.713212690937283,49.783015970070309],[6.713214807150682,49.782971033966895],[6.71328422066208,49.782972404466648],[6.713286336806062,49.782927468360633],[6.713288452944727,49.782882532254206],[6.713357866333245,49.782883902708079],[6.713359982402493,49.78283896659908],[6.713429395732233,49.782840337009233],[6.713498809067291,49.782841707377855],[6.713500925003023,49.782796771264096],[6.713503040933438,49.782751835149931],[6.713572454145619,49.782753205472645],[6.713641867363118,49.782754575753827],[6.713643983160019,49.782709639634923],[6.713646098951604,49.782664703515572],[6.713648214737871,49.782619767395815],[6.713717627768395,49.782621137628944],[6.713719743485245,49.782576201506615],[6.713650330518822,49.782574831275653],[6.713652446294454,49.782529895155072],[6.71365456206477,49.782484959034065],[6.713656677829769,49.782440022912652],[6.713658793589452,49.782395086790814],[6.713660909343817,49.782350150668556],[6.713665140836598,49.782260278422804],[6.713667256575013,49.78221534229931],[6.713597844126685,49.782213972044126],[6.71359995992388,49.782169035922365],[6.713602075715758,49.782124099800193],[6.71360419150232,49.782079163677608],[6.713606307283564,49.782034227554604],[6.713608423059492,49.781989291431181],[6.713610538830102,49.781944355307353],[6.713612654595395,49.781899419183105],[6.713614770355372,49.781854483058432],[6.713616886110032,49.781809546933346],[6.713547474243888,49.781808176656092],[6.713478062383063,49.781806806337293],[6.713482294132813,49.781716934094533],[6.713551705865447,49.781718304409011],[6.713553821668252,49.781673368284835],[6.713484409999713,49.781671997972538],[6.713486525861295,49.781627061850116],[6.713488641717561,49.781582125727276],[6.713490757568509,49.78153718960403],[6.713560169044765,49.781538559909841],[6.713562284826303,49.781493623784002],[6.713564400602523,49.78144868765775],[6.71363381195591,49.781450057917674],[6.713635927662721,49.78140512178885],[6.713638043364213,49.781360185659594],[6.713568632139013,49.781358815403998],[6.713570747899283,49.781313879276503],[6.713572863654236,49.781268943148582],[6.713642274751249,49.781270313399851],[6.713644390436793,49.781225377269344],[6.713713801475031,49.7812267474769],[6.713715917091164,49.781181811343814],[6.713785328070627,49.781183181507664],[6.713787443617353,49.781138245371992],[6.713856854538041,49.781139615492123],[6.713858970015356,49.78109467935387],[6.71392838087727,49.781096049430296],[6.713997791744503,49.781097419465155],[6.714067202617052,49.781098789458468],[6.714136613494921,49.781100159410236],[6.714138728710548,49.781055223262918],[6.714140843920862,49.78101028711518],[6.714210254675862,49.781011657021061],[6.714212369816766,49.78096672087073],[6.714214484952357,49.780921784720007],[6.714283895584489,49.780923154580009],[6.714286010650672,49.780878218426693],[6.71428812571154,49.780833282272965],[6.714357536220805,49.78083465208708],[6.714359651212266,49.78078971593078],[6.714429061662757,49.780791085701189],[6.714431176584811,49.780746149542296],[6.714433291501551,49.78070121338299],[6.714502701829177,49.780702583107526],[6.71450481667651,49.780657646945635],[6.714574226945359,49.780659016626451],[6.714576341723288,49.78061408046198],[6.714578456495901,49.78056914429709],[6.714580571263202,49.780524208131787],[6.714649981345095,49.780525577764571],[6.714652096042989,49.780480641596682],[6.71465421073557,49.780435705428374],[6.714723620694597,49.780437075015286],[6.714725735317773,49.780392138844405],[6.714727849935636,49.780347202673092],[6.714797259771799,49.78034857221413],[6.714799374320258,49.780303636040252],[6.714801488863402,49.780258699865954],[6.7148708985767,49.780260069361105],[6.714873013050441,49.780215133184228],[6.714875127518869,49.780170197006939],[6.714944537109304,49.780171566456204],[6.714946651508329,49.780126630276335],[6.715016061039988,49.780127999681895],[6.71501817536961,49.780083063499433],[6.71502028969392,49.780038127316566],[6.714950880290439,49.780036757915333],[6.714881470892273,49.780035388472541],[6.714812061499423,49.780034018988204],[6.714742652111888,49.780032649462328],[6.714740537531221,49.780077585636548],[6.714671128084913,49.780076216066959],[6.714669013434845,49.780121152238586],[6.714666898779462,49.780166088409814],[6.71459748921029,49.780164718794346],[6.714595374485504,49.780209654962988],[6.714593259755402,49.780254591131204],[6.714523850063369,49.780253221469863],[6.714521735263864,49.780298157635492],[6.714519620459044,49.780343093800717],[6.714450210644146,49.780341724093496],[6.714380800834565,49.78034035434473],[6.714378685896252,49.780385290505201],[6.714309276027897,49.78038392071273],[6.714307161020178,49.780428856870621],[6.714305046007143,49.780473793028108],[6.714235636015926,49.780472423189742],[6.714233520933487,49.780517359344643],[6.714231405845732,49.780562295499124],[6.714229290752663,49.780607231653192],[6.714159880574489,49.780605861766787],[6.714090470401633,49.780604491838844],[6.714021060234094,49.780603121869348],[6.714023175519436,49.780558185721773],[6.714025290799462,49.780513249573779],[6.714027406074173,49.780468313425374],[6.713957996104224,49.780466943420826],[6.713888586139593,49.780465573374727],[6.713886470736701,49.780510509518813],[6.713884355328493,49.780555445662451],[6.713882239914969,49.780600381805698],[6.713812829763383,49.780599011711558],[6.713810714280452,49.780643947852219],[6.713741304070094,49.780642577714367],[6.713671893865053,49.780641207534956],[6.713674009476166,49.780596271398629],[6.713604599340536,49.780594901179839],[6.713606715010423,49.78054996504526],[6.713676125081963,49.780551335261876],[6.713678240682444,49.780506399124711],[6.713680356277608,49.780461462987148],[6.713682471867455,49.780416526849145],[6.713751881752041,49.78041789701772],[6.713753997272483,49.780372960877145],[6.713756112787609,49.780328024736143],[6.713758228297419,49.780283088594736],[6.713827637995053,49.780284458715272],[6.713829753435455,49.780239522571286],[6.713831868870543,49.780194586426866],[6.713833984300315,49.780149650282048],[6.713903393810998,49.780151020354538],[6.713905509171365,49.780106084207127],[6.713909739876152,49.780016211911068],[6.71391185522057,49.779971275762406],[6.713981264480216,49.779972645784703],[6.713983379755232,49.779927709633455],[6.713985495024931,49.779882773481809],[6.713987610289315,49.779837837329737],[6.714057019362015,49.779839207303972],[6.714059134556995,49.779794271149321],[6.714061249746661,49.779749334994257],[6.714063364931012,49.779704398838767],[6.714132773816762,49.77970576876497],[6.714134888931709,49.779660832606893],[6.714137004041342,49.779615896448419],[6.714139119145659,49.779570960289512],[6.714208527844465,49.779572330167674],[6.71421064287938,49.779527394006195],[6.71421275790898,49.779482457844296],[6.714282166484928,49.779483827676579],[6.714284281445128,49.7794388915121],[6.714353689962305,49.779440261300671],[6.714355804853102,49.779395325133613],[6.714357919738585,49.779350388966137],[6.714360034618754,49.779305452798248],[6.714429442948988,49.779306822538778],[6.714431557759755,49.77926188636831],[6.714500966031219,49.779263256065114],[6.714570374308001,49.779264625720387],[6.714572488985282,49.77921968954518],[6.714574603657249,49.779174753369539],[6.714644011811173,49.779176122978939],[6.714646126413741,49.779131186800726],[6.714715534508894,49.77913255636642],[6.714717649042062,49.779087620185628],[6.714787057078445,49.779088989707603],[6.714789171542215,49.779044053524224],[6.714858579519826,49.779045423002501],[6.714860693914198,49.779000486816528],[6.714930101833041,49.779001856251085],[6.714932216158013,49.778956920062555],[6.715001624018085,49.778958289453399],[6.715071031883472,49.778959658802698],[6.715073146074961,49.778914722609414],[6.715142553881578,49.778916091915015],[6.715144668003669,49.778871155719145],[6.715214075751516,49.778872524981026],[6.715216189804209,49.77882758878259],[6.71521830385159,49.778782652583729],[6.715287711476581,49.778784021799744],[6.715357119106886,49.7787853909742],[6.715359233020786,49.778740454770599],[6.715428640592321,49.778741823901356],[6.715430754436824,49.778696887695169],[6.715500161949588,49.778698256782221],[6.715569569467665,49.77869962582772],[6.715571683178688,49.778654689616786],[6.715641090637996,49.778656058618573],[6.715710498102616,49.778657427578828],[6.715712611680159,49.778612491363155],[6.715782019086009,49.778613860279698],[6.715784132594156,49.778568924061453],[6.715853539941233,49.778570292934276],[6.715922947293625,49.778571661765561],[6.715992354651329,49.7785730305553],[6.715994467961913,49.778528094330149],[6.716063875260844,49.778529463076175],[6.716133282565089,49.778530831780657],[6.716135395742196,49.778485895550759],[6.716204802987669,49.778487264211542],[6.716274210238453,49.778488632830772],[6.716276323282083,49.778443696596121],[6.716345730474095,49.778445065171653],[6.71641513767142,49.778446433705632],[6.716417250581572,49.778401497466241],[6.716486657720124,49.778402865956515],[6.716556064863989,49.778404234405237],[6.716558177640663,49.778359298161121],[6.716627584725754,49.77836066656613],[6.716629697433039,49.778315730319427],[6.716699104459357,49.778317098680745],[6.716701217097248,49.778272162431449],[6.716770624064795,49.778273530749054],[6.716772736633295,49.778228594497207],[6.716842143542069,49.778229962771107],[6.716844256041177,49.778185026516667],[6.716846368534977,49.778140090261815],[6.716915775320897,49.778141458489827],[6.716917887745305,49.778096522232403],[6.716920000164406,49.778051585974552],[6.71698940682747,49.778052954156706],[6.716991519177181,49.778008017896276],[6.716993631521584,49.777963081635434],[6.716995743860679,49.77791814537418],[6.716926337389862,49.777916777198506],[6.716928449787731,49.777871840938978],[6.716930562180291,49.777826904679067],[6.716999968522944,49.777828272850414],[6.717002080846116,49.777783336587895],[6.717004193163979,49.777738400324978],[6.717006305476535,49.777693464061635],[6.717075711632255,49.777694832184956],[6.717077823875422,49.777649895919033],[6.71714722997237,49.777651263998649],[6.717149342146148,49.77760632773014],[6.717218748184326,49.777607695766044],[6.717288154227812,49.777609063760394],[6.71729026626812,49.77756412748716],[6.717359672252836,49.77756549543782],[6.717429078242859,49.777566863346927],[6.717498484238193,49.777568231214488],[6.717500596080953,49.777523294934355],[6.717570002017513,49.777524662758218],[6.717572113790887,49.777479726475491],[6.717641519668675,49.777481094255648],[6.717643631372662,49.777436157970357],[6.717713037191678,49.777437525706809],[6.717715148826278,49.777392589418938],[6.717717260455571,49.777347653130647],[6.717719372079559,49.777302716841945],[6.717721483698242,49.777257780552823],[6.717723595311617,49.777212844263296],[6.717793000815542,49.777214211947388],[6.717795112359532,49.777169275655275],[6.717864517804686,49.777170643295662],[6.717933923255148,49.777172010894517],[6.717936034665674,49.777127074597658],[6.717938146070894,49.777082138300393],[6.71794025747081,49.777037202002695],[6.718009662734341,49.777038569553525],[6.718011774064871,49.776993633253262],[6.718081179269632,49.776995000760387],[6.718083290530777,49.776950064457552],[6.718152695676766,49.776951431920963],[6.718154806868529,49.776906495615549],[6.718224211955746,49.776907863035255],[6.71829361704827,49.776909230413423],[6.7183630221461,49.776910597750053],[6.718432427249238,49.776911965045123],[6.718434538179383,49.776867028730649],[6.718503943223747,49.776868395982028],[6.718506054084508,49.776823459664989],[6.718508164939966,49.776778523347502],[6.718510275790119,49.776733587029618],[6.718579680647556,49.776734954232971],[6.718581791428328,49.776690017912514],[6.718651196226992,49.776691385072169],[6.718653306938382,49.776646448749119],[6.718722711678275,49.776647815865068],[6.718724822320283,49.776602879539446],[6.718726932956988,49.776557943213412],[6.71872904358839,49.776513006886958],[6.718659639040729,49.77651163977751],[6.718661749730905,49.776466703452797],[6.718731154214487,49.776468070560099],[6.718800558703377,49.77646943762587],[6.718802669260095,49.776424501296425],[6.718872073690211,49.776425868318498],[6.718941478125635,49.77642723529901],[6.719010882566363,49.776428602237978],[6.719080287012397,49.776429969135407],[6.719082397307504,49.776385032796902],[6.719151801694764,49.77638639965064],[6.719153911920491,49.776341463309571],[6.719223316248979,49.776342830119596],[6.719225426405328,49.776297893775947],[6.719294830675044,49.776299260542267],[6.719296940762014,49.776254324196046],[6.719299050843683,49.776209387849391],[6.71936845499055,49.776210754569853],[6.719370565002839,49.776165818220647],[6.719439969090935,49.77616718489741],[6.719442079033848,49.776122248545605],[6.719444188971457,49.776077312193401],[6.719446298903765,49.776032375840778],[6.719515702804936,49.776033742469515],[6.719517812667868,49.77598880611432],[6.719519922525498,49.775943869758692],[6.719589326303822,49.775945236341578],[6.719591436092076,49.775900299983384],[6.719660839811628,49.775901666522557],[6.719662949530504,49.775856730161784],[6.71966505924408,49.7758117938006],[6.719734462840785,49.775813160293914],[6.719736572484985,49.775768223930157],[6.719805976022919,49.775769590379774],[6.719808085597743,49.77572465401343],[6.719810195167266,49.775679717646682],[6.719879598582354,49.775681084050447],[6.719949002002745,49.775682450412653],[6.719951111438819,49.775637514041165],[6.720020514800438,49.775638880359679],[6.720022624167136,49.775593943985626],[6.720092027469983,49.775595310260428],[6.720161430778132,49.775596676493699],[6.720230834091584,49.775598042685431],[6.720369640734392,49.775600774944266],[6.720439044063747,49.775602141011383],[6.720441153040702,49.775557204623944],[6.720510556311286,49.775558570647355],[6.720512665218867,49.775513634257358],[6.720514774121148,49.775468697866927],[6.720584177268885,49.775470063844473],[6.720586286101794,49.77542512745147],[6.720588394929404,49.775380191058062],[6.720590503751716,49.775335254664228],[6.720592612568728,49.775290318269981],[6.720594721380442,49.775245381875322],[6.720596830186857,49.775200445480245],[6.720598938987973,49.775155509084748],[6.720601047783792,49.775110572688831],[6.720531645148641,49.775109206728558],[6.720533754003232,49.77506427033439],[6.720535862852524,49.775019333939817],[6.720537971696517,49.77497439754481],[6.720468569258884,49.774973031549465],[6.720466460350817,49.775017967942304],[6.720397057854414,49.77501660190326],[6.720399166826551,49.774971665512574],[6.72040127579339,49.774926729121475],[6.72033187343043,49.774925363045206],[6.720262471072773,49.774923996927399],[6.720193068720416,49.774922630768053],[6.72019517787417,49.774877694383022],[6.720125775591187,49.774876328184291],[6.720127884803714,49.774831391800987],[6.720129994010941,49.774786455417271],[6.720060591861403,49.774785089181336],[6.720062701127401,49.774740152799353],[6.719993299047236,49.774738786524033],[6.719923896972372,49.774737420207146],[6.719926006361213,49.774692483829078],[6.719856604355725,49.77469111747282],[6.719787202355537,49.774689751075037],[6.719789311867218,49.774644814700885],[6.7197914213736,49.774599878326292],[6.71979353087468,49.774554941951294],[6.719724129072008,49.774553575518439],[6.719726238631859,49.774508639145182],[6.71965683689856,49.774507272672956],[6.719587435170563,49.774505906159163],[6.71951803344787,49.774504539603853],[6.719520143194631,49.774459603236657],[6.719522252936089,49.774414666869042],[6.719526472403104,49.774324794132582],[6.719528582128661,49.77427985776373],[6.719597983531004,49.774281224308254],[6.719600093187191,49.774236287936823],[6.719602202838077,49.774191351564959],[6.719604312483661,49.774146415192689],[6.719534911273523,49.77414504865466],[6.719537020977875,49.774100112284138],[6.719606422123944,49.774101478820022],[6.719608531758926,49.774056542446921],[6.719610641388608,49.774011606073415],[6.719612751012989,49.773966669699483],[6.719543350059126,49.77396530317008],[6.719545459742275,49.773920366797888],[6.719476058857784,49.773919000229107],[6.7194781685997,49.773874063858656],[6.719408767784579,49.773872697250503],[6.719410877585261,49.773827760881808],[6.719341476839511,49.77382639423427],[6.71934358669896,49.773781457867308],[6.719274186022582,49.773780091180377],[6.719276295940796,49.773735154815171],[6.719345696553108,49.77373652149992],[6.719347806401955,49.773691585132141],[6.719417206955502,49.773692951773214],[6.71941931673498,49.773648015402841],[6.719488717229764,49.773649382000194],[6.71955811772985,49.77365074855603],[6.719560227375893,49.773605812180939],[6.719629627817215,49.773607178693055],[6.71963173739389,49.773562242315386],[6.719633846965266,49.773517305937283],[6.719635956531341,49.773472369558782],[6.719705356785764,49.773473736022893],[6.719707466282472,49.77342879964182],[6.719776866478132,49.773430166062234],[6.719778975905474,49.77338522967856],[6.719781085327515,49.773340293294495],[6.719783194744255,49.773295356909991],[6.719852594753019,49.7732967232824],[6.719854704100395,49.773251786895329],[6.719924104050396,49.773253153224033],[6.719926213328404,49.773208216834398],[6.719928322601113,49.773163280444336],[6.719997722428285,49.773164646727174],[6.719999831631629,49.773119710334534],[6.720001940829674,49.773074773941502],[6.720071340534017,49.773076140178489],[6.720073449662697,49.773031203782864],[6.720075558786077,49.772986267386827],[6.720144958367592,49.772987633577948],[6.720147067421608,49.772942697179346],[6.720149176470325,49.772897760780317],[6.720218575929012,49.772899126925594],[6.720220684908365,49.772854190523987],[6.720290084308288,49.772855556625558],[6.720292193218279,49.772810620221378],[6.720294302122971,49.772765683816779],[6.720363701400068,49.772767049872513],[6.720365810235397,49.772722113465349],[6.720367919065426,49.772677177057766],[6.720437318219694,49.772678543067641],[6.720439426980362,49.772633606657472],[6.720508826075867,49.772634972623642],[6.720510934767175,49.772590036210907],[6.720513043453181,49.772545099797746],[6.720515152133891,49.77250016338418],[6.720584551042506,49.772501529302346],[6.720586659653854,49.772456592886201],[6.720656058503707,49.772457958760675],[6.720658167045694,49.772413022341958],[6.720727565836784,49.772414388172741],[6.72072967430941,49.772369451751445],[6.720799073041738,49.772370817538516],[6.720801181445004,49.772325881114661],[6.720870580118568,49.772327246858048],[6.720872688452475,49.772282310431585],[6.720874796781083,49.772237374004732],[6.720944195331821,49.772238739702274],[6.720946303591071,49.772193803272827],[6.721015702083046,49.772195168926672],[6.721017810272936,49.77215023249466],[6.72101991845753,49.77210529606225],[6.720950520093678,49.772103930412733],[6.720952628337034,49.77205899398205],[6.720883230042545,49.772057628293155],[6.720881121735125,49.772102564721671],[6.720811723381872,49.772101198989077],[6.720742325033918,49.772099833214952],[6.720740216593078,49.772144769638736],[6.720738108146939,49.7721897060621],[6.720668709676162,49.772188340242124],[6.720666601160664,49.772233276662924],[6.720597202631125,49.772231910799235],[6.720595094046266,49.772276847217469],[6.720525695457964,49.772275481310089],[6.720523586803746,49.772320417725737],[6.720521478144229,49.77236535414098],[6.720452079433104,49.772363988187749],[6.720449970704224,49.772408924600413],[6.720380571934336,49.77240755860349],[6.720378463136098,49.77245249501356],[6.720376354332561,49.77249743142324],[6.720306955439844,49.772496065380466],[6.720304846566947,49.772541001787559],[6.72023544761547,49.772539635701087],[6.720233338673209,49.772584572105607],[6.720231229725648,49.772629508509716],[6.720161830651347,49.772628142377393],[6.720159721634424,49.772673078778915],[6.720157612612202,49.772718015180033],[6.720088213415075,49.772716649001843],[6.72008610432349,49.772761585400389],[6.720016705067597,49.772760219178508],[6.72001459590665,49.772805155574467],[6.720012486740403,49.772850091970007],[6.719943087361686,49.772848725702289],[6.719940978126075,49.77289366209525],[6.719871578688593,49.772892295783826],[6.719869469383617,49.772937232174215],[6.719867360073343,49.772982168564191],[6.719797960513035,49.772980802206909],[6.719795851133395,49.773025738594313],[6.719726451514325,49.773024372193341],[6.719724342065321,49.773069308578158],[6.719654942387487,49.773067942133487],[6.719652832869119,49.773112878515725],[6.719583433132522,49.773111512027356],[6.71951403340123,49.773110145497448],[6.719516143047729,49.773065209119515],[6.719518252688929,49.773020272741164],[6.719587652292091,49.773021639266766],[6.719589761863927,49.772976702885828],[6.719591871430461,49.772931766504499],[6.719661270910796,49.772933132984228],[6.719663380407965,49.77288819660032],[6.719665489899833,49.772843260215978],[6.719667599386402,49.772798323831218],[6.719669708867671,49.772753387446052],[6.719600309643591,49.772752020974963],[6.719530910424814,49.772750654462328],[6.719528800815418,49.772795590843167],[6.719526691200722,49.772840527223593],[6.71945729185912,49.7728391606651],[6.719455182175057,49.772884097042969],[6.719453072485695,49.772929033420404],[6.719383673021268,49.772927666816052],[6.71938156326254,49.772972603190915],[6.719312163739351,49.772971236542872],[6.719310053911259,49.773016172915163],[6.719307944077864,49.773061109287028],[6.719305834239168,49.77310604565848],[6.719236434529088,49.773104678962419],[6.719234324621025,49.773149615331299],[6.719232214707662,49.773194551699767],[6.719162814874754,49.77319318495784],[6.719160704892024,49.773238121323736],[6.719091305000354,49.773236754538111],[6.719089194948257,49.773281690901428],[6.719019794997826,49.773280324072118],[6.719017684876361,49.773325260432841],[6.719015574749593,49.773370196793167],[6.718946174676335,49.773368829917985],[6.7189440644802,49.773413766275738],[6.718941954278764,49.773458702633064],[6.718872554082677,49.773457335712024],[6.718870443811872,49.773502272066786],[6.718801043557024,49.773500905102054],[6.718798933216848,49.773545841454229],[6.718729532903238,49.773544474445799],[6.718727422493695,49.773589410795395],[6.718658022121323,49.773588043743267],[6.718588621754255,49.7735866766496],[6.718586511211275,49.773631612994457],[6.718517110785446,49.773630245857099],[6.718447710364924,49.773628878678196],[6.718445599688506,49.773673815018327],[6.718376199209221,49.773672447795732],[6.718374088463434,49.773717384133271],[6.718304687925388,49.773716016866963],[6.718235287392647,49.773714649559132],[6.718233176513421,49.773759585891952],[6.718163775921921,49.773758218540401],[6.718161664973325,49.773803154870635],[6.718092264323061,49.773801787475406],[6.718090153305093,49.773846723803061],[6.718088042281822,49.773891660130296],[6.718085931253246,49.773936596457112],[6.718224732943484,49.773939331219019],[6.718226843843924,49.773894394887868],[6.718296244632935,49.773895762204354],[6.718294133796562,49.773940698537665],[6.718363534654946,49.773942065814765],[6.718361423877338,49.773987002149809],[6.718359313094426,49.774031938484448],[6.718357202306211,49.774076874818668],[6.718426603362105,49.774078242060718],[6.718424492632655,49.774123178396678],[6.7184223818979,49.774168114732213],[6.718491783087238,49.774169481937044],[6.71848967241125,49.77421441827434],[6.718559073669961,49.774215785439793],[6.718556963052738,49.77426072177883],[6.718626364380825,49.774262088904898],[6.718624253822366,49.774307025245676],[6.718693655219827,49.774308392332365],[6.718763056622592,49.774309759377523],[6.71876094618697,49.774354695722209],[6.718830347659111,49.774356062727975],[6.718828237282256,49.774400999074402],[6.718897638823771,49.774402366040796],[6.718895528505684,49.774447302388971],[6.718964930116572,49.774448669315973],[6.719034331732765,49.774450036201443],[6.719032221537515,49.774494972553526],[6.719030111336962,49.77453990890519],[6.719099513086599,49.774541275753442],[6.719097402944814,49.774586212106847],[6.719166804763828,49.774587578915714],[6.719164694680812,49.774632515270866],[6.719234096569198,49.774633882040362],[6.71923198654495,49.774678818397255],[6.719229876515401,49.774723754753708],[6.719299278537234,49.774725121485993],[6.719297168566453,49.774770057844201],[6.719366570657661,49.774771424537093],[6.71936446074565,49.77481636089707],[6.719362350828337,49.774861297256614],[6.719360240905725,49.774906233615738],[6.719290838622303,49.774904866916366],[6.719221436344186,49.774903500175448],[6.719152034071374,49.774902133392985],[6.719149923951243,49.774947069745231],[6.719080521619663,49.774945702919076],[6.719011119293387,49.774944336051384],[6.719009009039811,49.774989272398876],[6.718939606654768,49.774987905487485],[6.718941716972415,49.774942969142153],[6.718802912346386,49.774940235199061],[6.718800801900596,49.774985171540074],[6.718798691449502,49.775030107880667],[6.718729289016302,49.775028740842494],[6.718727178495834,49.775073677180522],[6.718725067970063,49.775118613518131],[6.718722957438988,49.775163549855321],[6.71872084690261,49.775208486192099],[6.718790249592099,49.775209853238913],[6.718859652286893,49.775211220244188],[6.718861762695127,49.77516628390309],[6.718931165331154,49.775167650864674],[6.71893327567001,49.775122714520997],[6.71900267824727,49.775124081438882],[6.719072080829834,49.775125448315208],[6.719141483417702,49.775126815149996],[6.719139373271062,49.775171751500146],[6.719137263119119,49.775216687849877],[6.719206665840437,49.775218054647446],[6.719276068567059,49.775219421403477],[6.719345471298984,49.775220788117977],[6.719414874036214,49.775222154790924],[6.719416983931866,49.775177218432553],[6.71934758125871,49.775175851761766],[6.719349691213132,49.775130915405128],[6.719419093822217,49.775132282073763],[6.719488496436605,49.775133648700859],[6.719490606257582,49.775088712339489],[6.719560008813201,49.775090078922872],[6.719629411374124,49.775091445464717],[6.719698813940349,49.775092811965031],[6.719700923563808,49.775047875596762],[6.719770326071265,49.775049242053377],[6.719768216511876,49.775094178423799],[6.719837619088709,49.775095544841022],[6.719835509588093,49.775140481213192],[6.719833400082178,49.775185417584929],[6.719902802792457,49.775186783964941],[6.719900693345313,49.775231720338432],[6.719831290570962,49.775230353956267],[6.719829181054444,49.775275290327187],[6.719759778221322,49.775273923901324],[6.719761887801912,49.775228987532557],[6.719692485038166,49.775227621067316],[6.719690375393504,49.775272557433915],[6.719688265743541,49.775317493800088],[6.719757668635433,49.775318860269643],[6.71975555904424,49.775363796637578],[6.719753449447749,49.775408733005094],[6.719751339845956,49.775453669372176],[6.719681936761845,49.775452302896134],[6.719612533683036,49.775450936378547],[6.719610423947795,49.775495872740912],[6.719471617677939,49.775493139576803],[6.719402214550969,49.775491772932433],[6.719400104618204,49.775536709287898],[6.719330701432463,49.775535342599824],[6.719261298252023,49.775533975870218],[6.71919189507689,49.775532609099074],[6.719189784946603,49.775577545447625],[6.719120381712699,49.775576178632775],[6.719118271513037,49.775621114978762],[6.719048868220364,49.775619748120221],[6.718979464932994,49.77561838122012],[6.718910061650931,49.775617014278481],[6.718840658374171,49.775615647295311],[6.71883854791291,49.775660583632245],[6.718769144577381,49.775659216605369],[6.718699741247159,49.775657849536948],[6.718701851836568,49.775612913204341],[6.718632448575725,49.775611546096542],[6.718630337922241,49.775656482426989],[6.718628227263454,49.775701418757023],[6.718558823879769,49.775700051603366],[6.718489420501388,49.775698684408162],[6.71848730970915,49.775743620733458],[6.718556713151603,49.775744987930828],[6.718554602418134,49.775789924257865],[6.718485198911606,49.775788557058348],[6.718415795410382,49.775787189817279],[6.718413684543461,49.775832126139576],[6.718411573671236,49.775877062461475],[6.718409462793706,49.775921998782941],[6.718407351910873,49.775966935104002],[6.718476755668395,49.775968302353711],[6.718474644844332,49.776013238676519],[6.718405241022735,49.776011871424643],[6.718335837206443,49.776010504131229],[6.718266433395457,49.776009136796276],[6.718264322373866,49.776054073112178],[6.718194918504111,49.776052705733527],[6.718197029589779,49.776007769419792],[6.718127625789407,49.776006402001748],[6.718058221994342,49.776005034542166],[6.718056110780524,49.776049970851581],[6.718053999561399,49.776094907160598],[6.717915191730888,49.77609217210815],[6.717913080378308,49.776137108412435],[6.717843676406939,49.776135740821744],[6.717774272440876,49.776134373189514],[6.71777216095484,49.776179309489038],[6.717770049463497,49.776224245788157],[6.717700645374591,49.776222878110062],[6.717698533813866,49.776267814406587],[6.717696422247837,49.776312750702715],[6.717627018036086,49.776311382978754],[6.717624906400674,49.776356319272296],[6.717555502130154,49.776354951504629],[6.717553390425361,49.776399887795584],[6.717551278715261,49.776444824086134],[6.717481874321897,49.776443456272609],[6.717479762542412,49.776488392560573],[6.717410358090281,49.776487024703343],[6.717408246241413,49.776531960988741],[6.717338841730513,49.776530593087806],[6.717269437224921,49.776529225145325],[6.717271549201942,49.77648428886426],[6.717202144765736,49.776482920882401],[6.717204256801527,49.776437984603078],[6.717134852434707,49.776436616581833],[6.717065448073197,49.776435248519057],[6.717063335909252,49.776480184794053],[6.716993931488975,49.776478816687565],[6.716924527074006,49.776477448539531],[6.716922414776602,49.776522384809795],[6.716853010302865,49.776521016618062],[6.716850897936075,49.77656595288574],[6.716781493403572,49.776564584650309],[6.716712088876381,49.776563216373326],[6.716714201371324,49.776518280109975],[6.716644796913519,49.776516911793614],[6.716646909467232,49.77647197553199],[6.716577505078814,49.77647060717625],[6.716508100695707,49.776469238778972],[6.71643869631791,49.776467870340149],[6.716436583571967,49.776512806595278],[6.716367179135406,49.776511438112749],[6.716365066320077,49.776556374365292],[6.716295661824749,49.776555005839043],[6.716293548940035,49.776599942089014],[6.716224144385942,49.776598573519074],[6.71622203143184,49.776643509766458],[6.716152626818981,49.776642141152813],[6.716154739837158,49.776597204907588],[6.716156852850028,49.776552268661952],[6.716158965857585,49.776507332415903],[6.716089561442269,49.7765059637672],[6.716020157032264,49.77650459507695],[6.716018043896552,49.776549531318679],[6.715948639427782,49.776548162584739],[6.715946526222682,49.776593098823881],[6.715877121695148,49.776591730046228],[6.715875008420661,49.776636666282805],[6.715872895140865,49.776681602518963],[6.715803490490488,49.77668023369543],[6.715801377141305,49.776725169929009],[6.715797150427006,49.776815042394908],[6.715795037061891,49.776859978627236],[6.715792923691466,49.776904914859152],[6.715723518726012,49.776903545983259],[6.715721405286199,49.776948482212589],[6.71565200026198,49.776947113293005],[6.715649886752778,49.776992049519755],[6.715580481669794,49.776990680556466],[6.715578368091202,49.777035616780651],[6.715576254507299,49.777080553004389],[6.715506849301472,49.777079183995227],[6.715504735648179,49.777124120216399],[6.715435330383587,49.777122751163525],[6.715433216660904,49.777167687382125],[6.715431102932912,49.777212623600299],[6.715361697545473,49.777211254501566],[6.715359583748089,49.777256190717168],[6.715290178301886,49.777254821574715],[6.71528806443511,49.777299757787745],[6.715285950563024,49.777344694000341],[6.715283836685626,49.777389630212532],[6.715214431052497,49.777388261022047],[6.715212317105707,49.777433197231645],[6.715210203153606,49.777478133440837],[6.715140797397632,49.777476764204486],[6.715138683376138,49.777521700411086],[6.715136569349333,49.777566636617273],[6.715067163470513,49.777565267335056],[6.715069277561399,49.777520331131029],[6.714999871751973,49.777518961809434],[6.714997757597008,49.777563898011294],[6.714928351728817,49.77756252864598],[6.714858945865942,49.77756115923912],[6.71478954000838,49.777559789790729],[6.714720134156134,49.777558420300778],[6.714718019739532,49.777603356493586],[6.714648613828521,49.777601986959937],[6.714646499342527,49.777646923150151],[6.714644384851221,49.777691859339932],[6.7146422703546,49.777736795529314],[6.714640155852667,49.777781731718278],[6.71463804134542,49.777826667906822],[6.714635926832861,49.777871604094955],[6.714633812314987,49.777916540282682],[6.714703218674565,49.777917909831466],[6.714772625039458,49.777919279338725],[6.71477473942917,49.777874343146692],[6.714776853813568,49.777829406954218],[6.714846260055613,49.777830776415605],[6.714848374370615,49.777785840220567],[6.714850488680306,49.777740904025116],[6.714919894799505,49.777742273440623],[6.714922009039801,49.777697337242586],[6.714991415100235,49.777698706614395],[6.714993529271137,49.777653770413778],[6.715062935272804,49.777655139741874],[6.715132341279784,49.777656509028425],[6.715130227237043,49.777701445233362],[6.71519963331342,49.777702814480534],[6.71520174729208,49.777657878273423],[6.715340559332613,49.777660616638819],[6.7153426731778,49.777615680426955],[6.715412079141957,49.777617049545171],[6.715481485111427,49.777618418621842],[6.715550891086211,49.777619787656967],[6.715620297066306,49.777621156650547],[6.715689703051717,49.777622525602574],[6.715759109042439,49.777623894513063],[6.715761222497834,49.777578958287812],[6.715900034367056,49.777581695979841],[6.715969440309636,49.777583064763526],[6.716038846257528,49.777584433505687],[6.716108252210732,49.777585802206289],[6.716247064133078,49.777588539482878],[6.716316470102218,49.777589908058857],[6.71631435715947,49.777634844301417],[6.716383763198001,49.777636212838011],[6.716453169241845,49.777637581333067],[6.716522575291,49.777638949786571],[6.716661387405241,49.777641686568948],[6.716659274777588,49.777686622821896],[6.716655049506357,49.777776495326542],[6.716585643254337,49.777775126949635],[6.716583530546678,49.777820063199165],[6.716514124235887,49.77781869477856],[6.716512011458836,49.777863631025504],[6.716509898676476,49.777908567272057],[6.716440492242834,49.777907198805572],[6.716371085814504,49.777905830297549],[6.716301679391482,49.777904461747973],[6.716303792366088,49.777859525507907],[6.716305905335383,49.77781458926745],[6.716236499045837,49.777813220680663],[6.716097686482683,49.777810483382453],[6.716028280209073,49.77780911467103],[6.715958873940775,49.777807745918061],[6.715956760651074,49.77785268214771],[6.715954647356061,49.777897618376961],[6.715885240964913,49.777896249578106],[6.715883127600508,49.777941185804778],[6.715881014230792,49.777986122031017],[6.715811607716794,49.77798475318631],[6.715809494277686,49.778029689409969],[6.715740087704918,49.77802832052155],[6.715670681137462,49.778026951591599],[6.715668567564879,49.778071887810512],[6.715666453986985,49.77811682402902],[6.715597047296679,49.778115455053189],[6.715594933649391,49.778160391269125],[6.715525526900316,49.778159022249575],[6.715456120156554,49.778157653188487],[6.715458233932006,49.778112716976892],[6.715388827257641,49.778111347876418],[6.715390941091863,49.778066411666579],[6.715460347702146,49.778067780764879],[6.715462461466976,49.778022844552453],[6.715464575226494,49.777977908339601],[6.7154666889807,49.777932972126337],[6.715468802729595,49.77788803591266],[6.71539939637564,49.777886666823008],[6.715401510183305,49.777841730611073],[6.715332103898744,49.777840361482049],[6.715262697619496,49.777838992311473],[6.715260583683668,49.777883928519088],[6.715191177345653,49.777882559304807],[6.715121771012953,49.77788119004898],[6.715119656943649,49.777926126251842],[6.715117542869034,49.777971062454277],[6.715048136413485,49.777969693152578],[6.715046022269476,49.778014629352448],[6.715043908120154,49.778059565551906],[6.714974501541755,49.778058196204327],[6.714905094968672,49.778056826815209],[6.714902980685873,49.778101763009907],[6.714833574054023,49.778100393577084],[6.714764167427487,49.778099024102723],[6.714762053011211,49.778143960292681],[6.714692646325907,49.778142590774607],[6.714690531840235,49.778187526961986],[6.714688417349252,49.778232463148946],[6.714619010541099,49.778231093584992],[6.714616895980718,49.77827602976938],[6.714614781415023,49.778320965953348],[6.714612666844017,49.778365902136883],[6.714543259848931,49.77836453252489],[6.714541145208526,49.778409468705867],[6.714539030562808,49.778454404886418],[6.71446962344487,49.778453035228573],[6.714467508729756,49.778497971406537],[6.714465394009326,49.77854290758409],[6.714395986768539,49.778541537880344],[6.714393871978712,49.778586474055324],[6.714391757183572,49.778631410229877],[6.714389642383116,49.778676346404012],[6.714320234955394,49.778674976652248],[6.71431812008554,49.778719912823803],[6.714316005210372,49.778764848994946],[6.714246597659797,49.778763479197302],[6.714244482715231,49.778808415365859],[6.714242367765349,49.778853351534003],[6.714240252810154,49.778898287701729],[6.714238137849643,49.778943223869049],[6.714168730048046,49.778941854021184],[6.714166615018136,49.778986790185925],[6.714097207157771,49.778985420294347],[6.714099322251765,49.778940484131788],[6.714101437340445,49.778895547968801],[6.714170845072641,49.778896917856038],[6.714172960091922,49.778851981690472],[6.714177190114539,49.778762109358105],[6.714107782574597,49.778760739477363],[6.714109897642018,49.778715803312714],[6.714040490171478,49.778714433392587],[6.714038375039972,49.778759369555075],[6.713968967510665,49.778757999591242],[6.713899559986674,49.778756629585871],[6.713830152468002,49.77875525953894],[6.713760744954646,49.778753889450478],[6.713758629561488,49.778798825603886],[6.713828037138927,49.778800195694515],[6.713825921804538,49.778845131849671],[6.713823806464834,49.778890068004408],[6.713893214175761,49.778891438057826],[6.713891098894825,49.778936374214311],[6.713888983608575,49.778981310370391],[6.71395839145299,49.778982680386584],[6.713956276225509,49.779027616544411],[6.714025684139325,49.779028986521226],[6.714023568970616,49.779073922680801],[6.714092976953835,49.779075292618245],[6.714090861843895,49.779120228779554],[6.71408874672864,49.779165164940451],[6.714086631608071,49.779210101100936],[6.714082401350987,49.779299973420649],[6.714080286214472,49.779344909579891],[6.714010877846735,49.779343539629458],[6.71400876264082,49.779388475786106],[6.713939354214314,49.779387105791962],[6.713937238938996,49.779432041946038],[6.713867830453721,49.779430671908194],[6.713865715109001,49.779475608059684],[6.713863599758965,49.779520544210754],[6.713794191150834,49.779519174127024],[6.713792075731395,49.779564110275516],[6.713789960306641,49.779609046423595],[6.713720551575653,49.779607676293985],[6.713718436081495,49.779652612439484],[6.713716320582021,49.779697548584551],[6.713646911728177,49.779696178409075],[6.713644796159299,49.77974111455157],[6.713642680585106,49.779786050693644],[6.713640565005595,49.779830986835307],[6.713571155964806,49.779829616611792],[6.713569040315891,49.779874552750876],[6.713566924661661,49.779919488889526],[6.713564809002113,49.779964425027778],[6.713495399774377,49.779963054756216],[6.713493284045425,49.780007990891868],[6.713491168311156,49.780052927027121],[6.71342175896056,49.780051556709672],[6.713419643156886,49.780096492842333],[6.713417527347894,49.780141428974595],[6.71334811787444,49.780140058611266],[6.713346001996043,49.780184994740935],[6.713343886112328,49.780229930870185],[6.713341770223296,49.780274866999015],[6.713272360562892,49.780273496587647],[6.713270244604454,49.780318432713905],[6.713268128640698,49.780363368839737],[6.713198718857435,49.780361998382496],[6.713196602824272,49.780406934505756],[6.713194486785791,49.780451870628589],[6.713192370741994,49.78049680675101],[6.713122960771779,49.780495436245722],[6.713120844658574,49.78054037236555],[6.713118728540051,49.78058530848498],[6.71311661241621,49.780630244603977],[6.713047202259042,49.780628874050649],[6.713045086065793,49.780673810167059],[6.713042969867225,49.780718746283078],[6.712973559587195,49.780717375683864],[6.712971443319219,49.780762311797289],[6.712969327045926,49.780807247910289],[6.712899916643032,49.780805877265195],[6.712897800300328,49.780850813375615],[6.712895683952306,49.780895749485623],[6.71282627342655,49.780894378794635],[6.712824157009119,49.780939314902071],[6.712819924158299,49.781029187115678],[6.712817807724912,49.781074123221842],[6.712748396948107,49.781072752480661],[6.712746280445309,49.781117688584246],[6.712676869609733,49.781116317799345],[6.712674753037524,49.781161253900358],[6.712672636459994,49.781206190000951],[6.712603225501554,49.781204819170156],[6.712601108854614,49.781249755268178],[6.712598992202354,49.781294691365765],[6.712596875544777,49.781339627462948],[6.712527464399377,49.781338256584107],[6.712525347672385,49.781383192678703],[6.712523230940077,49.78142812877288],[6.712521114202447,49.781473064866645],[6.712451702870088,49.78147169393975],[6.712449586063046,49.781516630030943],[6.712380174671915,49.781515259060335],[6.712378057795459,49.781560195148927],[6.712308646345556,49.781558824134621],[6.712306529399687,49.781603760220634],[6.712304412448496,49.781648696306227],[6.712235000875725,49.781647325246027],[6.712232883855123,49.781692261329034],[6.712230766829198,49.781737197411637],[6.712161355133562,49.78173582630555],[6.712159238038223,49.781780762385559],[6.712089826283813,49.781779391235766],[6.712087709119059,49.781824327313188],[6.712085591948985,49.781869263390206],[6.712016180071707,49.781867892194519],[6.712014062832218,49.781912828268958],[6.711944650896168,49.781911457029565],[6.711942533587262,49.781956393101396],[6.71187312159244,49.781955021818277],[6.711871004214118,49.78199995788755],[6.711868886830475,49.782044893956389],[6.711799474712784,49.782043522627376],[6.711797357259726,49.78208845869365],[6.711727945083261,49.782087087320932],[6.711725827560785,49.782132023384612],[6.711656415325548,49.782130651968174],[6.711654297733654,49.782175588029261],[6.711584885439646,49.782174216569111],[6.711582767778333,49.782219152627626],[6.711513355425553,49.782217781123741],[6.711511237694823,49.782262717179677],[6.711509119958771,49.782307653235193],[6.711507002217398,49.782352589290284],[6.71143758967765,49.782351217738359],[6.71143970748312,49.782306281685429],[6.711370295012794,49.782304910094126],[6.711368177143227,49.782349846144896],[6.711298764614129,49.782348474509867],[6.711229352090355,49.782347102833285],[6.711227234087271,49.782392038879294],[6.711157821504726,49.782390667158992],[6.711155703432223,49.782435603202423],[6.711086290790904,49.782434231438415],[6.711084172648983,49.782479167479238],[6.71101475994889,49.782477795671511],[6.711012641737549,49.782522731709768],[6.710943228978686,49.782521359858315],[6.710873816225148,49.782519987965323],[6.710871697880288,49.782564923998812],[6.710802285067979,49.782563552062093],[6.710800166653697,49.782608488093018],[6.710730753782616,49.78260711611258],[6.710661340916861,49.782605744090588],[6.71065922236906,49.78265068011676],[6.710589809444533,49.782649308051042],[6.710520396525332,49.782647935943778],[6.710518277844012,49.782692871965189],[6.710448864866041,49.78269149981422],[6.710379451893395,49.782690127621677],[6.710377333078554,49.782735063638341],[6.710307920047137,49.782733691402079],[6.710238507021049,49.782732319124293],[6.710236388072688,49.782777255136189],[6.710166974987826,49.782775882814676],[6.710097561908292,49.782774510451603],[6.71009544282641,49.782819446458745],[6.710026029688105,49.782818074051953],[6.709956616555128,49.782816701603615],[6.709887203427479,49.782815329113724],[6.709885084147976,49.782860265113953],[6.709815670961556,49.782858892580336],[6.709746257780465,49.782857520005166],[6.709676844604701,49.782856147388443],[6.709674725127577,49.782901083381752],[6.709605311893043,49.782899710721324],[6.709535898663838,49.782898338019336],[6.709538018269158,49.782853402030369],[6.709607431434264,49.782854774730183],[6.709609550970161,49.782809838738629],[6.709678964076497,49.78281121139473],[6.709681083542968,49.782766275400604],[6.709750496590535,49.782767648012978],[6.709819909643431,49.7827690205838],[6.709822028976379,49.782724084584906],[6.709891441970506,49.782725457112015],[6.70989356123403,49.782680521110549],[6.709962974169386,49.782681893593931],[6.709965093363487,49.78263695758988],[6.710034506240073,49.782638330029542],[6.710036625364752,49.782593394022904],[6.710106038182568,49.782594766418839],[6.710175451005711,49.782596138773236],[6.71024486383418,49.782597511086081],[6.710246982761242,49.782552575072515],[6.710316395530942,49.782553947341626],[6.710385808305968,49.782555319569205],[6.71045522108632,49.782556691755239],[6.710457339815765,49.782511755734745],[6.710459458539886,49.782466819713839],[6.71052887119737,49.782468191853965],[6.710530989852069,49.782423255830473],[6.710533108501443,49.782378319806568],[6.710463695972153,49.78237694767077],[6.7104658146803,49.782332011648613],[6.710467933383123,49.782287075626044],[6.710398520987352,49.782285703453027],[6.710400639748947,49.782240767432199],[6.710331227422598,49.782239395219804],[6.710261815101576,49.782238022965849],[6.710263933986038,49.782193086948958],[6.710194521734441,49.782191714655617],[6.710192402785881,49.782236650670356],[6.710122990475513,49.782235278333317],[6.710053578170472,49.782233905954719],[6.710051459088394,49.782278841964697],[6.709982046724583,49.782277469542379],[6.709979927573086,49.782322405549777],[6.709910515150507,49.78232103308374],[6.709908395929587,49.782365969088552],[6.709838983448241,49.782364596578795],[6.709841102733257,49.78231966057615],[6.709771690321333,49.782318288027021],[6.709702277914738,49.78231691543634],[6.709632865513471,49.782315542804099],[6.709630746036164,49.782360478800236],[6.70956133357613,49.782359106124275],[6.709491921121423,49.782357733406769],[6.709489801510597,49.782402669398145],[6.709420388997122,49.782401296636927],[6.709418269316874,49.782446232625709],[6.709348856744632,49.782444859820764],[6.709346736994959,49.782489795806974],[6.709277324363948,49.782488422958309],[6.709275204544852,49.782533358941919],[6.709205791855075,49.782531986049527],[6.709207911738267,49.782487050068084],[6.709138499117915,49.782485677136329],[6.709140619059879,49.78244074115662],[6.709144858927822,49.782350869195987],[6.70907544650509,49.782349496229166],[6.709006034087687,49.782348123220814],[6.709003914028186,49.782393059196998],[6.709001793963358,49.782437995172771],[6.70893238142309,49.782436622118524],[6.708862968888154,49.782435249022718],[6.708865089081177,49.782390313051287],[6.708795676615667,49.78238893991611],[6.708726264155488,49.782387566739381],[6.70865685170064,49.782386193521091],[6.708658972080622,49.782341257555764],[6.708661092455278,49.782296321589989],[6.708591680133953,49.782294948334503],[6.708522267817957,49.782293575037471],[6.708452855507294,49.782292201698873],[6.708175206317951,49.782286707928996],[6.708105794033944,49.782285334382649],[6.70810367314652,49.782330270331052],[6.708034260803749,49.782328896740992],[6.708032139846899,49.782373832686801],[6.707962727445364,49.782372459053015],[6.70789331504916,49.782371085377669],[6.70782390265829,49.782369711660792],[6.707826023807428,49.782324775721492],[6.707756611485986,49.782323401965229],[6.707687199169877,49.782322028167414],[6.707685077892545,49.782366964102366],[6.707682956609884,49.782411900036898],[6.707613544170915,49.782410526193189],[6.707615665517673,49.782365590260824],[6.7076177868591,49.782320654328046],[6.707548374553657,49.782319280447119],[6.707546253148133,49.782364216377744],[6.707476840783927,49.782362842453097],[6.707407428425054,49.782361468486911],[6.707338016071514,49.782360094479181],[6.707335894468372,49.782405030402856],[6.707266482056069,49.782403656351391],[6.707197069649101,49.782402282258381],[6.707194947912433,49.782447218177303],[6.707125535446703,49.782445844040573],[6.707056122986306,49.782444469862298],[6.707051879240591,49.782534341690202],[6.707121291829181,49.782535715872825],[6.707119170012422,49.782580651788322],[6.70711704819033,49.7826255877034],[6.707186460912448,49.78262696184882],[6.707184339149121,49.78267189776566],[6.70725375194067,49.782673271871701],[6.707251630236108,49.782718207790289],[6.707321043097088,49.782719581856952],[6.707390455963402,49.782720955882056],[6.707459868835049,49.782722329865621],[6.707457747317449,49.782767265790298],[6.707527160258529,49.782768639734471],[6.707665986156684,49.78277138749818],[6.707668107481992,49.782726451566994],[6.707737520374972,49.782727825384342],[6.707735399113763,49.782772761317709],[6.707804812076173,49.782774135095686],[6.707874225043918,49.782775508832103],[6.707943638016993,49.782776882526989],[6.708013050995402,49.782778256180301],[6.708010929985252,49.782823192121938],[6.708080343033091,49.782824565735879],[6.708149756086262,49.782825939308267],[6.708147635198977,49.782870875253842],[6.708217048321578,49.782872248786859],[6.708214927493063,49.78291718473416],[6.708284340685092,49.782918558227799],[6.708282219915346,49.782963494176869],[6.708212806659217,49.78296212068107],[6.70814339340842,49.782960747143719],[6.708073980162956,49.782959373564807],[6.708004566922822,49.782957999944358],[6.708002445891352,49.783002935884333],[6.707933032592453,49.783001562220157],[6.707863619298887,49.783000188514428],[6.707794206010652,49.782998814767154],[6.707724792727751,49.78299744097832],[6.707655379450182,49.782996067147934],[6.707657500802144,49.782951131218823],[6.707588087594007,49.782949757349066],[6.707518674391205,49.782948383437756],[6.707520795866032,49.782903447512552],[6.707312556481916,49.78289932553583],[6.707243143364546,49.782897951460491],[6.707173730252509,49.782896577343585],[6.707104317145806,49.782895203185141],[6.707034904044438,49.782893828985138],[6.706965490948404,49.782892454743596],[6.706896077857705,49.782891080460494],[6.706826664772341,49.782889706135848],[6.706687838617617,49.782886957361882],[6.706689960856287,49.782842021462343],[6.706620547851027,49.782840647015213],[6.706481721856511,49.782837897996295],[6.706412308867256,49.782836523424507],[6.706342895883338,49.782835148811174],[6.706273482904757,49.782833774156281],[6.70620406993151,49.782832399459856],[6.706206192613532,49.782787463575083],[6.706067366811244,49.782784714061904],[6.705997953918107,49.782783339242982],[6.705928541030305,49.782781964382515],[6.705930663963382,49.782737028506027],[6.705861251145014,49.782735653606181],[6.705791838331984,49.782734278664776],[6.705722425524291,49.78273290368184],[6.705653012721934,49.78273152865733],[6.705583599924917,49.782730153591288],[6.705514187133238,49.782728778483687],[6.705444774346896,49.78272740333454],[6.705446897723316,49.782682467472853],[6.70537748500641,49.782681092284321],[6.705238659588612,49.782678341782621],[6.705169246887721,49.782676966469438],[6.705167123254911,49.782721902322429],[6.705164999616765,49.782766838175021],[6.705234412445851,49.782768213492545],[6.705232288866465,49.782813149346886],[6.705162875973283,49.782811774027195],[6.705160752324463,49.782856709878935],[6.705158628670307,49.78290164573027],[6.705228041691685,49.782903021054317],[6.70522591809629,49.782947956907414],[6.705295331187104,49.782949332192082],[6.70529320765047,49.782994268046913],[6.705362620810721,49.78299564329221],[6.705360497332849,49.783040579148818],[6.705358373849641,49.783085515005013],[6.705427787143426,49.783086890213092],[6.70549720044255,49.783088265379625],[6.705566613747012,49.783089640504613],[6.705562367149178,49.783179512228777],[6.705560243842258,49.783224448090223],[6.705490830345499,49.783223072958712],[6.70542141685408,49.783221697785663],[6.705423540289198,49.783176761928551],[6.705354126867215,49.783175386716124],[6.705356250361096,49.783130450860774],[6.705286837008551,49.783129075608962],[6.705288960561194,49.783084139755367],[6.705219547278085,49.783082764464183],[6.705221670889491,49.783037828612336],[6.705223794495558,49.78299289276007],[6.705154381345985,49.782991517431689],[6.705156505010814,49.782946581581186],[6.705087091930678,49.782945206213419],[6.705089215654269,49.782900270364678],[6.705019802643569,49.782898894957526],[6.704950389638208,49.782897519508822],[6.704880976638186,49.782896144018586],[6.704811563643506,49.782894768486777],[6.704809439663522,49.782939704326822],[6.704740026610084,49.7829383287513],[6.704670613561984,49.782936953134225],[6.704668489448469,49.782981888969502],[6.704666365329618,49.783026824804374],[6.704596952158663,49.783025449141405],[6.704594827970372,49.783070384973684],[6.704525414740659,49.783069009266981],[6.704456001516285,49.783067633518741],[6.704386588297252,49.783066257728933],[6.704388712677836,49.783021321903178],[6.704319299528242,49.783019946073992],[6.704321423967584,49.782975010249999],[6.704323548401587,49.782930074425579],[6.70425413538553,49.782928698559203],[6.704256259878291,49.782883762736546],[6.704186846931673,49.782882386830792],[6.704188971483194,49.78283745100989],[6.704119558606013,49.782836075064758],[6.704121683216292,49.78279113924561],[6.704123807821231,49.782746203426051],[6.704054395077587,49.782744827443715],[6.704056519741284,49.78269989162591],[6.703987107067078,49.782698515604203],[6.703989231789532,49.782653579788168],[6.703919819184764,49.782652203727075],[6.703921943965976,49.782607267912788],[6.703924068741849,49.782562332098081],[6.703854656270614,49.782560955999799],[6.703856781105244,49.782516020186854],[6.703787368703447,49.782514644049193],[6.703789493596833,49.782469708238004],[6.703720081264475,49.782468332060958],[6.703722206216617,49.782423396251517],[6.703724331163419,49.782378460441677],[6.703654918964594,49.782377084227434],[6.703657043970151,49.782332148419343],[6.703587631840764,49.782330772165736],[6.703589756905076,49.782285836359407],[6.703520344845126,49.782284460066407],[6.703522469968192,49.78223952426184],[6.703453057977681,49.782238147929476],[6.703455183159503,49.782193212126657],[6.703457308335985,49.782148276323412],[6.703387896479005,49.782146899953858],[6.703390021714241,49.782101964152382],[6.703320609926698,49.782100587743436],[6.703322735220689,49.782055651943722],[6.703253323502583,49.782054275495405],[6.703255448855327,49.782009339697446],[6.703186037206658,49.782007963209765],[6.703188162618154,49.78196302741356],[6.703118751038923,49.781961650886494],[6.703120876509172,49.781916715092052],[6.70312300197408,49.781871779297191],[6.703053590528381,49.781870402732935],[6.703055716052041,49.781825466939821],[6.702986304675778,49.781824090336194],[6.70298843025819,49.781779154544843],[6.702919018951365,49.78177777790183],[6.702921144592528,49.781732842112255],[6.702851733355139,49.781731465429871],[6.702853859055055,49.781686529642045],[6.702784447887104,49.781685152920282],[6.70278657364577,49.781640217134211],[6.702717162547254,49.781638840373091],[6.702719288364671,49.781593904588782],[6.702649877335594,49.781592527788277],[6.702652003211761,49.781547592005722],[6.702582592252119,49.781546215165847],[6.702584718187037,49.781501279385061],[6.702515307296832,49.781499902505814],[6.7025174332905,49.78145496672677],[6.702519559278825,49.78141003094732],[6.702450148522148,49.781408654030876],[6.702452274569223,49.781363718253182],[6.702382863881983,49.781362341297367],[6.702384989987806,49.781317405521442],[6.702315579370003,49.781316028526255],[6.702317705534576,49.781271092752064],[6.702248294986209,49.781269715717507],[6.702250421209529,49.781224779945084],[6.702181010730599,49.781223402871156],[6.702183137012667,49.781178467100503],[6.702113726603173,49.781177089987196],[6.70211585294399,49.781132154218298],[6.702046442603931,49.78113077706562],[6.702048569003495,49.781085841298484],[6.702050695397715,49.781040905530929],[6.701981285191184,49.781039528341061],[6.70191187499,49.781038151109641],[6.701914001507057,49.780993215346001],[6.701844591375308,49.780991838075209],[6.701846717951112,49.78094690231336],[6.701848844521572,49.780901966551085],[6.70177943452335,49.780900589243096],[6.701781561152556,49.780855653482568],[6.701712151223768,49.780854276135209],[6.70171427791172,49.780809340376464],[6.701644868052369,49.780807962989741],[6.701646994799067,49.780763027232723],[6.701577585009152,49.780761649806628],[6.701579711814594,49.780716714051387],[6.701510302094116,49.780715336585907],[6.701512428958302,49.780670400832427],[6.701443019307258,49.78066902332759],[6.70144514623019,49.780624087575866],[6.701375736648581,49.780622710031658],[6.701377863630256,49.780577774281696],[6.701308454118085,49.780576396698109],[6.701310581158504,49.780531460949902],[6.701241171715767,49.780530083326965],[6.70124329881493,49.780485147580514],[6.70117388944163,49.780483769918199],[6.701176016599536,49.780438834173509],[6.701106607295671,49.780437456471816],[6.70110873451232,49.780392520728888],[6.70103932527789,49.780391142987838],[6.701041452553281,49.780346207246666],[6.700972043388287,49.78034482946623],[6.70097417072242,49.780299893726827],[6.700904761626862,49.780298515907035],[6.700906889019737,49.780253580169401],[6.700837479993614,49.780252202310223],[6.700839607445229,49.780207266574337],[6.700770198488542,49.780205888675802],[6.7007723259989,49.780160952941678],[6.700702917111649,49.780159575003765],[6.700705044680747,49.780114639271396],[6.700635635862931,49.780113261294133],[6.700637763490771,49.780068325563526],[6.700568354742389,49.780066947546871],[6.700570482428969,49.780022011818033],[6.700501073750022,49.780020633762021],[6.700503201495341,49.779975698034939],[6.700433792885831,49.779974319939562],[6.700435920689889,49.779929384214235],[6.700366512149815,49.77992800607948],[6.700297103615088,49.779926627903194],[6.700299231541972,49.779881692181803],[6.700229823076682,49.779880313966139],[6.700231951062304,49.779835378246517],[6.700162542666449,49.779833999991475],[6.70016467071081,49.779789064273622],[6.70009526238439,49.779787685979215],[6.700097390487488,49.779742750263111],[6.700027982230504,49.77974137192934],[6.700030110392341,49.779696436215012],[6.699960702204792,49.77969505784187],[6.699962830425366,49.779650122129297],[6.699893422307252,49.779648743716784],[6.699895550586564,49.779603808005973],[6.699826142537884,49.779602429554096],[6.699828270875933,49.77955749384504],[6.699758862896689,49.779556115353799],[6.699689454922795,49.779554736821019],[6.699691583383665,49.779509801115893],[6.699622175479208,49.779508422543735],[6.699624303998811,49.779463486840392],[6.699554896163789,49.77946210822887],[6.69955702474213,49.779417172527275],[6.699487616976542,49.779415793876382],[6.699489745613619,49.779370858176549],[6.699420337917466,49.779369479486299],[6.699350930226665,49.779368100754503],[6.69935305898656,49.779323165058607],[6.699283651365193,49.779321786287447],[6.699285780183823,49.779276850593313],[6.699216372631892,49.779275471782782],[6.699146965085313,49.779274092930706],[6.69914909402676,49.779229157240501],[6.699079686549616,49.77922777834906],[6.699081815549797,49.779182842660646],[6.699012408142089,49.779181463729827],[6.699014537201003,49.779136528043161],[6.69894512986273,49.779135149072992],[6.698875722529809,49.779133770061279],[6.69887785171154,49.779088834378548],[6.698808444448054,49.779087455327449],[6.698810573688516,49.779042519646495],[6.698741166494465,49.77904114055606],[6.698743295793662,49.778996204876833],[6.698673888669046,49.778994825747027],[6.698604481549784,49.778993446575669],[6.698606610971794,49.778948510900399],[6.698537203921967,49.778947131689677],[6.698539333402709,49.778902196016183],[6.698469926422317,49.778900816766082],[6.698400519447279,49.778899437474458],[6.698402649050833,49.778854501804901],[6.69833324214523,49.778853122473897],[6.698263835244981,49.778851743101363],[6.698265964971347,49.778806807435735],[6.698196558140533,49.778805428023823],[6.698127151315074,49.778804048570372],[6.698129281164252,49.778759112908702],[6.698059874408227,49.778757733415894],[6.698062004316136,49.778712797755979],[6.697992597629547,49.7787114182238],[6.697923190948313,49.778710038650068],[6.697925320979032,49.778665102994097],[6.697855914367233,49.778663723381023],[6.697786507760791,49.778662343726374],[6.697788637914319,49.778617408074346],[6.69771923137731,49.778616028380362],[6.697721361589567,49.778571092730083],[6.697651955121996,49.778569712996728],[6.697582548659779,49.77856833322182],[6.697584678994844,49.778523397575498],[6.697515272602063,49.77852201776124],[6.697445866214638,49.778520637905423],[6.697447996672511,49.778475702263052],[6.697378590354522,49.778474322367877],[6.697309184041887,49.778472942431158],[6.697311314622568,49.778428006792723],[6.69724190837937,49.778426626816646],[6.697172502141529,49.778425246799017],[6.697174632845016,49.778380311164533],[6.69710522667661,49.778378931107532],[6.697035820513562,49.778377551009008],[6.697037951339855,49.77833261537846],[6.696968545246243,49.778331235240564],[6.696899139157987,49.778329855061124],[6.696901270107085,49.778284919434526],[6.696831864088264,49.778283539215735],[6.696762458074802,49.778282158955385],[6.696764589146706,49.778237223332731],[6.69669518320268,49.778235843033023],[6.69662577726401,49.778234462691778],[6.696627908458717,49.778189527073067],[6.696558502589484,49.778188146692464],[6.69648909672561,49.778186766270302],[6.696419690867093,49.778185385806609],[6.696421822248682,49.778140450194016],[6.696352416459601,49.778139069690965],[6.69628301067588,49.778137689146348],[6.696285142180271,49.778092753537713],[6.696215736465986,49.778091372953746],[6.696146330757059,49.778089992328255],[6.696148462384252,49.778045056723542],[6.696079056744762,49.77804367605868],[6.696009651110631,49.778042295352265],[6.69594024548186,49.778040914604304],[6.695942377295932,49.777995979005745],[6.695872971736597,49.777994598218427],[6.695803566182621,49.777993217389572],[6.695805698119493,49.777948281794963],[6.695736292634955,49.777946900926736],[6.695666887155776,49.777945520016971],[6.695597481681957,49.777944139065674],[6.695599613805705,49.777899203477169],[6.695530208401324,49.777897822486509],[6.695460803002303,49.77789644145431],[6.695391397608641,49.777895060380551],[6.695393529919267,49.777850124798192],[6.695324124595044,49.777848743685084],[6.69525471927618,49.777847362530423],[6.695256851709602,49.777802426952022],[6.695187446460178,49.777801045757997],[6.695118041216112,49.777799664522448],[6.695048635977409,49.777798283245346],[6.695050768597707,49.777753347673062],[6.694981363428441,49.777751966356604],[6.694911958264536,49.7777505849986],[6.694842553105993,49.777749203599058],[6.694844685913164,49.777704268032899],[6.69477528082406,49.777702886593993],[6.694705875740317,49.777701505113548],[6.694636470661936,49.777700123591558],[6.694638603655978,49.777655188031545],[6.694569198647035,49.777653806470191],[6.694499793643455,49.777652424867313],[6.694430388645237,49.777651043222882],[6.694432521826149,49.777606107668987],[6.694363116897371,49.777604725985192],[6.694293711973955,49.777603344259859],[6.694224307055901,49.77760196249298],[6.694226440423685,49.777557026945217],[6.694157035575069,49.777555645138996],[6.694087630731818,49.777554263291215],[6.694018225893929,49.777552881401895],[6.693948821061403,49.777551499471038],[6.693950954680131,49.77750656393161],[6.693881549917045,49.777505181961395],[6.693812145159323,49.777503799949613],[6.693742740406965,49.777502417896322],[6.693744874212561,49.777457482363019],[6.693675469529643,49.777456100270349],[6.693606064852089,49.777454718136156],[6.693536660179898,49.777453335960409],[6.693467255513072,49.777451953743117],[6.693469389569612,49.777407018218128],[6.693399984972226,49.777405635961486],[6.693330580380206,49.777404253663292],[6.69326117579355,49.777402871323559],[6.693263310036953,49.777357935804723],[6.693193905519736,49.777356553425633],[6.693124501007888,49.777355171005006],[6.693055096501403,49.777353788542833],[6.692985692000283,49.777352406039121],[6.692987826494625,49.777307470528598],[6.692918422062947,49.777306087985522],[6.692849017636633,49.777304705400923],[6.692779613215686,49.777303322774763],[6.692710208800106,49.777301940107073],[6.692712343545386,49.777257004604863],[6.692642939199247,49.777255621897815],[6.692573534858474,49.777254239149215],[6.692504130523069,49.777252856359084],[6.692434726193029,49.777251473527414],[6.692436861189245,49.777206538033532],[6.692367456928649,49.777205155162491],[6.692298052673418,49.777203772249926],[6.692228648423553,49.777202389295809],[6.692159244179057,49.77720100630016],[6.692161379426208,49.777156070814591],[6.692091975251154,49.777154687779586],[6.692022571081467,49.777153304703027],[6.692024706451404,49.777108369221416],[6.69195530235116,49.777106986105508],[6.691885898256284,49.777105602948055],[6.691816494166775,49.777104219749056],[6.691818629723567,49.777059284273605],[6.691749225703502,49.777057901035242],[6.691679821688806,49.777056517755362],[6.691610417679477,49.777055134433937],[6.691471609676925,49.77705236766645],[6.691402205683703,49.777050984220388],[6.69133280169585,49.777049600732816],[6.691263397713366,49.777048217203678],[6.691193993736253,49.777046833632994],[6.691124589764509,49.777045450020772],[6.691126725956678,49.777000514566751],[6.691057322054377,49.776999130915172],[6.690987918157447,49.776997747222062],[6.690918514265885,49.77699636348742],[6.690849110379696,49.776994979711219],[6.690710302623426,49.776992212034209],[6.690640898753347,49.776990828133385],[6.690643035388666,49.776945892694243],[6.690573631588032,49.776944508754077],[6.690504227792769,49.776943124772359],[6.690434824002878,49.776941740749109],[6.690365420218359,49.776940356684307],[6.690296016439209,49.776938972577966],[6.690226612665433,49.776937588430094],[6.690157208897029,49.77693620424067],[6.690159345975493,49.776891268816435],[6.690089942276533,49.776889884587668],[6.690020538582946,49.776888500317348],[6.689951134894732,49.776887116005497],[6.689881731211888,49.776885731652101],[6.689742923862322,49.776882962820686],[6.689673520195598,49.776881578342675],[6.689604116534246,49.776880193823118],[6.689534712878269,49.776878809262023],[6.689536850528024,49.776833873857043],[6.689398043360335,49.776831104614601],[6.689328639784552,49.776829719931065],[6.689259236214142,49.776828335206005],[6.689189832649107,49.776826950439379],[6.689120429089447,49.776825565631228],[6.689051025535159,49.776824180781531],[6.688842814904548,49.776820025983199],[6.688773411371758,49.776818640967349],[6.688704007844347,49.776817255909947],[6.68863460432231,49.776815870811006],[6.68863674279964,49.776770935434072],[6.688497935899838,49.776768165115953],[6.688428532458001,49.776766779894572],[6.68835912902154,49.77676539463166],[6.688289725590455,49.776764009327209],[6.688150918744414,49.776761238593679],[6.687942708515678,49.776757082181838],[6.687873305116853,49.776755696628143],[6.687803901723405,49.77675431103291],[6.687734498335335,49.776752925396131],[6.687665094952643,49.776751539717822],[6.687595691575328,49.776750153997959],[6.687526288203392,49.776748768236558],[6.687456884836832,49.776747382433619],[6.687387481475652,49.776745996589142],[6.68731807811985,49.776744610703126],[6.687248674769427,49.776743224775558],[6.687179271424381,49.776741838806458],[6.687109868084716,49.776740452795821],[6.687040464750429,49.776739066743644],[6.686971061421521,49.776737680649916],[6.686832254779844,49.776734908337858],[6.686834394917685,49.776689973017419],[6.686903798171762,49.776691359192021],[6.686905938240153,49.776646423868989],[6.686975341435536,49.776647809999879],[6.687044744636299,49.77664919608921],[6.687114147842443,49.776650582137009],[6.687183551053964,49.77665196814327],[6.687252954270864,49.776653354107992],[6.687322357493143,49.776654740031169],[6.6873917607208,49.776656125912815],[6.687461163953837,49.776657511752902],[6.687530567192251,49.776658897551464],[6.687599970436043,49.776660283308487],[6.687738776939761,49.776663054697899],[6.687808180199687,49.776664440330293],[6.687877583464989,49.77666582592115],[6.687946986735669,49.776667211470475],[6.688016390011726,49.776668596978247],[6.68808579329316,49.776669982444488],[6.688155196579971,49.776671367869184],[6.688224599872158,49.776672753252342],[6.68822246102114,49.776717688616976],[6.688291864382776,49.776719073960791],[6.688294003169722,49.776674138593954],[6.688363406472662,49.776675523894028],[6.688432809780978,49.77667690915257],[6.688502213094671,49.776678294369546],[6.688500074499941,49.776723229742956],[6.688569477883082,49.776724614920603],[6.68870828466549,49.776727385151261],[6.688710423068002,49.776682449771293],[6.68871256146514,49.776637514390913],[6.688643158199394,49.776636129300726],[6.688573754939021,49.776634744168994],[6.688575893458932,49.776589808792572],[6.688506490268007,49.776588423621504],[6.68843708708246,49.776587038408877],[6.688298280727493,49.776584267859022],[6.688228877558074,49.776582882521794],[6.68815947439403,49.77658149714302],[6.688090071235363,49.776580111722701],[6.688092210198404,49.776535176361172],[6.688022807109185,49.776533790901503],[6.687953404025344,49.776532405400296],[6.68788400094688,49.776531019857551],[6.687814597873794,49.77652963427326],[6.687745194806084,49.776528248647431],[6.687747334084107,49.776483313296445],[6.687677931085847,49.776481927631266],[6.687608528092963,49.776480541924556],[6.687539125105459,49.776479156176293],[6.687469722123332,49.776477770386485],[6.687261513209219,49.776473612767852],[6.687192110248607,49.77647222681189],[6.687122707293372,49.77647084081439],[6.687124847142663,49.776425905482689],[6.687055444256878,49.77642451944584],[6.686986041376474,49.776423133367437],[6.686916638501448,49.776421747247504],[6.686777832767534,49.776418974883029],[6.68663902705514,49.776416202352401],[6.686641167347551,49.776371267035614],[6.686571764563494,49.776369880710178],[6.686502361784817,49.776368494343195],[6.686432959011522,49.776367107934682],[6.686363556243605,49.776365721484623],[6.686294153481071,49.776364334993026],[6.686224750723918,49.776362948459891],[6.686155347972145,49.776361561885217],[6.686157488707673,49.776316626583359],[6.686088086025353,49.776315239969328],[6.686018683348413,49.776313853313759],[6.685949280676855,49.776312466616652],[6.685879878010678,49.776311079878013],[6.685810475349883,49.776309693097822],[6.68574107269447,49.776308306276107],[6.68567167004444,49.776306919412846],[6.685602267399791,49.77630553250804],[6.685604408642505,49.776260597223292],[6.685535006067309,49.776259210279129],[6.685326798374017,49.776255049197438],[6.685257395820352,49.776253662087136],[6.685187993272071,49.776252274935295],[6.685118590729174,49.776250887741895],[6.685120732414999,49.776205952472075],[6.685051329941555,49.77620456523934],[6.684981927473495,49.776203177965066],[6.684843122553525,49.776200403291895],[6.684773720101617,49.776199015893006],[6.684704317655092,49.776197628452579],[6.684496110347827,49.776193465882038],[6.684426707922841,49.776192078275443],[6.684357305503241,49.776190690627324],[6.684287903089027,49.776189302937645],[6.684285760634361,49.776234238181175],[6.684355163112645,49.776235625873035],[6.684353020716665,49.776280561118334],[6.684350878315303,49.776325496363206],[6.684346593496429,49.776415366851722],[6.684277190761864,49.776413979151087],[6.684275048280281,49.776458914392514],[6.684272905793316,49.776503849633528],[6.684203502935993,49.77650246188697],[6.684134100084056,49.776501074098874],[6.684131957463563,49.776546009335085],[6.684062554552942,49.776544621503248],[6.683993151647707,49.776543233629887],[6.683923748747857,49.776541845714966],[6.683925891560561,49.776496910485342],[6.68385648873017,49.776495522531086],[6.68385863160156,49.776450587303231],[6.683789228840625,49.776449199309624],[6.683791371770702,49.776404264083546],[6.683793514695394,49.776359328857055],[6.683795657614704,49.776314393630123],[6.683797800528628,49.776269458402801],[6.683799943437166,49.776224523175046],[6.683802086340322,49.776179587946878],[6.683732683969194,49.7761781999249],[6.683593879243102,49.776175423756314],[6.683524476888135,49.776174035609714],[6.683385672194365,49.776171259191891],[6.683316269855559,49.776169870920683],[6.683246867522143,49.776168482607915],[6.683177465194114,49.776167094253623],[6.683108062871474,49.776165705857785],[6.682969258242357,49.776162928941496],[6.68289985593588,49.77616154042105],[6.682830453634794,49.77616015185906],[6.682761051339096,49.776158763255523],[6.682691649048786,49.776157374610456],[6.682622246763866,49.776155985923843],[6.682483442210195,49.776153208426003],[6.682414039941443,49.776151819614775],[6.682344637678081,49.776150430762009],[6.682275235420108,49.776149041867704],[6.682205833167528,49.776147652931861],[6.682203688790771,49.776192588109566],[6.68213428647951,49.77619119912999],[6.682064884173638,49.776189810108882],[6.681995481873158,49.776188421046214],[6.681926079578069,49.776187031942015],[6.681856677288371,49.776185642796285],[6.681787275004063,49.77618425360901],[6.681785130237502,49.776229188773129],[6.681715727894517,49.77622779954212],[6.681646325556923,49.776226410269572],[6.68157692322472,49.776225020955486],[6.68150752089791,49.776223631599862],[6.681505375869681,49.77626856675478],[6.681435973484193,49.776267177355415],[6.681366571104096,49.776265787914518],[6.681297168729393,49.776264398432069],[6.681299313949829,49.776219463283752],[6.681229911644587,49.776218073761967],[6.681160509344737,49.776216684198644],[6.681091107050281,49.776215294593776],[6.681088961637635,49.776260229735527],[6.681019559284501,49.776258840086932],[6.680950156936761,49.776257450396784],[6.680952302477544,49.776212515259452],[6.680882900199267,49.776211125529969],[6.680813497926382,49.776209735758954],[6.680744095658891,49.776208345946394],[6.680605291140091,49.776205566196666],[6.680535888888781,49.77620417625949],[6.680533742963581,49.776249111383663],[6.680464340653596,49.776247721402747],[6.680394938349005,49.776246331380307],[6.680325536049811,49.776244941316321],[6.680327682167219,49.776200006198728],[6.680258279937486,49.776198616095407],[6.68018887771315,49.77619722595054],[6.680119475494208,49.776195835764128],[6.68005007328066,49.776194445536177],[6.680047926906975,49.776239380644974],[6.680045780527896,49.776284315753365],[6.680115182869582,49.776285705985693],[6.680184585216662,49.776287096176503],[6.680253987569138,49.776288486325768],[6.680323389927009,49.776289876433495],[6.680321243798815,49.776334811550242],[6.68039064622615,49.776336201618619],[6.680460048658879,49.776337591645458],[6.680529451097002,49.776338981630765],[6.680598853540521,49.77634037157452],[6.680668255989433,49.77634176147675],[6.680666110176197,49.776386696604057],[6.680735512694571,49.776388086466945],[6.680804915218341,49.776389476288273],[6.680874317747503,49.776390866068091],[6.68094372028206,49.77639225580635],[6.68101312282201,49.776393645503063],[6.681082525367354,49.776395035158245],[6.681080379933145,49.776439970298313],[6.68121918516815,49.776442749488467],[6.68128858779374,49.776444139021223],[6.681286442546352,49.776489074167465],[6.681217039856691,49.776487684632514],[6.681147637172421,49.77648629505601],[6.681078234493546,49.776484905437982],[6.681008831820061,49.776483515778402],[6.680939429151972,49.776482126077283],[6.680870026489275,49.776480736334626],[6.680872172121085,49.776435801201565],[6.680802769527851,49.776434411419565],[6.680733366940012,49.776433021596027],[6.680663964357566,49.776431631730944],[6.680525159208857,49.776428851876176],[6.680455756642594,49.776427461886492],[6.680457902653433,49.776382526766177],[6.680388500156634,49.776381136737136],[6.680319097665229,49.776379746666571],[6.68024969517922,49.776378356554446],[6.680180292698605,49.776376966400797],[6.680110890223384,49.776375576205602],[6.680113036549179,49.776330641095868],[6.680043634143424,49.776329250861323],[6.679974231743064,49.776327860585241],[6.679904829348099,49.776326470267634],[6.679835426958531,49.776325079908482],[6.679766024574358,49.776323689507791],[6.679768171215108,49.776278754408608],[6.6796987689004,49.776277363968575],[6.679629366591089,49.776275973486996],[6.679631513354583,49.776231038391799],[6.679562111114739,49.776229647870885],[6.679492708880288,49.776228257308425],[6.679423306651236,49.776226866704434],[6.67935390442758,49.776225476058897],[6.67928450220932,49.776224085371823],[6.679286649287766,49.776179150287199],[6.679217247138973,49.776177759560781],[6.679147844995577,49.776176368792832],[6.679078442857578,49.776174977983331],[6.679009040724977,49.776173587132313],[6.679011188054303,49.776128652056052],[6.678941785991169,49.776127261165684],[6.678872383933431,49.77612587023377],[6.678802981881092,49.776124479260325],[6.678733579834152,49.776123088245335],[6.678735727414355,49.776078153177451],[6.678666325436883,49.776076762123111],[6.678596923464807,49.776075371027254],[6.67852752149813,49.776073979889844],[6.678529669265144,49.776029044828142],[6.678460267367933,49.776027653651397],[6.678390865476123,49.776026262433106],[6.678321463589711,49.776024871173291],[6.678323611543533,49.775979936117757],[6.678254209726589,49.775978544818585],[6.678184807915043,49.775977153477882],[6.678115406108898,49.775975762095641],[6.678117554249526,49.775930827046295],[6.678048152512849,49.775929435624711],[6.677978750781571,49.775928044161589],[6.677909349055692,49.775926652656935],[6.677911497383127,49.775881717613757],[6.677842095726716,49.77588032606976],[6.677772694075706,49.775878934484226],[6.677703292430096,49.775877542857152],[6.677705440944334,49.775832607820156],[6.677636039368194,49.77583121615374],[6.677566637797453,49.775829824445793],[6.677568786434427,49.775784889412769],[6.677499384933155,49.775783497665479],[6.677429983437284,49.775782105876651],[6.677432132196992,49.775737170847627],[6.67736273077059,49.775735779019456],[6.677293329349588,49.775734387149754],[6.677223927933989,49.775732995238513],[6.6772260768805,49.775688060215636],[6.677156675534369,49.77568666826506],[6.677087274193639,49.775685276272938],[6.677089423262885,49.775640341254061],[6.677020021991624,49.775638949222603],[6.676950620725765,49.775637557149608],[6.676881219465309,49.775636165035067],[6.676883368721353,49.775591230022386],[6.676813967530364,49.775589837868509],[6.67674456634478,49.775588445673094],[6.676746715723557,49.775543510664384],[6.676677314607441,49.77554211842962],[6.676607913496729,49.775540726153352],[6.676538512391417,49.775539333835525],[6.676540661956992,49.775494398832983],[6.676471260921153,49.775493006475827],[6.676401859890715,49.775491614077126],[6.676263057846051,49.775488829155115],[6.676193656831825,49.775487436631799],[6.676124255823003,49.775486044066959],[6.676126405767572,49.775441109077214],[6.676057004828219,49.775439716473024],[6.675987603894271,49.775438323827302],[6.675918202965728,49.775436931140042],[6.675848802042589,49.775435538411237],[6.675850952238019,49.775390603429869],[6.675781551384349,49.775389210661736],[6.675712150536087,49.775387817852064],[6.675714300854244,49.775342882874668],[6.675644900075451,49.77534149002566],[6.675575499302062,49.775340097135121],[6.67550609853408,49.77533870420303],[6.67550824903903,49.775293769231837],[6.675438848340518,49.775292376260417],[6.675440998904129,49.775247441291],[6.675371598275088,49.775246048280245],[6.675302197651453,49.775244655227951],[6.675232797033225,49.775243262134119],[6.675234947783627,49.775198327170877],[6.675165547234868,49.775196934037716],[6.675096146691517,49.775195540863017],[6.675098297564643,49.775150605903768],[6.675028897090763,49.775149212689719],[6.674959496622288,49.775147819434153],[6.67496164761814,49.775102884478883],[6.674892247219137,49.775101491183982],[6.674822846825542,49.77510009784752],[6.674753446437354,49.775098704469535],[6.674755597619992,49.775053769520468],[6.674686197301274,49.77505237610314],[6.674616796987965,49.775050982644281],[6.674618948293327,49.775006047699193],[6.674549548049488,49.775004654200998],[6.674480147811057,49.775003260661265],[6.674482299239141,49.774958325720164],[6.674412899070182,49.774956932141095],[6.674343498906631,49.774955538520494],[6.674345650457436,49.774910603583379],[6.674276250363357,49.774909209923443],[6.674206850274686,49.774907816221969],[6.674209001948213,49.774862881288833],[6.674139601929013,49.77486148754803],[6.674070201915222,49.774860093765689],[6.67400080190684,49.774858699941809],[6.673931401903866,49.774857306076392],[6.673862001906302,49.774855912169436],[6.673859849912459,49.774900847091565],[6.673790449856241,49.774899453140868],[6.673788297792928,49.774944388060362],[6.673786145724207,49.774989322979451],[6.673716745545272,49.774987928982824],[6.673714593407079,49.775032863899277],[6.673645193169491,49.775031469858909],[6.67357579293731,49.775030075776996],[6.67350639271054,49.775028681653552],[6.67343699248918,49.77502728748857],[6.673434840089325,49.775072222395792],[6.673365439809311,49.775070828187083],[6.673367592273229,49.775025893282049],[6.673298192062691,49.775024499033989],[6.673228791857563,49.775023104744406],[6.673159391657845,49.77502171041327],[6.673161544308547,49.774976775514432],[6.673092144178304,49.774975381143975],[6.673022744053472,49.774973986731965],[6.67295334393405,49.774972592278424],[6.672955496771533,49.774927657385781],[6.672886096721587,49.774926262892919],[6.672816696677053,49.774924868358511],[6.672818849637252,49.774879933469848],[6.672749449662193,49.774878538896111],[6.672610649728308,49.77487574962403],[6.672612802875289,49.774830814741556],[6.672543402980529,49.774829420045414],[6.67247400309118,49.774828025307734],[6.672404603207244,49.774826630528509],[6.67233520332872,49.774825235707759],[6.67233735672654,49.774780300833697],[6.672267956917493,49.774778905973605],[6.672198557113858,49.774777511071974],[6.672129157315636,49.774776116128827],[6.672059757522828,49.774774721144119],[6.672061911171487,49.774729786278456],[6.671992511448154,49.774728391254428],[6.671923111730236,49.774726996188868],[6.671853712017731,49.774725601081769],[6.671784312310638,49.774724205933133],[6.671786466210137,49.774679271075868],[6.671717066572522,49.774677875887903],[6.671647666940321,49.7746764806584],[6.671578267313534,49.774675085387358],[6.671508867692162,49.774673690074778],[6.671511021842496,49.774628755225905],[6.671441622290602,49.774627359873996],[6.671372222744122,49.774625964480556],[6.671302823203055,49.774624569045571],[6.671233423667404,49.774623173569061],[6.67116402413717,49.774621778051014],[6.671094624612349,49.774620382491435],[6.671025225092944,49.77461898689031],[6.670955825578957,49.774617591247647],[6.670953670916127,49.774662526078878],[6.670884271343493,49.774661130392481],[6.670814871776274,49.774659734664539],[6.670812716979907,49.774704669490951],[6.670743317354042,49.774703273719268],[6.670741162488199,49.774748208543052],[6.67067176280369,49.774746812727628],[6.670669607868369,49.774791747548782],[6.670600208125214,49.774790351689617],[6.670530808387475,49.774788955788921],[6.67039200892825,49.774786163862927],[6.670322609206762,49.774784767837623],[6.670253209490693,49.774783371770781],[6.670183809780041,49.774781975662407],[6.670185965163798,49.774737040856685],[6.670116565522624,49.774735644708983],[6.670047165886871,49.774734248519742],[6.669977766256535,49.774732852288963],[6.669908366631617,49.774731456016646],[6.669910522266205,49.774686521219337],[6.669841122710768,49.774685124907691],[6.669771723160749,49.774683728554514],[6.669702323616148,49.774682332159799],[6.669632924076968,49.774680935723545],[6.669635079962386,49.774636000934656],[6.669565680492687,49.774634604459074],[6.669496281028404,49.774633207941953],[6.6693574821161,49.774630414783111],[6.669288082668077,49.774629018141383],[6.669290238868387,49.774584083363109],[6.669220839489845,49.774582686682038],[6.669151440116722,49.77458128995945],[6.669082040749021,49.774579893195337],[6.66901264138674,49.774578496389672],[6.668943242029878,49.774577099542462],[6.668873842678439,49.774575702653742],[6.668875999257698,49.774530767888294],[6.668806599975739,49.774529370960217],[6.668737200699201,49.774527973990622],[6.668667801428084,49.774526576979497],[6.668598402162389,49.774525179926833],[6.668600558992474,49.774480245169784],[6.668531159796261,49.774478848077791],[6.66846176060547,49.774477450944254],[6.668392361420101,49.774476053769192],[6.668322962240152,49.774474656552592],[6.668325119321062,49.774429721803948],[6.668327276396551,49.774384787054906],[6.668257877350146,49.77438338980118],[6.668260034484277,49.774338455053901],[6.668190635507355,49.774337057760846],[6.668121236535855,49.774335660426267],[6.668051837569777,49.774334263050143],[6.668049680243466,49.7743791977908],[6.668047522911734,49.774424132531024],[6.667908724739605,49.774421337645343],[6.667910882199457,49.774376402909539],[6.667841483185588,49.774375005406604],[6.667772084177142,49.774373607862131],[6.667702685174119,49.774372210276134],[6.667633286176518,49.774370812648598],[6.667563887184342,49.77436941497951],[6.66749448819759,49.774368017268912],[6.667496646036384,49.774323082545919],[6.667427247119116,49.774321684795986],[6.667357848207272,49.774320287004521],[6.667288449300852,49.774318889171504],[6.667290607326403,49.774273954454735],[6.667221208489467,49.774272556582403],[6.66708241083187,49.774269760713132],[6.667013012011208,49.774268362716192],[6.66694361319597,49.774266964677714],[6.666945771536398,49.774222029971583],[6.666876372790647,49.774220631893783],[6.66680697405032,49.774219233774446],[6.666737575315419,49.774217835613577],[6.666668176585944,49.77421643741117],[6.666598777861894,49.774215039167231],[6.666600936517196,49.774170104471715],[6.666531537862632,49.774168706188455],[6.666462139213492,49.774167307863657],[6.666392740569782,49.774165909497306],[6.66639489941184,49.774120974808],[6.666325500837613,49.774119576402349],[6.666327659738304,49.774074641714833],[6.666329818633572,49.774029707026891],[6.666399217079681,49.774031105428136],[6.666401375905465,49.773986170737572],[6.666403534725825,49.773941236046589],[6.666405693540762,49.773896301355187],[6.666407852350274,49.773851366663365],[6.666410011154362,49.773806431971131],[6.666340613028546,49.773805033580942],[6.666342771891268,49.773760098890477],[6.666273373834937,49.773758700460967],[6.666275532756292,49.7737137657723],[6.666206134769444,49.77371236730346],[6.666136736788024,49.773710968793075],[6.666134577738553,49.773755903477323],[6.666132418683657,49.773800838161151],[6.666063020579547,49.773799439604822],[6.665993622480865,49.773798041006962],[6.66592422438761,49.773796642367564],[6.665854826299782,49.773795243686628],[6.665785428217381,49.773793844964153],[6.66571603014041,49.773792446200162],[6.665718189579652,49.773747511529592],[6.665648791572166,49.773746112726258],[6.665579393570106,49.773744713881413],[6.665509995573476,49.773743314995009],[6.665440597582274,49.773741916067088],[6.665371199596501,49.773740517097622],[6.665373359350606,49.773695582437689],[6.665303961434318,49.773694183428908],[6.665234563523459,49.773692784378596],[6.665165165618029,49.773691385286739],[6.665095767718028,49.77368998615335],[6.665026369823456,49.773688586978423],[6.665024209749063,49.773733521627307],[6.665022049669243,49.773778456275764],[6.665019889583996,49.773823390923788],[6.664950491502681,49.7738219917007],[6.664948331347948,49.773866926346109],[6.664878933208004,49.773865527079273],[6.664809535073491,49.773864127770914],[6.66481169535634,49.773819193129924],[6.664742297291314,49.773817793782236],[6.664744457632792,49.773772859143051],[6.664675059637253,49.773771459756034],[6.664605661647147,49.773770060327486],[6.664536263662469,49.773768660857399],[6.664466865683223,49.773767261345782],[6.664397467709407,49.773765861792633],[6.664399628365746,49.773720927164071],[6.664330230461418,49.773719527571593],[6.664332391176386,49.773674592944836],[6.664334551885924,49.77362965831766],[6.664403949662137,49.773631057905703],[6.664406110302189,49.773586123275898],[6.664408270936812,49.773541188645673],[6.664338873288713,49.773539789062042],[6.664341033981965,49.773494854433608],[6.664343194669788,49.77344991980474],[6.664273797155232,49.773448520184004],[6.664204399646109,49.773447120521737],[6.664202238830173,49.773492055146164],[6.664132841262425,49.773490655440149],[6.664063443700106,49.773489255692603],[6.663994046143221,49.773487855903525],[6.663924648591766,49.773486456072895],[6.663855251045744,49.773485056200748],[6.663785853505154,49.77348365628707],[6.663716455969995,49.773482256331839],[6.663718617234326,49.773437321722888],[6.663649219768657,49.773435921728343],[6.663579822308421,49.773434521692273],[6.663510424853617,49.773433121614666],[6.663512586304685,49.773388187011932],[6.66344318891937,49.773386786894989],[6.663373791539488,49.773385386736535],[6.663371629960307,49.77343032133485],[6.663369468375694,49.773475255932745],[6.663367306785651,49.773520190530206],[6.663365145190178,49.773565125127256],[6.663295747559503,49.773563724918411],[6.663226349934263,49.773562324668028],[6.663156952314456,49.77356092437612],[6.663087554700083,49.773559524042668],[6.663018157091144,49.773558123667684],[6.6630203190069,49.773513189081697],[6.662950921467451,49.773511788667399],[6.662881523933437,49.773510388211562],[6.662812126404856,49.773508987714195],[6.66274272888171,49.773507587175295],[6.66274489104826,49.773462652597736],[6.662675493594605,49.773461252019523],[6.662606096146384,49.773459851399757],[6.6625366987036,49.77345845073846],[6.66246730126625,49.773457050035638],[6.662397903834336,49.773455649291279],[6.662400066315733,49.773410714724378],[6.662330668953309,49.773409313940704],[6.662261271596322,49.773407913115484],[6.662191874244771,49.773406512248741],[6.662122476898655,49.773405111340466],[6.662124639630842,49.773360176781985],[6.662055242354218,49.773358775834389],[6.66198584508303,49.773357374845261],[6.66191644781728,49.773355973814596],[6.661918610736199,49.773311039262339],[6.661849213539941,49.773309638192366],[6.661851376517482,49.773264703641907],[6.661781979390715,49.773263302532598],[6.661712582269384,49.773261901381758],[6.661643185153491,49.773260500189394],[6.661573788043035,49.773259098955492],[6.661504390938014,49.773257697680059],[6.661506554230398,49.773212763140251],[6.661437157194872,49.773211361825489],[6.661367760164782,49.773209960469217],[6.661298363140131,49.773208559071392],[6.661228966120918,49.773207157632037],[6.661231129664086,49.77316222310067],[6.661233293201818,49.773117288568876],[6.661163896316153,49.773115887092423],[6.661094499435925,49.773114485574425],[6.660955705691786,49.773111682413848],[6.660886308827875,49.773110280771263],[6.660888472680444,49.773065346250114],[6.660890636527575,49.773020411728567],[6.660821239797213,49.77301901004887],[6.660751843072286,49.773017608327649],[6.660682446352801,49.773016206564883],[6.660613049638755,49.773014804760606],[6.660543652930148,49.773013402914771],[6.660545817092114,49.772968468403882],[6.660476420453,49.772967066518731],[6.660407023819327,49.772965664592057],[6.660337627191094,49.772964262623852],[6.660339791539783,49.772919328119194],[6.660270394981044,49.772917926111667],[6.660268230568301,49.772962860614115],[6.660198833950947,49.77296145856284],[6.660200998427745,49.772916524062602],[6.660203162899104,49.772871589561944],[6.660205327365025,49.772826655060861],[6.660066534530962,49.772823850847018],[6.659997138122092,49.772822448677793],[6.659927741718663,49.77282104646703],[6.659858345320673,49.772819644214742],[6.659788948928127,49.77281824192093],[6.659719552541021,49.77281683958558],[6.659650156159357,49.772815437208692],[6.659652321132266,49.772770502724917],[6.659582924820096,49.772769100308714],[6.659513528513369,49.772767697850988],[6.659444132212083,49.772766295351715],[6.659374735916238,49.772764892810912],[6.659305339625837,49.772763490228591],[6.659307504913571,49.772718555755482],[6.659238108692665,49.772717153133833],[6.659168712477202,49.772715750470645],[6.659099316267181,49.772714347765948],[6.659101481741634,49.772669413299049],[6.659032085601109,49.77266801055503],[6.658962689466027,49.772666607769473],[6.658893293336388,49.772665204942385],[6.658895458997558,49.772620270481738],[6.658826062937415,49.772618867615321],[6.658756666882715,49.772617464707388],[6.658687270833459,49.77261606175793],[6.658617874789647,49.772614658766926],[6.658620040701585,49.772569724314714],[6.658550644727269,49.772568321284396],[6.658481248758398,49.77256691821254],[6.658411852794972,49.772565515099174],[6.658414018893624,49.772520580653193],[6.658344622999693,49.772519177500492],[6.658275227111206,49.772517774306266],[6.658205831228164,49.772516371070516],[6.658136435350569,49.772514967793221],[6.658138601699985,49.77247003335571],[6.658069205891886,49.7724686300391],[6.657999810089231,49.772467226680959],[6.657930414292023,49.772465823281287],[6.657932580828153,49.772420888849993],[6.657863185100441,49.772419485411014],[6.657793789378175,49.772418081930496],[6.657654997949981,49.772415274844882],[6.657657164736874,49.772370340422043],[6.657587769094997,49.772368936819142],[6.657518373458567,49.772367533174716],[6.657448977827583,49.772366129488766],[6.657379582202046,49.772364725761278],[6.657381749239698,49.772319791346909],[6.657312353683659,49.772318387580107],[6.657242958133067,49.772316983771773],[6.657173562587921,49.772315579921909],[6.657104167048223,49.772314176030513],[6.657034771513973,49.7723127720976],[6.657036938866437,49.772267837693875],[6.656967543401684,49.77226643372164],[6.65689814794238,49.772265029707867],[6.656828752488524,49.772263625652563],[6.656759357040116,49.772262221555742],[6.656761524643337,49.772217287160473],[6.656692129264428,49.77221588302433],[6.656622733890967,49.772214478846657],[6.656553338522954,49.772213074627444],[6.65655550631288,49.772168140238421],[6.656486111014366,49.772166735979916],[6.656416715721302,49.772165331679865],[6.656347320433686,49.772163927338276],[6.65627792515152,49.772162522955163],[6.656280093192202,49.772117588574588],[6.656210697979534,49.772116184152168],[6.656141302772317,49.772114779688209],[6.656071907570547,49.772113375182727],[6.656002512374231,49.772111970635699],[6.655933117183362,49.772110566047168],[6.655935285538846,49.772065631677272],[6.655865890417477,49.772064227049412],[6.65579649530156,49.772062822380029],[6.655727100191092,49.7720614176691],[6.655657705086075,49.772060012916654],[6.655588309986509,49.77205860812267],[6.655590478656794,49.772013673763446],[6.65552108362673,49.772012268930155],[6.655451688602114,49.772010864055325],[6.655382293582951,49.772009459138978],[6.655312898569239,49.772008054181086],[6.655315067490274,49.771963119830332],[6.655245672546062,49.771961714833132],[6.655176277607302,49.771960309794409],[6.655106882673995,49.771958904714154],[6.655037487746139,49.771957499592354],[6.654968092823735,49.771956094429051],[6.654898697906784,49.771954689224181],[6.654900867206665,49.771909754886337],[6.654831472359215,49.771908349642175],[6.654762077517218,49.771906944356481],[6.654692682680674,49.771905539029262],[6.654553893023944,49.771902728250225],[6.65455606263862,49.771857793923054],[6.654486667882484,49.771856388473459],[6.654417273131802,49.771854982982333],[6.654347878386572,49.771853577449683],[6.654350048187944,49.77180864312875],[6.654280653512217,49.771807237556786],[6.654211258841944,49.77180583194329],[6.654141864177126,49.771804426288263],[6.654072469517761,49.771803020591705],[6.654074639569874,49.771758086279249],[6.654005244980012,49.771756680543383],[6.653935850395604,49.771755274765979],[6.653866455816651,49.771753868947059],[6.653797061243153,49.771752463086607],[6.65372766667511,49.77175105718463],[6.653729837042015,49.77170612288284],[6.653660442543474,49.771704716941549],[6.65352165356276,49.771701904934382],[6.653452259080586,49.771700498868491],[6.653382864603869,49.771699092761075],[6.653313470132606,49.771697686612129],[6.653244075666801,49.771696280421651],[6.653246246476589,49.771651346135002],[6.653176852080287,49.771649939905217],[6.653107457689441,49.771648533633901],[6.653038063304052,49.771647127321067],[6.65296866892412,49.771645720966688],[6.652899274549643,49.771644314570786],[6.652901445674217,49.771599380294838],[6.652832051369246,49.77159797385962],[6.652762657069733,49.771596567382886],[6.652693262775676,49.771595160864614],[6.652623868487078,49.771593754304817],[6.652554474203936,49.771592347703482],[6.652556645643292,49.771547413438206],[6.652487251429656,49.771546006797578],[6.652485079926253,49.771590941060616],[6.652415685654027,49.771589534376226],[6.652417857221478,49.771544600115405],[6.652348463018758,49.771543193391707],[6.652279068821496,49.771541786626493],[6.652209674629693,49.771540379819719],[6.652211846383832,49.771495445565151],[6.652142452261533,49.771494038719084],[6.652073058144694,49.771492631831492],[6.652003664033314,49.771491224902363],[6.651934269927393,49.771489817931723],[6.651864875826932,49.771488410919531],[6.651795481731929,49.771487003865808],[6.651797653864892,49.771442069624158],[6.651728259839396,49.771440662531141],[6.65165886581936,49.771439255396587],[6.651589471804782,49.771437848220515],[6.651591644124429,49.77139291398511],[6.65152225017936,49.771391506769731],[6.65145285623975,49.771390099512807],[6.651383462305601,49.771388692214373],[6.65138563481193,49.771343757985221],[6.651316240947288,49.771342350647458],[6.651246847088106,49.771340943268179],[6.651177453234385,49.771339535847375],[6.651108059386124,49.77133812838504],[6.651038665543325,49.771336720881166],[6.651040838364427,49.771291786662722],[6.650971444591137,49.771290379119542],[6.650902050823306,49.771288971534844],[6.650832657060938,49.771287563908608],[6.650763263304029,49.771286156240848],[6.650765436375857,49.771241222030866],[6.650696042688458,49.771239814323806],[6.650626649006521,49.771238406575208],[6.650557255330046,49.771236998785071],[6.650487861659033,49.771235590953424],[6.650418467993482,49.771234183080246],[6.65042064138008,49.771189248880972],[6.650351247784038,49.77118784096848],[6.65028185419346,49.771186433014464],[6.650212460608344,49.771185025018916],[6.650143067028691,49.771183616981844],[6.650145240666011,49.77113868279104],[6.650075847155867,49.771137274714668],[6.650006453651185,49.771135866596765],[6.649937060151969,49.771134458437309],[6.649867666658216,49.771133050236344],[6.649798273169926,49.771131641993854],[6.649800447122012,49.771086707813758],[6.649731053703232,49.771085299531961],[6.649661660289915,49.77108389120864],[6.649592266882063,49.771082482843767],[6.649522873479676,49.771081074437383],[6.649525047682481,49.771036140265771],[6.649455654349604,49.77103473182008],[6.649386261022191,49.771033323332865],[6.649316867700245,49.771031914804112],[6.649247474383762,49.771030506233835],[6.649178081072744,49.771029097622034],[6.649180255590311,49.770984163461144],[6.649110862348803,49.770982754810021],[6.649041469112763,49.770981346117388],[6.648972075882187,49.770979937383217],[6.648902682657077,49.770978528607522],[6.64890485742536,49.770933594455109],[6.64883546426976,49.770932185640099],[6.648766071119629,49.770930776783587],[6.648696677974963,49.770929367885522],[6.648627284835761,49.77092795894594],[6.648557891702028,49.770926549964827],[6.64856006678507,49.770881615823129],[6.648490673720847,49.770880206802708],[6.648421280662093,49.770878797740757],[6.648351887608805,49.770877388637288],[6.648282494560984,49.770875979492281],[6.648213101518631,49.77087457030575],[6.648215276916429,49.77082963617476],[6.648145883943587,49.770828226948922],[6.648076490976214,49.770826817681574],[6.648007098014308,49.77082540837268],[6.647937705057871,49.770823999022269],[6.647868312106902,49.77082258963032],[6.647798919161402,49.77082118019684],[6.647801094937998,49.770776246078796],[6.647731702062009,49.770774836606016],[6.64766230919149,49.770773427091711],[6.64759291632644,49.770772017535876],[6.647454130612745,49.770769198299625],[6.647384737764102,49.770767788619217],[6.647245952083225,49.770764969133801],[6.647248128366704,49.770720035033136],[6.647178735598513,49.770718625230366],[6.647109342835793,49.770717215386064],[6.64711151924189,49.770672281289443],[6.647042126548683,49.770670871405848],[6.646972733860946,49.770669461480722],[6.646903341178682,49.770668051514043],[6.646905517771439,49.770623117423696],[6.646836125158688,49.770621707417725],[6.646766732551407,49.77062029737025],[6.646697339949596,49.770618887281231],[6.646699516729016,49.77057395319715],[6.64663012419672,49.77057254306883],[6.646560731669894,49.770571132898979],[6.64649133914854,49.770569722687611],[6.64649351611462,49.770524788609784],[6.646424123662778,49.770523378359115],[6.646354731216412,49.770521968066923],[6.646356908305107,49.770477033993117],[6.646287515928253,49.770475623661618],[6.646218123556872,49.770474213288587],[6.646220300768181,49.770429279218845],[6.646150908466315,49.770427868806514],[6.646153085736198,49.770382934738571],[6.646083693503845,49.770381524286947],[6.646085870832299,49.770336590220815],[6.646016478669461,49.770335179729884],[6.646018656056487,49.770290245665556],[6.645949263963162,49.770288835135347],[6.64595144140876,49.77024390107281],[6.645882049384952,49.770242490503293],[6.645812657366614,49.770241079892244],[6.645814834934824,49.770196145833758],[6.645745442986002,49.770194735183409],[6.645676051042653,49.770193324491537],[6.645678228733475,49.770148390437093],[6.64560883685964,49.770146979705913],[6.645539444991281,49.770145568933216],[6.645541622804712,49.770100634882816],[6.645472231005866,49.770099224070805],[6.645402839212492,49.770097813217284],[6.645405017148535,49.770052879170905],[6.645335625424678,49.770051468278098],[6.645266233706294,49.770050057343745],[6.645268411764946,49.770005123301409],[6.645199020116078,49.770003712327764],[6.645129628472684,49.770002301312587],[6.645131806653945,49.769957367274294],[6.645062415080066,49.769955956219825],[6.644993023511661,49.769954545123824],[6.644923631948731,49.769953133986306],[6.644854240391276,49.769951722807242],[6.644784848839297,49.769950311586676],[6.644787027335288,49.769905377559084],[6.644717635852824,49.769903966299218],[6.644648244375835,49.769902554997813],[6.644578852904322,49.769901143654891],[6.644581031586959,49.769856209633588],[6.644511640184962,49.769854798251359],[6.644442248788441,49.769853386827606],[6.644444427593685,49.769808452810352],[6.644375036266679,49.769807041347299],[6.64430564494515,49.769805629842722],[6.644236253629098,49.769804218296613],[6.644238432620986,49.769759284285634],[6.644169041374449,49.769757872700232],[6.644099650133389,49.769756461073314],[6.644101829247882,49.76971152706637],[6.644032438076338,49.769710115400144],[6.643963046910271,49.769708703692395],[6.643965226147369,49.769663769689494],[6.643895835050818,49.769662357942437],[6.643826443959745,49.76966094615387],[6.64375705287415,49.769659534323772],[6.64375923229789,49.769614600327138],[6.64368984128181,49.76961318845774],[6.643620450271209,49.769611776546832],[6.643622629817549,49.769566842554234],[6.643553238876465,49.769565430604018],[6.64348384794086,49.769564018612272],[6.643414457010731,49.769562606579008],[6.643416636743712,49.769517672592691],[6.643347245883101,49.769516260520128],[6.643277855027968,49.76951484840604],[6.64328003488355,49.769469914423759],[6.643210644097933,49.769468502270378],[6.643141253317797,49.769467090075473],[6.64307186254314,49.769465677839037],[6.643074042585359,49.769420743863037],[6.643004651880219,49.769419331587308],[6.642935261180558,49.769417919270047],[6.642937441345377,49.769372985298084],[6.642868050715233,49.769371572941537],[6.642798660090569,49.76937016054346],[6.642800840377986,49.769325226575539],[6.64273144982284,49.769323814138161],[6.642662059273174,49.769322401659274],[6.642592668728986,49.769320989138848],[6.642594849203039,49.769276055177208],[6.642525458728371,49.769274642617489],[6.642456068259182,49.769273230016239],[6.642458248855831,49.76922829605865],[6.642388858456162,49.769226883418106],[6.642319468061971,49.769225470736046],[6.642321648781217,49.769180536782493],[6.642252258456545,49.769179124061139],[6.642182868137353,49.769177711298262],[6.642185048979194,49.769132777348744],[6.642115658729521,49.769131364546574],[6.64204626848533,49.769129951702872],[6.64197687824662,49.769128538817647],[6.641979059275092,49.76908360487441],[6.641909669105901,49.769082191949899],[6.64184027894219,49.769080778983863],[6.641842460093255,49.769035845044669],[6.641773069999065,49.769034432039334],[6.641703679910355,49.769033018992474],[6.641705861184014,49.768988085057316],[6.641636471164824,49.768986671971163],[6.641567081151115,49.768985258843486],[6.641569262547367,49.768940324912386],[6.641499872603177,49.768938911745416],[6.641430482664469,49.768937498536921],[6.641432664183312,49.768892564609871],[6.641363274314124,49.768891151362077],[6.641293884450419,49.768889738072765],[6.641296066091853,49.768844804149744],[6.641226676297665,49.768843390821146],[6.641157286508963,49.768841977451018],[6.641159468272988,49.768797043532047],[6.641090078553802,49.768795630122625],[6.641020688840102,49.768794216671679],[6.641022870726715,49.768749282756758],[6.640953481082533,49.768747869266527],[6.640884091443837,49.768746455734764],[6.64088627345304,49.768701521823878],[6.64081688388386,49.76870010825283],[6.640747494320167,49.768698694640257],[6.640749676451957,49.768653760733429],[6.640680286957783,49.768652347081542],[6.640682469148126,49.768607413176539],[6.640613079723471,49.768605999485381],[6.640543690304298,49.768604585752705],[6.64054587261723,49.768559651851724],[6.640476483267578,49.768558238079748],[6.640407093923412,49.768556824266255],[6.640409276358929,49.768511890369332],[6.640339887084281,49.768510476516539],[6.640270497815119,49.768509062622222],[6.640272680373222,49.768464128729349],[6.640203291173579,49.768462714795746],[6.640205473790233,49.768417780904677],[6.64013608466011,49.768416366931788],[6.640066695535472,49.768414952917375],[6.640068878274709,49.768370019030357],[6.639999489219592,49.768368604976629],[6.64000167201738,49.768323671091444],[6.639932283031782,49.768322256998452],[6.639862894051671,49.768320842863922],[6.639865076972042,49.768275908982773],[6.639795688061449,49.768274494808956],[6.639726299156345,49.768273080593616],[6.639728482199298,49.768228146716517],[6.639659093363712,49.768226732461883],[6.639661276465215,49.768181798586603],[6.639591887699148,49.768180384292684],[6.639594070859199,49.768135450419216],[6.639524682162653,49.768134036086003],[6.639455293471594,49.768132621711274],[6.639457476754226,49.768087687841849],[6.639388088132688,49.768086273427819],[6.639390271473867,49.76804133956022],[6.639320882921847,49.768039925106905],[6.639251494375315,49.768038510612087],[6.639253677839074,49.767993576748509],[6.639184289362063,49.767992162214398],[6.639186472884368,49.767947228352639],[6.639117084476876,49.767945813779242],[6.639047696074871,49.7679443991643],[6.639049879719756,49.767899465306613],[6.638980491387271,49.767898050652391],[6.638911103060274,49.767896635956653],[6.638913286827737,49.767851702102988],[6.638843898570261,49.767850287367963],[6.638846082396268,49.767805353516131],[6.638776694208312,49.767803938741814],[6.638707306025846,49.767802523925958],[6.638709489974429,49.767757590078183],[6.638711673917527,49.767712656229975],[6.638642285868612,49.767711241377079],[6.638572897825186,49.767709826482665],[6.638575081890858,49.767664892638514],[6.638505693916952,49.767663477704801],[6.638436305948535,49.767662062729578],[6.638438490136783,49.767617128889476],[6.638369102237886,49.767615713874953],[6.638371286484677,49.767570780036657],[6.638301898655301,49.767569364982862],[6.638304082960635,49.767524431146398],[6.638234695200778,49.767523016053303],[6.638236879564655,49.767478082218631],[6.638167491874319,49.76747666708625],[6.638169676296739,49.76743173325341],[6.638100288675923,49.76743031808175],[6.638102473156886,49.767385384250723],[6.638033085605588,49.767383969039784],[6.638035270145093,49.767339035210561],[6.637965882663316,49.767337619960323],[6.637968067261363,49.767292686132933],[6.637898679849105,49.767291270843401],[6.637900864505691,49.767246337017816],[6.637831477162956,49.76724492168902],[6.637833661878084,49.76719998786524],[6.637764274604868,49.767198572497144],[6.637766459378536,49.76715363867519],[6.63769707217484,49.767152223267807],[6.637699257007048,49.767107289447679],[6.637629869872872,49.767105874001011],[6.63763205476362,49.767060940182688],[6.637562667698964,49.767059524696734],[6.637564852648253,49.76701459088023],[6.637567037592051,49.766969657063314],[6.637497650660943,49.766968241540312],[6.637499835663282,49.766923307725193],[6.637430448801692,49.766921892162898],[6.637361061945594,49.766920476559093],[6.6373632470705,49.766875542748032],[6.637365432189916,49.766830608936566],[6.637296045467366,49.766829193295699],[6.637298230645321,49.76678425948603],[6.63722884399229,49.766782843805899],[6.637231029228782,49.766737909998035],[6.63716164264527,49.766736494278618],[6.6371638279403,49.766691560472594],[6.637094441426308,49.766690144713884],[6.637096626779876,49.766645210909672],[6.637027240335403,49.766643795111662],[6.637029425747508,49.766598861309255],[6.637031611154121,49.766553927506443],[6.636962224843195,49.766552511671406],[6.636964410308345,49.766507577870399],[6.636895024066937,49.766506161996077],[6.636897209590623,49.766461228196881],[6.636827823418734,49.766459812283273],[6.636830009000958,49.766414878485904],[6.636760622898588,49.766413462533009],[6.636762808539347,49.766368528737452],[6.636693422506497,49.766367112745279],[6.636695608205788,49.76632217895154],[6.636626222242458,49.766320762920074],[6.636628408000286,49.766275829128148],[6.636630593752622,49.766230895335795],[6.636561207922837,49.766229479267288],[6.636563393733707,49.766184545476776],[6.63649400797344,49.766183129368976],[6.636496193842844,49.766138195580261],[6.636426808152095,49.766136779433197],[6.636428994080035,49.766091845646294],[6.636359608458803,49.766090429459943],[6.636361794445277,49.766045495674852],[6.636292408893564,49.766044079449223],[6.636294594938571,49.765999145665958],[6.636296780978086,49.765954211882274],[6.636227395559915,49.76595279561959],[6.636229581657962,49.765907861837725],[6.636160196309311,49.765906445535762],[6.636162382465891,49.765861511755709],[6.636092997186758,49.765860095414467],[6.636095183401869,49.765815161636233],[6.636025798192255,49.765813745255699],[6.636027984465898,49.765768811479283],[6.635958599325803,49.76576739505947],[6.635960785657977,49.765722461284859],[6.6358914005874,49.765721044825767],[6.635893586978105,49.76567611105299],[6.635824201977044,49.765674694554619],[6.63582638842628,49.765629760783654],[6.635757003494739,49.765628344245989],[6.635759190002505,49.765583410476843],[6.635689805140482,49.7655819938999],[6.635691991706778,49.765537060132573],[6.635622606914274,49.765535643516351],[6.635624793539099,49.765490709750843],[6.635555408816113,49.765489293095342],[6.63555759549947,49.765444359331632],[6.635488210846,49.765442942636852],[6.635490397587884,49.765398008874975],[6.635421013003934,49.765396592140902],[6.635423199804348,49.765351658380844],[6.635353815289914,49.7653502416075],[6.635356002148857,49.765305307849268],[6.635286617703941,49.765303891036645],[6.635288804621412,49.76525895728021],[6.635219420246014,49.765257540428301],[6.635221607222012,49.765212606673693],[6.635152222916132,49.765211189782505],[6.635154409950659,49.765166256029701],[6.635085025714297,49.765164839099235],[6.63508721280735,49.765119905348271],[6.635017828640505,49.765118488378526],[6.635020015792086,49.765073554629367],[6.635022202938171,49.765028620879789],[6.634952818904866,49.765027203872997],[6.634955006109478,49.764982270125238],[6.634885622145689,49.764980853079173],[6.634887809408828,49.764935919333233],[6.634818425514558,49.76493450224789],[6.634820612836221,49.764889568503762],[6.634751229011467,49.764888151379125],[6.634753416391656,49.764843217636823],[6.634755603766351,49.764798283894095],[6.634686220075136,49.764796866732425],[6.634688407508356,49.764751932991516],[6.634619023886657,49.764750515790574],[6.634621211378402,49.764705582051484],[6.63455182782622,49.764704164811256],[6.634554015376488,49.764659231073978],[6.634556202921263,49.764614297336287],[6.634486819502617,49.764612880059033],[6.634489007105914,49.76456794632314],[6.634491194703716,49.764523012586849],[6.634421811418608,49.764521595272541],[6.634423999074933,49.764476661538069],[6.634426186725762,49.764431727803164],[6.634356803574188,49.764430310451822],[6.63435899128354,49.764385376718749],[6.634361178987398,49.764340442985237],[6.634363366685759,49.764295509251319],[6.634293983731738,49.764294091865175],[6.634296171488621,49.764249158133062],[6.63429835924001,49.764204224400544],[6.634228976419522,49.764202806977352],[6.634231164229432,49.764157873246653],[6.634161781478462,49.764156455784189],[6.634163969346893,49.764111522055302],[6.634166157209829,49.764066588325996],[6.634096774592391,49.764065170826484],[6.634098962513846,49.764020237099004],[6.634103338340272,49.76393036964275],[6.63410552624524,49.763885435913998],[6.634107714144711,49.763840502184827],[6.634038331852856,49.763839084655004],[6.634040519810847,49.763794150927652],[6.633971137588508,49.763792733358564],[6.633973325605019,49.763747799633023],[6.633975513616035,49.763702865907057],[6.633906131527226,49.763701448300914],[6.633908319596759,49.76365651457678],[6.633838937577465,49.763655096931366],[6.633769555563668,49.763653679244449],[6.633771743755737,49.763608745524358],[6.633702361811457,49.763607327798148],[6.633704550062045,49.763562394079898],[6.633706738307136,49.763517460361207],[6.633637356496385,49.763516042597971],[6.633639544799994,49.763471108881113],[6.633570163058757,49.763469691078583],[6.633572351420885,49.763424757363538],[6.633502969749163,49.763423339521736],[6.633505158169807,49.763378405808524],[6.633507346584954,49.763333472094871],[6.633437965046761,49.763332054216043],[6.633440153520425,49.763287120504209],[6.633442341988593,49.763242186791963],[6.633372960583928,49.763240768876102],[6.633375149110612,49.763195835165661],[6.633377337631798,49.763150901454807],[6.633307956360661,49.763149483501905],[6.633310144940362,49.763104549792878],[6.633312333514566,49.763059616083424],[6.633242952376957,49.763058198093489],[6.633245141009677,49.763013264385847],[6.633247329636898,49.762968330677793],[6.633249518258623,49.76292339696932],[6.633180137318553,49.76292197894459],[6.633182325998793,49.762877045237929],[6.633184514673533,49.762832111530841],[6.633186703342777,49.762787177823348],[6.633117322600245,49.76278575976383],[6.633119511328004,49.762740826058142],[6.633121700050262,49.762695892352042],[6.633123888767024,49.762650958645523],[6.63305450822203,49.762649540551195],[6.633056696997305,49.762604606846494],[6.633058885767083,49.762559673141375],[6.632989505355612,49.762558255010013],[6.632991694183902,49.762513321306706],[6.632993883006694,49.762468387602972],[6.632924502728748,49.762466969434598],[6.63292888048586,49.762377102030364],[6.632931069356168,49.762332168327625],[6.632933258220978,49.762287234624438],[6.632863878204575,49.762285816423507],[6.632866067127898,49.762240882722153],[6.632868256045721,49.762195949020388],[6.632870444958045,49.762151015318189],[6.632872633864872,49.76210608161557],[6.6328748227662,49.762061147912547],[6.632877011662029,49.762016214209076],[6.632946391294371,49.762017632396578],[6.632948580120693,49.761972698690442],[6.632950768941515,49.761927764983902],[6.632881389437193,49.761926346800884],[6.632883578316527,49.76188141309617],[6.632885767190364,49.761836479391022],[6.63281638781956,49.761835061170984],[6.632818576751906,49.76179012746767],[6.632820765678754,49.761745193763922],[6.632822954600103,49.761700260059747],[6.632753575426827,49.761698841804915],[6.632755764406685,49.761653908102573],[6.632757953381045,49.761608974399799],[6.632760142349907,49.761564040696612],[6.632762331313272,49.761519106992999],[6.632692952401529,49.761517688705617],[6.632695141423401,49.761472755003837],[6.632697330439775,49.761427821301609],[6.63269951945065,49.761382887598984],[6.632630140736432,49.761381469276813],[6.632632329805816,49.761336535576],[6.632634518869701,49.76129160187476],[6.632565140288999,49.761290183515548],[6.63256732941139,49.761245249816135],[6.632569518528285,49.761200316116309],[6.632500140081097,49.761198897720064],[6.6325023292565,49.76115396402205],[6.632504518426401,49.76110903032361],[6.632435140112729,49.761107611890345],[6.632437329341139,49.761062678193724],[6.632439518564048,49.761017744496691],[6.632441707781461,49.760972810799231],[6.632372329665308,49.760971392331172],[6.632374518941225,49.760926458635531],[6.632376708211643,49.760881524939478],[6.632307330229002,49.760880106434385],[6.632309519557928,49.76083517274013],[6.632311708881354,49.760790239045477],[6.632242331032226,49.76078882050335],[6.632244520414157,49.760743886810523],[6.632246709790588,49.760698953117249],[6.632177332074972,49.760697534538103],[6.632179521509908,49.760652600846662],[6.632181710939346,49.760607667154801],[6.632183900363283,49.760562733462507],[6.632114522845184,49.760561314848566],[6.632116712327625,49.760516381158105],[6.632118901804566,49.760471447467225],[6.632049524419977,49.760470028816258],[6.632051713955422,49.760425095127189],[6.632053903485369,49.760380161437688],[6.63198452623429,49.760378742749708],[6.63198671582274,49.76033380906204],[6.631917338641165,49.760332390334774],[6.631919528288119,49.760287456648932],[6.631921717929573,49.760242522962649],[6.631852340881506,49.760241104198357],[6.631854530581464,49.760196170513915],[6.631856720275919,49.760151236829046],[6.631787343361362,49.76014981802772],[6.63178953311432,49.76010488434467],[6.631791722861778,49.760059950661208],[6.631722346080728,49.760058531822857],[6.631724535886689,49.760013598141207],[6.631726725687148,49.759968664459123],[6.631657349039607,49.759967245583752],[6.631659538898567,49.759922311903509],[6.63159016232053,49.759920892988859],[6.631592352237993,49.759875959310421],[6.631594542149955,49.75983102563157],[6.631525165705423,49.759829606679894],[6.631527355675887,49.759784673002869],[6.631529545640848,49.759739739325418],[6.631460169329824,49.759738320336723],[6.631462359353285,49.759693386661077],[6.631464549371246,49.759648452985026],[6.631395173193727,49.759647033959304],[6.631397363270188,49.759602100285065],[6.631327987162174,49.759600681220071],[6.631330177297133,49.759555747547665],[6.631332367426591,49.759510813874826],[6.631262991452082,49.759509394772806],[6.631265181640039,49.759464461101793],[6.631267371822495,49.75941952743036],[6.63119799598149,49.759418108291314],[6.631200186222444,49.7593731746217],[6.631202376457898,49.759328240951668],[6.631133000750396,49.759326821775581],[6.631135191044347,49.759281888107381],[6.631065815406349,49.759280468892037],[6.631068005758799,49.759235535225642],[6.631070196105745,49.759190601558828],[6.631000820601249,49.759189182306464],[6.631003011006693,49.759144248641476],[6.631005201406636,49.759099314976055],[6.630935826035644,49.759097895686658],[6.630938016494083,49.75905296202307],[6.63094020694702,49.759008028359055],[6.630870831709529,49.759006609032646],[6.630873022220962,49.75896167537045],[6.630875212726894,49.758916741707829],[6.630805837622904,49.758915322344393],[6.630808028187332,49.758870388683611],[6.630738653152844,49.758868969280897],[6.630740843775768,49.758824035621913],[6.630743034393188,49.758779101962524],[6.6306736594922,49.758777682522791],[6.630675850168116,49.758732748865221],[6.630678040838528,49.758687815207225],[6.630608666071041,49.758686395730471],[6.630610856799949,49.758641462074301],[6.630541482101966,49.758640042558277],[6.630543672889367,49.758595108903933],[6.630545863671267,49.758550175249155],[6.630476489106781,49.758548755696118],[6.630478679947173,49.75850382204316],[6.630480870782064,49.758458888389789],[6.630411496351076,49.758457468799719],[6.63041368724446,49.758412535148167],[6.630415878132339,49.758367601496204],[6.630346503834851,49.758366181869107],[6.630348694781224,49.758321248218955],[6.630279320553238,49.758319828552594],[6.630281511558104,49.758274894904268],[6.630212137399618,49.758273475198642],[6.630214328462976,49.758228541552135],[6.630216519520831,49.75818360790521],[6.630147145495844,49.758182188162564],[6.630149336612189,49.75813725451745],[6.630151527723032,49.758092320871931],[6.63008215383154,49.758090901092267],[6.630084345000874,49.758045967448552],[6.630086536164704,49.758001033804426],[6.630088727323031,49.75795610015988],[6.630019353629031,49.757954680345435],[6.630021544845848,49.757909746702701],[6.629952171221347,49.757908326848991],[6.629954362496655,49.75786339320809],[6.629956553766458,49.757818459566778],[6.629887180275453,49.757817039676034],[6.629889371603746,49.757772106036533],[6.629891562926536,49.757727172396599],[6.629893754243821,49.757682238756246],[6.629824380950304,49.757680818830742],[6.629826572326079,49.757635885192222],[6.62982876369635,49.757590951553269],[6.629830955061115,49.75754601791391],[6.629761581965085,49.757544597953625],[6.62976377338834,49.757499664316079],[6.62976596480609,49.757454730678113],[6.629696591843552,49.757453310680795],[6.629698783319791,49.757408377044662],[6.629700974790524,49.757363443408082],[6.62963160196148,49.757362023373759],[6.629633793490701,49.757317089739011],[6.629635985014419,49.757272156103852],[6.629566612318864,49.757270736032503],[6.62956880390107,49.757225802399162],[6.629499431275014,49.757224382288548],[6.629501622915705,49.75717944865702],[6.629503814550893,49.757134515025086],[6.629506006180576,49.757089581392719],[6.629508197804753,49.75704464775994],[6.629510389423427,49.756999714126728],[6.629512581036593,49.75695478049311],[6.629581953278701,49.75695620059026],[6.629584144822374,49.756911266953956],[6.62958633636054,49.756866333317255],[6.629516964246415,49.756864913224597],[6.629519155843069,49.756819979589693],[6.629521347434218,49.756775045954384],[6.629451975453581,49.7567736258247],[6.629454167103215,49.75672869219121],[6.629456358747345,49.756683758557287],[6.629386986900195,49.75668233839059],[6.629389178602809,49.7566374047585],[6.629319806825155,49.756635984552538],[6.629321998586255,49.756591050922282],[6.629324190341848,49.756546117291585],[6.629326382091937,49.756501183660475],[6.62925701051176,49.75649976341974],[6.629259202320333,49.756454829790449],[6.629261394123401,49.756409896160733],[6.629263585920963,49.756364962530625],[6.629194214538261,49.756363542255102],[6.629196406394307,49.756318608626799],[6.629127035081102,49.756317188312018],[6.629057663773402,49.756315767955755],[6.629059855751921,49.756270834331495],[6.62912922699563,49.756272254685541],[6.629131418904653,49.756227321058624],[6.629133610808172,49.756182387431302],[6.629064239692439,49.756180967081754],[6.629066431654439,49.756136033456244],[6.629068623610934,49.756091099830321],[6.628999252628685,49.756089679443754],[6.629001444643662,49.756044745819658],[6.629003636653134,49.755999812195121],[6.6290058286571,49.755954878570179],[6.62893645787232,49.755953458148845],[6.628938649934767,49.755908524525715],[6.628940841991709,49.755863590902166],[6.628943034043144,49.755818657278205],[6.628873663455834,49.755817236822104],[6.628875855565751,49.755772303199954],[6.628878047670161,49.755727369577393],[6.628880239769066,49.755682435954405],[6.628810869379223,49.75568101546353],[6.62881306153661,49.755636081842347],[6.628815253688487,49.755591148220766],[6.628745883432127,49.755589727692872],[6.628748075642485,49.75554479407311],[6.628750267847338,49.755499860452922],[6.628752460046683,49.755454926832329],[6.628754652240525,49.755409993211288],[6.628685282245613,49.755408572650872],[6.628687474497933,49.75536363903165],[6.628689666744745,49.75531870541203],[6.628691858986052,49.755273771791991],[6.628694051221853,49.755228838171512],[6.628696243452147,49.755183904550634],[6.628698435676935,49.755138970929316],[6.628700627896218,49.755094037307572],[6.628702820109993,49.755049103685423],[6.628633450632468,49.755047683101445],[6.628635642904722,49.755002749481122],[6.62864002743271,49.754912882239189],[6.628642219688444,49.754867948617601],[6.628572850472363,49.754866528001088],[6.628575042786574,49.754821594381319],[6.62857723509528,49.754776660761124],[6.628579427398479,49.754731727140509],[6.628510058379854,49.754730306489236],[6.628512250741529,49.754685372870448],[6.628514443097698,49.754640439251233],[6.628516635448362,49.754595505631599],[6.628518827793517,49.754550572011539],[6.628449459036331,49.754549151327744],[6.628451651439963,49.754504217709517],[6.628453843838089,49.754459284090856],[6.628456036230707,49.754414350471777],[6.628458228617818,49.754369416852278],[6.62838886012207,49.754367996135969],[6.628391052567657,49.754323062518282],[6.628393245007737,49.754278128900197],[6.628395437442311,49.754233195281664],[6.628397629871378,49.754188261662733],[6.628328261637063,49.754186840913881],[6.628330454124603,49.754141907296784],[6.628332646606638,49.754096973679239],[6.628334839083165,49.754052040061268],[6.6282654710463,49.754050619277656],[6.628267663581301,49.754005685661532],[6.628269856110796,49.753960752044968],[6.628200488207401,49.753959331224344],[6.628131120309514,49.753957910362232],[6.628133312961462,49.753912976749731],[6.628063945133065,49.75391155584834],[6.628066137843486,49.75386662223768],[6.628068330548397,49.753821688626594],[6.628070523247803,49.753776755015089],[6.628072715941701,49.753731821403164],[6.628074908630093,49.753686887790799],[6.628077101312977,49.753641954178022],[6.628007733873965,49.7536405332486],[6.628009926615321,49.753595599637656],[6.628079293990353,49.753597020564825],[6.628081486662223,49.75355208695121],[6.628012119351169,49.753550666026285],[6.62801431208151,49.753505732414496],[6.628018697525669,49.753415865189645],[6.628020890239489,49.753370931576576],[6.627951523189856,49.75336951061913],[6.627953715962146,49.753324577007909],[6.627955908728928,49.753279643396233],[6.627958101490202,49.753234709784167],[6.627960294245971,49.753189776171666],[6.627890927457758,49.753188355181706],[6.627893120271994,49.753143421571025],[6.627895313080725,49.753098487959939],[6.627897505883947,49.753053554348405],[6.627901891473869,49.752963687124115],[6.627904084260568,49.752918753511331],[6.627906277041761,49.75287381989812],[6.627908469817447,49.752828886284497],[6.627910662587625,49.752783952670441],[6.627912855352296,49.752739019055966],[6.627915048111458,49.752694085441092],[6.627984414195931,49.752695506406354],[6.627986606885612,49.752650572788795],[6.627988799569784,49.75260563917081],[6.628058165531817,49.752607060090099],[6.628060358146508,49.752562126469456],[6.62806474335937,49.752472259226892],[6.628066935957539,49.752427325604984],[6.628069128550204,49.752382391982657],[6.62807351371901,49.752292524736745],[6.628077898865791,49.752202657489114],[6.628008533479528,49.752201236590039],[6.628010726108632,49.75215630296784],[6.628012918732228,49.752111369345229],[6.628015111350318,49.752066435722192],[6.6280173039629,49.752021502098742],[6.628019496569976,49.751976568474859],[6.628021689171545,49.751931634850543],[6.628023881767607,49.751886701225828],[6.627954516834667,49.751885280300961],[6.627956709489195,49.751840346678073],[6.627887344625734,49.751838925713948],[6.627889537338728,49.751793992092864],[6.627891730046214,49.751749058471383],[6.627893922748192,49.751704124849461],[6.627896115444664,49.751659191227112],[6.627898308135629,49.751614257604359],[6.627900500821086,49.751569323981172],[6.627904886175481,49.751479456733541],[6.627907078844419,49.75143452310909],[6.627909271507848,49.751389589484212],[6.627911464165771,49.751344655858929],[6.627913656818187,49.75129972223322],[6.627915849465096,49.751254788607078],[6.627920234742394,49.751164921353542],[6.627924619997664,49.75107505409833],[6.627926812617039,49.751030120470084],[6.627931197839267,49.750940253212342],[6.627861834260733,49.750938832251627],[6.627864026927555,49.750893898624369],[6.627866219588872,49.750848964996678],[6.627868412244683,49.750804031368574],[6.627870604894986,49.750759097740044],[6.627872797539782,49.750714164111102],[6.627874990179071,49.750669230481734],[6.627877182812854,49.750624296851932],[6.627807819687607,49.750622875865446],[6.627810012379851,49.750577942237484],[6.627812205066588,49.750533008609082],[6.627814397747818,49.750488074980275],[6.627745034819986,49.750486653959015],[6.627747227559676,49.750441720332027],[6.627749420293859,49.75039678670462],[6.627751613022534,49.750351853076801],[6.627682250292112,49.750350432020781],[6.627684443079248,49.750305498394773],[6.627688828636999,49.750215631141494],[6.627691021407615,49.750170697514214],[6.627693214172723,49.75012576388653],[6.627695406932323,49.750080830258412],[6.62762604459121,49.750079409174376],[6.627628237409268,49.750034475548077],[6.627630430221821,49.749989541921373],[6.627632623028866,49.749944608294228],[6.627634815830405,49.749899674666672],[6.627637008626436,49.749854741038696],[6.627641394201976,49.749764873781487],[6.627643586981485,49.749719940152247],[6.627645779755487,49.74967500652258],[6.627576417995571,49.749673585417248],[6.627578610828031,49.749628651789415],[6.627580803654983,49.749583718161148],[6.627582996476429,49.749538784532469],[6.627585189292367,49.749493850903363],[6.627587382102798,49.749448917273838],[6.62759176770714,49.749359050013531],[6.627596153289452,49.749269182751526],[6.627598346072348,49.749224249119898],[6.627528984957579,49.749222827995517],[6.627533370634774,49.74913296073548],[6.627535563465113,49.749088027104818],[6.627537756289942,49.749043093473759],[6.627539949109265,49.748998159842259],[6.627542141923081,49.74895322621034],[6.62754433473139,49.748908292578008],[6.627546527534191,49.748863358945243],[6.627548720331487,49.748818425312059],[6.627550913123274,49.748773491678463],[6.627555298690328,49.748683624409985],[6.627557491465595,49.748638690775138],[6.627488131187839,49.748637269638444],[6.627492516849773,49.748547402371933],[6.627494709672479,49.748502468738046],[6.627496902489679,49.748457535103739],[6.627505673703405,49.748277800562292],[6.62750786649307,49.748232866925875],[6.627510059277227,49.748187933289032],[6.627521023115408,49.747963265098527],[6.627525408612133,49.747873397819369],[6.627529794086831,49.747783530538527],[6.627538564970144,49.747603795971798],[6.627540757677205,49.747558862329058],[6.62754733576535,49.747424061398313],[6.627549528450384,49.747379127753888],[6.627553913803935,49.747289260463766],[6.62755610647245,49.747244326818084],[6.62756049179296,49.74715445952544],[6.627562684444956,49.747109525878479],[6.627564877091443,49.747064592231119],[6.627567069732426,49.747019658583305],[6.627573647622336,49.746884857637397],[6.627575840241293,49.746839923987906],[6.627578032854742,49.74679499033801],[6.627580225462686,49.746750056687681],[6.627582418065123,49.746705123036939],[6.62765177559271,49.746706544077071],[6.627653968125688,49.746661610423665],[6.627656160653159,49.746616676769833],[6.627658353175124,49.746571743115574],[6.627662738202536,49.746481875805792],[6.627664930707982,49.746436942150275],[6.627667123207922,49.746392008494325],[6.627669315702357,49.746347074837963],[6.627671508191285,49.746302141181175],[6.627678085625034,49.746167340208281],[6.627680278091939,49.746122406549816],[6.627682470553336,49.74607747289091],[6.627684663009229,49.746032539231607],[6.627689047904497,49.745942671911706],[6.627691240343871,49.745897738251116],[6.62769343277774,49.745852804590136],[6.627762789095738,49.745854225546118],[6.62776498146015,49.745809291882459],[6.627767173819056,49.745764358218374],[6.627769366172457,49.745719424553862],[6.627771558520353,49.745674490888923],[6.627778135531004,49.745539689891594],[6.627780327856877,49.745494756224986],[6.627782520177243,49.745449822557944],[6.627784712492106,49.745404888890469],[6.627786904801462,49.74535995522259],[6.627789097105313,49.745315021554291],[6.627791289403658,49.745270087885558],[6.627793481696497,49.745225154216413],[6.627795673983832,49.74518022054685],[6.627797866265661,49.745135286876859],[6.627802250812802,49.745045419535607],[6.627804443078115,49.74500048586436],[6.627806635337922,49.744955552192685],[6.627811019841021,49.744865684848065],[6.627813212084313,49.744820751175119],[6.627882566936989,49.744822172037999],[6.627884759110829,49.744777238362381],[6.627886951279162,49.744732304686366],[6.627889143441991,49.744687371009903],[6.627891335599315,49.744642437333034],[6.627893527751134,49.744597503655747],[6.627895719897447,49.744552569978026],[6.627900104173559,49.744462702621327],[6.627902296303358,49.744417768942341],[6.627904488427652,49.744372835262944],[6.627906680546441,49.744327901583127],[6.627908872659725,49.744282967902876],[6.627911064767503,49.744238034222214],[6.627980418794387,49.744239455014416],[6.627982610832715,49.744194521331096],[6.62798480286554,49.744149587647343],[6.627986994892859,49.744104653963163],[6.627989186914673,49.744059720278571],[6.627991378930983,49.744014786593553],[6.627993570941789,49.743969852908116],[6.627995762947091,49.743924919222252],[6.627997954946887,49.743879985535969],[6.628002338929965,49.743790118162146],[6.628004530913249,49.743745184474598],[6.628013298791333,49.743565449720201],[6.628015490747094,49.743520516030543],[6.62801768269735,49.743475582340459],[6.628019874642101,49.743430648649962],[6.62802425851509,49.743340781267705],[6.628026450443329,49.743295847575951],[6.628028642366062,49.743250913883756],[6.628097994991696,49.743252334585101],[6.628100186844984,49.743207400890256],[6.628102378692768,49.743162467194992],[6.628104570535047,49.743117533499294],[6.628106762371822,49.743072599803178],[6.628037410001955,49.743071179110807],[6.628039601897166,49.743026245416523],[6.628041793786875,49.742981311721813],[6.628043985671079,49.74293637802667],[6.628113337849124,49.742937798712312],[6.628115529663883,49.742892865014511],[6.62811991327689,49.742802997617645],[6.628122105075137,49.742758063918579],[6.628052753152852,49.742756643241925],[6.628054945009535,49.742711709544679],[6.62812429686788,49.742713130219087],[6.62812648865512,49.742668196519183],[6.628057136860714,49.74266677584702],[6.628061520546559,49.742576908450424],[6.628063712381226,49.742531974751508],[6.628065904210389,49.742487041052151],[6.628070287852202,49.742397173652186],[6.628072479664852,49.742352239951586],[6.628076863273642,49.742262372549085],[6.628146214492597,49.74226379320104],[6.628148406224798,49.742218859496923],[6.628150597951495,49.742173925792379],[6.628152789672687,49.742128992087423],[6.628154981388377,49.742084058382034],[6.628157173098563,49.742039124676225],[6.628159364803245,49.741994190969997],[6.628161556502422,49.741949257263336],[6.628163748196098,49.74190432355627],[6.62817251491576,49.741724588723763],[6.628174706581916,49.741679655014586],[6.628176898242571,49.741634721304976],[6.62817908989772,49.741589787594954],[6.628181281547366,49.741544853884513],[6.628185664830147,49.741454986462372],[6.628187856463283,49.741410052750645],[6.628190048090914,49.74136511903852],[6.628259398036644,49.741366539604108],[6.628261589594837,49.741321605889325],[6.628263781147528,49.741276672174102],[6.628265972694716,49.741231738458467],[6.6282681642364,49.741186804742405],[6.62827035577258,49.741141871025917],[6.628201006146526,49.741140450471534],[6.628203197741137,49.741095516756886],[6.628205389330246,49.74105058304179],[6.628207580913852,49.741005649326297],[6.628214155631649,49.740870848177252],[6.62821634719324,49.740825914460075],[6.628218538749329,49.740780980742464],[6.628220730299916,49.740736047024427],[6.628222921844999,49.740691113305985],[6.628225113384578,49.740646179587117],[6.628155764467294,49.740644759015943],[6.628157956065302,49.740599825298879],[6.628160147657808,49.740554891581418],[6.628162339244811,49.740509957863516],[6.628166722402305,49.740420090426461],[6.628168913972798,49.740375156707309],[6.628171105537787,49.74033022298773],[6.628173297097275,49.740285289267717],[6.628175488651257,49.7402403555473],[6.628179871742714,49.740150488105193],[6.628182063280189,49.74010555438349],[6.628186446338626,49.740015686938854],[6.628190829375054,49.739925819492527],[6.628193020885011,49.739880885768734],[6.628195212389468,49.739835952044515],[6.628264560155994,49.739837372575295],[6.628266751591017,49.739792438848418],[6.628268943020537,49.739747505121102],[6.628271134444556,49.739702571393373],[6.628273325863069,49.739657637665225],[6.62820397835226,49.739656217143441],[6.628206169829201,49.739611283417105],[6.62820836130064,49.73956634969035],[6.628210552766575,49.739521415963203],[6.628212744227007,49.739476482235602],[6.628214935681937,49.739431548507596],[6.628217127131363,49.739386614779164],[6.628219318575288,49.739341681050306],[6.628221510013709,49.739296747321028],[6.628223701446626,49.739251813591345],[6.628228084295956,49.739161946130679],[6.628230275712366,49.739117012399717],[6.628160928974196,49.739115591863367],[6.628163120449031,49.739070658134224],[6.628232467123273,49.739072078668336],[6.628234658528678,49.739027144936536],[6.62823684992858,49.738982211204316],[6.62823904132298,49.738937277471663],[6.628169694840517,49.738935856944295],[6.628171886293341,49.738890923213461],[6.628174077740661,49.738845989482215],[6.628176269182479,49.738801055750542],[6.628178460618794,49.738756122018451],[6.628180652049606,49.738711188285954],[6.628182843474915,49.738666254553017],[6.628185034894723,49.738621320819668],[6.628187226309027,49.738576387085885],[6.628189417717828,49.738531453351698],[6.6281200718162,49.738530032803041],[6.628122263283425,49.738485099070672],[6.628124454745146,49.73844016533787],[6.628126646201364,49.738395231604649],[6.628128837652079,49.738350297871023],[6.628133220537002,49.738260430402484],[6.628202566055085,49.738261850937661],[6.628204757425368,49.738216917200518],[6.62820694879015,49.738171983462948],[6.628209140149429,49.738127049724952],[6.628139794823118,49.738125629196496],[6.628141986240817,49.738080695460333],[6.628144177653015,49.738035761723744],[6.62814636905971,49.737990827986735],[6.628148560460901,49.737945894249307],[6.62815075185659,49.737900960511453],[6.628081406855399,49.73789953995275],[6.628083598309509,49.737854606216708],[6.628085789758115,49.73780967248026],[6.62808798120122,49.737764738743387],[6.628090172638822,49.737719805006087],[6.62809236407092,49.737674871268375],[6.628094555497516,49.73762993753023],[6.628096746918611,49.737585003791679],[6.628098938334202,49.737540070052702],[6.628101129744291,49.737495136313299],[6.628103321148877,49.737450202573463],[6.628105512547959,49.737405268833228],[6.628107703941541,49.737360335092553],[6.62810989532962,49.737315401351466],[6.628040551164914,49.737313980780442],[6.62804274261141,49.737269047041181],[6.628044934052403,49.737224113301501],[6.628047125487896,49.737179179561387],[6.628051508342372,49.737089312079902],[6.628053699761355,49.737044378338531],[6.628055891174836,49.736999444596741],[6.627986547463075,49.736998023999959],[6.627988738934973,49.736953090259973],[6.627990930401368,49.736908156519597],[6.627993121862261,49.736863222778766],[6.627995313317651,49.736818289037529],[6.628064656773738,49.736819709625344],[6.628066848159706,49.736774775881443],[6.627997504767539,49.736773355295881],[6.627999696211925,49.736728421553792],[6.628001887650806,49.736683487811298],[6.628006270512066,49.736593620325031],[6.62800846193444,49.736548686581266],[6.627939118867368,49.736547265965442],[6.627941310348159,49.736502332223509],[6.627943501823447,49.736457398481136],[6.627945693293232,49.736412464738343],[6.627947884757514,49.736367530995153],[6.627950076216295,49.736322597251508],[6.627880733474314,49.736321176605436],[6.627882924991509,49.736276242863624],[6.6278851165032,49.736231309121401],[6.62788730800939,49.73618637537875],[6.627889499510076,49.736141441635681],[6.627820157029268,49.736140020957109],[6.627822348588367,49.736095087215865],[6.627824540141964,49.736050153474189],[6.627826731690059,49.736005219732093],[6.627828923232651,49.735960285989592],[6.62783111476974,49.735915352246657],[6.627833306301325,49.735870418503303],[6.627835497827409,49.73582548475953],[6.627837689347991,49.735780551015324],[6.627768347384011,49.735779130313233],[6.627770538963004,49.735734196570853],[6.627772730536495,49.73568926282806],[6.627774922104483,49.735644329084828],[6.627777113666967,49.735599395341204],[6.627779305223949,49.735554461597147],[6.627781496775429,49.735509527852663],[6.627712155200442,49.735508107122556],[6.627718730013606,49.735373305893305],[6.627720921606988,49.735328372149382],[6.627723113194867,49.735283438405034],[6.627725304777243,49.735238504660266],[6.627727496354118,49.735193570915087],[6.627658155232029,49.735192150159214],[6.627660346867313,49.735147216415839],[6.627662538497095,49.735102282672045],[6.627664730121372,49.735057348927839],[6.627595389196527,49.735055928137243],[6.627597580879215,49.735010994394855],[6.627599772556399,49.734966060652027],[6.62760196422808,49.734921126908816],[6.62760415589426,49.73487619316515],[6.627673496563458,49.734877613946786],[6.627675688160222,49.734832680200476],[6.627677879751483,49.73478774645374],[6.62760853921011,49.734786325676588],[6.627612922503946,49.734696458186342],[6.627615114142611,49.734651524440594],[6.627617305775773,49.734606590694405],[6.627619497403431,49.734561656947797],[6.627550157187115,49.73456023614041],[6.627552348873182,49.734515302395629],[6.627554540553746,49.734470368650427],[6.627556732228806,49.734425434904821],[6.627558923898363,49.734380501158775],[6.627561115562419,49.734335567412295],[6.627563307220971,49.73429063366541],[6.627493967393622,49.734289212830006],[6.627496159110581,49.734244279084947],[6.627498350822036,49.734199345339455],[6.627500542527988,49.734154411593565],[6.627502734228438,49.734109477847234],[6.627504925923385,49.734064544100477],[6.627435586421088,49.734063123234826],[6.627437778174439,49.734018189489909],[6.627439969922289,49.733973255744552],[6.627442161664636,49.733928321998782],[6.627444353401479,49.733883388252586],[6.62744654513282,49.733838454505978],[6.627377205955568,49.733837033610087],[6.627379397745313,49.73379209986529],[6.627381589529556,49.733747166120082],[6.627383781308295,49.733702232374441],[6.627385973081532,49.733657298628401],[6.627388164849264,49.733612364881921],[6.627318825997056,49.733610943955775],[6.627321017823194,49.733566010211113],[6.627323209643826,49.733521076466047],[6.627325401458958,49.733476142720548],[6.627327593268585,49.733431208974636],[6.627329785072709,49.733386275228291],[6.627331976871329,49.733341341481534],[6.627262638408067,49.733339920527378],[6.627264830265091,49.73329498678244],[6.627267022116611,49.733250053037089],[6.627269213962628,49.733205119291313],[6.627271405803143,49.733160185545103],[6.627273597638154,49.73311525179848],[6.627204259499926,49.733113830814077],[6.62720645139334,49.733068897069273],[6.627208643281249,49.733023963324058],[6.627210835163655,49.732979029578416],[6.627141497222648,49.732977608559274],[6.627143689163455,49.732932674815459],[6.627145881098761,49.732887741071202],[6.627148073028561,49.732842807326556],[6.62715026495286,49.732797873581461],[6.627152456871653,49.732752939835962],[6.627083119255674,49.732751518786571],[6.627085311232869,49.732706585042898],[6.62708750320456,49.732661651298798],[6.627089695170748,49.732616717554265],[6.627091887131432,49.732571783809327],[6.627022549776574,49.732570362727451],[6.627024741795657,49.73252542898431],[6.62702693380924,49.732480495240765],[6.627029125817316,49.732435561496807],[6.627031317819888,49.732390627752423],[6.626961980726147,49.732389206638054],[6.626964172787121,49.732344272895482],[6.62696636484259,49.732299339152497],[6.626968556892556,49.732254405409087],[6.626970748937017,49.732209471665257],[6.626901412104392,49.732208050518395],[6.62690360420725,49.732163116776398],[6.626905796304607,49.732118183033968],[6.62690798839646,49.732073249291119],[6.626910180482808,49.732028315547851],[6.626912372563654,49.731983381804149],[6.626843036056042,49.731981960627046],[6.626845228195284,49.731937026885177],[6.626847420329022,49.731892093142889],[6.626849612457258,49.731847159400182],[6.626780276146856,49.731845738188341],[6.626782468333487,49.731800804447452],[6.626784660514614,49.731755870706138],[6.626786852690238,49.731710936964419],[6.626789044860358,49.731666003222259],[6.626719708811063,49.731664581977931],[6.62672190103958,49.731619648237604],[6.626724093262592,49.731574714496851],[6.626726285480099,49.731529780755679],[6.626728477692104,49.731484847014087],[6.626659141903914,49.731483425737274],[6.626661334174313,49.731438491997494],[6.626663526439208,49.731393558257309],[6.626665718698599,49.731348624516684],[6.626667910952486,49.731303690775654],[6.626598575425399,49.731302269466347],[6.626600767737679,49.731257335727143],[6.626602960044457,49.731212401987506],[6.626605152345731,49.731167468247449],[6.626607344641499,49.731122534506973],[6.626538009375513,49.731121113165187],[6.626540201729676,49.73107617942653],[6.626542394078334,49.731031245687454],[6.626544586421489,49.730986311947952],[6.626475251352701,49.730984890571442],[6.62647744375425,49.730939956833772],[6.626479636150293,49.73089502309567],[6.626481828540832,49.730850089357148],[6.626412493669243,49.730848667945892],[6.626414686118175,49.730803734209204],[6.626416878561602,49.730758800472088],[6.626347543823314,49.730757379023856],[6.626349736325134,49.730712445288574],[6.626351928821448,49.730667511552866],[6.626354121312258,49.730622577816732],[6.626284786771167,49.730621156333761],[6.626286979320369,49.730576222599453],[6.626289171864064,49.730531288864725],[6.626219837456273,49.730529867344785],[6.626222030058361,49.730484933611876],[6.626224222654944,49.730439999878548],[6.626226415246022,49.730395066144794],[6.626157081035424,49.73039364459013],[6.626159273684892,49.730348710858202],[6.626161466328857,49.730303777125854],[6.626092132251556,49.730302355534199],[6.62609432495391,49.730257421803678],[6.626096517650759,49.730212488072738],[6.626027183706756,49.730211066444113],[6.626029376461993,49.730166132714984],[6.626031569211727,49.730121198985451],[6.626033761955954,49.730076265255491],[6.625964428209143,49.730074843592135],[6.625966621011759,49.730029909863987],[6.625968813808871,49.72998497613542],[6.625899480195354,49.729983554435101],[6.625901673050854,49.72993862070836],[6.625903865900849,49.7298936869812],[6.625906058745339,49.729848753253627],[6.625836725329012,49.729847331518563],[6.625838918231888,49.729802397792817],[6.62584111112926,49.729757464066637],[6.625771777846226,49.729756042294603],[6.625773970801985,49.729711108570235],[6.625776163752239,49.729666174845477],[6.625778356696986,49.729621241120284],[6.625709023611139,49.72961981931352],[6.625711216614274,49.729574885590146],[6.625713409611902,49.729529951866354],[6.625644076659347,49.729528530022613],[6.625646269715363,49.729483596300646],[6.625648462765872,49.729438662578247],[6.625650655810875,49.729393728855442],[6.625652848850373,49.729348795132211],[6.625583516158895,49.729347373255983],[6.625587902349155,49.729257505812754],[6.625590095436026,49.729212572090503],[6.625592288517391,49.729167638367826],[6.62559448159325,49.729122704644723],[6.625525149226736,49.729121282738276],[6.62552734236098,49.729076349017014],[6.625529535489718,49.72903141529531],[6.625531728612949,49.728986481573202],[6.625533921730676,49.728941547850674],[6.625536114842895,49.728896614127713],[6.625538307949609,49.728851680404333],[6.625542694146518,49.728761812956314],[6.625544887236714,49.728716879231669],[6.625547080321405,49.728671945506598],[6.625477748599297,49.728670523581137],[6.625479941742372,49.728625589857899],[6.625482134879938,49.728580656134234],[6.625484328011999,49.728535722410143],[6.625414996487068,49.728534300449965],[6.625417189677512,49.7284893667277],[6.625419382862449,49.728444433005023],[6.625350051470803,49.728443011007862],[6.625352244714123,49.728398077287011],[6.625354437951936,49.728353143565741],[6.625285106693575,49.72835172153161],[6.62528729998977,49.728306787812144],[6.625217968800805,49.728305365738805],[6.625220162155381,49.728260432021166],[6.625222355504451,49.728215498303129],[6.62515302444877,49.728214076192813],[6.625155217856221,49.728169142476581],[6.625157411258165,49.728124208759937],[6.625088080335767,49.728122786612644],[6.625090273796092,49.728077852897826],[6.62509246725091,49.728032919182581],[6.625023136461795,49.728031496998319],[6.625025329974993,49.727986563284894],[6.624955999255274,49.727985141061417],[6.624958192826852,49.727940207349825],[6.624888862176529,49.72793878508714],[6.624886668541065,49.72798371879648],[6.624817337832365,49.727982296490076],[6.624748007129176,49.727980874142197],[6.624678676431495,49.727979451752873],[6.624676482598865,49.728024385455051],[6.624607151842807,49.728022963022013],[6.62453782109226,49.728021540547502],[6.624535627126347,49.728066474244784],[6.624466296317425,49.72806505172656],[6.624396965514012,49.728063629166883],[6.624394771414819,49.728108562859227],[6.624325440553029,49.728107140255837],[6.624323246384439,49.728152073945516],[6.624253915464275,49.728150651298414],[6.62425610969675,49.728105717610973],[6.624186778845983,49.728104294924641],[6.624188973136837,49.728059361239048],[6.624191167422183,49.728014427553006],[6.62419336170202,49.727969493866546],[6.624262692361127,49.727970916546127],[6.624332023025745,49.727972339184241],[6.6243342171723,49.727927405492878],[6.624403547778543,49.727928828087293],[6.624472878390296,49.72793025064022],[6.62447507240357,49.72788531694394],[6.624544402956948,49.727886739453176],[6.624613733515836,49.72788816192093],[6.624615927395829,49.72784322821974],[6.624685257896341,49.727844650643796],[6.624754588402362,49.727846073026384],[6.624756782149076,49.727801139320256],[6.624826112596721,49.727802561659146],[6.624828306274042,49.727757627950361],[6.624758975890281,49.727756205613723],[6.624689645512033,49.727754783235618],[6.624691839311617,49.727709849530903],[6.624694033105695,49.727664915825777],[6.624763363356173,49.727666338199384],[6.624832693612161,49.727667760531517],[6.62483488727296,49.727622826821467],[6.624904217470571,49.727624249109894],[6.624906411061978,49.727579315397172],[6.624908604647877,49.727534381684045],[6.624839274578036,49.727532959400101],[6.624841468222313,49.727488025688785],[6.624843661861084,49.727443091977044],[6.624774331924519,49.72744166965613],[6.624776525621666,49.727396735946215],[6.624707195754498,49.727395313586094],[6.624637865892839,49.727393891184505],[6.624640059712247,49.727348957478661],[6.624642253526148,49.727304023772405],[6.624572923797768,49.727302601333847],[6.624503594074897,49.727301178853828],[6.624505788011058,49.727256245151644],[6.624436458357581,49.72725482263241],[6.624438652352119,49.727209888932038],[6.624369322768036,49.727208466373597],[6.624371516820949,49.72716353267505],[6.624302187306261,49.72716211007738],[6.624304381417549,49.727117176380666],[6.624235051972255,49.727115753743789],[6.624165722532472,49.727114331065451],[6.624167916766019,49.727069397372802],[6.624098587395629,49.727067974655235],[6.62410078168755,49.727023040964433],[6.624031452386554,49.727021618207658],[6.624033646736849,49.726976684518668],[6.623964317505248,49.726975261722679],[6.623966511913916,49.726930328035515],[6.623897182751709,49.726928905200317],[6.623827853595015,49.726927482323646],[6.623830048125938,49.72688254864056],[6.623760719038637,49.726881125724681],[6.623762913627935,49.726836192043407],[6.623693584610027,49.726834769088313],[6.623695779257698,49.726789835408866],[6.623697973899858,49.72674490172902],[6.623628645015228,49.72674347873695],[6.623630839715761,49.726698545058916],[6.623633034410783,49.726653611380456],[6.623563705659428,49.726652188351437],[6.623565900412823,49.726607254674803],[6.623568095160708,49.726562320997743],[6.623498766542626,49.726560897931755],[6.623500961348883,49.726515964256542],[6.623503156149629,49.726471030580889],[6.623433827664824,49.726469607477931],[6.623436022523941,49.726424673804104],[6.623438217377547,49.726379740129872],[6.623368889026015,49.726378316989944],[6.623371083937992,49.726333383317524],[6.62337327884446,49.726288449644677],[6.623303950626201,49.726287026467794],[6.623306145591037,49.726242092796788],[6.623308340550364,49.726197159125356],[6.623239012465378,49.726195735911496],[6.623241207483074,49.726150802241889],[6.62324340249526,49.726105868571871],[6.623174074543545,49.726104445321042],[6.6231762696141,49.726059511652842],[6.623178464679145,49.726014577984223],[6.623109136860701,49.726013154696432],[6.623111331984114,49.725968221029632],[6.623113527102016,49.725923287362413],[6.623044199416844,49.725921864037666],[6.623046394593114,49.725876930372273],[6.622977066977335,49.725875507008311],[6.622979262211972,49.725830573344759],[6.622981457441099,49.725785639680765],[6.622912129958589,49.725784216279841],[6.622914325246082,49.725739282617681],[6.622916520528066,49.725694348955095],[6.622847193178827,49.725692925517208],[6.622849388519176,49.725647991856448],[6.622851583854015,49.725603058195269],[6.622782256638045,49.725601634720419],[6.622784452031248,49.725556701061066],[6.622786647418941,49.725511767401301],[6.62271732033624,49.725510343889482],[6.6227195157823,49.725465410231536],[6.622650188768989,49.725463986680509],[6.622652384273414,49.725419053024389],[6.622583057329493,49.725417629434148],[6.622585252892283,49.725372695779861],[6.622587448449561,49.72532776212514],[6.622518121638909,49.725326338497943],[6.622520317254551,49.72528140484507],[6.622450990513292,49.725279981178652],[6.622453186187299,49.72523504752759],[6.622455381855794,49.725190113876124],[6.6223860552478,49.725188690172743],[6.622388250974659,49.725143756523089],[6.622318924436055,49.725142332780514],[6.622321120221279,49.725097399132679],[6.622251793752065,49.725095975350897],[6.622253989595652,49.725051041704887],[6.62218466319583,49.72504961788389],[6.622186859097779,49.725004684239714],[6.622117532767346,49.725003260379495],[6.622119728727657,49.724958326737159],[6.622121924682458,49.72491339309439],[6.62205259848529,49.724911969197215],[6.622054794498452,49.724867035556279],[6.621985468370675,49.724865611619904],[6.6219876644422,49.724820677980766],[6.621918338383814,49.724819254005176],[6.621920534513698,49.724774320367899],[6.621851208524702,49.724772896353095],[6.621853404712949,49.724727962717637],[6.621784078793342,49.724726538663631],[6.621786275039949,49.72468160503],[6.621716949189732,49.724680180936772],[6.621719145494701,49.724635247304974],[6.621649819713875,49.724633823172539],[6.621652016077204,49.724588889542574],[6.621654212435019,49.724543955912168],[6.621584886787456,49.72454253174277],[6.62158708320363,49.724497598114219],[6.621517757625456,49.724496173905621],[6.621519954099991,49.724451240278874],[6.621450628591207,49.724449816031068],[6.6214528251241,49.724404882406155],[6.621383499684708,49.724403458119127],[6.62138569627596,49.724358524496054],[6.621316370905955,49.724357100169833],[6.621318567555567,49.724312166548579],[6.621249242254953,49.724310742183143],[6.621251438962923,49.724265808563707],[6.621182113731697,49.724264384159071],[6.621184310498024,49.724219450541469],[6.62111498533619,49.72421802609761],[6.621117182160874,49.724173092481848],[6.621047857068428,49.724171667998796],[6.62105005395147,49.724126734384853],[6.620980728928414,49.724125309862572],[6.620982925869813,49.724080376250463],[6.620913600916146,49.724078951688995],[6.620915797915902,49.724034018078704],[6.620846473031624,49.724032593478029],[6.620848670089736,49.723987659869564],[6.620779345274849,49.723986235229681],[6.620781542391318,49.72394130162305],[6.620712217645817,49.723939876943959],[6.620714414820642,49.723894943339147],[6.620645090144532,49.723893518620841],[6.620647287377712,49.723848585017876],[6.620577962770991,49.723847160260362],[6.620580160062524,49.723802226659224],[6.620510835525194,49.72380080186251],[6.620513032875083,49.72375586826319],[6.62044370840714,49.723754443427275],[6.620445905815383,49.723709509829789],[6.62037658141683,49.723708084954659],[6.620378778883429,49.723663151358984],[6.620309454554264,49.723661726444654],[6.620311652079216,49.723616792850827],[6.620242327819441,49.723615367897288],[6.620173003565186,49.723613942902283],[6.62017520121236,49.723569009312541],[6.620105877027493,49.723567584278335],[6.620108074733022,49.723522650690413],[6.620038750617544,49.723521225616999],[6.620040948381424,49.723476292030909],[6.619971624335337,49.723474866918295],[6.619902300294767,49.72347344176422],[6.61990449818087,49.723428508182209],[6.619835174209689,49.723427082988934],[6.619837372154144,49.723382149408749],[6.619768048252354,49.723380724176273],[6.61977024625516,49.723335790597901],[6.619700922422758,49.723334365326217],[6.619703120483915,49.723289431749699],[6.619633796720903,49.7232880064388],[6.619635994840411,49.723243072864108],[6.619566671146788,49.723241647514008],[6.619568869324646,49.723196713941142],[6.619499545700411,49.723195288551835],[6.61950174393662,49.72315035498081],[6.619432420381774,49.723148929552302],[6.619434618676332,49.723103995983095],[6.619365295190876,49.723102570515373],[6.619367493543785,49.723057636947992],[6.619369691891175,49.723012703380199],[6.619300368538974,49.723011277875536],[6.619302566944714,49.722966344309569],[6.619233243661903,49.72296491876569],[6.619235442125992,49.72291998520155],[6.619166118912569,49.722918559618485],[6.619168317435005,49.722873626056177],[6.619098994290971,49.722872200433891],[6.619101192871756,49.722827266873416],[6.61903186979711,49.722825841211943],[6.619034068436243,49.722780907653281],[6.619036267069856,49.722735974094221],[6.618966944128466,49.722734548395785],[6.618969142820426,49.722689614838536],[6.618899819948425,49.7226881891009],[6.618902018698733,49.722643255545492],[6.61883269589612,49.722641829768641],[6.618834894704774,49.722596896215066],[6.618765571971548,49.722595470399028],[6.61876777083855,49.722550536847272],[6.618698448174713,49.72254911099202],[6.618700647100059,49.722504177442097],[6.618702846019886,49.72245924389177],[6.618633523489303,49.722457817999562],[6.618635722467477,49.722412884451053],[6.618566400006282,49.722411458519652],[6.618568599042799,49.722366524972983],[6.618499276650993,49.722365099002367],[6.618501475745855,49.722320165457511],[6.618432153423437,49.722318739447715],[6.618434352576645,49.722273805904678],[6.618365030323613,49.722272379855674],[6.618367229535164,49.722227446314491],[6.618297907351521,49.722226020226273],[6.618228585173401,49.722224594096609],[6.618230784507163,49.722179660559497],[6.61816146239843,49.722178234390618],[6.618163661790534,49.722133300855347],[6.618094339751189,49.722131874647275],[6.618096539201637,49.722086941113837],[6.61802721723168,49.722085514866571],[6.618029416740471,49.722040581334952],[6.617960094839902,49.722039155048471],[6.617962294407036,49.721994221518692],[6.617892972575856,49.72199279519301],[6.61789517220133,49.721947861665065],[6.617825850439537,49.721946435300183],[6.617828050123355,49.721901501774063],[6.61775872843095,49.72190007536998],[6.61776092817311,49.721855141845687],[6.617691606550092,49.721853715402403],[6.617693806350592,49.721808781879957],[6.617624484796961,49.721807355397473],[6.617626684655802,49.721762421876846],[6.61755736317156,49.721760995355169],[6.617559563088743,49.721716061836361],[6.617490241673886,49.721714635275482],[6.61749244164941,49.721669701758515],[6.617423120303942,49.721668275158429],[6.617425320337805,49.721623341643287],[6.617355999061726,49.721621915004008],[6.61728667779117,49.721620488323261],[6.617288877947234,49.721575554812226],[6.617219556746067,49.721574128092278],[6.617221756960471,49.721529194583063],[6.617152435828691,49.721527767823922],[6.617154636101434,49.721482834316539],[6.617085315039041,49.721481407518198],[6.617087515370123,49.721436474012648],[6.617018194377119,49.721435047175099],[6.617020394766538,49.72139011367139],[6.61695107384292,49.721388686794647],[6.616953274290679,49.72134375329275],[6.616883953436449,49.721342326376814],[6.616886153942545,49.72129739287675],[6.616816833157702,49.721295965921612],[6.616819033722135,49.721251032423382],[6.61674971300668,49.721249605429058],[6.616751913629449,49.721204671932654],[6.616682592983381,49.721203244899122],[6.616613272342841,49.721201817824124],[6.616615473087808,49.721156884331819],[6.616546152516653,49.721155457217641],[6.616548353319957,49.721110523727155],[6.61647903281819,49.721109096573763],[6.61648123367983,49.721064163085117],[6.616483434535945,49.721019229596052],[6.616414114167426,49.721017802405726],[6.616344793804434,49.721016375173924],[6.616346994782744,49.720971441688953],[6.616277674489139,49.720970014417965],[6.616279875525784,49.720925080934826],[6.616210555301567,49.720923653624624],[6.616212756396546,49.720878720143325],[6.616143436241716,49.720877292793936],[6.61614563739503,49.720832359314457],[6.616076317309587,49.720830931925875],[6.616078518521235,49.720785998448228],[6.616009198505178,49.720784571020445],[6.61601139977516,49.720739637544639],[6.615942079828491,49.720738210077656],[6.615944281156806,49.720693276603676],[6.615874961279525,49.720691849097499],[6.615877162666172,49.720646915625352],[6.615807842858278,49.720645488079981],[6.615810044303258,49.720600554609668],[6.615740724564749,49.720599127025103],[6.615742926068063,49.720554193556609],[6.615673606398942,49.720552765932844],[6.615675807960587,49.72050783246619],[6.615606488360853,49.720506404803231],[6.615608689980829,49.72046147133841],[6.615539370450483,49.720460043636251],[6.61554157212879,49.720415110173263],[6.615472252667831,49.720413682431897],[6.615474454404469,49.720368748970742],[6.615405135012896,49.720367321190182],[6.615407336807865,49.720322387730874],[6.615338017485679,49.72032095991112],[6.615268698169022,49.720319532049928],[6.61527090008618,49.720274598594685],[6.615201580838908,49.720273170694284],[6.615203782814397,49.720228237240882],[6.615134463636513,49.720226809301295],[6.61513666567033,49.720181875849732],[6.615067346561833,49.720180447870945],[6.615069548653979,49.720135514421202],[6.615000229614869,49.720134086403213],[6.615002431765345,49.720089152955303],[6.614933112795621,49.720087724898129],[6.614935315004427,49.720042791452073],[6.614865996104089,49.720041363355683],[6.614868198371222,49.719996429911454],[6.614798879540272,49.719995001775871],[6.614801081865732,49.719950068333482],[6.614731763104169,49.719948640158719],[6.614733965487956,49.719903706718156],[6.614664646795781,49.719902278504193],[6.614666849237895,49.719857345065456],[6.614597530615105,49.719855916812293],[6.614599733115549,49.719810983375396],[6.614530414562146,49.719809555083046],[6.614532617120914,49.719764621647975],[6.614463298636897,49.719763193316432],[6.614465501253993,49.719718259883194],[6.614396182839362,49.719716831512457],[6.614398385514784,49.719671898081067],[6.61432906716954,49.719670469671129],[6.614331269903287,49.719625536241566],[6.614261951627429,49.719624107792427],[6.614264154419502,49.719579174364704],[6.614194836213032,49.719577745876371],[6.614125518012091,49.719576317346586],[6.614127720926343,49.719531383922948],[6.61405840279479,49.71952995535397],[6.614060605767367,49.719485021932172],[6.613991287705201,49.719483593324],[6.613993490736103,49.719438659904036],[6.613924172743323,49.71943723125667],[6.613926375832547,49.719392297838546],[6.613857057909153,49.719390869151987],[6.613859261056702,49.719345935735696],[6.613789943202694,49.719344507009936],[6.613792146408567,49.719299573595471],[6.613722828623946,49.719298144830532],[6.613725031888142,49.7192532114179],[6.613655714172906,49.719251782613753],[6.613657917495425,49.719206849202962],[6.613588599849576,49.719205420359629],[6.613590803230416,49.71916048695067],[6.613521485653952,49.719159058068151],[6.613452168083024,49.719157629144171],[6.613454371586039,49.719112695739312],[6.613385054084496,49.719111266776146],[6.613387257645833,49.719066333373114],[6.613317940213676,49.719064904370747],[6.613320143833334,49.719019970969555],[6.613250826470565,49.719018541928001],[6.613253030148543,49.718973608528636],[6.613183712855158,49.718972179447896],[6.613185916591459,49.718927246050363],[6.613116599367459,49.71892581693043],[6.613047282148994,49.718924387769036],[6.613049486007467,49.718879454375603],[6.61298016885839,49.718878025175016],[6.612982372775181,49.718833091783431],[6.612913055695489,49.71883166254365],[6.612915259670601,49.718786729153891],[6.612845942660295,49.718785299874924],[6.612848146693725,49.718740366486998],[6.612778829752807,49.718738937168837],[6.612709512817421,49.718737507809244],[6.612711716973021,49.718692574425404],[6.612642400107022,49.718691145026604],[6.612644604320942,49.718646211644597],[6.612575287524329,49.71864478220661],[6.612577491796567,49.718599848826443],[6.61250817506934,49.71859841934927],[6.61243885834765,49.718596989830637],[6.612441062742055,49.71855205645457],[6.61237174608975,49.718550626896743],[6.612373950542473,49.718505693522509],[6.612304633959555,49.718504263925503],[6.612306838470595,49.71845933055311],[6.612237521957062,49.71845790091691],[6.612168205449066,49.718456471239257],[6.612170410082272,49.718411537870949],[6.612101093643663,49.718410108154103],[6.612103298335185,49.718365174787635],[6.612033981965961,49.718363745031596],[6.611964665602273,49.718362315234124],[6.611966870415961,49.718317381871749],[6.61189755412166,49.718315952035077],[6.611899758993664,49.718271018674535],[6.611830442768749,49.718269588798684],[6.611832647699067,49.718224655439968],[6.611763331543539,49.718223225524923],[6.611694015393548,49.718221795568425],[6.61169622044603,49.718176862213824],[6.611626904365426,49.718175432218132],[6.611629109476222,49.718130498865364],[6.611559793465003,49.718129068830486],[6.611490477459322,49.718127638754162],[6.611492682692282,49.718082705405472],[6.611423366755987,49.718081275289954],[6.61135405082523,49.718079845132991],[6.61135625618035,49.718034911788415],[6.61128694031898,49.718033481592265],[6.611289145732413,49.717988548249522],[6.61121982994043,49.717987118014172],[6.611222035412176,49.717942184673262],[6.611152719689579,49.717940754398732],[6.61108340397252,49.717939324082749],[6.611085609566427,49.71789439074594],[6.611016293918754,49.717892960390778],[6.610946978276621,49.717891529994148],[6.610949183992687,49.717846596661438],[6.61087986841994,49.717845166225629],[6.610882074194317,49.71780023289476],[6.610812758690956,49.717798802419765],[6.610743443193136,49.717797371903316],[6.610745649089671,49.717752438576539],[6.610676333661237,49.717751008020905],[6.610678539616083,49.717706074695954],[6.610609224257035,49.71770464410114],[6.610539908903528,49.717703213464873],[6.610542114980531,49.717658280144036],[6.61047279969641,49.717656849468582],[6.610475005831723,49.717611916149565],[6.610405690616988,49.717610485434925],[6.610336375407794,49.717609054678839],[6.610338581665263,49.717564121363921],[6.610269266525455,49.717562690568649],[6.610271472841232,49.717517757255578],[6.610202157770812,49.717516326421105],[6.610132842705933,49.717514895545193],[6.610135049143864,49.717469962236223],[6.610065734148371,49.717468531321117],[6.610067940644611,49.717423598013987],[6.609998625718505,49.717422167059695],[6.60992931079794,49.717420736063957],[6.609931517416332,49.717375802760913],[6.609862202565155,49.717374371725995],[6.609864409241855,49.717329438424798],[6.609795094460065,49.717328007350694],[6.609725779683814,49.717326576235145],[6.609727986482668,49.717281642938033],[6.609658671775805,49.71728021178329],[6.609589357074483,49.717278780587101],[6.609591563995489,49.717233847294089],[6.609593770910955,49.717188914000666],[6.609524456342866,49.717187482767557],[6.60945514178032,49.717186051493002],[6.609457348817936,49.717141118203656],[6.609388034324777,49.717139686889922],[6.60931871983716,49.717138255534728],[6.609320926996926,49.71709332224949],[6.609251612578697,49.717091890855109],[6.609253819796767,49.717046957571718],[6.609184505447924,49.717045526138158],[6.609115191104625,49.717044094663152],[6.609117398444844,49.71699916138386],[6.609048084170931,49.716997729869654],[6.608978769902562,49.716996298314015],[6.608980977364928,49.716951365038831],[6.608911663165947,49.716949933444006],[6.608842348972507,49.716948501807735],[6.608844556557023,49.71690356853663],[6.608846764135998,49.716858635265112],[6.608777450075791,49.716857203591914],[6.608708136021126,49.716855771877263],[6.608710343722246,49.716810838609852],[6.608641029736971,49.716809406856029],[6.608643237496392,49.716764473590452],[6.608573923580504,49.716763041797435],[6.60850460967016,49.716761609962973],[6.608435295765358,49.716760178087071],[6.608437503710769,49.71671524482786],[6.608368189875356,49.716713812912765],[6.608298876045488,49.716712380956231],[6.608301084113043,49.71666744770112],[6.608231770352562,49.716666015705407],[6.608162456597627,49.716664583668233],[6.608093142848236,49.716663151589621],[6.60802382910439,49.71666171946957],[6.607885201633334,49.716658855105109],[6.607815887906124,49.716657422860713],[6.607746574184459,49.716655990574864],[6.607748782757216,49.716611057337424],[6.607679469104941,49.716609625012403],[6.607610155458212,49.716608192645928],[6.607612364153111,49.716563259412581],[6.60754305057577,49.716561827006927],[6.607473737003976,49.716560394559828],[6.607475945821016,49.716515461330602],[6.607406632318611,49.716514028844315],[6.607337318821751,49.716512596316591],[6.60726800533044,49.716511163747413],[6.607270214333464,49.716466230524546],[6.60720090091154,49.716464797916181],[6.607131587495164,49.716463365266385],[6.607133796620327,49.716418432047611],[6.607064483273342,49.716416999358628],[6.606995169931903,49.7164155666282],[6.606997379179204,49.71637063341354],[6.606928065907154,49.716369200643925],[6.606858752640653,49.716367767832871],[6.606860962010091,49.716322834622304],[6.60679164881298,49.71632140177207],[6.606722335621415,49.716319968880377],[6.606724545112993,49.71627503567391],[6.606655231990818,49.716273602743037],[6.606585918874191,49.716272169770725],[6.606516605763114,49.716270736756968],[6.606518815440668,49.716225803556888],[6.606449502398981,49.716224370503944],[6.606380189362842,49.716222937409555],[6.606382399162532,49.716178004213567],[6.606313086195783,49.716176571080005],[6.606243773234583,49.71617513790499],[6.606245983156409,49.71613020471311],[6.606176670264599,49.716128771498916],[6.606107357378339,49.716127338243275],[6.606109567422298,49.716082405055502],[6.606040254605428,49.716080971760682],[6.605970941794108,49.716079538424417],[6.605901628988336,49.716078105046712],[6.605903839218271,49.716033171865313],[6.605834526481891,49.716031738448415],[6.60576521375106,49.716030304990078],[6.60576742410313,49.715985371812771],[6.605698111441689,49.715983938315254],[6.605628798785799,49.715982504776292],[6.605631009259998,49.715937571603099],[6.605561696673499,49.715936138024965],[6.605492384092552,49.715934704405377],[6.605423071517155,49.715933270744337],[6.605425282177325,49.715888337577518],[6.60535596967132,49.715886903877305],[6.605286657170865,49.715885470135646],[6.605288867953167,49.715840536972941],[6.605219555522103,49.715839103192103],[6.605150243096591,49.715837669369819],[6.605152454001023,49.71579273621122],[6.605083141644901,49.715791302349743],[6.605013829294331,49.715789868446848],[6.605016040320892,49.715744935292342],[6.604946728039714,49.715743501350268],[6.604877415764087,49.715742067366733],[6.604808103494014,49.715740633341753],[6.604810314706542,49.715695700193628],[6.60474100250586,49.715694266129482],[6.604743213776677,49.71564933298319],[6.604673901645387,49.715647898879858],[6.604604589519647,49.715646464735073],[6.604606800912593,49.715601531592895],[6.604537488856246,49.715600097408945],[6.604468176805451,49.715598663183549],[6.604398864760211,49.7155972289167],[6.604401076339121,49.715552295780896],[6.604331764363272,49.715550861474874],[6.604262452392976,49.715549427127414],[6.604264664094011,49.715504493995716],[6.604195352193107,49.71550305960907],[6.604126040297758,49.715501625180984],[6.604128252120919,49.715456692053387],[6.60405894029496,49.715455257586122],[6.603989628474556,49.715453823077411],[6.603991840419842,49.715408889953949],[6.603922528668829,49.715407455406044],[6.603853216923373,49.715406020816722],[6.603783905183469,49.71540458618594],[6.603786117314716,49.71535965306883],[6.603716805644205,49.715358218398876],[6.603647493979249,49.715356783687476],[6.603649706232618,49.715311850574487],[6.603580394637055,49.715310415823907],[6.603511083047046,49.715308981031889],[6.603513295422536,49.715264047923014],[6.603443983901921,49.715262613091809],[6.60337467238686,49.715261178219173],[6.603376884884472,49.715216245114398],[6.603307573438805,49.715214810202575],[6.603238261998692,49.715213375249327],[6.603240474618426,49.715168442148659],[6.603171163247707,49.715167007156211],[6.603101851882545,49.715165572122338],[6.603032540522936,49.715164137047012],[6.603034753328625,49.715119203952725],[6.602965442038411,49.715117768838226],[6.602896130753755,49.715116333682282],[6.602898343681563,49.715071400592109],[6.602829032466299,49.715069965396978],[6.602759721256591,49.715068530160423],[6.602761934306518,49.715023597074357],[6.602692623166203,49.715022161798608],[6.602623312031446,49.715020726481434],[6.60262552520349,49.714975793399482],[6.602556214138126,49.714974358043122],[6.60248690307832,49.714972922645316],[6.602489116372481,49.714927989567471],[6.602419805382067,49.7149265541305],[6.602350494397212,49.714925118652083],[6.602352707813489,49.714880185578345],[6.602283396898027,49.714878750060748],[6.602214085988124,49.714877314501713],[6.602216299526517,49.714832381432096],[6.602146988686006,49.714830945833882],[6.602077677851055,49.714829510194228],[6.602008367021662,49.714828074513122],[6.602010580746004,49.714783141449885],[6.601941269986004,49.714781705729614],[6.601871959231564,49.714780269967896],[6.601874173078021,49.714735336908753],[6.601804862392974,49.714733901107863],[6.601735551713488,49.714732465265527],[6.601737765682056,49.714687532210519],[6.601668455071963,49.714686096329011],[6.60159914446743,49.714684660406057],[6.601529833868454,49.714683224441657],[6.601532048022972,49.714638291393022],[6.601462737493391,49.714636855389465],[6.60139342696937,49.714635419344447],[6.601395641246,49.714590486299933],[6.601326330791374,49.71458905021575],[6.601257020342308,49.714587614090128],[6.601259234741047,49.714542681049714],[6.601189924361377,49.714541244884906],[6.601120613987266,49.714539808678673],[6.601122828508116,49.71449487564238],[6.6010535182034,49.714493439396961],[6.600984207904244,49.714492003110109],[6.600986422547204,49.714447070077917],[6.600917112317444,49.714445633751879],[6.600847802093244,49.714444197384402],[6.600778491874606,49.714442760975494],[6.600780706703507,49.714397827949689],[6.600711396554264,49.714396391501609],[6.600642086410583,49.714394955012075],[6.600644301361593,49.714350021990391],[6.600574991287306,49.714348585461693],[6.600505681218581,49.714347148891541],[6.600507896291699,49.714302215873971],[6.60043858629237,49.714300779264647],[6.600369276298602,49.714299342613884],[6.600299966310396,49.714297905921683],[6.600302181569452,49.714252972910508],[6.600232871650642,49.714251536179134],[6.600163561737395,49.714250099406321],[6.600165777118559,49.714205166399239],[6.600096467274707,49.714203729587247],[6.600027157436418,49.714202292733823],[6.600029372939686,49.714157359730876],[6.599960063170793,49.714155922838266],[6.599890753407464,49.714154485904217],[6.599892969032835,49.714109552905384],[6.599823659338902,49.71410811593217],[6.599754349650531,49.71410667891751],[6.599756565398007,49.714061745922791],[6.599687255779032,49.714060308868959],[6.599617946165622,49.71405887177368],[6.599548636557774,49.714057434636977],[6.599550852491185,49.714012501648646],[6.599481542952734,49.71401106447275],[6.599412233419847,49.714009627255436],[6.59941444947536,49.713964694271219],[6.599345140011871,49.713963257014719],[6.599275830553945,49.713961819716779],[6.599278046731559,49.713916886736683],[6.599208737343028,49.713915449399565],[6.599139427960064,49.713914012021014],[6.599141644259778,49.713869079045047],[6.59907233494621,49.713867641627317],[6.599003025638207,49.713866204168156],[6.59893371633577,49.713864766667555],[6.598935932821416,49.713819833697954],[6.598866623588376,49.713818396158182],[6.5987973143609,49.713816958576956],[6.598799530968646,49.71377202561149],[6.598730221810567,49.713770587991107],[6.598660912658054,49.713769150329277],[6.598663129387897,49.713724217367918],[6.598593820304782,49.713722779666931],[6.598524511227232,49.71372134192449],[6.598526728079174,49.713676408967245],[6.598457419071021,49.713674971185647],[6.598388110068435,49.713673533362595],[6.598318801071416,49.713672095498112],[6.598321018109284,49.713627162547262],[6.598251709181663,49.713625724643592],[6.598182400259607,49.713624286698497],[6.598184617419571,49.713579353751776],[6.598115308566914,49.713577915767509],[6.598045999719823,49.713576477741796],[6.598048217001883,49.713531544799174],[6.597978908224191,49.713530106734297],[6.597909599452066,49.71352866862798],[6.597911816856221,49.713483735689479],[6.597842508153493,49.713482297543997],[6.597773199456333,49.713480859357063],[6.597703890764743,49.713479421128696],[6.597706108354821,49.713434488196611],[6.597636799732627,49.713433049929066],[6.597567491116001,49.713431611620095],[6.597569708828173,49.71338667869211],[6.597500400280945,49.713385240343968],[6.597431091739286,49.713383801954372],[6.59743330957355,49.713338869030522],[6.597364001101289,49.713337430601761],[6.597294692634597,49.713335992131569],[6.597296910590952,49.713291059211834],[6.597227602193659,49.713289620702476],[6.597158293801935,49.713288182151672],[6.597088985415779,49.713286743559422],[6.597091203558056,49.713241810646082],[6.597021895241299,49.713240372014667],[6.596952586930112,49.713238933341813],[6.596954805194478,49.713194000432594],[6.596885496952688,49.713192561720582],[6.59681618871647,49.713191122967118],[6.596818407102925,49.713146190062012],[6.596749098936105,49.713144751269397],[6.596679790774855,49.713143312435314],[6.5966820092834,49.713098379534344],[6.59661270119155,49.713096940661103],[6.596543393105269,49.713095501746437],[6.59647408502456,49.713094062790319],[6.59647630371902,49.713049129895744],[6.59640699570771,49.713047690900453],[6.59633768770197,49.713046251863737],[6.596339906518518,49.713001318973284],[6.596270598582177,49.712999879897396],[6.596201290651408,49.712998440780069],[6.596203509590041,49.712953507893737],[6.596134201728672,49.712952068737238],[6.596064893872875,49.7129506295393],[6.596067112933594,49.712905696657089],[6.595997805147195,49.712904257419986],[6.595928497366368,49.712902818141437],[6.595859189591113,49.712901378821471],[6.595861408837745,49.712856445945654],[6.595792101131889,49.712855006586516],[6.595722793431607,49.712853567185924],[6.595725012800323,49.712808634314229],[6.59565570516944,49.712807194874479],[6.595586397544131,49.71280575539329],[6.59558861703493,49.71276082252573],[6.595519309479019,49.712759383005377],[6.595450001928682,49.712757943443584],[6.595380694383917,49.712756503840353],[6.595382914060627,49.712711570979181],[6.595313606585262,49.71271013133677],[6.595244299115471,49.712708691652935],[6.595246518914262,49.712663758795898],[6.595177211513872,49.712662319072898],[6.595107904119055,49.712660879308444],[6.595110124039928,49.712615946455536],[6.595040816714511,49.712614506651924],[6.594971509394667,49.712613066806874],[6.594973729437621,49.712568133958079],[6.594904422187179,49.712566694073864],[6.594835114942311,49.712565254148224],[6.594765807703017,49.712563814181131],[6.594768027931877,49.712518881338724],[6.594698720761983,49.712517441332487],[6.594629413597665,49.71251600128479],[6.594631633948603,49.712471068446519],[6.594562326853685,49.712469628359671],[6.594493019764343,49.712468188231377],[6.59449524023736,49.712423255397233],[6.594425933217417,49.712421815229767],[6.594356626203052,49.712420375020869],[6.594358846798146,49.712375442190854],[6.594289539853181,49.712374001942791],[6.594220232913792,49.712372561653289],[6.594222453630962,49.712327628827396],[6.594153146760975,49.712326188498736],[6.594083839896562,49.712324748128644],[6.594014533037726,49.712323307717099],[6.594016753940799,49.712278374897608],[6.593947447151363,49.712276934446898],[6.593878140367504,49.712275493954763],[6.59388036139265,49.7122305611394],[6.593811054678195,49.712229120608093],[6.593741747969315,49.712227680035355],[6.593743969116536,49.712182747224112],[6.593674662477057,49.712181306612216],[6.593605355843156,49.712179865958859],[6.593607577112452,49.712134933151759],[6.593538270547952,49.712133492459252],[6.59346896398903,49.712132051725312],[6.593471185380398,49.712087118922334],[6.593401878890877,49.712085678149215],[6.593332572406934,49.712084237334672],[6.593334793920375,49.712039304535828],[6.593265487505835,49.712037863682127],[6.593196181096871,49.712036422786973],[6.593198402732384,49.711991489992236],[6.593129096392823,49.711990049057938],[6.59305979005884,49.71198860808218],[6.593062011816425,49.711943675291586],[6.592992705551843,49.711942234276691],[6.592923399292841,49.711940793220343],[6.592925621172496,49.711895860433877],[6.592856314982895,49.711894419338364],[6.592787008798873,49.711892978201419],[6.592717702620431,49.711891537023043],[6.592719924685977,49.711846604242979],[6.592650618576938,49.71184516302543],[6.592581312473478,49.711843721766456],[6.592583534661093,49.711798788990514],[6.592514228627036,49.711797347692375],[6.592444922598558,49.711795906352798],[6.592447144908242,49.711750973580997],[6.592377838949166,49.711749532202262],[6.592308532995671,49.711748090782081],[6.592310755427422,49.711703158014409],[6.59224144954333,49.711701716555062],[6.592172143664817,49.711700275054291],[6.592174366218635,49.711655342290747],[6.592105060409525,49.711653900750797],[6.592035754605996,49.711652459169429],[6.592037977281881,49.71160752641002],[6.591968671547753,49.711606084789494],[6.591899365819208,49.711604643127515],[6.591901588617158,49.711559710372235],[6.591832282958016,49.711558268671098],[6.591762977304453,49.711556826928529],[6.591765200224468,49.71151189417737],[6.59169589464031,49.711510452395643],[6.591626589061732,49.711509010572485],[6.591628812103811,49.711464077825468],[6.591559506594638,49.711462635963144],[6.591490201091045,49.711461194059382],[6.591492424255187,49.711416261316486],[6.591423118820999,49.711414819373559],[6.591353813392392,49.711413377389206],[6.591356036678596,49.711368444650454],[6.591286731319394,49.711367002626929],[6.591217425965773,49.71136556056198],[6.59121964937404,49.711320627827341],[6.591150344089823,49.71131918572322],[6.591081038811188,49.711317743577688],[6.591083262341517,49.711272810847184],[6.591013957132286,49.711271368662473],[6.590944651928638,49.71126992643633],[6.590946875581025,49.711224993709976],[6.590877570446781,49.711223551444675],[6.59080826531812,49.711222109137928],[6.590810489092569,49.711177176415696],[6.590741184033312,49.711175734069798],[6.590671878979638,49.711174291682461],[6.590674102876145,49.711129358964364],[6.590604797891875,49.711127916537869],[6.59053549291319,49.711126474069935],[6.590466187940089,49.71112503156057],[6.590468412022474,49.711080098848889],[6.590399107118777,49.711078656300359],[6.590329802220664,49.711077213710404],[6.590332026425108,49.711032281002844],[6.590262721596399,49.711030838373716],[6.590264945859079,49.710985905668025],[6.590195641099776,49.71098446299974],[6.590126336346055,49.710983020290037],[6.590057031597921,49.710981577538888],[6.590059256046477,49.710936644839613],[6.589989951367746,49.710935202049299],[6.589920646694601,49.710933759217554],[6.589922871265213,49.710888826522407],[6.589853566661473,49.71088738365151],[6.589784262063318,49.710885940739168],[6.589786486755986,49.710841008048149],[6.589717182227235,49.710839565096656],[6.589647877704071,49.710838122103723],[6.589650102518792,49.71079318941684],[6.589580798065032,49.710791746384764],[6.589511493616859,49.710790303311235],[6.589513718553634,49.710745370628494],[6.589444414174864,49.710743927515821],[6.589375109801684,49.710742484361695],[6.589377334860511,49.71069755168309],[6.589308030556733,49.71069610848982],[6.589238726258544,49.710694665255112],[6.589240951439423,49.710649732580649],[6.589171647210637,49.710648289306789],[6.58910234298744,49.710646845991484],[6.58910456829037,49.710601913321149],[6.589035264136578,49.710600469966693],[6.588965959988373,49.710599026570797],[6.588968185413353,49.710554093904591],[6.588898881334554,49.710552650469545],[6.588829577261341,49.710551206993067],[6.588831802808373,49.710506274330996],[6.588762498804566,49.710504830815367],[6.588693194806347,49.710503387258292],[6.588695420475427,49.710458454600357],[6.588626116546614,49.710457011004131],[6.588556812623389,49.710455567366473],[6.588559038414518,49.710410634712673],[6.588489734560699,49.710409191035858],[6.588420430712468,49.710407747317603],[6.588422656625644,49.71036281466796],[6.58835335284682,49.71036137091054],[6.588284049073584,49.710359927111703],[6.588286275108808,49.710314994466181],[6.588216971404977,49.710313550628186],[6.588147667706736,49.710312106748752],[6.588149893864006,49.710267174107365],[6.588080590235172,49.71026573018878],[6.588011286611925,49.710264286228764],[6.588013512891242,49.710219353591512],[6.587944209337404,49.710217909592345],[6.587874905789153,49.710216465551731],[6.587877132190514,49.710171532918622],[6.587807828711671,49.710170088838858],[6.587738525238418,49.710168644717655],[6.587740751761824,49.710123712088681],[6.587671448357976,49.710122267928327],[6.587602144959719,49.710120823726555],[6.587604371605168,49.710075891101724],[6.587535068276318,49.710074446860773],[6.587465764953057,49.710073002578405],[6.587467991720549,49.710028069957708],[6.587398688466697,49.710026625636175],[6.587329385218435,49.710025181273217],[6.587331612107969,49.709980248656663],[6.587262308929114,49.709978804254561],[6.58719300575585,49.709977359810999],[6.587123702588176,49.709975915326012],[6.587125929663569,49.709930982715882],[6.587056626565302,49.709929538191744],[6.586987323472628,49.709928093626168],[6.586989550670061,49.709883161020159],[6.586920247646794,49.709881716415438],[6.586850944629119,49.709880271769279],[6.586853171948591,49.709835339167427],[6.586783869000322,49.709833894482117],[6.586714566057647,49.709832449755375],[6.58671679349916,49.70978751715765],[6.58664749062589,49.709786072391751],[6.586578187758215,49.709784627584426],[6.586580415321765,49.709739694990844],[6.586511112523496,49.709738250144362],[6.58644180973082,49.709736805256448],[6.586444037416407,49.709691872667015],[6.586374734693139,49.709690427739943],[6.586305431975465,49.709688982771439],[6.58630765978309,49.709644050186142],[6.586238357134823,49.709642605178487],[6.586169054492149,49.709641160129394],[6.586171282421812,49.709596227548232],[6.586101979848546,49.709594782459988],[6.586032677280872,49.709593337330318],[6.58603490533257,49.709548404753313],[6.585965602834306,49.709546959584486],[6.585896300341635,49.70954551437422],[6.585898528515369,49.709500581801343],[6.585829226092105,49.709499136551941],[6.585759923674436,49.709497691261092],[6.585762151970204,49.709452758692358],[6.585692849621944,49.709451313362372],[6.585623547279279,49.709449867990941],[6.585621318855885,49.709494800555106],[6.585619090426897,49.709539733118852],[6.585616861992317,49.709584665682158],[6.585547559463807,49.709583220262452],[6.58554533095982,49.709628152823065],[6.585543102450242,49.709673085383258],[6.585540873935069,49.709718017943018],[6.585471571220712,49.709716572475024],[6.585469342636133,49.709761505032084],[6.585400039863557,49.70976005952037],[6.585402268511951,49.709715126965598],[6.585332965808783,49.709713681414733],[6.585263663111212,49.709712235822444],[6.58526589188164,49.709667303271807],[6.58519658925348,49.709665857640374],[6.585127286630914,49.709664411967495],[6.585057984013946,49.70966296625317],[6.58506021297022,49.709618033708971],[6.584990910422662,49.709616587955509],[6.5849216078807,49.709615142160608],[6.58492383695901,49.709570209620544],[6.584854534486457,49.709568763786486],[6.584785232019501,49.709567317911009],[6.584787461219842,49.709522385375109],[6.584718158822297,49.709520939460468],[6.584648856430348,49.709519493504409],[6.584651085752721,49.709474560972637],[6.584581783430184,49.709473114977413],[6.584512481113244,49.709471668940772],[6.584514710557647,49.709426736413128],[6.584445408310117,49.709425290337329],[6.584376106068184,49.709423844220105],[6.584378335634618,49.709378911696625],[6.584309033462096,49.709377465540236],[6.584239731295172,49.709376019342436],[6.584170429133846,49.709374573103183],[6.584172658886122,49.709329640586127],[6.584103356794208,49.709328194307723],[6.584034054707891,49.709326747987902],[6.584036284582195,49.709281815474988],[6.58396698256529,49.709280369115994],[6.583897680553983,49.70927892271559],[6.583899910550316,49.709233990206826],[6.58383060860842,49.709232543767271],[6.583761306672122,49.709231097286278],[6.583692004741425,49.709229650763845],[6.583694234923597,49.709184718261504],[6.583624933062311,49.709183271699935],[6.583555631206623,49.709181825096934],[6.583557861510822,49.709136892598735],[6.583488559724547,49.709135445956576],[6.583419257943871,49.709133999272993],[6.583421488370095,49.709089066778951],[6.58335218665883,49.709087620056202],[6.583282884953165,49.709086173292043],[6.583213583253102,49.709084726486445],[6.583215813865162,49.709039793998819],[6.58314651223451,49.709038347154078],[6.583077210609458,49.70903690026789],[6.583079441343543,49.708991967784428],[6.583010139787903,49.708990520859096],[6.582940838237864,49.708989073892333],[6.582943069093972,49.708944141413014],[6.582873767613344,49.708942694407099],[6.582804466138318,49.708941247359753],[6.58280669711645,49.708896314884583],[6.582737395710835,49.708894867798094],[6.582668094310822,49.708893420670172],[6.582670325410976,49.708848488199145],[6.582601024080375,49.708847041032072],[6.582531722755378,49.708845593823575],[6.58246242143598,49.708844146573647],[6.582464652721964,49.70879921410905],[6.58239535147198,49.70879776681997],[6.582326050227597,49.708796319489458],[6.582328281635602,49.708751387029004],[6.582258980460633,49.708749939659349],[6.582189679291266,49.708748492248255],[6.58219191082129,49.708703559791964],[6.582122609721336,49.708702112341733],[6.582053308626984,49.708700664850056],[6.581984007538235,49.708699217316962],[6.581986239254088,49.708654284867087],[6.581916938234753,49.708652837294842],[6.58184763722102,49.708651389681172],[6.581849869058891,49.708606457235454],[6.581780568114572,49.708605009582627],[6.581711267175855,49.708603561888374],[6.581713499135745,49.708558629446806],[6.581644198266441,49.708557181713402],[6.581574897402741,49.708555733938574],[6.581577129484648,49.708510801501156],[6.581507828690362,49.70850935368717],[6.58143852790168,49.708507905831759],[6.581369227118604,49.708506457934917],[6.581371459386334,49.708461525503942],[6.58130215867267,49.708460077567949],[6.58123285796461,49.708458629590538],[6.581163557262156,49.708457181571681],[6.58116578971571,49.708412249147145],[6.58109648908267,49.708410801089158],[6.581027188455232,49.708409352989726],[6.580957887833402,49.708407904848876],[6.58096012047278,49.708362972430741],[6.580890819920364,49.708361524250755],[6.580821519373552,49.708360076029315],[6.580823752134944,49.708315143615351],[6.580754451657547,49.708313695354782],[6.580685151185755,49.708312247052767],[6.580687384069159,49.708267314642967],[6.580618083666781,49.708265866301815],[6.580548783270011,49.708264417919231],[6.580479482878846,49.708262969495216],[6.58048171594807,49.708218037091839],[6.580412415626319,49.70821658862868],[6.580343115310176,49.708215140124089],[6.58034534850141,49.708170207724876],[6.580276048254682,49.708168759181142],[6.580206748013558,49.708167310595975],[6.580208981326805,49.708122378200912],[6.580139681155096,49.708120929576609],[6.580070380988997,49.708119480910867],[6.580072614424251,49.708074548519953],[6.580003314327564,49.708073099815067],[6.579934014236486,49.708071651068757],[6.579864714151016,49.708070202281007],[6.579866947772087,49.708025269896531],[6.579797647756031,49.708023821069638],[6.579728347745584,49.708022372201327],[6.579730581488663,49.707977439821008],[6.57966128154763,49.707975990913546],[6.579591981612206,49.707974541964653],[6.579594215477293,49.707929609588476],[6.579524915611284,49.707928160600446],[6.579455615750883,49.707926711570984],[6.579457849737977,49.707881779198971],[6.579388549946992,49.707880330130358],[6.579319250161615,49.707878881020328],[6.579321484270715,49.707833948652464],[6.579252184554753,49.70783249950329],[6.579182884844402,49.70783105031267],[6.579185119075507,49.707786117948963],[6.57911581943457,49.707784668719206],[6.579046519799244,49.707783219448025],[6.579048754152354,49.707738287088461],[6.578979454586443,49.707736837778135],[6.578910155026139,49.707735388426386],[6.578912389501253,49.707690456070992],[6.578843090010367,49.707689006680091],[6.578773790525091,49.707687557247773],[6.578776025122209,49.707642624896515],[6.578706725706348,49.707641175425053],[6.578708960361664,49.707596243075663],[6.578639661015219,49.707594793565065],[6.578570361674386,49.70759334401302],[6.578572596451702,49.707548411667794],[6.578503297180284,49.70754696207662],[6.578433997914476,49.707545512444014],[6.578436232813794,49.707500580102938],[6.578366933617404,49.707499130431188],[6.578369168574918,49.707454198091973],[6.578299869447942,49.707452748381073],[6.578230570326578,49.707451298628754],[6.578232805406092,49.707406366293718],[6.578163506354144,49.707404916502249],[6.578165741491855,49.707359984169052],[6.578096442509322,49.707358534338461],[6.578027143532402,49.70735708446643],[6.57802937879211,49.707312152137405],[6.577960079884606,49.707310702226231],[6.57796231520251,49.707265769899081],[6.577893016364421,49.707264319948756],[6.577823717531944,49.707262869957013],[6.577825952971845,49.707217937633999],[6.577756654208784,49.707216487603134],[6.57775888970688,49.707171555281995],[6.577689591013235,49.707170105211972],[6.577691826569524,49.707125172892688],[6.577622527945295,49.707123722783528],[6.577624763559776,49.707078790466113],[6.577555465004965,49.707077340317809],[6.577486166455765,49.707075890128095],[6.57741686791218,49.707074439896942],[6.57741910371246,49.707029507585979],[6.577349805238289,49.707028057315682],[6.577352041096762,49.70698312500658],[6.577282742692009,49.70698167469714],[6.577284978608672,49.706936742389907],[6.577215680273333,49.706935292041344],[6.57714638194361,49.706933841651342],[6.577148617982266,49.706888909348272],[6.577079319721959,49.706887458919127],[6.577081555818808,49.706842526617905],[6.577012257627917,49.70684107614963],[6.57694295944264,49.70683962563993],[6.57694519566148,49.706794693342879],[6.57687589754562,49.706793242794028],[6.576878133822651,49.706748310498845],[6.576808835776206,49.706746859910872],[6.576811072111426,49.706701927617544],[6.576741774134398,49.706700476990427],[6.576744010527808,49.706655544698975],[6.576674712620195,49.706654094032722],[6.576605414718198,49.706652643325029],[6.576607651233598,49.706607711037741],[6.576538353401018,49.706606260290918],[6.576540589974607,49.706561328005485],[6.576471292211442,49.706559877219519],[6.576473528843219,49.706514944935961],[6.576404231149471,49.706513494110865],[6.576406467839435,49.706468561829176],[6.576337170215104,49.706467110964937],[6.576339406963256,49.706422178685116],[6.576270109408341,49.70642072778174],[6.57627234621468,49.706375795503781],[6.576203048729181,49.706374344561269],[6.576133751249298,49.706372893577331],[6.576135988177623,49.706327961303536],[6.576066690767156,49.706326510280469],[6.57606892775367,49.706281578008536],[6.575999630412619,49.706280126946325],[6.576001867457318,49.706235194676246],[6.575932570185684,49.706233743574906],[6.575934807288569,49.70618881130671],[6.575865510086349,49.706187360166226],[6.575867747247421,49.706142427899898],[6.575798450114619,49.706140976720278],[6.575800687333874,49.706096044455812],[6.575731390270487,49.706094593237054],[6.575733627547928,49.706049660974458],[6.575664330553957,49.70604820971657],[6.575666567889582,49.706003277455842],[6.575597270965028,49.706001826158825],[6.575599508358838,49.705956893899952],[6.5755302115037,49.705955442563784],[6.575460914654179,49.705953991186206],[6.57546315216997,49.705909058931503],[6.575393855389866,49.705907607514781],[6.575396092963841,49.705862675261947],[6.575326796253152,49.705861223806096],[6.57532903388531,49.705816291555124],[6.575259737244037,49.705814840060135],[6.575261974934378,49.705769907811039],[6.575192678362521,49.705768456276907],[6.575194916111045,49.705723524029679],[6.575125619608604,49.705722072456417],[6.57512785741531,49.705677140211051],[6.575058560982285,49.70567568859866],[6.575060798847173,49.705630756355163],[6.574991502483564,49.705629304703635],[6.574993740406633,49.705584372462006],[6.574924444112439,49.705582920771342],[6.57492668209369,49.705537988531574],[6.574857385868912,49.705536536801787],[6.574859623908343,49.705491604563896],[6.574790327752981,49.705490152794965],[6.574792565850593,49.705445220558943],[6.574723269764647,49.705443768750868],[6.574725507920438,49.705398836516721],[6.574656211903908,49.705397384669517],[6.574658450117879,49.705352452437232],[6.574589154170765,49.705351000550898],[6.574591392442915,49.705306068320482],[6.574522096565216,49.705304616395011],[6.574524334895547,49.705259684166471],[6.574455039087264,49.705258232201864],[6.574457277475773,49.705213299975185],[6.574387981736906,49.705211847971455],[6.574390220183592,49.705166915746638],[6.574320924514141,49.705165463703779],[6.574323163019007,49.705120531480837],[6.574253867418969,49.705119079398841],[6.574256105982013,49.705074147177754],[6.574186810451392,49.705072695056629],[6.574189049072615,49.705027762837418],[6.574119753611408,49.705026310677155],[6.574121992290808,49.70498137845982],[6.574052696899017,49.704979926260421],[6.574054935636592,49.704934994044962],[6.573985640314218,49.704933541806433],[6.57398787910997,49.704888609592828],[6.573990117900105,49.704843677378804],[6.573920822710939,49.704842225103441],[6.57392306155925,49.704797292891278],[6.5738537664395,49.704795840576779],[6.573856005345987,49.704750908366492],[6.573858244246853,49.704705976155793],[6.573788949260313,49.704704523804445],[6.573719654279393,49.704703071411693],[6.57372189330223,49.704658139205144],[6.573724132319449,49.704613206998168],[6.573654837471737,49.70461175456856],[6.573657076547129,49.704566822363461],[6.573587781768833,49.704565369894738],[6.5735900209024,49.704520437691507],[6.57352072619352,49.704518985183633],[6.573522965385262,49.704474052982263],[6.573525204571384,49.704429120780489],[6.57345590999571,49.704427668235788],[6.573458149240007,49.704382736035868],[6.573388854733746,49.704381283452037],[6.573391094036216,49.704336351253986],[6.573321799599372,49.704334898631018],[6.573324038960014,49.70428996643485],[6.573254744592584,49.704288513772752],[6.573256984011398,49.704243581578439],[6.573187689713382,49.704242128877212],[6.57318992919037,49.704197196684767],[6.573192168661738,49.704152264491903],[6.573122874496928,49.704150811753848],[6.573125114026469,49.704105879562846],[6.573055819931072,49.704104426785662],[6.573058059518784,49.704059494596542],[6.572988765492802,49.704058041780215],[6.572991005138685,49.704013109592964],[6.572993244778949,49.703968177405272],[6.572923950886171,49.703966724552124],[6.572926190584606,49.703921792366302],[6.572856896761243,49.703920339474024],[6.572859136517847,49.703875407290084],[6.572861376268831,49.703830475105718],[6.572792082578672,49.703829022176599],[6.572794322387826,49.703784089994102],[6.57272502876708,49.70378263702586],[6.572727268634405,49.703737704845238],[6.572657975083073,49.703736251837846],[6.572660215008566,49.703691319659093],[6.572590921526649,49.703689866612585],[6.572593161510309,49.703644934435694],[6.572595401488352,49.703600002258391],[6.572526108139637,49.703598549175041],[6.572528348175847,49.703553616999606],[6.572459054896545,49.703552163877134],[6.572461294990924,49.703507231703576],[6.572392001781035,49.70350577854196],[6.572394241933583,49.703460846370263],[6.572324948793106,49.703459393169531],[6.572327189003821,49.703414460999717],[6.572329429208913,49.703369528829462],[6.572260136201641,49.703368075591904],[6.5722623764649,49.703323143423503],[6.572264616722538,49.703278211254698],[6.572195323848466,49.703276757980298],[6.572197564164271,49.703231825813376],[6.572128271359612,49.703230372499853],[6.572130511733583,49.703185440334778],[6.571991926268717,49.703182533588055],[6.571989685767169,49.70322746574854],[6.571920392979385,49.703226012310736],[6.571922633544721,49.703181080152554],[6.571853340826348,49.703179626675634],[6.571855581449851,49.703134694519328],[6.571786288800892,49.703133241003286],[6.571716996157559,49.703131787445813],[6.571719236903013,49.703086855293677],[6.571649944329092,49.703085401697081],[6.571652185132713,49.703040469546799],[6.571582892628204,49.703039015911074],[6.571585133489989,49.702994083762675],[6.571515841054894,49.702992630087827],[6.571518081974842,49.702947697941298],[6.571448789609161,49.702946244227313],[6.571451030587273,49.702901312082652],[6.571381738291005,49.702899858329552],[6.571312446000364,49.70289840453502],[6.571314687100426,49.70285347239453],[6.571245394879196,49.70285201856089],[6.571247636037421,49.702807086422261],[6.571178343885607,49.702805632549477],[6.571180585101994,49.702760700412718],[6.571111293019593,49.702759246500804],[6.571113534294143,49.702714314365934],[6.571044242281152,49.702712860414898],[6.571046483613865,49.702667928281898],[6.570977191670288,49.702666474291746],[6.570979433061162,49.7026215421606],[6.570910141186999,49.702620088131319],[6.570840849318462,49.702618634060606],[6.570843090831284,49.702573701933645],[6.57077379903216,49.702572247823809],[6.570776040603143,49.702527315698717],[6.570706748873432,49.702525861549759],[6.570708990502575,49.702480929426535],[6.570639698842277,49.702479475238448],[6.570641940529582,49.702434543117093],[6.570572648938697,49.702433088889883],[6.57057489068416,49.702388156770397],[6.570505599162687,49.702386702504072],[6.570507840966311,49.702341770386454],[6.57043854951425,49.702340316080999],[6.570440791376034,49.702295383965264],[6.570371499993387,49.70229392962068],[6.570302208616369,49.702292475234671],[6.570232917244978,49.702291020807252],[6.570163625879217,49.702289566338393],[6.570161383762295,49.702334498444934],[6.570092092338378,49.70233304393237],[6.570089850152044,49.702377976036196],[6.570020558669971,49.702376521479913],[6.569951267193527,49.70237506688219],[6.569949024873996,49.702419998981007],[6.569879733339396,49.702418544339587],[6.569877490950454,49.702463476435653],[6.569808199357697,49.702462021750513],[6.569805956899343,49.702506953843873],[6.569736665248429,49.702505499115006],[6.569734422720663,49.702550431205644],[6.569665131011594,49.70254897643305],[6.569595839308155,49.702547521619046],[6.56959359664719,49.702592453704668],[6.569524304885597,49.702590998846929],[6.569522062155216,49.702635930929837],[6.569452770335467,49.702634476028379],[6.569450527535674,49.702679408108551],[6.569381235657768,49.702677953163381],[6.569311943785494,49.702676498176785],[6.5693097008525,49.702721430251941],[6.569240408922069,49.702719975221619]],[[6.66584030661961,49.77698840217279],[6.665770903977835,49.776987003376469],[6.665701501341489,49.776985604538595],[6.66570366103786,49.776940669893392],[6.665634258471012,49.776939271016204],[6.665564855909594,49.77693787209747],[6.665567015728676,49.77689293745626],[6.665636418226025,49.776894336372777],[6.665705820728805,49.776895735247763],[6.665775223237013,49.776897134081203],[6.665773063610136,49.776942068729049],[6.665842466187842,49.776943467523161],[6.665911868770976,49.776944866275734],[6.665909709266813,49.776989800927574],[6.66584030661961,49.77698840217279]],[[6.696985895446947,49.780895325873921],[6.697055305204086,49.780896706053049],[6.697053174200748,49.780941641664164],[6.69698376437952,49.780940261482861],[6.696985895446947,49.780895325873921]],[[6.697573465374191,49.783155906821037],[6.697571334679958,49.783200842430915],[6.697501921605854,49.783199462514517],[6.697504052364184,49.78315452690682],[6.697506183117161,49.783109591298711],[6.697575596063071,49.78311097121076],[6.697573465374191,49.783155906821037]],[[6.697499790842169,49.783244398121781],[6.697430377709324,49.783243018161642],[6.697432508537107,49.783198082556559],[6.697501921605854,49.783199462514517],[6.697499790842169,49.783244398121781]],[[6.697428246876187,49.783287953766312],[6.697358833684602,49.783286573762453],[6.697360964581836,49.78324163815995],[6.697430377709324,49.783243018161642],[6.697428246876187,49.783287953766312]],[[6.744283659081398,49.815604356863339],[6.744353120755521,49.815605709395683],[6.744351030933766,49.815650646214536],[6.744281569195421,49.815649293680039],[6.744283659081398,49.815604356863339]],[[6.734475411509155,49.803808734431605],[6.734405967188636,49.80380737621303],[6.734408065341046,49.803762439610182],[6.734477509597387,49.803763797826612],[6.734475411509155,49.803808734431605]],[[6.731931309705126,49.80470347935028],[6.731929209190334,49.804748415868822],[6.73185976364794,49.804747056105953],[6.731861864226912,49.804702119589557],[6.731931309705126,49.80470347935028]],[[6.719481391956185,49.806348104170823],[6.719550839192426,49.806349471382717],[6.719548727094915,49.80639440750236],[6.719479279794489,49.806393040288306],[6.719481391956185,49.806348104170823]],[[6.720352307130129,49.808524175974782],[6.720350195612228,49.808569112102539],[6.720280745161705,49.808567745325426],[6.7202828567438,49.808522809199822],[6.720352307130129,49.808524175974782]],[[6.716875564862245,49.80854565831865],[6.716873450124111,49.808590594337488],[6.716803999810945,49.808589225476567],[6.716806114613271,49.808544289459888],[6.716875564862245,49.80854565831865]],[[6.714617173341779,49.809265745296209],[6.714615056459042,49.809310681238692],[6.714612939570984,49.809355617180771],[6.714543488272632,49.809354246950008],[6.714474036979605,49.809352876677657],[6.714476153996053,49.809307940739927],[6.714545605224885,49.809309311010111],[6.714547722171816,49.80926437506978],[6.714549839113425,49.809219439129045],[6.714619290219195,49.809220809353299],[6.714617173341779,49.809265745296209]],[[6.719511923749428,49.773155081874975],[6.719509814092326,49.773200018252084],[6.719440414238205,49.77319865167631],[6.719438304511737,49.773243588050832],[6.719368904598854,49.77324222143136],[6.719371014389387,49.773197285058998],[6.71937312417462,49.773152348686217],[6.719442523959373,49.773153715301355],[6.719444633675239,49.773108778925994],[6.71951403340123,49.773110145497448],[6.719511923749428,49.773155081874975]],[[6.715862328662231,49.776906283693485],[6.715860215350575,49.776951219927135],[6.715790810315731,49.776949851090635],[6.715792923691466,49.776904914859152],[6.715862328662231,49.776906283693485]],[[6.711576414762468,49.782353960800656],[6.711574297079869,49.782398896857508],[6.711504884470702,49.782397525344969],[6.711507002217398,49.782352589290284],[6.711576414762468,49.782353960800656]],[[6.572999553581513,49.708016431525799],[6.573001793530637,49.707971499369052],[6.573004033474139,49.707926567211871],[6.573073333003657,49.707928020101249],[6.573071093123959,49.707972952260732],[6.573140392722906,49.707974405110967],[6.573138152901395,49.708019337272312],[6.57320745256977,49.708020790083424],[6.573205212806442,49.708065722246644],[6.573135913074261,49.708064269433237],[6.573133673241506,49.708109201593736],[6.573064373451141,49.708107748736609],[6.573066613347702,49.708062816578412],[6.573068853238643,49.708017884419768],[6.572999553581513,49.708016431525799]],[[6.573202973037493,49.708110654409445],[6.573200733262923,49.708155586571806],[6.573131433403129,49.708154133753808],[6.573133673241506,49.708109201593736],[6.573202973037493,49.708110654409445]],[[6.57327003312834,49.708157039348372],[6.573267793411955,49.708201971512615],[6.573198493482732,49.708200518733754],[6.573200733262923,49.708155586571806],[6.57327003312834,49.708157039348372]],[[6.587971783625631,49.713861784078766],[6.587902474890964,49.713860339977714],[6.587833166161886,49.713858895835223],[6.587835392888252,49.713813963231885],[6.5879047015535,49.713815407372103],[6.587906928210447,49.713770474766065],[6.587909154861808,49.713725542159594],[6.587978463404988,49.713726986253796],[6.58804777195376,49.71372843030656],[6.588045545430058,49.7137733629176],[6.588043318900768,49.713818295528199],[6.587974010224338,49.713816851470874],[6.587971783625631,49.713861784078766]],[[6.588034412727724,49.713998025966383],[6.588036639279368,49.713953093357475],[6.588105948152877,49.713954537380204],[6.588175257031976,49.713955981361487],[6.588173030607992,49.714000913974964],[6.588103721665064,49.713999469991393],[6.588034412727724,49.713998025966383]],[[6.606345638557263,49.718336230344633],[6.606276322520412,49.718334797143847],[6.606278532580816,49.71828986396774],[6.606347848553819,49.718291297166253],[6.606345638557263,49.718336230344633]],[[6.615935428270153,49.723706673617137],[6.615933226699305,49.723751607067349],[6.61586390246819,49.72375017949075],[6.615866104102907,49.72370524604279],[6.615935428270153,49.723706673617137]],[[6.622428414428293,49.730002283775782],[6.622426218361584,49.730047217388872],[6.622356884837483,49.730045793566994],[6.6222875513189,49.730044369703634],[6.622289747513395,49.729999436095035],[6.622359080968087,49.730000859956149],[6.622428414428293,49.730002283775782]],[[6.623473180198504,49.732767434323868],[6.623542517655779,49.732768857534239],[6.623540322402971,49.732813791162073],[6.623470984881792,49.73281236794945],[6.623473180198504,49.732767434323868]],[[6.623607464735248,49.732860147962903],[6.623605269535322,49.732905081592136],[6.623535931880821,49.732903658416497],[6.623538127144653,49.732858724789487],[6.623607464735248,49.732860147962903]],[[6.623481048493679,49.734026998954363],[6.623478853086536,49.734071932570387],[6.623476657673882,49.734116866185992],[6.623474462255714,49.734161799801178],[6.623543801699586,49.734163223039786],[6.623541606339815,49.734208156656805],[6.623539410974533,49.734253090273384],[6.623537215603736,49.734298023889565],[6.62353502022743,49.734342957505312],[6.623604359932451,49.734344380711427],[6.623602164614541,49.734389314329],[6.623599969291118,49.734434247946162],[6.623597773962183,49.734479181562897],[6.623595578627737,49.734524115179191],[6.623526238667077,49.734522691964088],[6.623456898711933,49.734521268707503],[6.623387558762302,49.734519845409444],[6.623389754288477,49.734474911799886],[6.62339194980914,49.734429978189894],[6.623394145324291,49.73438504457949],[6.62339634083393,49.734340110968667],[6.623327001145451,49.734338687638129],[6.623329196713486,49.734293754029117],[6.623333587833017,49.734203886809837],[6.623335783384513,49.734158953199568],[6.623266443957184,49.734157529836558],[6.623268639567076,49.734112596228123],[6.623270835171455,49.734067662619246],[6.623273030770322,49.734022729009972],[6.623275226363675,49.73397779540025],[6.623277421951517,49.733932861790123],[6.623208082849243,49.73393143839688],[6.623210278495478,49.733886504788586],[6.623212474136203,49.733841571179852],[6.623214669771412,49.733796637570705],[6.623216865401109,49.733751703961147],[6.623219061025294,49.733706770351148],[6.623149722248071,49.733705346927678],[6.62315191793065,49.733660413319512],[6.623221256643967,49.733661836740737],[6.623290595362799,49.733663260120487],[6.623359934087146,49.733664683458777],[6.623357738596286,49.733709617073686],[6.623427077390055,49.733711040372739],[6.62342488195759,49.733755973989474],[6.623422686519613,49.733800907605783],[6.623420491076125,49.73384584122168],[6.623418295627123,49.733890774837157],[6.623416100172609,49.733935708452208],[6.623485439291427,49.733937131721028],[6.623483243895309,49.733982065337905],[6.623481048493679,49.734026998954363]],[[6.624199885440477,49.734941324958797],[6.624197690626111,49.734986258591128],[6.624195495806234,49.735031192223026],[6.624264836525047,49.735032615048127],[6.624262641763571,49.735077548681851],[6.624260446996583,49.735122482315177],[6.624258252224085,49.735167415948055],[6.624256057446075,49.735212349580522],[6.624253862662556,49.735257283212562],[6.624323203706443,49.735258706007421],[6.624321008981324,49.735303639641295],[6.624316619514557,49.735393506907762],[6.624314424772908,49.735438440540371],[6.624312230025746,49.735483374172553],[6.624242888662295,49.735481951366445],[6.624173547304356,49.73548052851887],[6.624175742179344,49.735435594891186],[6.624180131912785,49.735345727634545],[6.624182326771239,49.735300794005589],[6.624112985674466,49.735299371125528],[6.624115180591321,49.735254437498412],[6.624117375502666,49.735209503870855],[6.624119570408499,49.735164570242887],[6.624121765308821,49.735119636614513],[6.624123960203633,49.735074702985692],[6.624054619431933,49.73507328007539],[6.624056814385146,49.735028346448402],[6.624059009332846,49.734983412820995],[6.624061204275036,49.734938479193161],[6.624063399211715,49.734893545564915],[6.624065594142881,49.734848611936243],[6.624067789068538,49.734803678307145],[6.62399844868582,49.734802255368855],[6.624000643669875,49.73475732174159],[6.624069983988683,49.734758744677627],[6.624072178903317,49.734713811047683],[6.624141519163728,49.734715233940001],[6.624139324313004,49.73476016757219],[6.624208664642838,49.734761590425279],[6.624204275052679,49.734851457692891],[6.624202080249334,49.734896391326053],[6.624199885440477,49.734941324958797]],[[6.623656137456642,49.734705272822865],[6.623653942158546,49.734750206439301],[6.623723282449784,49.734751629582703],[6.623721087210085,49.734796563200987],[6.623718891964875,49.734841496818845],[6.623716696714153,49.734886430436276],[6.623714501457919,49.734931364053288],[6.623712306196173,49.734976297669881],[6.62378164681248,49.734977720783043],[6.623779451609133,49.735022654401462],[6.623777256400275,49.735067588019454],[6.623775061185905,49.735112521637035],[6.623772865966022,49.735157455254189],[6.623770670740629,49.735202388870917],[6.623840011682009,49.735203811953852],[6.623837816515015,49.735248745572406],[6.623835621342509,49.735293679190541],[6.623833426164492,49.735338612808242],[6.623831230980963,49.735383546425545],[6.623829035791923,49.735428480042408],[6.62389837705838,49.73542990309511],[6.623896181927741,49.735474836713806],[6.623893986791589,49.735519770332075],[6.623824645397305,49.735518347274876],[6.62382245019173,49.735563280890482],[6.623753108739048,49.735561857789563],[6.62368376729188,49.735560434647162],[6.623685962625283,49.735515501036062],[6.623688157953172,49.735470567424528],[6.623690353275552,49.735425633812568],[6.623621012025637,49.73542421063545],[6.623623207406417,49.735379277025324],[6.623625402781684,49.735334343414777],[6.623627598151439,49.735289409803805],[6.623629793515681,49.735244476192427],[6.623631988874411,49.735199542580609],[6.623562647949574,49.735198119373251],[6.623564843366704,49.735153185763266],[6.623569234184427,49.735063318542025],[6.623571429585021,49.735018384930775],[6.623573624980102,49.734973451319114],[6.623504284380336,49.734972028081522],[6.623508675281784,49.734882160861403],[6.623510870724238,49.734837227250715],[6.623513066161181,49.734792293639607],[6.623443725822575,49.73479087036953],[6.623445921317916,49.734745936760241],[6.623515261592612,49.734747360028067],[6.623584601872822,49.734748783254425],[6.623586797234828,49.734703849640226],[6.623656137456642,49.734705272822865]],[[6.623397619147,49.735734476067059],[6.623395423530379,49.73577940966706],[6.623256740057568,49.735776562903553],[6.623258935802017,49.735731629308042],[6.623397619147,49.735734476067059]],[[6.623769763604299,49.736641687538437],[6.623771958942165,49.73659675393295],[6.623774154274519,49.736551820327051],[6.62377634960136,49.736506886720719],[6.62377854492269,49.736461953113974],[6.623780740238506,49.73641701950681],[6.62378293554881,49.736372085899212],[6.623785130853603,49.736327152291203],[6.62371578831437,49.736325729152057],[6.623717983677566,49.736280795545881],[6.623720179035251,49.736235861939271],[6.623722374387423,49.736190928332242],[6.623724569734082,49.736145994724787],[6.623726765075229,49.736101061116919],[6.623728960410865,49.736056127508625],[6.623731155740988,49.736011193899905],[6.623733351065598,49.73596626029078],[6.623802693093507,49.735967683411943],[6.623872035126932,49.735969106491609],[6.62394137716587,49.735970529529823],[6.623939182033004,49.736015463145705],[6.623936986894627,49.736060396761161],[6.623930401446424,49.736195197604999],[6.623928206285999,49.736240131218771],[6.623926011120063,49.736285064832131],[6.623923815948615,49.736329998445058],[6.623921620771655,49.736374932057579],[6.623990963391348,49.736376355074533],[6.623988768272793,49.736421288688867],[6.623986573148725,49.736466222302774],[6.623984378019147,49.736511155916268],[6.623982182884055,49.736556089529351],[6.623979987743454,49.736601023141979],[6.623977792597339,49.736645956754224],[6.623975597445713,49.73669089036602],[6.623973402288574,49.736735823977398],[6.623971207125925,49.736780757588363],[6.624040550326386,49.736782180584072],[6.624038355222142,49.736827114196871],[6.624036160112387,49.736872047809236],[6.624033964997119,49.736916981421167],[6.62403176987634,49.736961915032701],[6.624029574750049,49.737006848643787],[6.624027379618248,49.737051782254468],[6.624025184480932,49.73709671586473],[6.624022989338107,49.737141649474552],[6.624092333055429,49.737143072446784],[6.62409013797101,49.737188006058446],[6.62408794288108,49.737232939669681],[6.624085747785637,49.737277873280505],[6.624083552684683,49.737322806890887],[6.624081357578217,49.737367740500865],[6.62407916246624,49.737412674110423],[6.624074772225748,49.737502541328254],[6.624144116459945,49.737503964276989],[6.624141921395352,49.737548897887521],[6.624139726325247,49.737593831497634],[6.62407038196321,49.737592408544423],[6.624001037606689,49.737590985549701],[6.623998842403232,49.737635919154897],[6.623929497988303,49.73763449611647],[6.623931693255681,49.737589562513527],[6.623933888517547,49.737544628910157],[6.623864544235975,49.73754320583474],[6.623866739556249,49.737498272233204],[6.62386893487101,49.737453338631234],[6.62387113018026,49.737408405028845],[6.623875520782223,49.737318537822809],[6.623877716074937,49.737273604219162],[6.623879911362138,49.737228670615089],[6.623810567533519,49.737227247513935],[6.623812762879128,49.737182313911681],[6.623882106643827,49.737183737010596],[6.623884301920002,49.737138803405678],[6.623814958219223,49.737137380309022],[6.623817153553806,49.737092446705937],[6.623819348882877,49.737047513102411],[6.623821544206436,49.737002579498487],[6.623823739524482,49.73695764589413],[6.623825934837017,49.736912712289353],[6.623828130144038,49.736867778684157],[6.623830325445548,49.736822845078542],[6.623832520741545,49.736777911472494],[6.623834716032031,49.736732977866026],[6.623765372912031,49.736731554748125],[6.623767568260921,49.736686621143491],[6.623769763604299,49.736641687538437]],[[6.62143969541372,49.737448438541513],[6.621509039438268,49.737449863066395],[6.621506841944709,49.737494796591456],[6.621437497856241,49.737493372064328],[6.62143969541372,49.737448438541513]],[[6.621160121557572,49.737487673541025],[6.621229465623959,49.737489098234064],[6.621227267869203,49.737534031749711],[6.621157923738895,49.737532607054419],[6.621160121557572,49.737487673541025]],[[6.621335188790123,49.738165950253581],[6.621196498723158,49.738163100924403],[6.621198696555175,49.738118167414669],[6.621200894381674,49.738073233904515],[6.621203092202652,49.738028300393935],[6.621272437041609,49.738029725072508],[6.621270239284551,49.738074658585333],[6.621339584192951,49.738076083224676],[6.621337386494296,49.738121016739342],[6.621335188790123,49.738165950253581]],[[6.624896805858672,49.743411607336284],[6.624894611031019,49.743456540925301],[6.624892416197854,49.74350147451387],[6.624888026514989,49.743591341689779],[6.624818673567348,49.743589919059836],[6.62482086847548,49.743544985474337],[6.624825258275204,49.743455118302087],[6.6248274531668,49.74341018471533],[6.624896805858672,49.743411607336284]],[[6.626565025393511,49.751901786666487],[6.626562831448515,49.751946720243645],[6.626493466503358,49.751945298442813],[6.626495660512323,49.751900364867907],[6.626565025393511,49.751901786666487]],[[6.626126516299085,49.756615543736785],[6.626124321583454,49.756660477262919],[6.62612212686231,49.756705410788634],[6.62605275515171,49.756703988625148],[6.626054949936843,49.756659055101686],[6.625985578295747,49.756657632898936],[6.625987773139357,49.7566126993773],[6.626057144716464,49.756614121577798],[6.626126516299085,49.756615543736785]],[[6.625703701570844,49.756741810696951],[6.625701506454736,49.756786744208341],[6.62563213464925,49.756785321791327],[6.625562762849279,49.756783899332802],[6.625564958093365,49.75673896582591],[6.625634329829348,49.756740388282182],[6.625703701570844,49.756741810696951]],[[6.626097984565886,49.757199679543668],[6.626028612151393,49.757198257355462],[6.626030806997168,49.757153323836633],[6.62596143465218,49.757151901609177],[6.625963629556433,49.757106968092167],[6.626033001837429,49.757108390317391],[6.626102374123941,49.757109812501092],[6.626100179347669,49.757154746022586],[6.626097984565886,49.757199679543668]],[[6.62616077279944,49.7573359022578],[6.626158578059597,49.757380835779436],[6.626089205383622,49.757379413623759],[6.626091400187457,49.757334480104369],[6.62609359498578,49.757289546584545],[6.626162967533772,49.757290968735738],[6.62616077279944,49.7573359022578]],[[6.6258832823846,49.757330213395022],[6.625881087388791,49.757375146907663],[6.625811714734876,49.757373724585946],[6.62574234208648,49.757372302222734],[6.625744537210273,49.757327368714591],[6.625813909794678,49.757328791075558],[6.6258832823846,49.757330213395022]],[[6.625943875219684,49.757511369730025],[6.625874502368279,49.757509947443083],[6.62587669738063,49.7574650139317],[6.625946070168042,49.75746643621639],[6.625943875219684,49.757511369730025]],[[6.626288544925527,49.757563414066581],[6.626286350286104,49.757608347590605],[6.62621697727914,49.7576069255067],[6.626219171982554,49.757561991984929],[6.626288544925527,49.757563414066581]],[[6.626199419453368,49.757966393665733],[6.626197224700338,49.758011327183716],[6.626127851122947,49.758009905038094],[6.626130045939969,49.757964971522348],[6.626134435557477,49.757875104489614],[6.626203808942886,49.7578765266285],[6.626201614200883,49.757921460147337],[6.626199419453368,49.757966393665733]],[[6.626260014183064,49.758147549846001],[6.626190640408176,49.758146127735131],[6.626192835177743,49.758101194218412],[6.626262208888638,49.758102616327029],[6.626260014183064,49.758147549846001]],[[6.626329387963469,49.758148971915354],[6.626327193316378,49.758193905436144],[6.626257819471979,49.758192483364532],[6.626260014183064,49.758147549846001],[6.626329387963469,49.758148971915354]],[[6.627847409715428,49.761193637699883],[6.627845216235094,49.761238571246331],[6.627775837970344,49.761237150020492],[6.627778031514683,49.761192216476289],[6.627847409715428,49.761193637699883]],[[6.633348886427559,49.763735039663054],[6.633346697834902,49.763779973368429],[6.633277315667556,49.763778555384164],[6.633279504324228,49.763733621681034],[6.633348886427559,49.763735039663054]],[[6.633342320633096,49.763869840777915],[6.633344509236748,49.763824907073385],[6.633413891473611,49.763826325018371],[6.633411702933975,49.763871258725146],[6.633342320633096,49.763869840777915]],[[6.631720247889823,49.764376420335928],[6.631789630832363,49.764377839264952],[6.631787440748836,49.764422772914699],[6.631718057742277,49.764421353983444],[6.631720247889823,49.764376420335928]],[[6.654447575226945,49.774104509767227],[6.654378177268162,49.774103104206596],[6.654380347214017,49.774058169902204],[6.654449745108742,49.774059575460633],[6.654447575226945,49.774104509767227]],[[6.683809344197296,49.777484097438062],[6.683739939962693,49.777482709394],[6.683742083016618,49.77743777417755],[6.683811487187147,49.777439162219402],[6.683809344197296,49.777484097438062]],[[6.673414357549912,49.778400192987561],[6.673275547491317,49.778397404368661],[6.673206142470137,49.778396009996889],[6.673208295334318,49.77835107512287],[6.673210448193087,49.778306140248404],[6.673279853086116,49.778307534615756],[6.673277700291421,49.778352469492425],[6.673347105253938,49.778353863820435],[6.673416510221865,49.778355258106913],[6.673414357549912,49.778400192987561]],[[6.67826198221397,49.778722365130925],[6.678400793691756,49.778725147789778],[6.678470199438746,49.77872653905689],[6.678468051411985,49.778771474095677],[6.678465903379824,49.778816409134052],[6.678327091634928,49.778813626549493],[6.678329239795244,49.778768691515523],[6.678259833994974,49.778767300163132],[6.67826198221397,49.778722365130925]],[[6.679984559283407,49.811006098411781],[6.679915107313266,49.811004707397259],[6.679917256448818,49.810959772563578],[6.679986708354766,49.810961163575897],[6.679984559283407,49.811006098411781]],[[6.67696369940772,49.811665203035233],[6.676965851325961,49.811620268300665],[6.676968003238791,49.811575333565656],[6.677037455880489,49.811576726357764],[6.677035304031855,49.811621661094975],[6.677104756743161,49.81162305384769],[6.677102604953311,49.811667988586677],[6.67703315217781,49.811666595831745],[6.677031000318354,49.811711530568118],[6.676961547484069,49.811710137769396],[6.67696369940772,49.811665203035233]],[[6.708166722992662,49.782466451728759],[6.708236135538386,49.782467825242229],[6.708234014757837,49.782512761193303],[6.708164602148016,49.782511387677651],[6.708166722992662,49.782466451728759]],[[6.707678714028569,49.782501771904712],[6.707680835321892,49.782456835971018],[6.70775024783029,49.782458209775349],[6.707746005366506,49.782548081646688],[6.707676592729915,49.782546707838002],[6.707678714028569,49.782501771904712]],[[6.708095189543528,49.782510014120454],[6.708093068629454,49.782554950066775],[6.708090947710051,49.782599886012676],[6.7080215349827,49.782598512409585],[6.708023655966199,49.782553576465858],[6.70802577694437,49.782508640521705],[6.708095189543528,49.782510014120454]],[[6.708301306651206,49.782559070620223],[6.708370719335787,49.78256044405493],[6.708368598672773,49.782605380009514],[6.708299185924095,49.782604006572626],[6.708301306651206,49.782559070620223]],[[6.708715662496129,49.782612246570679],[6.708646249720796,49.782610873341547],[6.708576836950794,49.782609500070862],[6.708507424186123,49.782608126758639],[6.708509544720942,49.782563190799713],[6.708578957421516,49.782564564109776],[6.708648370127422,49.782565937378287],[6.708717782838658,49.782567310605252],[6.708715662496129,49.782612246570679]],[[6.707947880149498,49.782687010646796],[6.707878467304618,49.782685636956266],[6.707880588426972,49.782640701017705],[6.707950001207755,49.782642074706082],[6.707947880149498,49.782687010646796]],[[6.708017292999711,49.782688384295774],[6.708086705855257,49.782689757903199],[6.708084584919864,49.78273469384785],[6.708015172000222,49.78273332023825],[6.707945759085911,49.782731946587099],[6.707947880149498,49.782687010646796],[6.708017292999711,49.782688384295774]],[[6.70904788614928,49.782933663915351],[6.709050006208615,49.782888727941987],[6.709119419400516,49.782890100934836],[6.709117299405279,49.782935036910359],[6.70904788614928,49.782933663915351]],[[6.709045766084616,49.782978599888288],[6.708976352769848,49.782977226849546],[6.708837526156302,49.782974480647425],[6.708768112857524,49.78297310748404],[6.708765992531138,49.783018043447889],[6.708696579173593,49.783016670240769],[6.708627165821378,49.783015296992104],[6.708629286275961,49.782970361032604],[6.708631406725217,49.782925425072676],[6.708700819949233,49.782926798317007],[6.708770233178583,49.782928171519785],[6.708978472898611,49.782932290878776],[6.70904788614928,49.782933663915351],[6.709045766084616,49.782978599888288]],[[6.706473232100649,49.78301764156592],[6.706542645351632,49.783019016104831],[6.706612058607949,49.783020390602211],[6.706609936283847,49.783065326497926],[6.706540522963429,49.783063951998386],[6.706538400569896,49.783108887891515],[6.706468987190716,49.783107513348241],[6.706399573816872,49.783106138763429],[6.706401696338605,49.783061202874634],[6.70647110964835,49.783062577457287],[6.706473232100649,49.78301764156592]],[[6.708484097951393,49.783102422279207],[6.708486218544833,49.783057486324871],[6.708416805144511,49.783056112949382],[6.708418925796718,49.783011176996816],[6.708557752474494,49.783013923701901],[6.708555631950484,49.783058859658802],[6.708625045361466,49.783060232951193],[6.708622924896226,49.78310516890987],[6.708692338376639,49.783106542162862],[6.70869445877778,49.783061606202025],[6.708763872199425,49.783062979411312],[6.70875963152001,49.783152851336929],[6.708757511172311,49.783197787299102],[6.70868809755837,49.783196414083307],[6.708618683949759,49.783195040825966],[6.708620804425656,49.783150104868128],[6.708551390886476,49.783148731571409],[6.708553511421145,49.783103795615318],[6.708484097951393,49.783102422279207]],[[6.705844267018239,49.783095140589033],[6.705774853692426,49.783093765630262],[6.705776976791045,49.783048829761022],[6.705846390052759,49.78305020471764],[6.705844267018239,49.783095140589033]],[[6.705913680349389,49.783096515506259],[6.705911557373633,49.783141451379414],[6.705842143978385,49.783140076460008],[6.705844267018239,49.783095140589033],[6.705913680349389,49.783096515506259]],[[6.707859376963561,49.783090060384438],[6.707857255787902,49.783134996318822],[6.707787842307371,49.783133622565039],[6.707789963547128,49.783088686632816],[6.707859376963561,49.783090060384438]],[[6.707989719590597,49.783272551515417],[6.707920305907104,49.783271177838216],[6.707922427034655,49.783226241902909],[6.707991840654049,49.783227615577935],[6.707989719590597,49.783272551515417]],[[6.706809687696549,49.783249193351992],[6.706740274103732,49.783247818968412],[6.706742396320969,49.783202883070018],[6.706811809849689,49.783204257451423],[6.706809687696549,49.783249193351992]],[[6.699519160722707,49.783149591878328],[6.699521289611508,49.783104656206611],[6.699590702648595,49.783106034911491],[6.699588573823891,49.783150970585403],[6.699519160722707,49.783149591878328]],[[6.708267374377892,49.7832780458087],[6.708269495184946,49.78323310986255],[6.708338908831001,49.783234483329814],[6.708336788088046,49.783279419278145],[6.708334667339763,49.783324355226036],[6.708265253565511,49.783322981754431],[6.708263132747798,49.783367917699756],[6.708193718914775,49.783366544184418],[6.708195839796589,49.783321608241266],[6.708197960673071,49.78327667229771],[6.708267374377892,49.7832780458087]],[[6.699163578406404,49.783322440358894],[6.699165707637097,49.783277504699733],[6.699235120903814,49.783278883621087],[6.699304534175882,49.783280262500888],[6.699302405073384,49.783325198164427],[6.69923299173722,49.78332381928243],[6.699163578406404,49.783322440358894]],[[6.708187356237359,49.783501352011363],[6.708256770262682,49.783502725533218],[6.708326184293335,49.783504099013506],[6.708395598329321,49.783505472452248],[6.70839347761849,49.783550408400252],[6.708324063518404,49.783549034959336],[6.708321942738143,49.783593970904739],[6.70825252857929,49.783592597420103],[6.708254649423649,49.783547661476881],[6.708185235334228,49.783546287952852],[6.708115821250138,49.783544914387278],[6.70811794221737,49.783499978447971],[6.708187356237359,49.783501352011363]],[[6.709005483843725,49.783832383295007],[6.708936069311053,49.783831010215053],[6.708938189541048,49.783786074252198],[6.709007604009618,49.783787447329985],[6.709005483843725,49.783832383295007]],[[6.708649929234781,49.784005261292201],[6.708719344002537,49.784006634547062],[6.708717223553594,49.784051570501319],[6.708647808721736,49.784050197244291],[6.708649929234781,49.784005261292201]],[[6.708856053233305,49.78405431689071],[6.708858173554043,49.784009380932098],[6.708927588337793,49.784010754062294],[6.708929708589101,49.783965818101102],[6.708999123314077,49.783967191187578],[6.709001243495955,49.783922255223807],[6.70907065816216,49.783923628266564],[6.709068538044384,49.783968564232502],[6.709137952780022,49.783969937235874],[6.70913583272102,49.784014873203567],[6.709133712656692,49.784059809170856],[6.709203127525863,49.784061182137002],[6.70920100752031,49.784106118106031],[6.709198887509429,49.784151054074655],[6.70919676749322,49.784195990042853],[6.709194647471683,49.784240926010625],[6.7091252323461,49.784239553035796],[6.709127352431739,49.784194617070192],[6.709057937375589,49.784193244055977],[6.709055817225846,49.784238180019408],[6.708986402110923,49.784236806961459],[6.708988522324769,49.784191871000203],[6.708919107279279,49.784190497902884],[6.708849692239119,49.784189124763998],[6.708780277204291,49.784187751583566],[6.708782397605117,49.784142815628392],[6.708786638390784,49.784052943716787],[6.708856053233305,49.78405431689071]],[[6.704933398674478,49.783257006252313],[6.704931274779994,49.783301942093374],[6.704929150880172,49.783346877934029],[6.704998564526516,49.783348253404455],[6.704996440685457,49.783393189246851],[6.705065854401242,49.783394564677913],[6.705063730618944,49.783439500522071],[6.705061606831308,49.783484436365811],[6.705131020680631,49.783485811759668],[6.705128896951759,49.783530747605155],[6.705126773217551,49.783575683450231],[6.705196187200412,49.783577058806891],[6.705194063524966,49.783621994653721],[6.705263477577267,49.783623369970989],[6.705261353960585,49.783668305819582],[6.705330768082325,49.783669681097471],[6.705328644524406,49.783714616947819],[6.705326520961152,49.78375955279774],[6.705465349477048,49.783762303237552],[6.705467472912102,49.783717367383289],[6.705469596341819,49.783672431528586],[6.705400182209402,49.783671056333816],[6.705402305697883,49.783626120480868],[6.705404429181029,49.783581184627508],[6.705473843185245,49.783582559817944],[6.705543257194798,49.783583934966842],[6.705541133839854,49.783628870824536],[6.705539010479574,49.783673806681826],[6.705536887113958,49.783718742538696],[6.705606301321152,49.78372011765255],[6.705604178014299,49.783765053511175],[6.705673592290934,49.78376642858565],[6.705743006572904,49.783767803618574],[6.705740883388919,49.783812739481121],[6.70573663700494,49.783902611204972],[6.70573239059962,49.783992482927168],[6.705801805207434,49.78399385792941],[6.705799682060872,49.784038793792043],[6.705797558908974,49.784083729654263],[6.705795435751741,49.784128665516072],[6.705864850557199,49.784130040483277],[6.705862727458733,49.784174976346833],[6.70586060435493,49.784219912209991],[6.705930019293931,49.784221287139971],[6.705927896248896,49.784266223004884],[6.705925773198526,49.784311158869357],[6.705923650142821,49.784356094733432],[6.705993065279467,49.784357469628389],[6.705990942282529,49.78440240549422],[6.705988819280257,49.784447341359616],[6.705986696272648,49.784492277224608],[6.705917280943693,49.784490902323128],[6.705919404015404,49.784445966460318],[6.70592152708178,49.784401030597088],[6.705852111886367,49.784399655658397],[6.705782696696294,49.784398280678154],[6.705780573501711,49.784443216537042],[6.705778450301794,49.784488152395504],[6.705776327096538,49.784533088253568],[6.705845742478923,49.784534463240334],[6.705843619332437,49.784579399100132],[6.705841496180615,49.784624334959524],[6.705839373023458,49.784669270818512],[6.705908788603492,49.784670645770227],[6.705906665505103,49.784715581630962],[6.705904542401379,49.784760517491272],[6.705902419292319,49.784805453351176],[6.705971835070004,49.784806828267875],[6.705969712019713,49.784851764129513],[6.705967588964088,49.784896699990753],[6.705965465903127,49.784941635851574],[6.705896049933127,49.784940260928366],[6.705893926802726,49.7849851967866],[6.705824510773958,49.784983821819658],[6.70575509475053,49.784982446811163],[6.705685678732439,49.784981071761131],[6.705687802055156,49.784936135909426],[6.705689925372537,49.784891200057288],[6.705692048684583,49.784846264204752],[6.705622632864145,49.784844889119668],[6.705624756234958,49.784799953268895],[6.705626879600436,49.78475501741768],[6.705557463913546,49.784753642295392],[6.705559587337791,49.78470870644594],[6.705561710756701,49.784663770596083],[6.705492295203357,49.784662395436591],[6.705494418681035,49.784617459588475],[6.705496542153376,49.784572523739946],[6.705498665620381,49.784527587890999],[6.705429250264686,49.784526212696477],[6.705431373790458,49.784481276849277],[6.705433497310893,49.78443634100168],[6.705435620825993,49.78439140515367],[6.705437744335754,49.784346469305227],[6.705368329241812,49.784345094077842],[6.705370452810341,49.784300158231154],[6.705372576373532,49.784255222384061],[6.705303161413134,49.784253847119466],[6.705305285035092,49.784208911274121],[6.705307408651714,49.784163975428342],[6.705309532262998,49.784119039582173],[6.705240117500245,49.784117664282562],[6.705242241170295,49.784072728438133],[6.705244364835008,49.784027792593292],[6.705174950205799,49.784026417256456],[6.705177073929275,49.783981481413385],[6.705179197647417,49.783936545569887],[6.705109783151749,49.783935170195846],[6.705111906928654,49.783890234354104],[6.705114030700223,49.783845298511949],[6.705044616338098,49.783843923100704],[6.705046740168429,49.783798987260298],[6.705048863993424,49.783754051419479],[6.70497944976484,49.78375267597103],[6.704981573648597,49.783707740131973],[6.704983697527018,49.78366280429249],[6.704914283431973,49.783661428806838],[6.704916407369158,49.783616492969117],[6.704846993343555,49.783615117444093],[6.7048491173395,49.783570181608127],[6.704851241330108,49.783525245771735],[6.704781827438045,49.783523870209514],[6.704783951487415,49.783478934374884],[6.704786075531448,49.783433998539834],[6.704716661772923,49.783432622940403],[6.704718785875718,49.783387687107115],[6.704720909973175,49.783342751273409],[6.704651496348188,49.78334137563678],[6.704653620504406,49.783296439804822],[6.70458420694886,49.783295064128794],[6.704586331163839,49.783250128298612],[6.70458845537348,49.783205192468003],[6.704657868800829,49.783206568139676],[6.704659992941033,49.783161632306474],[6.704729406309624,49.783163007934412],[6.704731530380392,49.783118072098631],[6.704800943690223,49.78311944768285],[6.704798819683554,49.78316438352082],[6.704868233062824,49.783165759065653],[6.704866109114916,49.783210694905385],[6.70486398516167,49.783255630744684],[6.704933398674478,49.783257006252313]],[[6.708620241567206,49.784634364583532],[6.708550825907334,49.784632991256736],[6.708552946553762,49.784588055312241],[6.708622362149529,49.784589428636863],[6.708691777750628,49.784590801919926],[6.708761193357059,49.784592175161436],[6.708830608968821,49.7845935483614],[6.708828488578813,49.784638484314584],[6.70868965723241,49.784635737868769],[6.708620241567206,49.784634364583532]],[[6.706343752749048,49.785758730176269],[6.706413169910329,49.785760104847697],[6.706411047196749,49.785805040715807],[6.706341629971361,49.785803666042213],[6.706343752749048,49.785758730176269]],[[6.705578532384192,49.803419868896768],[6.705580657190273,49.803374933192103],[6.705650099499642,49.803376308673847],[6.705647974757731,49.803421244380679],[6.705578532384192,49.803419868896768]],[[6.705643725257887,49.803511115793093],[6.705713167765113,49.803512491239772],[6.705711043071349,49.803557426947542],[6.705641600499952,49.803556051498688],[6.705643725257887,49.803511115793093]],[[6.68775435249537,49.80405495029634],[6.687752211138209,49.804099885432706],[6.687750069775666,49.804144820568652],[6.687680627240674,49.804143434346109],[6.687682768667387,49.804098499212351],[6.687684910088719,49.804053564078181],[6.68775435249537,49.80405495029634]],[[6.687819512316042,49.804146206749607],[6.687815229703148,49.80423607702464],[6.687745787034428,49.804234690839301],[6.687747928407739,49.804189755704179],[6.687750069775666,49.804144820568652],[6.687819512316042,49.804146206749607]],[[6.689623854253758,49.805666479193292],[6.689621714505118,49.805711414376354],[6.689552269637486,49.805710029243642],[6.689554409450301,49.805665094062768],[6.689623854253758,49.805666479193292]],[[6.689265929888888,49.805884228981263],[6.689196484791458,49.805882843631878],[6.689198624946677,49.80583790846363],[6.68926806997993,49.805839293810806],[6.689265929888888,49.805884228981263]],[[6.707882557773476,49.809087703957324],[6.707884680872278,49.809042768224387],[6.707954131401983,49.809044142439092],[6.707949885327425,49.809134013908896],[6.707880434669335,49.809132639689857],[6.707882557773476,49.809087703957324]],[[6.708010844034458,49.809315131029692],[6.708008721032015,49.809360066764484],[6.708006598024236,49.809405002498849],[6.708004475011118,49.809449938232802],[6.707935023898338,49.809448564040139],[6.707937146975649,49.80940362830836],[6.707939270047623,49.809358692576161],[6.707941393114258,49.809313756843544],[6.707943516175556,49.809268821110507],[6.707945639231517,49.809223885377065],[6.708015090023332,49.809225259558865],[6.708010844034458,49.809315131029692]],[[6.707976875354873,49.810034102736289],[6.70797899843738,49.80998916700775],[6.707909546554267,49.809987792789016],[6.707911669695631,49.809942857062246],[6.707913792831656,49.809897921335036],[6.707915915962344,49.809852985607435],[6.707918039087695,49.809808049879386],[6.707848587466702,49.809806675627769],[6.707850710650909,49.809761739901489],[6.707920162207706,49.809763114150954],[6.707922285322383,49.809718178422088],[6.707924408431719,49.809673242692796],[6.707926531535718,49.809628306963113],[6.707928654634379,49.809583371232989],[6.707930777727704,49.809538435502446],[6.70793290081569,49.809493499771506],[6.708002351992662,49.809494873966351],[6.708000228968871,49.809539809699459],[6.70799810593974,49.809584745432176],[6.707995982905272,49.809629681164459],[6.707993859865467,49.809674616896324],[6.707991736820325,49.80971955262779],[6.708061188323608,49.80972092679189],[6.708059065337322,49.809765862525104],[6.708056942345698,49.809810798257892],[6.708054819348738,49.809855733990268],[6.70805269634644,49.809900669722232],[6.70812214811184,49.809902043853427],[6.708120025168401,49.809946979587146],[6.708189477003336,49.809948353678934],[6.708185231228835,49.810038225149462],[6.708115779265508,49.810036851053326],[6.708113656306055,49.810081786785787],[6.708183108333577,49.810083160884076],[6.708180985432983,49.810128096618307],[6.708111533341265,49.810126722517829],[6.708109410371137,49.810171658249459],[6.708039958220564,49.810170284105219],[6.708042081254886,49.81012534837577],[6.707972629173848,49.810123974192109],[6.707970506075328,49.810168909919398],[6.707968382971472,49.81021384564626],[6.707898930767381,49.810212471416676],[6.707901053935433,49.810167535691974],[6.707903177098149,49.81012259996686],[6.707905300255526,49.810077664241319],[6.707907423407566,49.810032728515381],[6.707976875354873,49.810034102736289]],[[6.707999619554259,49.811024062885707],[6.70800174269,49.810979127164167],[6.708003865820403,49.810934191442215],[6.708005988945467,49.81088925571985],[6.708075442123199,49.810890629898822],[6.708069072924587,49.811025437071208],[6.707999619554259,49.811024062885707]],[[6.708121542049363,49.811386297007154],[6.708119418993981,49.811431232729284],[6.708117295933262,49.811476168450994],[6.708115172867205,49.811521104172286],[6.708045718785336,49.811519730004484],[6.708047841915593,49.811474794285381],[6.708049965040513,49.81142985856583],[6.708052088160096,49.811384922845868],[6.708121542049363,49.811386297007154]],[[6.711708887189404,49.782491511879037],[6.711639474441394,49.782490140445269],[6.711641592070539,49.782445204387088],[6.711643709694362,49.782400268328495],[6.711713122314177,49.782401639757936],[6.711711004754451,49.782446575818696],[6.711708887189404,49.782491511879037]],[[6.712249369850274,49.782817034385509],[6.712247252755445,49.782861970459855],[6.712177839452065,49.782860599341149],[6.712179956610993,49.782815663268977],[6.712249369850274,49.782817034385509]],[[6.712251486939784,49.782772098310751],[6.712320900120288,49.782773469383564],[6.712390313306114,49.782774840414831],[6.712392430262107,49.782729904335312],[6.712461843389157,49.782731275322853],[6.712463960275731,49.782686339240776],[6.712533373344003,49.782687710184589],[6.712602786417599,49.782689081086872],[6.712604903170656,49.782644145000027],[6.712674316185476,49.78264551585859],[6.712743729205616,49.7826468866756],[6.712745845825159,49.782601950583995],[6.712815258786522,49.782603321357286],[6.712884671753206,49.782604692089024],[6.712882555261859,49.782649628184956],[6.712951968297961,49.782650998877322],[6.713021381339384,49.782652369528122],[6.71309079438613,49.782653740137377],[6.713092910685182,49.782608804034943],[6.713162323673149,49.782610174600485],[6.713231736666436,49.782611545124475],[6.713229620495579,49.782656481231236],[6.713299033558283,49.782657851715832],[6.713296917446208,49.782702787824341],[6.713227504319405,49.782701417337577],[6.713158091197922,49.782700046809261],[6.713155974952331,49.782744982913023],[6.713086561772069,49.782743612340987],[6.713017148597129,49.782742241727398],[6.712947735427508,49.782740871072257],[6.712878322263209,49.78273950037557],[6.71280890910423,49.78273812963733],[6.712739495950573,49.782736758857538],[6.712737379315072,49.782781694947886],[6.712598552895524,49.782778953259317],[6.712529139693733,49.782777582352701],[6.712459726497261,49.782776211404538],[6.712457609600048,49.782821147485805],[6.712388196344802,49.782819776493923],[6.712318783094877,49.782818405460503],[6.712249369850274,49.782817034385509],[6.712251486939784,49.782772098310751]],[[6.709361035936605,49.783659504165556],[6.709358916107202,49.783704440142671],[6.709289501740186,49.783703067276981],[6.709291621633691,49.783658131302033],[6.709222207336106,49.783656758396951],[6.709224327288384,49.783611822423751],[6.709226447235335,49.783566886450146],[6.709295861404717,49.783568259350879],[6.709297981282241,49.783523323374666],[6.709367395392852,49.783524696231687],[6.709436809508793,49.783526069047149],[6.709438929252787,49.783481133066182],[6.709508343309957,49.783482505837924],[6.709647171440283,49.783485251256749],[6.70964505188859,49.783530187244217],[6.709642932331572,49.783575123231273],[6.709573518135544,49.783573750538295],[6.709504103944843,49.783572377803779],[6.70936527557943,49.78356963221006],[6.709363155760681,49.783614568188014],[6.709361035936605,49.783659504165556]],[[6.709979407129186,49.783806666056087],[6.709981526392329,49.78376173006027],[6.710050940876733,49.783763102512616],[6.710048821677693,49.783808038510593],[6.709979407129186,49.783806666056087]],[[6.709977287860717,49.78385160205147],[6.709907873253438,49.783850229553252],[6.709909992586009,49.783805293560036],[6.709979407129186,49.783806666056087],[6.709977287860717,49.78385160205147]],[[6.709836339249488,49.783893793004111],[6.709905753915542,49.783895165546056],[6.70990363457232,49.783940101538455],[6.709834219842164,49.783938728994336],[6.709836339249488,49.783893793004111]],[[6.709413491973277,49.784020364810196],[6.709415611775868,49.783975428833806],[6.709346197018911,49.783974055996651],[6.709348316880279,49.783929120022037],[6.709350436736318,49.783884184046997],[6.709352556587031,49.783839248071537],[6.709354676432414,49.783794312095672],[6.709424090932962,49.783795684924158],[6.70942197115168,49.78384062090219],[6.70941985136507,49.78388555687981],[6.709489265999151,49.783886929671077],[6.709558680638561,49.783888302420785],[6.7096280952833,49.783889675128947],[6.709625975683668,49.783934611112663],[6.709556560974827,49.783933238402334],[6.709487146271316,49.783931865650452],[6.709485026538154,49.783976801629407],[6.709482906799664,49.784021737607965],[6.709480787055848,49.784066673586096],[6.709550201951668,49.78406804634448],[6.709619616852816,49.784069419061318],[6.709617497231879,49.784114355043357],[6.709548082266627,49.784112982324352],[6.709478667306705,49.784111609563801],[6.709476547552236,49.784156545541094],[6.709474427792438,49.784201481517968],[6.709405012709639,49.784200108711524],[6.709407132533539,49.784155172736824],[6.709409252352112,49.784110236761691],[6.709413491973277,49.784020364810196]],[[6.709621736468427,49.784024483078852],[6.709691151310801,49.78402585575197],[6.709689031759293,49.784070791736596],[6.709619616852816,49.784069419061318],[6.709621736468427,49.784024483078852]],[[6.709543842880565,49.784202854282867],[6.709613257974023,49.784204227006214],[6.709611138337105,49.784249162987003],[6.709541723179545,49.784247790261489],[6.709539603473196,49.784292726239705],[6.709470188256863,49.784291353470479],[6.709472308027314,49.784246417494423],[6.709474427792438,49.784201481517968],[6.709543842880565,49.784202854282867]],[[6.709902512428906,49.804584903246166],[6.709900391532361,49.804629839077222],[6.709830947223473,49.804628466117094],[6.709828826257419,49.804673401945578],[6.709759381889688,49.804672028941702],[6.709763623944814,49.804582157288657],[6.709833068184192,49.804583530288205],[6.709835189139582,49.80453859445889],[6.709904633320119,49.804539967414669],[6.709902512428906,49.804584903246166]],[[6.710988182281236,49.805146095280065],[6.711057627386733,49.805147467557141],[6.711059747250896,49.805102531693777],[6.711129192297546,49.805103903927098],[6.711198637349528,49.80510527611883],[6.711196517613723,49.805150211986522],[6.711265962735212,49.805151584138855],[6.711263843058256,49.805196520008309],[6.711194397872587,49.805195147853816],[6.711192278126124,49.80524008372069],[6.711122832881605,49.805238711522449],[6.711120713065634,49.80528364738673],[6.711051267762269,49.805282275144734],[6.710981822464235,49.805280902861142],[6.710979702514575,49.805325838720677],[6.710977582559587,49.805370774579806],[6.710908137138527,49.805369402250292],[6.710838691722798,49.805368029879205],[6.710840811806146,49.80532309402443],[6.710771366459928,49.805321721613936],[6.710773486602124,49.80527678576091],[6.710775606738991,49.805231849907464],[6.71084505195685,49.805233222313625],[6.710914497180041,49.805234594678218],[6.710916617183221,49.805189658820012],[6.710986062347565,49.805191031140851],[6.710988182281236,49.805146095280065]],[[6.710621874350766,49.805543655905339],[6.710619754048229,49.80558859175153],[6.710550308332931,49.805587219203261],[6.710480862622966,49.805585846613404],[6.710411416918333,49.805584473981959],[6.710413537413409,49.805539538142291],[6.710415657903153,49.805494602302197],[6.710485103479427,49.805495974929308],[6.710554549061032,49.805497347514809],[6.710693440240242,49.80550009256109],[6.710691320007215,49.805545028409853],[6.710621874350766,49.805543655905339]],[[6.710514261283183,49.806351128487755],[6.710583708089565,49.806352501072901],[6.710585828482719,49.806307565233794],[6.71065527523025,49.806308937775192],[6.710724721983117,49.806310310275002],[6.710722601718327,49.806355246118443],[6.710792048540708,49.806356618578839],[6.710861495368419,49.80635799099764],[6.710859375226667,49.806402926844996],[6.710928822123894,49.80640429922439],[6.710998269026453,49.806405671562189],[6.710996149007737,49.806450607413467],[6.710926702040995,49.806449235073501],[6.710924581952765,49.8064941709222],[6.71085513492717,49.806492798538478],[6.710853014769428,49.806537734384591],[6.710783567684983,49.8065363619571],[6.710781447457728,49.806581297800612],[6.710712000314431,49.806579925329387],[6.71070988001766,49.806624861170327],[6.710640432815514,49.806623488655333],[6.710570985618699,49.806622116098751],[6.710568865188231,49.806667051934937],[6.710499417932565,49.806665679334607],[6.710360523437234,49.806662934009175],[6.710362644060253,49.806617998179497],[6.710293196884772,49.80661662545657],[6.710223749714623,49.806615252692069],[6.710154302549808,49.806613879885973],[6.710156423360048,49.806568944062391],[6.710086976264751,49.806567571216874],[6.710089097133842,49.806522635395048],[6.710158544164956,49.806524008238398],[6.710227991201403,49.80652538104016],[6.710230111936797,49.806480445213566],[6.710299558914394,49.806481817971559],[6.710301679580273,49.806436882142393],[6.710371126499021,49.80643825485663],[6.710373247095386,49.806393319024878],[6.710442693955284,49.806394691695367],[6.710512140820516,49.806396064324268],[6.710514261283183,49.806351128487755]],[[6.710425729548567,49.806754178355121],[6.710356282175201,49.80675280566728],[6.710286834807166,49.806751432937851],[6.710288955505034,49.806706497111165],[6.710358402808883,49.806707869838426],[6.710427850118067,49.8067092425241],[6.710425729548567,49.806754178355121]],[[6.710284714103969,49.806796368764104],[6.710215266677085,49.806794995990906],[6.710145819255533,49.806793623176148],[6.710143698418635,49.806838558997633],[6.710074250938234,49.806837186139113],[6.71007213003182,49.806882121958026],[6.70993323495865,49.806879376111866],[6.709931113918536,49.806924311926018],[6.709861666325768,49.806922938938392],[6.709859545216135,49.806967874749951],[6.709790097564517,49.806966501718563],[6.709720649918236,49.806965128645601],[6.7097185286749,49.807010064452413],[6.709649080969768,49.807008691335689],[6.70957963326997,49.807007318177369],[6.709577511892931,49.807052253979428],[6.709508064134284,49.807050880777368],[6.709438616380972,49.807049507533712],[6.709369168632996,49.807048134248454],[6.709371290202589,49.807003198452904],[6.709301842524133,49.807001825128253],[6.709299720890356,49.807046760921622],[6.709297599251244,49.807091696714579],[6.709228151449754,49.807090323343992],[6.709226029741123,49.807135259134363],[6.709223908027158,49.807180194924321],[6.709154460102634,49.807178821507804],[6.709085012183446,49.807177448049693],[6.709087134025783,49.80713251226409],[6.709017686176116,49.807131138766565],[6.709015564269595,49.807176074550007],[6.70894611636108,49.807174701008741],[6.708876668457901,49.807173327425865],[6.708874546417675,49.807218263204547],[6.708805098455648,49.807216889577923],[6.708735650498959,49.807215515909711],[6.708737772667557,49.807170580135377],[6.70866832478039,49.807169206427751],[6.70859887689856,49.807167832678545],[6.70852942902207,49.807166458887757],[6.708527306660915,49.807211394655582],[6.708457858725577,49.807210020821024],[6.708455736294901,49.807254956586256],[6.70845361385889,49.807299892351082],[6.708384165800518,49.807298518470603],[6.708314717747483,49.807297144548535],[6.708245269699788,49.807295770584879],[6.708106373620411,49.807293022532804],[6.708036925588732,49.807291648444384],[6.707967477562389,49.807290274314383],[6.707969600447701,49.807245338564748],[6.707900152490884,49.80724396439534],[6.707902275435043,49.807199028647474],[6.707832827547752,49.807197654438632],[6.707834950550759,49.807152718692521],[6.707837073548429,49.807107782946005],[6.707767625794846,49.807106408699923],[6.707769748851364,49.807061472955155],[6.707700301167306,49.807060098669659],[6.707702424282671,49.807015162926646],[6.707632976668138,49.807013788601743],[6.707563529058944,49.807012414235253],[6.707494081455091,49.807011039827174],[6.707424633856578,49.807009665377507],[6.707422510484474,49.807054601111822],[6.707353062827115,49.807053226618407],[6.707355186263404,49.807008290886259],[6.707357309694355,49.806963355153684],[6.707359433119967,49.80691841942069],[6.707289985660504,49.806917044892195],[6.70729210914496,49.80687210916097],[6.70729423262408,49.806827173429312],[6.707296356097861,49.806782237697249],[6.70722690883629,49.806780863133682],[6.707229032368915,49.806735927403388],[6.707231155896204,49.806690991672653],[6.707300603029407,49.806692366231879],[6.707302726487174,49.80664743049855],[6.707304849939601,49.806602494764817],[6.707374296949778,49.806603869278099],[6.707376420332685,49.80655893354178],[6.707445867284021,49.806560308011306],[6.707450113905454,49.806470436533061],[6.707519560733764,49.806471810956673],[6.707589007567413,49.806473185338689],[6.707658454406403,49.806474559679096],[6.707656331290903,49.806519495424943],[6.707586884387731,49.806518121082355],[6.707584761202712,49.80656305682561],[6.707654208170067,49.806564431170379],[6.707652085043893,49.806609366915389],[6.70772153208077,49.806610741220751],[6.707719409013444,49.806655676967509],[6.707717285940777,49.806700612713861],[6.707786733111362,49.806701986981984],[6.707784610097542,49.806746922730085],[6.707782487078386,49.806791858477773],[6.707851934382678,49.806793232708642],[6.707849811422368,49.806838168458093],[6.707919258796182,49.806839542649548],[6.707921381692308,49.806794606897938],[6.707990829007278,49.806795981045632],[6.707988706175335,49.806840916799416],[6.708058153559828,49.80684229090771],[6.708060276327586,49.806797355151744],[6.708129723653233,49.806798729216268],[6.708199170984218,49.806800103239219],[6.708268618320542,49.806801477220581],[6.708266495745336,49.806846412983049],[6.708335943151184,49.80684778692499],[6.708405390562368,49.806849160825351],[6.708407513009205,49.806804225058535],[6.708409635450707,49.806759289291307],[6.708479082738862,49.806760663145724],[6.708548530032354,49.806762036958567],[6.708617977331184,49.806763410729829],[6.708687424635351,49.806764784459496],[6.708756871944856,49.806766158147575],[6.708826319259697,49.806767531794073],[6.708895766579876,49.806768905398982],[6.708965213905393,49.806770278962297],[6.708967335828088,49.806725343177277],[6.709036783094756,49.806726716696851],[6.709106230366761,49.806728090174836],[6.709175677644102,49.806729463611227],[6.70924512492678,49.806730837006043],[6.709314572214793,49.806732210359272],[6.709312450613017,49.806777146155135],[6.709310329005908,49.806822081950585],[6.709308207393465,49.806867017745631],[6.709377654879367,49.80686839106378],[6.709375533325773,49.806913326860574],[6.709373411766848,49.806958262656948],[6.709442859386455,49.806959635937858],[6.709512307011397,49.806961009177165],[6.709514428441953,49.806916073376449],[6.709516549867176,49.806871137575321],[6.709518671287067,49.806826201773767],[6.70958811872479,49.806827574964984],[6.709590240075162,49.806782639160858],[6.709659687454037,49.806784012308313],[6.709729134838247,49.806785385414194],[6.709731256054918,49.806740449605286],[6.709800703380279,49.806741822667412],[6.709870150710975,49.806743195687943],[6.709868029622672,49.806788131501179],[6.709937477022886,49.80678950448231],[6.709939598047004,49.8067445686669],[6.71000904538837,49.806745941604262],[6.710011166342972,49.806701005786266],[6.710013287292242,49.806656069967858],[6.710082734510573,49.806657442859297],[6.710152181734238,49.806658815709149],[6.710221628963236,49.806660188517405],[6.710219508206517,49.806705124342315],[6.710217387444467,49.806750060166827],[6.710286834807166,49.806751432937851],[6.710284714103969,49.806796368764104]],[[6.710572049293075,49.809545689937536],[6.710574169936359,49.809500754123682],[6.710643621251931,49.809502126735921],[6.710713072572837,49.809503499306579],[6.710782523899075,49.809504871835635],[6.710784644344444,49.809459936014854],[6.710854095611823,49.809461308500161],[6.710923546884533,49.809462680943874],[6.710921426567553,49.809507616768997],[6.710851975230648,49.80950624432311],[6.710849854844142,49.80955118014564],[6.710780403448376,49.809549807656005],[6.710710952057943,49.809548435124768],[6.710708831537717,49.809593370942537],[6.710639380088423,49.809591998367551],[6.710637259498671,49.809636934182734],[6.710635138903588,49.809681869997519],[6.710565687331238,49.80968049737659],[6.710567807990516,49.809635561563987],[6.710498356487695,49.809634188903644],[6.710428904990207,49.809632816201713],[6.710431025772542,49.809587880393025],[6.710433146549545,49.809542944583939],[6.710502597918643,49.809544317281535],[6.710572049293075,49.809545689937536]],[[6.710426784202541,49.809677752009982],[6.710357332646193,49.809676379264289],[6.710287881095178,49.809675006477008],[6.710290002011234,49.80963007067308],[6.710359453498054,49.809631443458194],[6.710428904990207,49.809632816201713],[6.710426784202541,49.809677752009982]],[[6.71028576017379,49.809719942280509],[6.710216308563917,49.809718569449466],[6.710146856959376,49.809717196576834],[6.710148978009154,49.809672260777674],[6.710218429549498,49.809673633648138],[6.710287881095178,49.809675006477008],[6.71028576017379,49.809719942280509]],[[6.710144735904267,49.809762132375589],[6.710075284240867,49.809760759459195],[6.710073163116229,49.809805695255363],[6.710003711393969,49.809804322295214],[6.709934259677045,49.809802949293456],[6.709864807965455,49.809801576250116],[6.7097953562592,49.809800203165189],[6.709725904558281,49.80979883003868],[6.709723783107337,49.809843765823572],[6.709654331347558,49.809842392653294],[6.709656452862698,49.809797456870569],[6.709587001172451,49.809796083660871],[6.709584879593116,49.809841019441421],[6.709515427844009,49.80983964618796],[6.70944597610024,49.809838272892918],[6.709448097807966,49.809793337116702],[6.709378646133728,49.809791963782232],[6.709380767900314,49.80974702800777],[6.709311316295608,49.809745654633879],[6.709313438121055,49.809700718861166],[6.709382889661567,49.809702092232889],[6.709385011417485,49.809657156457597],[6.709454462899139,49.809658529785558],[6.709456584585529,49.809613594007672],[6.709526036008326,49.809614967291871],[6.709595487436458,49.809616340534475],[6.70973439030873,49.809619086894919],[6.70980384175287,49.809620460012759],[6.709801720387453,49.809665395801495],[6.709871171901122,49.809666768879914],[6.709869050594567,49.809711704670399],[6.709938502177766,49.809713077709389],[6.710007953766302,49.809714450706792],[6.710077405360171,49.809715823662607],[6.710146856959376,49.809717196576834],[6.710144735904267,49.809762132375589]],[[6.709443854387179,49.80988320866873],[6.70937440258455,49.809881835329911],[6.709376524361805,49.809836899556274],[6.70944597610024,49.809838272892918],[6.709443854387179,49.80988320866873]],[[6.708465161768672,49.809998785374319],[6.708467284396472,49.809953849630162],[6.708536736258103,49.809955223514002],[6.708534613694497,49.810000159260326],[6.708532491125555,49.810045095006238],[6.708463039135533,49.810043721118063],[6.708393587150851,49.8100423471883],[6.708395709848183,49.809997411446723],[6.708465161768672,49.809998785374319]],[[6.708601943120917,49.810046468852818],[6.708599820610835,49.810091404600477],[6.708530368551278,49.810090030751724],[6.708532491125555,49.810045095006238],[6.708601943120917,49.810046468852818]],[[6.708604065625662,49.810001533104746],[6.708673517562167,49.810002906907563],[6.708675639997381,49.809957971156891],[6.708745091875027,49.809959344915953],[6.708814543758012,49.80996071863342],[6.708883995646334,49.809962092309298],[6.708953447539994,49.809963465943589],[6.708951325361562,49.810008401702945],[6.708881873403706,49.810007028066487],[6.708812421451189,49.810005654388434],[6.708810299139029,49.810050590143028],[6.708740847127652,49.810049216421213],[6.708671395121615,49.810047842657809],[6.708601943120917,49.810046468852818],[6.708604065625662,49.810001533104746]],[[6.708256806023225,49.809994663466767],[6.708326257933034,49.809996037477539],[6.708324135171505,49.810040973216935],[6.708254683197501,49.810039599203989],[6.708256806023225,49.809994663466767]],[[6.709260390884477,49.810824113053854],[6.709190937744387,49.810822739586271],[6.709193059762066,49.810777803825744],[6.709262512837959,49.810779177291145],[6.709260390884477,49.810824113053854]],[[6.709399297180669,49.810826859864243],[6.709468750336771,49.810828233207033],[6.709466628570552,49.810873168975832],[6.709536081796188,49.810874542279215],[6.709533960088833,49.810919478049769],[6.709531838376143,49.810964413819917],[6.709601291735515,49.810965787086047],[6.709599170081691,49.811010722857937],[6.709594926758039,49.811100594400472],[6.709592805088212,49.81114553017111],[6.709662258709717,49.811146903404342],[6.709660137098756,49.811191839176729],[6.709729590789798,49.811193212370526],[6.709727469237702,49.811238148144668],[6.70979692299828,49.811239521299051],[6.709794801505051,49.811284457074947],[6.709792680006489,49.811329392850439],[6.709790558502591,49.811374328625519],[6.709721104549412,49.81137295546462],[6.709718982975981,49.811417891237106],[6.709649528963937,49.811416518032459],[6.709647407320971,49.811461453802352],[6.709645285672671,49.811506389571832],[6.709575831537562,49.811505016321249],[6.709571588096556,49.811594887854611],[6.709569466368051,49.811639823620666],[6.709500012045675,49.811638450321979],[6.709502133838381,49.811593514558105],[6.709432679585543,49.811592141219982],[6.70936322533804,49.811590767840279],[6.709361103416931,49.811635703599826],[6.709358981490488,49.811680639358954],[6.70928952711992,49.811679265933314],[6.709291649110567,49.811634330176346],[6.709293771095877,49.811589394418981],[6.709295893075852,49.811544458661189],[6.709365347253815,49.811545832080313],[6.709367469164255,49.811500896319941],[6.709369591069359,49.811455960559137],[6.709371712969129,49.811411024797927],[6.709373834863563,49.811366089036305],[6.709304380942403,49.811364715625864],[6.709302258983769,49.811409651385318],[6.709232805003746,49.811408277931108],[6.70916335102906,49.811406904435309],[6.709165473116097,49.811361968680195],[6.709167595197798,49.811317032924656],[6.709237049044082,49.81131840641612],[6.709239171056248,49.811273470657994],[6.709241293063079,49.811228534899463],[6.709243415064575,49.811183599140506],[6.70917396141089,49.811182225655557],[6.709176083471251,49.811137289898348],[6.709178205526276,49.811092354140733],[6.709180327575965,49.811047418382707],[6.70924978103705,49.81104879186114],[6.709319234503473,49.811050165297971],[6.709321356419429,49.811005229535176],[6.709251903017206,49.811003856100513],[6.709254024992026,49.810958920339473],[6.709256146961512,49.810913984578022],[6.709258268925662,49.810869048816144],[6.709260390884477,49.810824113053854],[6.709399297180669,49.810826859864243]],[[6.709714739813117,49.811507762780828],[6.709712618223683,49.811552698552042],[6.709643164019036,49.811551325340886],[6.709645285672671,49.811506389571832],[6.709714739813117,49.811507762780828]],[[6.70928740512394,49.811724201689863],[6.709217950694508,49.811722828220454],[6.70922007275469,49.811677892466079],[6.70928952711992,49.811679265933314],[6.70928740512394,49.811724201689863]],[[6.709161228936687,49.81145184019001],[6.709091774903139,49.811450466650442],[6.709093897059711,49.811405530897915],[6.70916335102906,49.811406904435309],[6.709161228936687,49.81145184019001]],[[6.709024443095702,49.811404157318918],[6.709022320874928,49.811449093069285],[6.709020198648819,49.811494028819233],[6.708950744561744,49.811492655194307],[6.708948622266099,49.811537590941661],[6.708946499965116,49.811582526688603],[6.708944377658799,49.811627462435119],[6.70887492338446,49.81162608876209],[6.708872801008605,49.811671024506012],[6.708803346675402,49.811669650789227],[6.708805469115457,49.811624715047472],[6.708736014851794,49.811623341291259],[6.708738137350716,49.811578405551252],[6.708807591550178,49.811579779305291],[6.708877045754979,49.811581153017748],[6.708879168120161,49.811536217272966],[6.708809713979562,49.811534843562697],[6.708740259844301,49.811533469810819],[6.708670805714378,49.811532096017352],[6.708672928266829,49.811487160278688],[6.708603474206445,49.811485786445807],[6.708534020151401,49.811484412571332],[6.708464566101696,49.811483038655254],[6.708462443356644,49.811527974387403],[6.708460320606254,49.811572910119153],[6.708390866433486,49.811571536157139],[6.708392989248078,49.811526600427563],[6.708323535144849,49.811525226426134],[6.708325658018304,49.811480290698334],[6.708327780886422,49.811435354970108],[6.708258326916934,49.811433980931426],[6.708260449843915,49.811389045204947],[6.708190995943968,49.811387671126859],[6.708197364885486,49.811252863951438],[6.708199487855317,49.811207928225478],[6.708268941498462,49.811209302294891],[6.708271064398756,49.811164366566331],[6.708201610819811,49.811162992499085],[6.708203733778966,49.81111805677228],[6.708273187293712,49.811119430837358],[6.708275310183331,49.811074495107967],[6.708344763639218,49.811075869129276],[6.7083468864593,49.811030933397298],[6.708349009274045,49.810985997664901],[6.708418462606873,49.810987371640273],[6.708420585352082,49.810942435905282],[6.708490038626049,49.810943809836893],[6.708492161301723,49.810898874099315],[6.70849428397206,49.810853938361326],[6.708563737122969,49.810855312246986],[6.708633190279216,49.810856686091071],[6.708635312815819,49.810811750348329],[6.708704765913207,49.810813124148638],[6.708774219015933,49.810814497907366],[6.708772096607729,49.810859433654457],[6.708769974194186,49.810904369401136],[6.708839427430647,49.810905743122611],[6.708908880672447,49.81090711680249],[6.708906758381968,49.810952052553091],[6.708976211693304,49.810953426193549],[6.708974089461687,49.810998361945913],[6.709043542842561,49.810999735546943],[6.709041420669807,49.811044671301062],[6.709039298491719,49.81108960705474],[6.709035054119535,49.811179478560881],[6.709032931925439,49.811224414313322],[6.709102385632648,49.811225787883622],[6.709100263497418,49.811270723637826],[6.709098141356851,49.81131565939161],[6.709096019210949,49.811360595144968],[6.709093897059711,49.811405530897915],[6.709024443095702,49.811404157318918]],[[6.711015285976896,49.811938268146058],[6.711017406389152,49.811893332336936],[6.710947951633729,49.811891959900869],[6.710950072104857,49.811847024093481],[6.71088061741897,49.811845651617993],[6.710882737948969,49.811800715812375],[6.711021647197671,49.811803460717435],[6.711023767593933,49.81175852490707],[6.711093222162082,49.811759897295026],[6.711162676735563,49.811761269641408],[6.711164796998091,49.811716333826283],[6.711095342488811,49.811714961482075],[6.711097462810208,49.811670025668704],[6.711099583126276,49.811625089854914],[6.711030128750734,49.811623717473445],[6.711032249125672,49.811578781661396],[6.711034369495279,49.811533845848942],[6.710964915253473,49.811532473430226],[6.710895461017,49.811531100969908],[6.71089758150968,49.811486165161377],[6.71082812734274,49.811484792661638],[6.710830247894288,49.811439856854854],[6.710760793796887,49.811438484315694],[6.710762914407304,49.811393548510665],[6.710693460379436,49.81139217593207],[6.710695581048723,49.811347240128804],[6.710697701712679,49.811302304325103],[6.710628247818546,49.811300931709262],[6.710558793929747,49.811299559051832],[6.710489340046283,49.811298186352801],[6.710491460897508,49.811253250555197],[6.710560914716771,49.811254623252061],[6.710563035498465,49.811209687451864],[6.710493581743401,49.811208314757188],[6.710495702583962,49.811163378958753],[6.710497823419191,49.811118443159891],[6.71042836979786,49.811117070427969],[6.710430490691957,49.811072134630855],[6.710432611580722,49.811027198833351],[6.710363158093126,49.81102582606416],[6.710365279040757,49.810980890268389],[6.710367399983056,49.810935954472207],[6.710297946629194,49.810934581665762],[6.71030006763036,49.810889645871335],[6.710302188626193,49.810844710076488],[6.710232735406064,49.810843337232797],[6.710234856460763,49.810798401439705],[6.71023697751013,49.810753465646187],[6.710239098554164,49.81070852985227],[6.710169645531964,49.810707156973493],[6.710171766634865,49.810662221181317],[6.710102313682198,49.810660848263112],[6.710104434843964,49.810615912472699],[6.710106556000396,49.810570976681873],[6.710108677151496,49.810526040890608],[6.710039224396758,49.810524667937329],[6.710041345606722,49.810479732147833],[6.710043466811354,49.810434796357924],[6.709974014190347,49.810433423367378],[6.709976135453842,49.810388487579218],[6.709978256712004,49.810343551790645],[6.709980377964833,49.810298616001653],[6.709910925541752,49.810297242976034],[6.709913046853445,49.810252307188797],[6.709982499212328,49.810253680212249],[6.710051951576547,49.810255053194084],[6.710054072754514,49.8102101174021],[6.71012352505987,49.810211490340201],[6.710192977370562,49.810212863236707],[6.710262429686589,49.810214236091603],[6.710331882007951,49.810215608904933],[6.710334002923798,49.81017067310384],[6.710403455186298,49.810172045873387],[6.710405576032616,49.810127110069708],[6.710475028236254,49.810128482795498],[6.710477149013044,49.81008354698924],[6.710479269784503,49.810038611182556],[6.710548721865081,49.810039983862424],[6.710618173950994,49.810041356500705],[6.71068762604224,49.810042729097376],[6.710757078138821,49.81004410165248],[6.710754957624147,49.810089037467847],[6.710752837104142,49.810133973282788],[6.710822289334447,49.810135345800624],[6.710820168873307,49.810180281617335],[6.710889621173143,49.810181654095764],[6.710887500770868,49.810226589914201],[6.710885380363263,49.810271525732233],[6.710954832796826,49.810272898173402],[6.710952712448088,49.810317833993189],[6.710950592094018,49.810362769812549],[6.711020044661306,49.810364142216471],[6.711089497233929,49.810365514578791],[6.711091617459605,49.810320578755082],[6.71109373767995,49.810275642930961],[6.71116319012951,49.810277015247365],[6.711161069973363,49.810321951073654],[6.711158949811884,49.810366886899523],[6.711228402395172,49.810368259178659],[6.711297854983792,49.810369631416208],[6.711367307577745,49.810371003612161],[6.711365187603527,49.810415939444141],[6.711434640267009,49.810417311600659],[6.711504092935823,49.810418683715604],[6.711573545609968,49.81042005578896],[6.711642998289444,49.810421427820721],[6.711640878566689,49.810466363660943],[6.711638758838603,49.810511299500753],[6.711634519366444,49.810601171179115],[6.711632399622371,49.810646107017682],[6.71170185262817,49.810647479018684],[6.711703972308045,49.810602543177964],[6.711773425254976,49.810603915135218],[6.711771305639299,49.810648850978104],[6.711840758655761,49.810650222895937],[6.711838639098953,49.810695158740579],[6.711836519536816,49.810740094584801],[6.711905972687005,49.810741466465373],[6.711903853183739,49.810786402311365],[6.711901733675144,49.810831338156923],[6.71189961416122,49.810876274002077],[6.711897494641968,49.810921209846803],[6.711828041234981,49.810919837957556],[6.7118259216462,49.810964773799704],[6.711756468180345,49.810963401866708],[6.711754348522036,49.811008337706269],[6.711684894997314,49.811006965729504],[6.711682775269476,49.811051901566479],[6.711680655536307,49.811096837403049],[6.711611201888516,49.81109546538034],[6.711609082085819,49.811140401214324],[6.711678535797809,49.811141773239193],[6.711676416053982,49.811186709074903],[6.711674296304826,49.811231644910215],[6.71167217655034,49.811276580745115],[6.711670056790526,49.811321516579582],[6.71166793702538,49.811366452413658],[6.711665817254906,49.811411388247301],[6.711596363157711,49.811410016209429],[6.711526909065848,49.811408644129955],[6.711457454979318,49.811407272008893],[6.711388000898119,49.81140589984625],[6.711385880865511,49.81145083567079],[6.711383760827572,49.811495771494933],[6.711381640784304,49.811540707318649],[6.711377400681774,49.811630578964845],[6.71144685508398,49.811631951138345],[6.711444735088924,49.811676886962971],[6.711442615088536,49.811721822787192],[6.711512069624479,49.811723194923438],[6.711509949682963,49.811768130749407],[6.711579404288439,49.811769502846218],[6.711648858899249,49.811770874901448],[6.711646739080807,49.811815810731339],[6.711644619257037,49.811860746560818],[6.711642499427938,49.811905682389892],[6.711640379593509,49.811950618218525],[6.711570924725889,49.811949246154626],[6.711568804821926,49.811994181980694],[6.711566684912634,49.812039117806336],[6.71149722992194,49.8120377456965],[6.711427774936578,49.812036373545084],[6.711425654893548,49.812081309365958],[6.711356199849316,49.812079937170779],[6.711354079736753,49.812124872989074],[6.711351959618859,49.812169808806971],[6.711349839495637,49.812214744624434],[6.711347719367081,49.812259680441493],[6.711278264071366,49.812258308196029],[6.711280384264124,49.812213372381144],[6.711282504451551,49.812168436565855],[6.711213049289577,49.812167064283145],[6.711215169535877,49.812122128469596],[6.711217289776848,49.812077192655615],[6.711147834748613,49.81207582033565],[6.711149955048455,49.812030884523452],[6.711080500089757,49.812029512164045],[6.711082620448471,49.811984576353588],[6.711084740801856,49.811939640542711],[6.711015285976896,49.811938268146058]],[[6.708251958103969,49.811568788108346],[6.708321412266058,49.811570162153537],[6.708319289381929,49.811615097880512],[6.708249835155638,49.811613723833148],[6.708251958103969,49.811568788108346]],[[6.708106680549599,49.811700847053302],[6.708176134893613,49.811702221188206],[6.708174011865068,49.81174715690959],[6.708171888831187,49.81179209263054],[6.708169765791966,49.811837028351114],[6.708167642747409,49.811881964071247],[6.708098188146588,49.811880589927654],[6.708100311255347,49.811835654209709],[6.708102434358769,49.811790718491316],[6.708106680549599,49.811700847053302]],[[6.709118785968805,49.812350555196488],[6.709120908167887,49.812305619450129],[6.709051452914493,49.812304245869313],[6.709053575172444,49.812259310124702],[6.708984119988591,49.812257936504473],[6.708992609223848,49.812078193530532],[6.709062064150887,49.812079567142092],[6.709131519083262,49.812080940712057],[6.709200974020977,49.812082314240413],[6.709203096123842,49.812037378489379],[6.709272551002691,49.812038751973965],[6.709274673036017,49.811993816220358],[6.709344127856,49.811995189661182],[6.70941358268132,49.811996563060426],[6.709415704580906,49.811951627302044],[6.709485159347361,49.811953000657525],[6.70948728117741,49.811908064896556],[6.709556735884999,49.811909438208261],[6.709626190597925,49.811910811478384],[6.709695645316187,49.811912184706905],[6.709697766948294,49.811867248939016],[6.70976722160769,49.811868622123775],[6.709769343170261,49.811823686353272],[6.709838797770789,49.811825059494282],[6.709840919263824,49.811780123721199],[6.709910373805488,49.811781496818433],[6.709912495228985,49.811736561042785],[6.70991461664715,49.811691625266704],[6.709984071065745,49.811692998317994],[6.709986192414374,49.811648062539341],[6.710055646774102,49.811649435546876],[6.710125101139168,49.811650808512816],[6.71012722235406,49.811605872729409],[6.710057768053196,49.811604499765629],[6.710059889326957,49.811559563983955],[6.710062010595385,49.811514628201877],[6.710131464767844,49.811516001161309],[6.71020091894564,49.811517374079152],[6.710198797805615,49.811562309865558],[6.710268252052948,49.811563682743987],[6.710337706305615,49.8115650555808],[6.710407160563617,49.811566428376025],[6.710405039610863,49.811611364168556],[6.710474493938402,49.81161273692436],[6.710472373044517,49.811657672718631],[6.710470252145301,49.811702608512483],[6.710468131240753,49.811747544305923],[6.710466010330873,49.81179248009893],[6.710535464920554,49.811793852821815],[6.710531223213199,49.811883724410954],[6.710529102351525,49.811928660204892],[6.710459647569237,49.811927287475491],[6.710457526638026,49.811972223266842],[6.710526981484517,49.811973595998403],[6.710524860612177,49.812018531791509],[6.710594315528205,49.812019904483662],[6.710592194714737,49.812064840278524],[6.710590073895935,49.812109776072958],[6.710659528945706,49.812111148727837],[6.710657408185774,49.812156084524048],[6.710587953071802,49.812154711866988],[6.710583711407539,49.812244583453783],[6.710653166649919,49.812245956115184],[6.710722621897633,49.812247328734991],[6.710720501185911,49.812292264532111],[6.710651045873993,49.812290891910123],[6.710648925092736,49.812335827704651],[6.710579469721947,49.812334455038915],[6.710577348871152,49.812379390830856],[6.710507893441493,49.81237801812135],[6.710438438017169,49.812376645370264],[6.71036898259818,49.812375272577562],[6.710299527184525,49.812373899743278],[6.710297406071581,49.812418835526124],[6.710158495131868,49.812416089728437],[6.710089039670017,49.812414716767201],[6.710019584213498,49.812413343764362],[6.710017462838402,49.812458279538113],[6.710015341457973,49.812503215311438],[6.709945885878382,49.812501842262677],[6.709943764428414,49.812546778033422],[6.709874308789955,49.812545404940899],[6.709872187270448,49.812590340709043],[6.709802731573119,49.812588967572736],[6.709733275881127,49.812587594394849],[6.709735397529044,49.812542658631038],[6.709596486289478,49.812539912154811],[6.709592242731491,49.812629783673351],[6.709522786991304,49.812628410368497],[6.709453331256453,49.812627037022054],[6.709455453166525,49.812582101267331],[6.709385997501216,49.812580727881468],[6.709316541841246,49.812579354454016],[6.709247086186612,49.812577980984962],[6.709177630537317,49.812576607474313],[6.709108174893358,49.812575233922061],[6.709110297119119,49.812530298177791],[6.709112419339545,49.812485362433087],[6.709042963829334,49.812483988843589],[6.709045086108627,49.812439053100647],[6.709114541554634,49.812440426687971],[6.709116663764386,49.812395490942443],[6.709118785968805,49.812350555196488]],[[6.709040841544704,49.812528924586118],[6.709038719254739,49.812573860328222],[6.708969263621457,49.81257248669278],[6.708971385975627,49.812527550952858],[6.708901930411888,49.812526177278002],[6.708904052824926,49.812481241539814],[6.708973508324461,49.812482615212502],[6.709042963829334,49.812483988843589],[6.709040841544704,49.812528924586118]],[[6.708295937304241,49.812109390849749],[6.708293814356064,49.812154326571736],[6.708224359359346,49.812152952498302],[6.708222236341627,49.812197888217696],[6.708220113318569,49.812242823936664],[6.708150658198786,49.8122414498173],[6.708152781286047,49.812196514100499],[6.708154904367969,49.812151578383279],[6.708157027444553,49.812106642665654],[6.7081591505158,49.812061706947603],[6.708228605378771,49.812063081058277],[6.708298060247083,49.812064455127356],[6.708295937304241,49.812109390849749]],[[6.708556775407333,49.812474372552465],[6.708558898136057,49.812429436824722],[6.708489442732759,49.812428062904637],[6.708491565520352,49.812383127178649],[6.708493688302606,49.812338191452241],[6.708563143577495,49.812339565367985],[6.708565266290209,49.812294629638991],[6.708567388997584,49.812249693909578],[6.708636844149405,49.812251067779378],[6.708638966787242,49.812206132047379],[6.708569511699624,49.812204758179746],[6.708500056617345,49.812203384270525],[6.708502179378252,49.812158448542448],[6.70850430213382,49.812113512813973],[6.708434847185288,49.812112138867484],[6.708436969999723,49.812067203140749],[6.70843909280882,49.812022267413596],[6.708441215612581,49.81197733168603],[6.708510670368504,49.81197870562599],[6.708580125129767,49.811980079524346],[6.708582247799786,49.81193514379202],[6.708651702502185,49.811936517646622],[6.708649579896369,49.811981453381122],[6.708647457285218,49.812026389115196],[6.708716912121362,49.812027762932559],[6.708714789569076,49.812072698668395],[6.708712667011453,49.812117634403826],[6.708710544448494,49.812162570138817],[6.708708421880198,49.81220750587341],[6.708706299306566,49.81225244160759],[6.708702054143291,49.812342313074673],[6.708771509434198,49.812343686865624],[6.708769386908759,49.812388622600722],[6.70869993155365,49.812387248807596],[6.70869780895867,49.8124321845401],[6.708628353544694,49.812430810703205],[6.708626230880173,49.81247574643313],[6.708556775407333,49.812474372552465]],[[6.709101808184061,49.812710041152414],[6.709032352352827,49.812708667552059],[6.7090344746588,49.812663731811192],[6.70910393042583,49.81266510540938],[6.709101808184061,49.812710041152414]],[[6.709171264020635,49.812711414711167],[6.709169141837736,49.812756350455949],[6.709099685936958,49.812754976895022],[6.709101808184061,49.812710041152414],[6.709171264020635,49.812711414711167]],[[6.710934182463012,49.815130082079541],[6.710932061731082,49.815175017860838],[6.710929940993821,49.815219953641702],[6.710860481481618,49.815218581086697],[6.710858360674809,49.815263516864988],[6.710856239862668,49.815308452642867],[6.710786780227371,49.815307080041926],[6.710784659345681,49.815352015817211],[6.71078253845866,49.815396951592078],[6.710713078700268,49.8153955789452],[6.710710957743698,49.815440514717487],[6.710708836781795,49.815485450489348],[6.71070671581456,49.815530386260804],[6.710637255868855,49.815529013565815],[6.710635134832071,49.815573949334677],[6.710496214828236,49.815571203815551],[6.710426754834321,49.815569830993603],[6.710424633599557,49.815614766755537],[6.710355173546763,49.815613393889805],[6.710285713499304,49.815612020982485],[6.710283592130773,49.815656956739673],[6.710214132024435,49.815655583788576],[6.710144671923433,49.815654210795884],[6.710146793420396,49.815609275043037],[6.710216253457182,49.815610648033555],[6.710218374884595,49.815565712278122],[6.710148914912025,49.815564339289779],[6.710151036398319,49.815519403536101],[6.710081576495302,49.815518030508315],[6.710012116597619,49.815516657438941],[6.710009994982894,49.815561593188264],[6.709940535026332,49.81556022007512],[6.709938413342057,49.815605155821871],[6.709868953326616,49.815603782664937],[6.709871075075108,49.815558846920361],[6.709801615129221,49.81555747372402],[6.709732155188671,49.815556100486063],[6.709734277060261,49.815511164745416],[6.709736398926514,49.815466229004343],[6.709738520787432,49.815421293262865],[6.709669061044866,49.815419919989829],[6.709673304879127,49.815330048509935],[6.709742764493263,49.81533142177863],[6.709744886338175,49.815286486035909],[6.709675426788254,49.815285112769388],[6.709605967243671,49.81528373946125],[6.709536507704424,49.815282366111532],[6.709534385666867,49.815327301847752],[6.709464926068743,49.815325928454264],[6.709462803961634,49.815370864187905],[6.709393344304635,49.815369490750648],[6.709323884652973,49.815368117271781],[6.709254425006647,49.815366743751326],[6.709256547306401,49.815321808024201],[6.709187087729629,49.815320434464319],[6.709117628158197,49.815319060862826],[6.709119750581043,49.815274125139631],[6.709050291079162,49.815272751498732],[6.709052413560887,49.81522781577727],[6.709054536037272,49.815182880055417],[6.708985076669161,49.815181506377243],[6.708987199204426,49.815136570657131],[6.708989321734354,49.815091634936614],[6.70891986250001,49.815090261221194],[6.708850403271003,49.815088887464164],[6.708852525924021,49.815043951747569],[6.708783066764569,49.815042577951125],[6.708785189476464,49.814997642236285],[6.708715730386565,49.814996268400407],[6.708576812222784,49.814993520603871],[6.708578935121983,49.814948584895106],[6.708509476112314,49.814947210936609],[6.708440017107987,49.814945836936516],[6.708437894080362,49.814990772640918],[6.708435771047399,49.815035708344901],[6.708366311919986,49.815034334298865],[6.708368435017161,49.814989398597064],[6.7083726811955,49.814899527192168],[6.708379050422971,49.814764720081726],[6.708309591686175,49.814763346007126],[6.708311714815535,49.814718410304984],[6.708313837939557,49.814673474602415],[6.708315961058242,49.814628538899427],[6.708318084171586,49.814583603196049],[6.708320207279593,49.814538667492236],[6.708322330382264,49.814493731788012],[6.708324453479594,49.814448796083376],[6.708326576571586,49.814403860378306],[6.708335068886177,49.814224117553891],[6.708339315011445,49.81413424613919],[6.70826985717895,49.814132872053392],[6.708271980297786,49.814087936347583],[6.708274103411285,49.814043000641362],[6.708276226519446,49.813998064934722],[6.708280472719752,49.813908193520192],[6.708349930231198,49.813909567595125],[6.708347807197923,49.813954503304771],[6.70834568415931,49.813999439013998],[6.70834356111536,49.814044374722819],[6.708341438066071,49.814089310431214],[6.708410895839695,49.814090684473243],[6.708406649853525,49.814180555893124],[6.70847610776091,49.814181929897899],[6.708473984824028,49.814226865609378],[6.708471861881811,49.814271801320452],[6.708469738934252,49.814316737031113],[6.70853919703961,49.814318111000802],[6.708534951256905,49.814407982425209],[6.708465493023125,49.814406608451179],[6.708463370059556,49.814451544160576],[6.708461247090647,49.814496479869561],[6.708459124116403,49.814541415578127],[6.708528582542817,49.814542789558686],[6.708526459627445,49.814587725269007],[6.708457001136819,49.81458635128628],[6.708454878151898,49.814631286994022],[6.708524336706736,49.814632660978916],[6.708522213780689,49.814677596688419],[6.708520090849304,49.814722532397489],[6.708589549537908,49.814723906345137],[6.708587426665398,49.814768842055955],[6.708585303787551,49.814813777766368],[6.708583180904366,49.814858713476376],[6.708652639790946,49.814860087388929],[6.708722098682866,49.814861461259881],[6.708791557580127,49.814862835089251],[6.708999934303942,49.814866956327741],[6.709069393222556,49.814868329990716],[6.709071515656252,49.814823394265524],[6.709140974515993,49.814824767884708],[6.709143096880138,49.814779832156937],[6.709212555681005,49.814781205732359],[6.709214677975601,49.814736270002001],[6.709284136717594,49.814737643533661],[6.709353595464925,49.814739017023719],[6.70935571762576,49.814694081288586],[6.709425176314217,49.814695454734874],[6.709427298405504,49.814650518997155],[6.709496757035085,49.814651892399681],[6.709498879056824,49.814606956659389],[6.70956833762753,49.814608330018146],[6.709570459579721,49.814563394275247],[6.709639918091555,49.814564767590241],[6.709709376608723,49.814566140863633],[6.709711498427156,49.814521205115987],[6.709713620240252,49.814476269367923],[6.709715742048013,49.814431333619432],[6.709785200377884,49.814432706844713],[6.7097873221161,49.814387771093635],[6.709856780387097,49.814389144275161],[6.709858902055767,49.814344208521497],[6.709928360267887,49.814345581659246],[6.70993048186701,49.814300645903003],[6.709999940020258,49.814302018996983],[6.710002061549836,49.814257083238147],[6.710071519644207,49.814258456288364],[6.71007364110424,49.814213520526941],[6.710143099139736,49.814214893533396],[6.710145220530224,49.814169957769387],[6.710214678506847,49.814171330732066],[6.71021679982779,49.81412639496547],[6.710218921143399,49.814081459198455],[6.710288378996935,49.814082832115204],[6.710286257745537,49.814127767884386],[6.710284136488804,49.814172703653149],[6.710282015226738,49.8142176394215],[6.710351473278243,49.814219012303148],[6.710353594476097,49.814174076532638],[6.710423052468726,49.814175449370531],[6.710492510466691,49.814176822166814],[6.710561968469989,49.81417819492151],[6.710564089469879,49.814133259144064],[6.710633547414304,49.814134631854998],[6.71063566834465,49.814089696074959],[6.710705126230197,49.814091068742115],[6.71077458412108,49.814092441367691],[6.710844042017296,49.814093813951644],[6.710841921279583,49.814138749738184],[6.710911379245345,49.81414012228273],[6.71090925856651,49.814185058071011],[6.710839800536537,49.814183685524306],[6.710837679788158,49.814228621310008],[6.710835559034447,49.814273557095305],[6.710905017192842,49.814274929646345],[6.710902896498011,49.81431986543339],[6.710900775797848,49.814364801220009],[6.710970234089999,49.814366173733802],[6.710968113448716,49.814411109522176],[6.710965992802099,49.814456045310145],[6.710963872150151,49.814500981097694],[6.711033330640273,49.814502353576387],[6.711031210047206,49.814547289365677],[6.711029089448806,49.814592225154556],[6.711024848236011,49.814682096731055],[6.711022727621616,49.814727032518697],[6.711020607001888,49.814771968305912],[6.711018486376831,49.814816904092694],[6.711016365746438,49.814861839879093],[6.711014245110715,49.814906775665044],[6.711083704184087,49.814908148121674],[6.711079463025072,49.814998019696681],[6.711077342437567,49.815042955483577],[6.71107522184473,49.815087891270039],[6.711144681180292,49.815089263693736],[6.711142560646337,49.815134199481953],[6.711140440107052,49.815179135269751],[6.71107098064306,49.815177762841714],[6.711073101246561,49.815132827056082],[6.71100364185212,49.815131454588609],[6.710934182463012,49.815130082079541]],[[6.711209899576375,49.815180507656201],[6.711207779095973,49.815225443445748],[6.711277238634845,49.815226815792769],[6.711346698179051,49.815228188098182],[6.711344577821746,49.815273123891657],[6.711275118213324,49.815271751584071],[6.711205658610237,49.815270379234889],[6.71120353811917,49.815315315023625],[6.711134078457201,49.815313942630667],[6.711136199012483,49.815269006844112],[6.711138319562433,49.815224071057131],[6.711140440107052,49.815179135269751],[6.711209899576375,49.815180507656201]],[[6.7114140374355,49.815274496157642],[6.711411917137077,49.815319431952872],[6.711342457459109,49.815318059684721],[6.711344577821746,49.815273123891657],[6.7114140374355,49.815274496157642]],[[6.71148137682038,49.815320804179443],[6.711479256580843,49.815365739976407],[6.711477136335975,49.815410675772974],[6.711407676524241,49.815409303542083],[6.711409796833325,49.815364367747677],[6.711411917137077,49.815319431952872],[6.71148137682038,49.815320804179443]],[[6.71921744516568,49.773509106267362],[6.719219555116153,49.773464169901814],[6.719288955338758,49.773465536615156],[6.719286845452351,49.773510472982863],[6.71921744516568,49.773509106267362]],[[6.718843009808886,49.774086444640666],[6.718845120148622,49.774041508291333],[6.718914521177584,49.77404287524044],[6.71891663144795,49.773997938888535],[6.718986032418148,49.773999305793943],[6.718983922211851,49.774044242148022],[6.719053323251422,49.774045609014053],[6.71905121310389,49.77409054536988],[6.719049102951058,49.774135481725267],[6.718979701783348,49.774134114854917],[6.718910300620945,49.774132747943028],[6.718912410901915,49.774087811591954],[6.718843009808886,49.774086444640666]],[[6.71911850412407,49.774136848554093],[6.719116394030003,49.774181784911242],[6.719046992792921,49.774180418080256],[6.719049102951058,49.774135481725267],[6.71911850412407,49.774136848554093]],[[6.715698157097748,49.77744278070773],[6.715628751368659,49.777441411764357],[6.715559345644883,49.777440042779432],[6.715561459271274,49.777395106559013],[6.71563086493097,49.777396475541771],[6.715700270595979,49.777397844482991],[6.715698157097748,49.77744278070773]],[[6.715178493234644,49.778152176528693],[6.715247899957149,49.77815354575597],[6.715317306684971,49.778154914941688],[6.715315192776043,49.778199851148543],[6.715313078861801,49.778244787354971],[6.715174265155143,49.778242048933336],[6.715176379197549,49.778197112731235],[6.715178493234644,49.778152176528693]],[[6.712865623139608,49.7830091169374],[6.712867739673506,49.7829641808448],[6.7129371531583,49.782965551552323],[6.712935036688502,49.783010487647083],[6.712865623139608,49.7830091169374]],[[6.712823411907593,49.804552658085363],[6.712825530092738,49.804507722161965],[6.712894974374132,49.804509093325343],[6.712964418660851,49.804510464447148],[6.712962300604059,49.80455540037488],[6.713031744960282,49.804556771457257],[6.713029626962341,49.804601707386738],[6.712960182541942,49.804600336302201],[6.712890738126869,49.804598965176062],[6.712821293717122,49.804597594008349],[6.712823411907593,49.804552658085363]],[[6.713099071388068,49.804603078429707],[6.713168515819121,49.804604449431096],[6.7132379602555,49.80460582039089],[6.713235842444767,49.80465075632646],[6.71316639794421,49.804649385364499],[6.71309695344898,49.804648014360943],[6.713027508959077,49.804646643315806],[6.713029626962341,49.804601707386738],[6.713099071388068,49.804603078429707]],[[6.71330528695065,49.804652127246847],[6.713374731461859,49.804653498125653],[6.713444175978393,49.804654868962864],[6.713442058354868,49.804699804904509],[6.713372613774157,49.804698434065124],[6.713303169198769,49.804697063184157],[6.713233724628711,49.80469569226161],[6.713235842444767,49.80465075632646],[6.71330528695065,49.804652127246847]],[[6.713511502940905,49.804701175702306],[6.713580947532268,49.804702546458529],[6.713650392128956,49.804703917173164],[6.713719836730969,49.804705287846211],[6.71371771935883,49.804750223796106],[6.713648274692639,49.804748853120898],[6.713578830031774,49.804747482404089],[6.713439940726018,49.804744740845734],[6.713442058354868,49.804699804904509],[6.713511502940905,49.804701175702306]],[[6.713787164030347,49.804751594429739],[6.713856608707187,49.804752965021791],[6.713926053389352,49.804754335572255],[6.713923936204423,49.804799271528232],[6.71385449145808,49.804797900975601],[6.713785046717061,49.804796530381395],[6.713715601981368,49.804795159745588],[6.71371771935883,49.804750223796106],[6.713787164030347,49.804751594429739]],[[6.712819175521327,49.804642529930916],[6.712817057320207,49.80468746585305],[6.712747612787433,49.804686094639415],[6.712745494516811,49.804731030558983],[6.712676049925187,49.8047296593016],[6.712606605338891,49.804728288002622],[6.712608723737869,49.804683352087395],[6.712678168259987,49.804684723384206],[6.712680286589461,49.804639787466385],[6.71274973105273,49.804641158719441],[6.712751849312703,49.804596222799042],[6.712821293717122,49.804597594008349],[6.712819175521327,49.804642529930916]],[[6.713991263830017,49.804845577997014],[6.713993380956091,49.804800642039282],[6.714062825713083,49.804802012508752],[6.7141322704754,49.804803382936633],[6.714130153477681,49.804848318898692],[6.714060708651187,49.804846948468651],[6.713991263830017,49.804845577997014]],[[6.71108467537875,49.806047557015809],[6.711154121778514,49.806048929253087],[6.711156241620901,49.806003993393723],[6.711158361457958,49.805959057533933],[6.71122780773469,49.805960429725289],[6.711297254016752,49.805961801875057],[6.711299373720117,49.805916866010527],[6.711368819943329,49.80591823811654],[6.711438266171873,49.805919610180979],[6.711436146596869,49.805964546049857],[6.711434027016539,49.806009481918316],[6.711503473378775,49.806010853945494],[6.711501353857297,49.806055789815716],[6.711570800289046,49.806057161803487],[6.711568680826422,49.806102097675449],[6.711638127327683,49.806103469623793],[6.711636007923913,49.806148405497517],[6.711705454494687,49.806149777406446],[6.71170333514977,49.806194713281918],[6.711633888514815,49.806193341370808],[6.711629649680632,49.806283213116167],[6.711560202922641,49.806281841159141],[6.71149075616998,49.806280469160527],[6.711421309422651,49.806279097120331],[6.711423429034954,49.806234161254366],[6.711353982357137,49.806232789174757],[6.711356102028294,49.806187853310547],[6.711217208817019,49.806185109030892],[6.711215089017498,49.806230044890775],[6.711145642355675,49.806228672686402],[6.711143522486642,49.806273608543677],[6.711074075765967,49.806272236295548],[6.711071955827423,49.806317172150258],[6.711002509047898,49.806315799858375],[6.711004629050625,49.806270864005846],[6.711006749048023,49.806225928152898],[6.71100886904009,49.806180992299531],[6.710939422458445,49.806179619972575],[6.710941542509365,49.806134684120956],[6.71101098902683,49.806136056445752],[6.711013109008238,49.806091120591546],[6.711082555466852,49.806092492872587],[6.71108467537875,49.806047557015809]],[[6.712611566499287,49.809046248321415],[6.712681017263336,49.809047619703705],[6.712750468032711,49.809048991044392],[6.712819918807416,49.809050362343491],[6.712817800276945,49.80909529823132],[6.712748349438047,49.809093926930046],[6.712746230838056,49.809138862815296],[6.712676779940295,49.809137491470267],[6.71260732904786,49.80913612008365],[6.712605210314157,49.809181055964146],[6.712535759362859,49.809179684533774],[6.712466308416889,49.809178313061814],[6.71232740654094,49.809175569993116],[6.712257955610959,49.809174198396377],[6.712260074665629,49.809129262526717],[6.71226219371497,49.809084326656659],[6.712192742918706,49.809082955022667],[6.712123292127771,49.809081583347094],[6.712125411300171,49.809036647480944],[6.712127530467243,49.808991711614382],[6.712058079810022,49.808990339901548],[6.712060199035959,49.808945404036727],[6.711990748448262,49.808944032284494],[6.711992867733064,49.808899096421428],[6.711923417214888,49.808897724629752],[6.711925536558553,49.808852788768441],[6.711994987012537,49.808854160557942],[6.71206443747185,49.808855532305856],[6.712062318256568,49.808900468171515],[6.712131768785404,49.808901839880001],[6.712201219319569,49.808903211546905],[6.712270669859064,49.808904583172229],[6.712340120403889,49.808905954755943],[6.712338001440048,49.808950890629838],[6.712407452054395,49.808952262174152],[6.712476902674069,49.808953633676865],[6.712546353299075,49.808955005137982],[6.712615803929408,49.808956376557525],[6.71261368521701,49.809001312439676],[6.712611566499287,49.809046248321415]],[[6.715454820005434,49.809192312831115],[6.715456936101881,49.809147376861375],[6.715526387148464,49.809148746540643],[6.715524271116212,49.809193682512536],[6.715593722232311,49.809195052152369],[6.715591606258932,49.809239988126002],[6.715589490280233,49.809284924099217],[6.715520039035746,49.809283554455057],[6.715450587796581,49.809282184769287],[6.715452703903668,49.809237248800414],[6.715454820005434,49.809192312831115]],[[6.715658941530042,49.809286293701796],[6.715656825610218,49.809331229676758],[6.715587374296215,49.809329860072012],[6.715589490280233,49.809284924099217],[6.715658941530042,49.809286293701796]],[[6.711272923318759,49.809424606702215],[6.711270803328079,49.809469542538586],[6.711201352028706,49.809468170302821],[6.711131900734665,49.809466798025475],[6.711062449445954,49.809465425706534],[6.711060329257362,49.809510361535985],[6.710990877909791,49.809508989173288],[6.710992998162578,49.809464053345998],[6.710995118410035,49.809419117518303],[6.711064569629217,49.809420489876665],[6.711066689807148,49.809375554046383],[6.71113614096747,49.809376926360969],[6.711205592133124,49.809378298633995],[6.71127504330411,49.809379670865418],[6.711272923318759,49.809424606702215]],[[6.711097978104649,49.810185771281468],[6.711095857894965,49.810230707106427],[6.711026405514932,49.810229334750616],[6.711028525788814,49.810184398927817],[6.711097978104649,49.810185771281468]],[[6.716706713156253,49.810656281793349],[6.716708828203169,49.810611345795827],[6.716778281405136,49.810612714754114],[6.716776166422419,49.810657650753789],[6.716706713156253,49.810656281793349]],[[6.716704598104021,49.810701217790459],[6.716774051434386,49.81070258675306],[6.716771936441035,49.810747522751903],[6.716633029657225,49.810744784780773],[6.716635144778975,49.81069984878625],[6.716637259895407,49.810654912791307],[6.716706713156253,49.810656281793349],[6.716704598104021,49.810701217790459]],[[6.710859411825753,49.812295009651272],[6.710789956503165,49.812293637112482],[6.710792077150683,49.812248701313202],[6.710861532409067,49.81225007384981],[6.710859411825753,49.812295009651272]],[[6.713256005139641,49.814546250931194],[6.713251768057778,49.814636122648139],[6.713182309268623,49.814634751496222],[6.713180190655489,49.814679687351898],[6.71311073180745,49.814678316156233],[6.713108613124775,49.81472325200933],[6.713106494436773,49.814768187862015],[6.713104375743446,49.814813123714274],[6.713102257044789,49.814858059566113],[6.713032797945226,49.814856688320177],[6.713034916708095,49.814811752470504],[6.713037035465637,49.814766816620406],[6.71296757649983,49.814765445337201],[6.712898117539352,49.814764074012402],[6.712900236419994,49.814719138166225],[6.712902355295308,49.81467420231963],[6.712971814127359,49.814675573640095],[6.712973932933131,49.814630637790913],[6.7130433917063,49.81463200906763],[6.713045510442534,49.814587073215861],[6.71304762917344,49.814542137363681],[6.713049747899018,49.814497201511088],[6.713119206484877,49.814498572739694],[6.713121325140918,49.814453636884494],[6.713190783667891,49.814455008069345],[6.713192902254393,49.814410072211572],[6.713262360722484,49.814411443352654],[6.713260242200197,49.814456379212587],[6.71332970073783,49.814457750314219],[6.713327582274427,49.814502686175906],[6.713258123672582,49.814501315072093],[6.713256005139641,49.814546250931194]],[[6.711952756110681,49.815644959276931],[6.711883295940538,49.815643587326392],[6.711885415826766,49.815598651518883],[6.711954875932691,49.815600023467262],[6.711952756110681,49.815644959276931]],[[6.712022216286156,49.81564633118586],[6.712020096523032,49.815691266997291],[6.711950636283341,49.81568989508618],[6.711952756110681,49.815644959276931],[6.712022216286156,49.81564633118586]],[[6.713873907863229,49.817661905725402],[6.713943371018967,49.817663276523291],[6.713941252883804,49.817708212379237],[6.713871789663841,49.817706841579174],[6.713873907863229,49.817661905725402]],[[6.71406535314359,49.818025504864799],[6.714067471187585,49.817980569007453],[6.714136934808879,49.817981939695699],[6.714139052783322,49.817937003835752],[6.714141170752441,49.817892067975386],[6.714143288716233,49.817847132114622],[6.7141454066747,49.817802196253417],[6.714075943310306,49.817800825573848],[6.714078061327672,49.817755889714384],[6.714008598032829,49.817754518995379],[6.714010716109094,49.817709583137699],[6.714012834180033,49.817664647279578],[6.714082297346426,49.81766601799427],[6.714080179339712,49.817710953854544],[6.714219105816931,49.817713695163441],[6.714288569063532,49.817715065755486],[6.71435803231546,49.817716436305922],[6.714355914560318,49.817761372174438],[6.71435379679985,49.817806308042556],[6.714423260185554,49.817807678555724],[6.714492723576585,49.817809049027296],[6.714562186972944,49.817810419457267],[6.714560069399824,49.817855355331453],[6.714490605939242,49.817853984899315],[6.714351679034056,49.817851243910241],[6.714282215589455,49.817849873353296],[6.714280097754112,49.817894809218409],[6.714277979913444,49.817939745083109],[6.714208516345718,49.817938374480242],[6.7142063984355,49.817983310342342],[6.714204280519957,49.81802824620403],[6.71413481682911,49.818026875555219],[6.714132698844014,49.818071811414327],[6.71406323509427,49.818070440721748],[6.71406535314359,49.818025504864799]],[[6.714768459813533,49.817859466378238],[6.714837923295422,49.817860836643959],[6.714907386782637,49.817862206868071],[6.714905269525318,49.817907142752667],[6.714766342427764,49.817904402258499],[6.714696878886977,49.817903031949008],[6.714627415351516,49.817901661597908],[6.714629532865734,49.817856725721981],[6.714698996336971,49.817858096070907],[6.714768459813533,49.817859466378238]],[[6.715035728075466,49.818089626632009],[6.715105191899785,49.81809099674215],[6.715107308985723,49.818046060852708],[6.715176772751141,49.818047430919087],[6.71517888976753,49.818002495027073],[6.715181006778594,49.817957559134634],[6.715250470420888,49.817958929155068],[6.715319934068505,49.817960299133901],[6.71538939772145,49.817961669071131],[6.71538728090306,49.818006604970066],[6.715526208353372,49.818009344724047],[6.715665135824981,49.818012084311604],[6.715663019258172,49.818057020218781],[6.715732483066191,49.818058389952327],[6.715730366558285,49.818103325861237],[6.715728250045057,49.81814826176975],[6.715658786108588,49.818146892031884],[6.715589322177443,49.818145522252408],[6.715519858251624,49.818144152431316],[6.715517741540396,49.818189088332915],[6.715448277555675,49.81818771846806],[6.715378813576278,49.818186348561611],[6.715309349602206,49.818184978613559],[6.715239885633459,49.81818360862389],[6.715170421670037,49.818182238592627],[6.715100957711942,49.818180868519761],[6.715031493759171,49.8181794984053],[6.71503361091998,49.818134562518864],[6.714964147036762,49.818133192364954],[6.714894683158867,49.818131822169448],[6.7148252192863,49.81813045193234],[6.714827336634464,49.81808551605198],[6.714896800442805,49.81808688628692],[6.714966264256473,49.818088256480266],[6.715035728075466,49.818089626632009]],[[6.713854843877003,49.818066328394387],[6.713852725629681,49.818111264244415],[6.713783261837022,49.818109893383252],[6.713785380148571,49.818064957535391],[6.713854843877003,49.818066328394387]],[[6.713711679668593,49.818153458325767],[6.713781143520148,49.818154829230693],[6.713779025197946,49.818199765077729],[6.713709561282165,49.818198394170622],[6.713711679668593,49.818153458325767]],[[6.716618587522141,49.818435680187321],[6.716620703232348,49.818390744253193],[6.716622818937235,49.818345808318625],[6.716692283205132,49.818347177482707],[6.716761747478351,49.818348546605186],[6.716759631901919,49.818393482544089],[6.716898560592777,49.818396220668554],[6.716968024946189,49.818397589668393],[6.716965909557119,49.818442525613349],[6.716963794162728,49.818487461557908],[6.716894329680862,49.818486092553748],[6.716824865204317,49.818484723507979],[6.716755400733094,49.818483354420614],[6.716685936267194,49.818481985291641],[6.716688051918492,49.818437049355751],[6.716618587522141,49.818435680187321]],[[6.717102723142424,49.818490199441406],[6.717100607871171,49.81853513538988],[6.717031143314435,49.818533766466771],[6.717033258649916,49.818488830520465],[6.717102723142424,49.818490199441406]],[[6.711006835382434,49.818010089061239],[6.711008956257656,49.817965153299681],[6.711011077127544,49.817920217537718],[6.710941613746164,49.817918844977349],[6.710943734674946,49.817873909217134],[6.710945855598393,49.817828973456486],[6.71108478210959,49.817831718526953],[6.711086902899257,49.817786782761573],[6.711156366098634,49.817788155232229],[6.711225829303345,49.817789527661283],[6.71129529251339,49.817790900048749],[6.71136475572877,49.817792272394598],[6.711366876256208,49.817747336620116],[6.711436339412698,49.817748708922196],[6.711505802574522,49.817750081182673],[6.711503682175532,49.81779501696149],[6.711573145406915,49.817796389182533],[6.711571025066816,49.817841324963105],[6.711640488367755,49.817842697144712],[6.711709951674029,49.817844069284732],[6.711707831457048,49.817889005069226],[6.711777294832879,49.817890377169803],[6.711779414985636,49.817845441383135],[6.711848878302574,49.817846813439935],[6.711918341624846,49.817848185455134],[6.711987804952453,49.81784955742873],[6.711985684992369,49.817894493221914],[6.712055148389532,49.817895865156075],[6.712053028488342,49.817940800951],[6.712050908581823,49.817985736745499],[6.712120372112767,49.817987108642399],[6.712122491955061,49.817942172845719],[6.712191955427114,49.817943544698849],[6.712189835649045,49.817988480497689],[6.712259299190653,49.817989852311378],[6.712328762737594,49.817991224083471],[6.712398226289867,49.817992595813962],[6.712467689847473,49.817993967502851],[6.712465570320973,49.818038903309933],[6.712463450789143,49.818083839116618],[6.712532914480529,49.818085210768238],[6.712530795007595,49.818130146576664],[6.712600258768539,49.818131518188842],[6.712669722534814,49.818132889759426],[6.712739186306421,49.8181342612884],[6.712737067020834,49.818179197102921],[6.712806530861997,49.818180568592474],[6.712875994708491,49.818181940040411],[6.712945458560315,49.818183311446745],[6.712943339462077,49.818228247267342],[6.713012803383458,49.818229618634241],[6.713082267310169,49.818230989959545],[6.713080148335053,49.818275925784064],[6.713149612331322,49.818277297069926],[6.713147493415105,49.8183222328962],[6.713216957480928,49.81832360414262],[6.713214838623609,49.818368539970649],[6.71328430275899,49.818369911177641],[6.713286421552082,49.818324975347451],[6.71342534971038,49.818327717632279],[6.713494813797522,49.818329088712289],[6.713496932392608,49.818284152875179],[6.713566396420853,49.81828552391142],[6.713564277889994,49.818330459750705],[6.713633741987795,49.818331830747503],[6.713635860454428,49.818286894906066],[6.713705324493332,49.818288265859096],[6.713707442890412,49.818243330015065],[6.713776906870419,49.818244700924332],[6.713774788537564,49.81828963677053],[6.713772670199384,49.818334572616301],[6.713842134313172,49.8183359434883],[6.713840016033892,49.81838087933582],[6.713770551855877,49.818379508461661],[6.713768433507043,49.818424444306615],[6.713837897749285,49.818425815182934],[6.713976826249752,49.81842855681078],[6.713974708088271,49.818473492661823],[6.713905243771148,49.81847212186652],[6.713901007303756,49.818561993562994],[6.71389888906207,49.818606929410613],[6.713896770815058,49.818651865257806],[6.713827306246353,49.818650494412246],[6.713825187929787,49.818695430256867],[6.713823069607895,49.818740366101053],[6.713820951280676,49.818785301944835],[6.713751486524615,49.818783931051172],[6.713749368127842,49.818828866892368],[6.713747249725742,49.818873802733144],[6.713745131318315,49.818918738573508],[6.7136756663749,49.818917367631741],[6.713673547897916,49.818962303469526],[6.713604082895602,49.818960932483989],[6.713601964349063,49.819005868319181],[6.713599845797198,49.81905080415396],[6.713597727240006,49.819095739988327],[6.713528262050334,49.81909436895468],[6.713526143423585,49.819139304786468],[6.713456678175013,49.819137933709044],[6.713387212931771,49.819136562590025],[6.713385094171237,49.819181498417045],[6.713315628869094,49.819180127254249],[6.713246163572283,49.819178756049851],[6.713248282461275,49.819133820227172],[6.713178817234022,49.819132448983325],[6.7131093520121,49.81913107769789],[6.713111471024224,49.819086141879112],[6.713042005871861,49.819084770554248],[6.713039886795508,49.819129706370845],[6.712970421584247,49.819128335002198],[6.712972540724827,49.819083399187754],[6.712903075583127,49.819082027779672],[6.712833610446757,49.819080656329987],[6.712835729710466,49.819035720519459],[6.712766264643657,49.819034349030332],[6.712696799582175,49.819032977499603],[6.712627334526027,49.819031605927272],[6.71255786947521,49.819030234313331],[6.712559988990506,49.818985298511059],[6.71249052400925,49.818983926857683],[6.712421059033326,49.818982555162705],[6.71242317867175,49.818937619364355],[6.712353713765384,49.818936247629935],[6.712284248864353,49.81893487585392],[6.712286368625903,49.818889940059492],[6.712216903794432,49.818888568244027],[6.712147438968292,49.818887196386981],[6.712149558852968,49.818842260596476],[6.71208009409639,49.818840888699981],[6.712082214039963,49.818795952911216],[6.712012749352945,49.818794580975293],[6.712014869355415,49.818749645188291],[6.711945404737958,49.818748273212911],[6.711875940125834,49.818746901195944],[6.711878060251428,49.81870196541287],[6.711808595708864,49.818700593356461],[6.711810715893355,49.818655657575128],[6.711741251420353,49.818654285479283],[6.71174337166374,49.818609349699706],[6.711673907260297,49.818607977564426],[6.71167602756258,49.818563041786611],[6.711606563228697,49.818561669611903],[6.711608683589875,49.818516733835821],[6.711539219325553,49.818515361621678],[6.711469755066566,49.818513989365933],[6.711471875550865,49.81846905359378],[6.711402411361438,49.8184676812986],[6.711404531904631,49.81842274552821],[6.711406652442494,49.818377809757372],[6.711337188386854,49.818376437424917],[6.711339308983609,49.818331501655855],[6.711269844997529,49.818330129283979],[6.711271965653179,49.818285193516672],[6.711202501736659,49.818283821105361],[6.711204622451201,49.818238885339788],[6.711206743160413,49.818193949573818],[6.711137279377678,49.818192577125238],[6.711139400145782,49.818147641361016],[6.711069936432609,49.818146268873001],[6.711072057259604,49.818101333110526],[6.711074178081266,49.818056397347647],[6.711004714501878,49.818055024822364],[6.711006835382434,49.818010089061239]],[[6.719503485089215,49.773334827380879],[6.71950559476222,49.773289891005028],[6.719574994749775,49.773291257543583],[6.719572885140837,49.773336193921594],[6.719503485089215,49.773334827380879]],[[6.719501375410911,49.77337976375631],[6.719431975300528,49.773378397171903],[6.719434085042897,49.773333460798639],[6.719503485089215,49.773334827380879],[6.719501375410911,49.77337976375631]],[[6.719429865552855,49.773423333544777],[6.719360465383708,49.773421966916665],[6.719362575195447,49.773377030545959],[6.719431975300528,49.773378397171903],[6.719429865552855,49.773423333544777]],[[6.719396108869158,49.774142315453958],[6.719393999031367,49.77418725181974],[6.719463400294967,49.77418861844302],[6.719459180731619,49.774278491177668],[6.719457070941994,49.774323427544367],[6.719387669486186,49.774322060914614],[6.719318268035682,49.774320694243315],[6.719320377953446,49.774275757880943],[6.719250976572314,49.774274391170259],[6.719253086548846,49.774229454809628],[6.719255196520077,49.774184518448571],[6.71932459777307,49.774185885154928],[6.719326707674931,49.774140948791306],[6.719328817571489,49.774096012427265],[6.719398218701648,49.774097379087763],[6.719396108869158,49.774142315453958]],[[6.719635740420814,49.774956636365168],[6.719633630743885,49.775001572732101],[6.719564228311107,49.775000206194576],[6.719566338052108,49.774955269829796],[6.719635740420814,49.774956636365168]],[[6.724708915295927,49.806046103127287],[6.724639468244701,49.806044739012201],[6.724570021198777,49.806043374855541],[6.724572128621981,49.805998438576317],[6.724502681645541,49.805997074380208],[6.724433234674401,49.805995710142533],[6.724363787708562,49.805994345863255],[6.72436589531902,49.805949409590099],[6.724296448422664,49.8059480452714],[6.72422700153161,49.805946680911106],[6.724157554645857,49.805945316509245],[6.724159662443567,49.805900380242136],[6.724090215627299,49.805899015800826],[6.724020768816331,49.805897651317949],[6.72402287673711,49.805852715054719],[6.724092323483893,49.805854079535457],[6.724094431335189,49.805809143269663],[6.724096539181186,49.805764207003463],[6.724165985804905,49.805765571438293],[6.72416809358142,49.805720635169521],[6.724237540146256,49.80572199956061],[6.724235432433924,49.805766935831542],[6.724304879068245,49.80576830018321],[6.724374325707866,49.805769664493276],[6.724443772352788,49.805771028761761],[6.724441664827707,49.805815965038747],[6.724511111542112,49.805817329267803],[6.724580558261819,49.805818693455286],[6.724650004986823,49.80582005760116],[6.724647897648994,49.8058649938842],[6.724717344443484,49.805866357990652],[6.724786791243273,49.805867722055524],[6.724784684028513,49.805912658342464],[6.724854130897786,49.805914022367915],[6.724923577772357,49.805915386351764],[6.724993024652227,49.805916750294038],[6.724990917624722,49.805961686587011],[6.725060364574077,49.805963050489844],[6.725058257605459,49.806007986784572],[6.725056150631544,49.806052923078894],[6.724986703553821,49.806051559171735],[6.724984596510425,49.806096495463471],[6.724982489461731,49.806141431754796],[6.72491304226094,49.806140067801749],[6.724843595065447,49.806138703807115],[6.72484570224251,49.806093767520096],[6.724776255116502,49.806092403486041],[6.724706807995793,49.806091039410397],[6.724708915295927,49.806046103127287]],[[6.726712354839382,49.806310326098426],[6.726710249374134,49.806355262441954],[6.726640801784169,49.806353899519955],[6.726571354199498,49.806352536556368],[6.726501906620123,49.806351173551199],[6.726504012277927,49.806306237214123],[6.726434564768033,49.806304874169527],[6.726365117263436,49.806303511083328],[6.726295669764133,49.806302147955549],[6.7262977756092,49.806257211624533],[6.72622832817938,49.806255848457319],[6.726158880754856,49.806254485248523],[6.72608943333563,49.806253121998139],[6.726091539367956,49.806208185673171],[6.72609364539499,49.806163249347769],[6.72609575141673,49.806118313021969],[6.726165198643402,49.806119676265887],[6.726167304595661,49.806074739937515],[6.726169410542626,49.806029803608723],[6.726171516484298,49.805984867279513],[6.726240963523712,49.805986230475384],[6.726243069395905,49.805941294143615],[6.726245175262804,49.805896357811413],[6.726247281124409,49.805851421478806],[6.726316727976569,49.805852784626623],[6.726318833768693,49.805807848291458],[6.726320939555528,49.805762911955846],[6.726390386284616,49.805764275057783],[6.72639249200197,49.805719338719619],[6.726394597714033,49.805674402381037],[6.726396703420801,49.805629466042035],[6.726466149962635,49.805630829095911],[6.726468255599927,49.805585892754351],[6.726537702082874,49.805587255764479],[6.726535596509765,49.805632192108206],[6.72660504306219,49.805633555078906],[6.726674489619912,49.805634918008025],[6.726672384169875,49.805679854355652],[6.726741830797075,49.805681217245329],[6.72681127742957,49.805682580093432],[6.726880724067358,49.805683942899947],[6.72687861880458,49.8057288792536],[6.726948065511847,49.80573024202068],[6.727017512224409,49.805731604746178],[6.727015407084704,49.805776541103747],[6.727013301939709,49.805821477460874],[6.72701119678942,49.805866413817597],[6.726941749884307,49.805865051085625],[6.726939644664543,49.805909987439783],[6.726937539439485,49.805954923793529],[6.726868092411299,49.80595356101567],[6.726865987116765,49.805998497366829],[6.726863881816938,49.806043433717576],[6.726861776511817,49.806088370067918],[6.726792329296373,49.806087007242013],[6.726788118541886,49.806176879937127],[6.726786013156702,49.806221816284065],[6.726716565753998,49.806220453410113],[6.726714460299337,49.806265389754472],[6.726712354839382,49.806310326098426]],[[6.724559484003286,49.806268056245386],[6.72456159145298,49.806223119968237],[6.724563698897376,49.80617818369069],[6.724494251664199,49.80617681948597],[6.724424804436322,49.806175455239661],[6.72442691200379,49.806130518966],[6.724429019565958,49.806085582691928],[6.724498466665467,49.806086946933924],[6.724567913770276,49.806088311134332],[6.724565806336475,49.806133247412717],[6.724635253510768,49.806134611573697],[6.724633146135854,49.80617954785383],[6.724702593379632,49.806180911975375],[6.72477204062871,49.806182276055345],[6.724769933376868,49.806227212339358],[6.724765718857292,49.806317084906155],[6.724696271415659,49.806315720819725],[6.724698378742281,49.806270784538683],[6.724628931370133,49.806269420412839],[6.724559484003286,49.806268056245386]],[[6.724835166304223,49.806318448951004],[6.724833059100674,49.806363385235926],[6.724763611589556,49.806362021188932],[6.724765718857292,49.806317084906155],[6.724835166304223,49.806318448951004]],[[6.72048698513438,49.808616781663666],[6.720417534609044,49.808615414967569],[6.720419646068061,49.808570478838071],[6.720489096529205,49.808571845532015],[6.72048698513438,49.808616781663666]],[[6.719365215177175,49.808819590014537],[6.719434665943801,49.80882095734529],[6.719432553554224,49.808865893442039],[6.719363102723406,49.808864526109133],[6.719365215177175,49.808819590014537]],[[6.735191735839757,49.809310011485756],[6.735189638001412,49.809354948069725],[6.735120185711907,49.809353590169358],[6.735050733427678,49.809352232227404],[6.73505283139442,49.809307295647727],[6.735191735839757,49.809310011485756]],[[6.735397994901584,49.809359021521274],[6.735395897250559,49.809403958111261],[6.735326444881026,49.809402600333527],[6.735256992516772,49.809401242514198],[6.735187540157793,49.809399884653281],[6.735189638001412,49.809354948069725],[6.735397994901584,49.809359021521274]],[[6.735465349625366,49.809405315847393],[6.735534802005449,49.80940667354195],[6.735604254390808,49.809408031194906],[6.735673706781443,49.809409388806266],[6.735671609381936,49.809454325404438],[6.735741061842044,49.809455682976356],[6.735810514307428,49.809457040506679],[6.735879966778086,49.809458397995414],[6.735877869565902,49.809503334599604],[6.735947322106034,49.80950469204889],[6.73601677465144,49.80950604945658],[6.73608622720212,49.809507406822682],[6.736084130177259,49.809552343432891],[6.736153582797414,49.809553700759551],[6.736223035422841,49.809555058044616],[6.736292488053544,49.809556415288093],[6.736290391216007,49.809601351904313],[6.736359843916182,49.80960270910834],[6.736429296621631,49.809604066270758],[6.736498749332354,49.809605423391609],[6.736496652682144,49.809650360013855],[6.736566105462338,49.80965171709525],[6.736635558247807,49.809653074135042],[6.736705011038548,49.809654431133254],[6.736702914575665,49.809699367761503],[6.736772367435878,49.809700724720265],[6.736841820301365,49.80970208163744],[6.736911273172124,49.809703438513004],[6.736909176896567,49.809748375147301],[6.736978629836799,49.809749731983416],[6.737048082782302,49.809751088777951],[6.73711753573308,49.809752445530897],[6.737186988689126,49.809753802242241],[6.737256441650446,49.80975515891199],[6.737325894617038,49.809756515540151],[6.737323798721411,49.809801452186882],[6.737393251757473,49.809802808775601],[6.737462704798808,49.809804165322717],[6.737460609026311,49.809849101973334],[6.737530062137115,49.809850458481002],[6.737599515253192,49.809851814947081],[6.73766896837454,49.809853171371572],[6.737666872789375,49.8098981080282],[6.737736325980194,49.809899464413235],[6.737875232377643,49.809902177058518],[6.737944685584272,49.809903533318781],[6.738014138796173,49.809904889537449],[6.738012043526741,49.809949826204374],[6.738081496808112,49.809951182383585],[6.738079401597613,49.809996119052244],[6.738148854948453,49.809997475192013],[6.738218308304566,49.809998831290173],[6.738216213217201,49.810043767962703],[6.738285666642783,49.810045124021428],[6.738355120073633,49.810046480038558],[6.738424573509753,49.8100478360141],[6.738422478609725,49.810092772692634],[6.738491932115314,49.810094128628727],[6.73848983727422,49.810139065308988],[6.738420383704429,49.810137709370764],[6.738350930139907,49.810136353390938],[6.738353025109403,49.810091416714954],[6.738283571614351,49.810090060695686],[6.73821411812457,49.810088704634822],[6.738144664640056,49.810087348532363],[6.738146759796889,49.810042411862391],[6.738077306381847,49.81004105572049],[6.738007852972075,49.810039699536986],[6.737938399567573,49.810038343311888],[6.737868946168341,49.810036987045201],[6.73787104157671,49.809992050383386],[6.737801588246949,49.80999069407725],[6.737732134922458,49.809989337729512],[6.73773423045396,49.809944401071583],[6.737664777198941,49.80994304468441],[6.737595323949193,49.809941688255627],[6.737525870704716,49.809940331785263],[6.73745641746551,49.809938975273305],[6.737458513248545,49.809894038623533],[6.737389060078811,49.809892682072118],[6.737319606914348,49.809891325479121],[6.737321702820514,49.809846388833215],[6.737252249725523,49.809845032200762],[6.737182796635803,49.809843675526722],[6.737113343551355,49.809842318811079],[6.737043890472179,49.809840962053855],[6.737045986629876,49.809796025416105],[6.736976533620172,49.809794668619439],[6.736907080615742,49.809793311781156],[6.736837627616584,49.809791954901307],[6.73683972396161,49.809747018269576],[6.736770271031924,49.80974566135027],[6.73670081810751,49.809744304389362],[6.73663136518837,49.809742947386866],[6.736633461720723,49.80969801076116],[6.736564008871056,49.809696653719215],[6.736494556026662,49.809695296635674],[6.736425103187541,49.809693939510552],[6.736427199907221,49.809649002890865],[6.736357747137575,49.809647645726294],[6.7362882943732,49.809646288520128],[6.7362188416141,49.809644931272359],[6.736220938521106,49.80959999465869],[6.73615148583148,49.809598637371494],[6.736082033147127,49.809597280042681],[6.736012580468049,49.809595922672294],[6.736014677562381,49.80955098606465],[6.735945224952776,49.8095496286548],[6.735875772348445,49.809548271203369],[6.73580631974939,49.809546913710342],[6.735808417031045,49.809501977108717],[6.735738964501463,49.809500619576248],[6.735669511977156,49.809499262002184],[6.735600059458125,49.809497904386525],[6.735602156927104,49.809452967790925],[6.735532704477547,49.809451610135817],[6.735463252033266,49.809450252439127],[6.735393799594259,49.809448894700836],[6.735395897250559,49.809403958111261],[6.735465349625366,49.809405315847393]],[[6.738559290849281,49.810140421205624],[6.73862874442961,49.810141777060672],[6.738626649711652,49.810186713744812],[6.738557196067122,49.810185357887626],[6.738487742427859,49.810184001988844],[6.73848983727422,49.810139065308988],[6.738559290849281,49.810140421205624]],[[6.720804682249364,49.809252720471108],[6.72080679339753,49.809207784334475],[6.720876244789246,49.80920915080911],[6.720880466941267,49.809119278530275],[6.720811015677943,49.809117912059946],[6.720813126810185,49.809072975922064],[6.720882578009317,49.809074342390225],[6.720884689072061,49.809029406249756],[6.720815237937123,49.809028039783762],[6.720817349058751,49.808983103645055],[6.720886800129495,49.808984470108882],[6.720888911181622,49.808939533967589],[6.720958362193482,49.808940900387675],[6.720960473176108,49.808895964243803],[6.720962584153426,49.808851028099525],[6.720964695125438,49.808806091954828],[6.721034145950025,49.808807458326847],[6.721036256852536,49.808762522179563],[6.721038367749739,49.808717586031882],[6.72096891705354,49.808716219664177],[6.720899466362649,49.808714853254891],[6.720901577382932,49.808669917111096],[6.720971028009631,49.80867128351823],[6.721040478641638,49.808672649883768],[6.721042589528228,49.808627713735248],[6.721112040101352,49.808629080057031],[6.721181490679784,49.808630446337226],[6.72118360143268,49.808585510183981],[6.721185712180273,49.808540574030296],[6.721187822922557,49.808495637876206],[6.721257273313721,49.808497004108339],[6.721326723710193,49.808498370298878],[6.721324613096293,49.808543306457295],[6.721322502477086,49.808588242615293],[6.721320391852575,49.808633178772858],[6.721250941263525,49.808631812575847],[6.721248830569513,49.808676748730853],[6.721246719870195,49.808721684885448],[6.721177269158068,49.808720318642514],[6.72117515838925,49.808765254794523],[6.721173047615126,49.808810190946112],[6.721170936835694,49.808855127097296],[6.721168826050957,49.808900063248061],[6.721166715260913,49.808944999398406],[6.721097264233125,49.808943633103091],[6.721095153373581,49.808988569250864],[6.721093042508729,49.809033505398212],[6.721090931638569,49.809078441545161],[6.721088820763104,49.809123377691677],[6.721019369483849,49.809122011346133],[6.721017258538882,49.809166947490077],[6.721015147588607,49.809211883633623],[6.721013036633024,49.809256819776735],[6.720943585166495,49.809255453383123],[6.72094147414141,49.809300389523656],[6.720939363111018,49.809345325663784],[6.720937252075319,49.809390261803486],[6.720867800421512,49.809388895361799],[6.720865689316311,49.809433831498929],[6.720863578205801,49.809478767635646],[6.720794126428913,49.809477401148051],[6.720792015248899,49.809522337282196],[6.720789904063579,49.809567273415922],[6.72078779287295,49.809612209549229],[6.720718340908783,49.809610843013566],[6.72071622964865,49.809655779144286],[6.720714118383208,49.809700715274609],[6.72071200711246,49.809745651404505],[6.720642554961015,49.809744284820766],[6.72064044362076,49.809789220948083],[6.720570991410429,49.809787854320604],[6.720575214214022,49.809697982069856],[6.720577325607856,49.809653045943854],[6.720579436996381,49.809608109817447],[6.720509985048146,49.809606743157005],[6.720512096495559,49.809561807032345],[6.720514207937665,49.80951687090726],[6.720516319374462,49.809471934781754],[6.72058577113011,49.809473301435716],[6.720583659757508,49.809518237563381],[6.720653111582662,49.809519604177915],[6.720657334194163,49.809429731917845],[6.720659445491953,49.809384795787189],[6.720728897129829,49.809386162353654],[6.720731008358115,49.809341226220432],[6.720733119581093,49.809296290086785],[6.720802571095889,49.809297656607342],[6.720804682249364,49.809252720471108]],[[6.720568880000669,49.809832790445348],[6.720566768585601,49.809877726569681],[6.720497316252185,49.809876359896286],[6.72049942773145,49.809831423774106],[6.720568880000669,49.809832790445348]],[[6.720604550024273,49.810553135048927],[6.72053509672257,49.810551768384713],[6.720537208217265,49.81050683226664],[6.720606661454768,49.810508198928687],[6.720604550024273,49.810553135048927]],[[6.721227519120553,49.81061036929443],[6.721296972539555,49.810611735544867],[6.721294861740442,49.810656671685884],[6.72122540825724,49.810655305433286],[6.721155954779348,49.810653939139087],[6.72115806570686,49.810609003002391],[6.721227519120553,49.81061036929443]],[[6.721364315228953,49.810658037896893],[6.721362204488734,49.81070297403965],[6.721292750936022,49.810701607826488],[6.721294861740442,49.810656671685884],[6.721364315228953,49.810658037896893]],[[6.721919943328149,49.81066896608764],[6.721917833101532,49.81071390224767],[6.721848379506354,49.810712536367241],[6.721850489797172,49.810667600209371],[6.721919943328149,49.81066896608764]],[[6.720939149843996,49.810829584523646],[6.720937038697344,49.810874520651787],[6.720934927545385,49.810919456779502],[6.720865473703528,49.810918090305982],[6.72079601986698,49.810916723790861],[6.720798131147342,49.810871787667459],[6.720728677380305,49.810870421112909],[6.720659223618578,49.810869054516758],[6.720589769862164,49.810867687879025],[6.72059188132982,49.810822751761677],[6.720661335022033,49.810824118397257],[6.72066344642018,49.810779182277358],[6.72080235369214,49.810781915419419],[6.720871807336085,49.810783281928053],[6.720869696130541,49.810828218054446],[6.720939149843996,49.810829584523646]],[[6.721488447827731,49.810975323214933],[6.721486337178768,49.811020259359104],[6.721416883166032,49.811018893214005],[6.721418993879198,49.810973957071994],[6.721488447827731,49.810975323214933]],[[6.732895918946478,49.812323579538159],[6.732965375379206,49.812324938830216],[6.732963275255914,49.812369875321522],[6.732961175127341,49.812414811812417],[6.733030631693769,49.812416171067184],[6.733028531624123,49.812461107559805],[6.732959074993488,49.812459748302892],[6.732956974854356,49.812504684792948],[6.732887518164794,49.812503325492294],[6.732889618368135,49.812458389004391],[6.732820161748066,49.812457029664287],[6.732750705133278,49.812455670282596],[6.732752805459756,49.812410733798558],[6.732754905780955,49.812365797314108],[6.732685449299868,49.812364437895113],[6.732687549679993,49.812319501412404],[6.732618093268397,49.812318141953966],[6.732548636862083,49.812316782453919],[6.732550737365344,49.81227184597509],[6.732552837863324,49.812226909495834],[6.732554938356022,49.81218197301618],[6.732624394569712,49.812183332509768],[6.732693850788684,49.812184691961775],[6.732691750424401,49.812229628445721],[6.732761206712865,49.812230987858278],[6.732759106407507,49.812275924343979],[6.732828562765463,49.812277283717073],[6.732898019128699,49.812278643048579],[6.732895918946478,49.812323579538159]],[[6.732445570663276,49.8130344064827],[6.732443470006021,49.813079342952307],[6.732374012518714,49.813077983332548],[6.732304555036691,49.813076623671179],[6.732302454245732,49.813121560136096],[6.732232996704782,49.81312020043098],[6.732235097559952,49.813075263968216],[6.732165640088497,49.813073904223678],[6.732163539169118,49.813118840684282],[6.732161438244455,49.813163777144474],[6.732091980649863,49.813162417354015],[6.732089879655708,49.813207353811656],[6.732020422002189,49.813205993977455],[6.731950964353955,49.813204634101645],[6.731881506711007,49.813203274184261],[6.731879405518935,49.813248210635024],[6.73180994781706,49.813246850673885],[6.73174049012047,49.813245490671143],[6.731738388794692,49.813290427117181],[6.731668931039176,49.813289067070698],[6.731599473288948,49.813287706982621],[6.731530015544004,49.813286346852941],[6.731527914020307,49.813331283292122],[6.731458456216437,49.813329923118694],[6.731388998417854,49.813328562903671],[6.73138689676045,49.813373499338134],[6.731317438902942,49.813372139079355],[6.73124798105072,49.813370778778989],[6.731245879259609,49.813415715208755],[6.731176421348462,49.813414354864634],[6.731106963442602,49.813412994478917],[6.731037505542028,49.813411634051604],[6.730968047646742,49.813410273582683],[6.730898589756743,49.81340891307218],[6.730896487639288,49.81345384949077],[6.730827029690365,49.813452488936512],[6.730757571746731,49.813451128340652],[6.730759673992608,49.813406191926369],[6.730761776233201,49.813361255511651],[6.730622860618641,49.813358534203758],[6.730553402819293,49.813357173487418],[6.730551300386065,49.813402109895677],[6.730549197947551,49.813447046303502],[6.730479740025068,49.813445685541261],[6.730477637517056,49.813490621946521],[6.730547095503751,49.813491982710914],[6.730544993054664,49.813536919117922],[6.730475535003758,49.813535558351376],[6.730473432485173,49.813580494755819],[6.730403974375341,49.813579133945524],[6.730406076958139,49.813534197543227],[6.730336618917807,49.813532836693483],[6.730267160882766,49.813531475802151],[6.730197702853015,49.813530114869209],[6.730128244828552,49.813528753894673],[6.730126141988906,49.813573690288351],[6.730056683905521,49.813572329270073],[6.730058786809378,49.813527392878541],[6.729989328795495,49.813526031820807],[6.7299198707869,49.813524670721478],[6.729917767754618,49.813569607108711],[6.7298483096871,49.813568245965634],[6.729778851624874,49.813566884780947],[6.729709393567937,49.813565523554672],[6.729711496792855,49.813520587173912],[6.72964203880542,49.813519225908188],[6.729644142089263,49.81347428952914],[6.729574684171331,49.81347292822398],[6.729576787514096,49.813427991846687],[6.729578890851572,49.813383055468968],[6.729580994183761,49.81333811909083],[6.729650451909058,49.813339480389544],[6.729789367375524,49.813342202862167],[6.72979147050979,49.813297266477171],[6.729860928186747,49.813298627648933],[6.729863031251514,49.813253691261366],[6.72993248886955,49.813255052389387],[6.729934591864819,49.813210115999254],[6.730004049423933,49.813211477083527],[6.730073506988337,49.813212838126198],[6.730075609849896,49.813167901731333],[6.730145067355378,49.81316926273027],[6.730147170147441,49.813124326332847],[6.730216627594001,49.813125687288021],[6.730286085045852,49.813127048201594],[6.730288187704205,49.813082111799453],[6.730357645097133,49.813083472669291],[6.730427102495351,49.813084833497513],[6.730424999965418,49.813129769903966],[6.730494457433134,49.813131130692753],[6.730563914906139,49.813132491439937],[6.730561812499341,49.81317742785027],[6.730631270041846,49.813178788558012],[6.730633372384431,49.813133852145533],[6.730635474721732,49.813088915732635],[6.730704932141101,49.813090276394483],[6.730707034408907,49.81304533997902],[6.730776491769353,49.81304670059712],[6.730778593967662,49.813001764179091],[6.730780696160684,49.812956827760658],[6.7309196106406,49.812959548863454],[6.730917508575998,49.813004485286193],[6.730986965888097,49.813005845777347],[6.731056423205484,49.813007206226906],[6.731058525141664,49.812962269799868],[6.731127982400128,49.81296363020568],[6.731130084266815,49.812918693776062],[6.731132186128217,49.812873757346047],[6.731201643263547,49.812875117705964],[6.731203745055455,49.812830181273377],[6.731273202131861,49.812831541589539],[6.731275303854275,49.812786605154386],[6.731344760871758,49.812787965426807],[6.731414217894528,49.812789325657619],[6.731416319483239,49.812744389217748],[6.731485776447085,49.812745749404833],[6.731555233416218,49.812747109550308],[6.731557334871225,49.812702173105734],[6.731626791781435,49.812703533207454],[6.731628893166949,49.812658596760308],[6.731698350018234,49.812659956818301],[6.731767806874805,49.812661316834685],[6.73183726373666,49.812662676809474],[6.731906720603801,49.812664036742682],[6.731904619475125,49.812708973198433],[6.731974076411759,49.812710333092177],[6.731976177476227,49.812665396634273],[6.732045634353938,49.812666756484283],[6.732115091236934,49.812668116292691],[6.732184548125213,49.812669476059504],[6.732254005018777,49.812670835784722],[6.732251904211147,49.812715772251217],[6.732321361174204,49.812717131936985],[6.732323461917625,49.812672195468338],[6.732392918821757,49.812673555110351],[6.732395019495687,49.812628618639138],[6.732464476340893,49.812629978237425],[6.732466576945332,49.812585041763654],[6.732536033731613,49.812586401318171],[6.732533933191384,49.812631337794102],[6.732531832645873,49.812676274269613],[6.732601289565856,49.812677633786841],[6.732670746491124,49.81267899326248],[6.73266864606875,49.812723929741864],[6.732666545641096,49.812768866220843],[6.732664445208161,49.812813802699395],[6.732733902331339,49.812815162139884],[6.732731801957333,49.812860098620185],[6.732729701578046,49.812905035100044],[6.732799158834927,49.812906394503244],[6.73279705851457,49.812951330984845],[6.732794958188931,49.81299626746604],[6.732725500803628,49.812994908058563],[6.732723400408498,49.813039844537187],[6.732653942964268,49.813038485085954],[6.732584485525321,49.813037125593134],[6.732515028091656,49.813035766058718],[6.732445570663276,49.8130344064827]],[[6.74502684575412,49.816068600814603],[6.745024756522056,49.816113537650658],[6.745022667284739,49.816158474486308],[6.744953204787377,49.816157122344329],[6.744883742295272,49.816155770160748],[6.744885831661038,49.816110833329375],[6.74488792102155,49.816065896497584],[6.744957383385208,49.816067248676887],[6.74502684575412,49.816068600814603]],[[6.71891331213035,49.816951648593012],[6.718982774513269,49.816953016356592],[6.718980661097942,49.816997952375857],[6.718911198650799,49.816996584610116],[6.71891331213035,49.816951648593012]],[[6.720020485985638,49.817063399920997],[6.719951023394547,49.81706203277713],[6.71995313591607,49.817017096728016],[6.720022598442938,49.817018463869744],[6.720020485985638,49.817063399920997]],[[6.720089948582044,49.817064767023275],[6.720087836183654,49.817109703076277],[6.720018373523025,49.817108335971852],[6.720020485985638,49.817063399920997],[6.720089948582044,49.817064767023275]],[[6.719256397775924,49.817048359050283],[6.719186935243294,49.817046991448791],[6.719117472715981,49.817045623805697],[6.719119586008176,49.817000687782532],[6.719189048471267,49.817002055423465],[6.719258510939674,49.817003423022797],[6.719327973413397,49.817004790580533],[6.719536360866455,49.817008893004108],[6.719605823361437,49.817010260395435],[6.7196037105188,49.817055196433728],[6.719464785405704,49.817052461605165],[6.719325860313869,49.817049726610179],[6.719256397775924,49.817048359050283]],[[6.720504612259007,49.817117904829232],[6.7204351495665,49.817116537974407],[6.720437261643773,49.817071601910584],[6.720506724272058,49.817072968763249],[6.720576186905656,49.817074335574304],[6.720574074956828,49.81711927164244],[6.720504612259007,49.817117904829232]],[[6.717309001573305,49.818539241909612],[6.717378466151324,49.818540610666304],[6.717376351131662,49.818585546623005],[6.717306886489415,49.818584177864132],[6.717237421852489,49.81858280906367],[6.717239537000605,49.818537873111303],[6.717309001573305,49.818539241909612]],[[6.717445815779231,49.818586915340262],[6.717515280432117,49.818588284015917],[6.717584745090326,49.818589652649969],[6.717654209753853,49.818591021242419],[6.717652094985786,49.818635957207348],[6.71758263025803,49.818634588612738],[6.717513165535594,49.818633219976526],[6.717443700818478,49.818631851298711],[6.717374236106683,49.818630482579287],[6.717376351131662,49.818585546623005],[6.717445815779231,49.818586915340262]],[[6.717721559718861,49.818637325760356],[6.717791024457256,49.818638694271755],[6.717788909812327,49.818683630240614],[6.717719445009704,49.818682261727048],[6.717721559718861,49.818637325760356]]],[[[6.710434211794574,49.806574435028566],[6.710364764677943,49.806573062349408],[6.710362644060253,49.806617998179497],[6.71043209124107,49.806619370860837],[6.710434211794574,49.806574435028566]]],[[[6.710145819255533,49.806793623176148],[6.710147940087101,49.806748687354222],[6.710078492735067,49.806747314500029],[6.710076371839317,49.806792250319781],[6.710145819255533,49.806793623176148]]],[[[6.70965589386083,49.811281710720266],[6.70965801548246,49.811236774948711],[6.709588561732556,49.811235401711151],[6.709519107987987,49.81123402843199],[6.709516986237956,49.811278964199218],[6.709586440046726,49.81128033748054],[6.70965589386083,49.811281710720266]]],[[[6.708466688841412,49.811438102922679],[6.70846881157579,49.811393167189699],[6.708399357659826,49.811391793236375],[6.708397234861247,49.811436728967188],[6.70839511205733,49.811481664697595],[6.708464566101696,49.811483038655254],[6.708466688841412,49.811438102922679]]],[[[6.71012722235406,49.811605872729409],[6.710196676660258,49.811607245651587],[6.710198797805615,49.811562309865558],[6.710129343563619,49.811560936945554],[6.71012722235406,49.811605872729409]]],[[[6.712609447776237,49.80909118420275],[6.712611566499287,49.809046248321415],[6.712542115740569,49.809044876897552],[6.712472664987179,49.809043505432093],[6.712403214239118,49.809042133925047],[6.712401095323489,49.809087069799872],[6.712470546135743,49.809088441309072],[6.712539996953326,49.809089812776712],[6.712609447776237,49.80909118420275]]],[[[6.710327101167517,49.811789734528368],[6.710396555746527,49.81179110733445],[6.71039867672061,49.811746171543604],[6.710400797689359,49.811701235752331],[6.710331343238754,49.811699862950597],[6.710329222205801,49.811744798739703],[6.710327101167517,49.811789734528368]]],[[[6.732891718566197,49.812413452516061],[6.732889618368135,49.812458389004391],[6.732959074993488,49.812459748302892],[6.732961175127341,49.812414811812417],[6.732891718566197,49.812413452516061]]],[[[6.710524860612177,49.812018531791509],[6.710455405701484,49.812017159057774],[6.710453284759608,49.812062094848294],[6.710522739734505,49.812063467584196],[6.710524860612177,49.812018531791509]]],[[[6.713010684344116,49.8182745544566],[6.713008565299448,49.81831949027854],[6.713078029354611,49.818320861608171],[6.713080148335053,49.818275925784064],[6.713010684344116,49.8182745544566]]]]}}
]
}
