{
"type": "FeatureCollection",
"name": "Pegel_09_30m_AUTO",
"crs": { "type": "name", "properties": { "name": "urn:ogc:def:crs:EPSG::4258" } },
"features": [
{"type":"Feature","properties":{"fid":1,"DN":4},"geometry":{"type":"MultiPolygon","coordinates":[[[[6.569595839308155,49.702547521619046],[6.56959359664719,49.702592453704668],[6.569524304885597,49.702590998846929],[6.569522062155216,49.702635930929837],[6.569452770335467,49.702634476028379],[6.569450527535674,49.702679408108551],[6.569381235657768,49.702677953163381],[6.569311943785494,49.702676498176785],[6.5693097008525,49.702721430251941],[6.569240408922069,49.702719975221619],[6.569238165919662,49.70276490729406],[6.569168873931077,49.702763452220026],[6.569166630859255,49.702808384289725],[6.569097338812513,49.702806929171977],[6.569028046771404,49.702805474012798],[6.56902580356638,49.702850406077481],[6.568956511467116,49.702848950874582],[6.568954268192676,49.702893882936543],[6.568884976035256,49.702892427689925],[6.568882732691399,49.702937359749164],[6.568813440475825,49.702935904458826],[6.568744148265883,49.702934449127063],[6.568741904788824,49.702979381181279],[6.568672612520726,49.702977925805804],[6.56867036897425,49.703022857857292],[6.568601076647999,49.703021402438083],[6.568598833032106,49.703066334486849],[6.568596589410583,49.703111266535188],[6.568594345783429,49.703156198583116],[6.568663638301044,49.70315765400921],[6.568661394732048,49.703202586059],[6.568730687319082,49.703204041445971],[6.568728443808243,49.703248973497637],[6.568797736464697,49.7032504288455],[6.568795493012017,49.703295360899041],[6.568864785737889,49.703296816207754],[6.568862542343369,49.703341748263178],[6.568931835138662,49.703343203532775],[6.5689295918023,49.70338813559006],[6.568998884667013,49.703389590820542],[6.568996641388809,49.703434522879704],[6.569065934322944,49.703435978071049],[6.569063691102899,49.703480910132079],[6.569132984106452,49.703482365284309],[6.569130740944567,49.703527297347215],[6.569200034017541,49.703528752460322],[6.569197790913817,49.703573684525104],[6.569267084056212,49.703575139599074],[6.569264841010646,49.703620071665732],[6.569334134222461,49.70362152670058],[6.569331891235056,49.703666458769106],[6.569401184516292,49.703667913764825],[6.569398941587049,49.703712845835227],[6.569468234937704,49.703714300791837],[6.569465992066622,49.703759232864101],[6.569535285486698,49.703760687781582],[6.569533042673777,49.703805619855721],[6.569602336163273,49.703807074734065],[6.569600093408514,49.703852006810088],[6.569669386967432,49.703853461649302],[6.569667144270834,49.703898393727201],[6.569736437899172,49.703899848527293],[6.569734195260737,49.703944780607053],[6.569803488958494,49.703946235368022],[6.569801246378224,49.703991167449665],[6.569870540145402,49.703992622171498],[6.569868297623294,49.704037554254995],[6.569937591459892,49.70403900893772],[6.569935348995948,49.7040839410231],[6.570004642901966,49.704085395666695],[6.570002400496185,49.704130327753944],[6.570071694471626,49.704131782358402],[6.570069452124009,49.704176714447534],[6.570000158084778,49.704175259840774],[6.569930864051176,49.704173805192596],[6.569928621570349,49.704218737276697],[6.569859327478586,49.704217282584793],[6.569857084928339,49.704262214666173],[6.569787790778413,49.704260759930541],[6.569785548158749,49.7043056920092],[6.569716253950662,49.704304237229849],[6.569714011261577,49.704349169305786],[6.569711768566863,49.704394101381297],[6.569709525866523,49.704439033456396],[6.569778820265986,49.704440488242632],[6.569776577623809,49.7044854203196],[6.569845872092694,49.704486875066713],[6.569843629508683,49.704531807145543],[6.569841386919044,49.704576739223945],[6.569910681521145,49.704578193934232],[6.56990843898967,49.704623126014518],[6.569906196452569,49.704668058094363],[6.569975491187885,49.704669512767822],[6.569973248708949,49.704714444849557],[6.570042543513688,49.704715899483887],[6.570040301092917,49.704760831567491],[6.57003805866652,49.704805763650661],[6.570107353604476,49.704807218248163],[6.570105111236246,49.704852150333203],[6.570174406243625,49.704853604891575],[6.57017216393356,49.704898536978504],[6.570169921617867,49.704943469064986],[6.570239216758465,49.704944923586531],[6.570308511904691,49.704946378066644],[6.570306269710961,49.704991310157304],[6.570304027511603,49.705036242247552],[6.570373322791047,49.705037696690837],[6.570371080649859,49.705082628782939],[6.570440375998726,49.705084083187096],[6.570438133915705,49.705129015281081],[6.570507429333995,49.705130469646107],[6.570505187309143,49.705175401741975],[6.570574482796857,49.705176856067858],[6.570572240830175,49.705221788165588],[6.570641536387313,49.705223242452355],[6.570639294478798,49.705268174551954],[6.570637052564656,49.705313106651133],[6.570706348255014,49.70531456090108],[6.570704106399043,49.705359493002113],[6.570773402158823,49.705360947212924],[6.570771160361023,49.70540587931584],[6.570840456190227,49.705407333487521],[6.570838214450596,49.705452265592307],[6.570907510349225,49.705453719724851],[6.570905268667764,49.705498651831512],[6.570903026980679,49.705543583937747],[6.570972323012528,49.705545038033463],[6.570970081383613,49.705589970141574],[6.571039377484887,49.705591424198147],[6.571108673591787,49.705592878213324],[6.57110643208484,49.705637810325598],[6.571175728261165,49.705639264301624],[6.571245024443119,49.705640718236225],[6.57124278305814,49.705685650352663],[6.571312079309517,49.705687104248135],[6.57130983798271,49.705732036366449],[6.571379134303512,49.705733490222784],[6.571376893034878,49.705778422342981],[6.571446189425104,49.705779876160186],[6.571443948214642,49.705824808282252],[6.571513244674291,49.70582626206032],[6.571511003522005,49.70587119418424],[6.571580300051077,49.705872647923186],[6.571649596585776,49.705874101620708],[6.571718893126102,49.705875555276798],[6.571716652159584,49.705920487407198],[6.571785948769333,49.705921941024165],[6.571783707860989,49.70596687315642],[6.571853004540163,49.705968326734258],[6.571850763689994,49.706013258868381],[6.571920060438591,49.706014712407082],[6.571917819646597,49.706059644543096],[6.571987116464618,49.706061098042653],[6.571984875730799,49.706106030180543],[6.571982634991357,49.706150962317984],[6.572051931942601,49.706152415780714],[6.572049691261333,49.706197347920053],[6.572047450574443,49.706242280058945],[6.572045209881931,49.706287212197417],[6.572042969183793,49.70633214433547],[6.572112266395861,49.706333597765941],[6.5721100257559,49.706378529905876],[6.572107785110317,49.706423462045372],[6.572105544459112,49.706468394184434],[6.572036247055646,49.706466940747063],[6.572034006335016,49.706511872883425],[6.572031765608764,49.706556805019339],[6.57210106313983,49.706558258461307],[6.572098822471755,49.706603190599097],[6.572096581798057,49.706648122736475],[6.572094341118735,49.706693054873419],[6.57209210043379,49.706737987009937],[6.572022802647521,49.706736533558797],[6.572020561893154,49.706781465692607],[6.572018321133161,49.706826397825971],[6.571949023224916,49.706824944328815],[6.571946782395501,49.706869876459457],[6.571944541560459,49.706914808589708],[6.572013839596306,49.706916262091454],[6.57208313763778,49.706917715551782],[6.572152435684878,49.706919168970671],[6.57215019503562,49.706964101107367],[6.572080896924719,49.706962647686176],[6.572078656206036,49.70700757982015],[6.572076415481729,49.707052511953698],[6.572074174751798,49.70709744408682],[6.572071934016244,49.707142376219522],[6.572069693275067,49.707187308351784],[6.572138991704978,49.707188761784451],[6.572208290140514,49.7071902151757],[6.572206049521319,49.70723514731214],[6.57213675102198,49.707233693918603],[6.572067452528266,49.707232240483634],[6.571998154040179,49.707230787007234],[6.572000394850781,49.707185854877686],[6.571931096432122,49.707184401362156],[6.571928855557717,49.707229333489416],[6.57185955708088,49.707227879930151],[6.571861798019089,49.707182947805194],[6.571864038951672,49.707138015679817],[6.571866279878633,49.707093083554007],[6.571868520799971,49.70704815142777],[6.571799222583969,49.707046697836269],[6.571796981598831,49.707091629960196],[6.571727683324653,49.707090176324975],[6.571725442270089,49.707135108446202],[6.571656143937736,49.707133654767247],[6.571653902813744,49.707178586885746],[6.571584604423217,49.707177133163064],[6.571582363229798,49.707222065278835],[6.571580122030755,49.7072669973942],[6.571577880826089,49.70731192950911],[6.571575639615796,49.70735686162363],[6.571506340975684,49.707355407850336],[6.571437042341199,49.707353954035625],[6.571434800997676,49.707398886145114],[6.571365502305015,49.707397432286669],[6.571363260892065,49.70744236439343],[6.571432559648529,49.70744381825417],[6.57150185841062,49.707445272073478],[6.571499617119652,49.70749020418441],[6.571430318293758,49.707488750362799],[6.57142807693336,49.707533682471009],[6.571425835567338,49.707578614578786],[6.57149513452084,49.707580068404994],[6.57156443347997,49.70758152218977],[6.571633732444726,49.707582975933093],[6.571703031415109,49.707584429635013],[6.571700790298677,49.707629361751572],[6.571698549176622,49.70767429386769],[6.57176784828024,49.707675747532761],[6.571770089338491,49.70763081541434],[6.571908687434998,49.707633722615611],[6.571906446504355,49.707678654738622],[6.571837147389484,49.707677201156407],[6.571834906389413,49.70772213327669],[6.571904205568088,49.707723586861199],[6.571901964626197,49.707768518983357],[6.571971263874302,49.70776997252873],[6.572040563128034,49.707771426032672],[6.572109862387391,49.707772879495202],[6.572112103137869,49.707727947366145],[6.572181402339047,49.707729400784942],[6.572183643020097,49.707684468653177],[6.572252942163097,49.707685922028226],[6.572255182774719,49.707640989893747],[6.572324481859539,49.70764244322509],[6.572326722401734,49.707597511087883],[6.572328962938307,49.707552578950242],[6.572398261901144,49.707554032235571],[6.57240050236829,49.707509100095216],[6.57246980127295,49.70751055333681],[6.572472041670669,49.707465621193741],[6.57254134051715,49.707467074391609],[6.572543580845442,49.707422142245818],[6.572612879633743,49.707423595399966],[6.57261511989261,49.70737866325144],[6.572617360145856,49.707333731102501],[6.572686658812176,49.707335184210628],[6.572688898995996,49.707290252058982],[6.572758197604135,49.707291705123374],[6.57276043771853,49.707246772969],[6.572829736268492,49.707248225989673],[6.572899034824076,49.707249678968921],[6.572901274805244,49.707204746809538],[6.57297057330265,49.707206199745052],[6.572968333385285,49.70725113190673],[6.573037631952118,49.707252584803129],[6.573106930524574,49.707254037658089],[6.573104690729193,49.707298969823931],[6.573173989371075,49.707300422639769],[6.573171749633877,49.70734535480748],[6.573241048345185,49.707346807584166],[6.573310347062117,49.707348260319421],[6.573308107446905,49.707393192491317],[6.573305867826072,49.707438124662787],[6.573375166676232,49.7074395773612],[6.573444465532016,49.707441030018188],[6.573442226033171,49.707485962193807],[6.573511524958381,49.707487414811659],[6.573509285517718,49.707532346989154],[6.573578584512356,49.707533799567877],[6.573576345129879,49.707578731747248],[6.573645644193941,49.707580184286819],[6.573714943263626,49.70758163678498],[6.573712704003136,49.7076265689685],[6.573782003142247,49.707628021427517],[6.573779763939942,49.707672953612921],[6.573849063148478,49.707674406032808],[6.573846824004359,49.707719338220073],[6.573916123282324,49.707720790600817],[6.573985422565908,49.707722242940136],[6.573983183543779,49.707767175131558],[6.574052482896791,49.707768627431733],[6.574050243932848,49.707813559625038],[6.574119543355285,49.707815011886083],[6.574188842783344,49.707816464105697],[6.574186603941392,49.707861396303151],[6.574255903438877,49.707862848483636],[6.574253664655113,49.707907780682952],[6.574322964222024,49.707909232824292],[6.574320725496445,49.707954165025505],[6.574390025132782,49.707955617127709],[6.57445932477474,49.707957069188474],[6.574457086171155,49.708002001393844],[6.57452638588254,49.708003453415472],[6.574524147337143,49.708048385622689],[6.574593447117954,49.708049837605202],[6.574662746904384,49.708051289546269],[6.574660508480982,49.708096221757657],[6.574729808336839,49.708097673659594],[6.574727569971625,49.708142605872851],[6.574796869896907,49.708144057735637],[6.574866169827808,49.708145509557013],[6.57486393158459,49.708190441774427],[6.574933231584918,49.708191893556659],[6.575002531590866,49.708193345297445],[6.575000293469643,49.708238277519023],[6.575069593545016,49.708239729220686],[6.575067355481984,49.708284661444139],[6.575136655626784,49.708286113106659],[6.5752059557772,49.708287564727748],[6.575203717836167,49.70833249695535],[6.57527301805601,49.708333948537302],[6.575270780173167,49.708378880766773],[6.575340080462436,49.708380332309595],[6.575409380757324,49.708381783810978],[6.57540714299648,49.708426716044613],[6.575476443360793,49.70842816750686],[6.575545743730724,49.708429618927667],[6.575543506091879,49.708474551165459],[6.575612806531237,49.708476002547137],[6.575610568950583,49.708520934786804],[6.575679869459367,49.708522386129339],[6.575677631936906,49.708567318370875],[6.575746932515115,49.708568769674265],[6.575744695050846,49.70861370191767],[6.57581399569848,49.708615153181917],[6.575883296351733,49.708616604404739],[6.575881059009466,49.708661536652308],[6.575878821661584,49.708706468899443],[6.575948122448072,49.708707920085416],[6.575945885158383,49.708752852334435],[6.576015186014295,49.708754303481264],[6.576084486875824,49.708755754586662],[6.57615378774297,49.708757205650627],[6.576223088615732,49.708758656673169],[6.57629238949411,49.708760107654285],[6.576290152517853,49.708805039914324],[6.576359453465657,49.708806490856297],[6.576357216547595,49.708851423118205],[6.576426517564824,49.708852874021026],[6.576495818587669,49.708854324882438],[6.576565119616131,49.708855775702389],[6.576562882883882,49.708900707970749],[6.576632183981769,49.708902158751577],[6.576629947307716,49.708947091021805],[6.576699248475028,49.70894854176349],[6.576768549647956,49.708949992463737],[6.576766313095909,49.708994924738114],[6.576835614338262,49.708996375399224],[6.576904915586228,49.708997826018908],[6.576974216839811,49.708999276597154],[6.576971980473583,49.709044208877984],[6.577041281796589,49.709045659417086],[6.577110583125211,49.709047109914756],[6.577179884459446,49.709048560371009],[6.577177648279035,49.709093492658283],[6.577246949682697,49.709094943075378],[6.577244713560484,49.709139875364521],[6.577314015033568,49.709141325742486],[6.577311778969554,49.709186258033512],[6.577381080512064,49.709187708372319],[6.577450382060187,49.709189158669709],[6.577519683613926,49.709190608925653],[6.577517447735731,49.709235541223123],[6.577586749358893,49.70923699143993],[6.577656050987668,49.709238441615312],[6.577653815231486,49.709283373916918],[6.577723116929685,49.709284824053157],[6.5777924186335,49.709286274147956],[6.577790182999326,49.709331206453733],[6.577859484772564,49.709332656509396],[6.577928786551414,49.709334106523613],[6.577926551039253,49.709379038833546],[6.577995852887527,49.709380488808634],[6.578065154741414,49.70938193874229],[6.578062919351266,49.709426871056358],[6.578060683955508,49.709471803370029],[6.577991381973998,49.709470353431804],[6.577989146508819,49.709515285742746],[6.577986911038027,49.709560218053269],[6.577917608934507,49.709558768069023],[6.577848306836599,49.709557318043352],[6.577850542435013,49.709512385737405],[6.577781240406529,49.709510935672597],[6.577711938383658,49.709509485566336],[6.577714174104085,49.709464553264539],[6.57764487215064,49.709463103119141],[6.577575570202808,49.709461652932326],[6.577506268260589,49.709460202704058],[6.577508504166842,49.709415270408705],[6.577439202294048,49.7094138201413],[6.577441438258499,49.709368887847837],[6.57737213645513,49.709367437541296],[6.577302834657377,49.709365987193308],[6.577233532865237,49.709364536803911],[6.577235769015511,49.709319604516871],[6.577166467292797,49.709318154088322],[6.577097165575696,49.709316703618335],[6.5770949292978,49.709361635900784],[6.577092693014293,49.709406568182786],[6.577090456725172,49.709451500464397],[6.577021154822253,49.709450049946099],[6.57701891846371,49.709494982224989],[6.576949616502594,49.709493531662964],[6.576947380074626,49.709538463939126],[6.576945143641044,49.70958339621486],[6.57687584155792,49.709581945606836],[6.576873605054914,49.709626877879856],[6.576871368546294,49.709671810152457],[6.576802066341162,49.709670359498404],[6.576799829763116,49.709715291768291],[6.576797593179458,49.709760224037751],[6.576728290852317,49.709758773337683],[6.576726054199233,49.709803705604422],[6.576723817540536,49.709848637870742],[6.576654515091382,49.709847187124666],[6.57665227836326,49.709892119388257],[6.576650041629522,49.709937051651444],[6.57658073905836,49.709935600859346],[6.576578502255196,49.709980533119811],[6.576509199625836,49.709979082283986],[6.576506962753245,49.71002401454173],[6.576504725875041,49.710068946799055],[6.57643542312367,49.710067495917201],[6.576433186176037,49.710112428171819],[6.576430949222791,49.710157360425995],[6.576361646349409,49.710155909498141],[6.576359409326734,49.710200841749597],[6.57642871226393,49.710202292679746],[6.576426475299456,49.710247224933077],[6.576495778306082,49.710248675824083],[6.576493541399808,49.710293608079276],[6.576562844475866,49.710295058931138],[6.576560607627792,49.710339991188199],[6.57662991077328,49.710341442000924],[6.576699213924385,49.710342892772211],[6.576696977198326,49.710387825033429],[6.576766280418861,49.710389275765564],[6.576835583645011,49.710390726456282],[6.576833347040969,49.710435658721657],[6.57690265033655,49.710437109373224],[6.576900413790709,49.710482041640475],[6.576969717155722,49.710483492252891],[6.577039020526348,49.710484942823868],[6.577036784102524,49.710529875095283],[6.577106087542582,49.710531325627123],[6.577103851176961,49.710576257900399],[6.577173154686448,49.710577708393096],[6.577242458201551,49.710579158844368],[6.57724022195795,49.710624091121794],[6.577309525542481,49.710625541533908],[6.577378829132628,49.710626991904611],[6.577376593011046,49.710671924186194],[6.577445896670624,49.710673374517732],[6.577515200335815,49.710674824807853],[6.577517436329765,49.710629892521681],[6.577519672318105,49.710584960235089],[6.577588975861278,49.710586410479173],[6.57759121178019,49.710541478189867],[6.577660515265163,49.71054292839024],[6.577662751114647,49.710497996098212],[6.577732054541418,49.710499446254865],[6.577734290321475,49.710454513960116],[6.577736526095921,49.710409581664976],[6.577805829400676,49.710411031775593],[6.577808065105696,49.710366099477717],[6.577877368352248,49.710367549544621],[6.577879603987842,49.710322617244024],[6.577948907176191,49.710324067267209],[6.577951142742361,49.710279134963898],[6.577953378302919,49.710234202660168],[6.578022681369252,49.71023565263733],[6.578024916860386,49.710190720330885],[6.578094219868518,49.710192170264321],[6.578096455290225,49.710147237955169],[6.578098690706324,49.710102305645592],[6.57816799359244,49.710103755533005],[6.578170228939115,49.710058823220713],[6.578239531767028,49.710060273064414],[6.578241767044278,49.710015340749393],[6.578311069813991,49.710016790549375],[6.578313305021818,49.709971858231654],[6.578315540224034,49.709926925913493],[6.578384842871731,49.709928375667459],[6.578387078004526,49.709883443346598],[6.578389313131709,49.709838511025303],[6.578458615657391,49.709839960733248],[6.578460850715152,49.709795028409253],[6.578530153182634,49.709796478073486],[6.578599455655726,49.709797927696279],[6.578601690580252,49.709752995367275],[6.57860392549917,49.70970806303783],[6.578534623153703,49.709706613419613],[6.578536858130824,49.709661681092044],[6.578467555854782,49.70966023143469],[6.578469790890106,49.709615299108982],[6.578539093102336,49.709616748764056],[6.578608395320177,49.70961819837769],[6.57867769754363,49.709619647949893],[6.578675462699744,49.709664580282471],[6.578744764992619,49.70966602981553],[6.578814067291106,49.709667479307157],[6.578811832569237,49.709712411643878],[6.578881134937148,49.709713861096361],[6.578950437310668,49.709715310507413],[6.579019739689802,49.709716759877026],[6.579017505153761,49.709761692220205],[6.579086807602316,49.709763141550674],[6.579156110056481,49.709764590839711],[6.579153875642458,49.709809523187033],[6.579223178166046,49.709810972436934],[6.579220943810231,49.709855904786117],[6.579290246403242,49.709857353996867],[6.579359549001863,49.709858803166185],[6.579428851606093,49.709860252294057],[6.57942661743611,49.709905184649692],[6.57942438326052,49.709950117004894],[6.579493685997988,49.709951566095924],[6.579562988741064,49.709953015145516],[6.57963229148975,49.709954464153668],[6.579634525473898,49.70990953179161],[6.579703828164378,49.709910980756035],[6.579773130860469,49.709912429679044],[6.579842433562166,49.709913878560606],[6.579840199769458,49.70995881092955],[6.579909502540579,49.709960259771961],[6.579907268806078,49.710005192142766],[6.579976571646622,49.710006640946048],[6.580045874492773,49.710008089707891],[6.580043640880294,49.710053022082853],[6.580112943795867,49.710054470805552],[6.580110710241597,49.710099403182362],[6.580180013226593,49.710100851865924],[6.580249316217196,49.710102300508048],[6.580318619213407,49.710103749108725],[6.580387922215224,49.710105197667971],[6.580385688910606,49.710150130053528],[6.580454991981847,49.710151578573623],[6.580524295058693,49.7101530270523],[6.580593598141147,49.710154475489524],[6.580662901229207,49.710155923885331],[6.580660668174244,49.710200856279613],[6.580729971331726,49.710202304636262],[6.580727738334974,49.710247237032391],[6.580797041561878,49.710248685349896],[6.580866344794386,49.710250133625983],[6.58086411191966,49.710295066026269],[6.580933415221592,49.710296514263192],[6.58100271852913,49.710297962458689],[6.581072021842274,49.710299410612748],[6.581069789153389,49.710344343019472],[6.581139092535953,49.710345791134394],[6.58113685990528,49.710390723542972],[6.581206163357266,49.710392171618736],[6.581275466814856,49.710393619653068],[6.581273234306213,49.71043855206581],[6.581342537833224,49.710440000060984],[6.581411841365841,49.710441448014741],[6.581409608979226,49.710486380431632],[6.581478912581264,49.710487828346224],[6.581476680252861,49.710532760764977],[6.581545983924322,49.710534208640425],[6.581615287601385,49.710535656474448],[6.581613055395014,49.710580588897344],[6.581682359141498,49.710582036692216],[6.581751662893586,49.710583484445642],[6.581820966651279,49.710584932157644],[6.581818734630755,49.710629864586984],[6.581888038457867,49.710631312259835],[6.581957342290586,49.710632759891254],[6.581955110392093,49.710677692324737],[6.582024414294231,49.710679139917005],[6.582093718201974,49.710680587467841],[6.582163022115319,49.710682034977232],[6.582160790402675,49.710726967417159],[6.582230094385441,49.710728414887413],[6.582299398373809,49.710729862316214],[6.5822971667832,49.710774794760283],[6.582366470840987,49.710776242149947],[6.582364239308595,49.710821174595878],[6.582433543435804,49.710822621946399],[6.582431311961627,49.710867554394191],[6.582500616158257,49.710869001705554],[6.582569920360488,49.710870448975484],[6.582567689008346,49.710915381427426],[6.582636993279997,49.710916828658199],[6.582706297557253,49.710918275847561],[6.582704066327145,49.710963208303646],[6.582773370673819,49.710964655453836],[6.582771139501933,49.711009587911789],[6.582840443918026,49.711011035022835],[6.582838212804357,49.71105596748265],[6.582907517289872,49.711057414554546],[6.582976821780988,49.711058861584995],[6.582974590789355,49.711103794048952],[6.583043895349892,49.711105241040258],[6.583113199916029,49.711106687990146],[6.583110969046435,49.711151620458239],[6.583180273681993,49.711153067368969],[6.583249578323151,49.71115451423826],[6.583247347575596,49.711199446710509],[6.583316652286174,49.711200893540649],[6.583385957002353,49.711202340329358],[6.583383726376837,49.71124727280575],[6.583453031162436,49.711248719555293],[6.58345080059514,49.711293652033561],[6.583520105450159,49.71129509874396],[6.583589410310777,49.711296545412935],[6.583587179865523,49.711341477895324],[6.583656484795562,49.711342924525141],[6.5837257897312,49.711344371113512],[6.583795094672438,49.711345817660451],[6.583792864413044,49.711390750149285],[6.583862169423703,49.711392196657073],[6.58393147443996,49.711393643123436],[6.583929244302608,49.711438575616413],[6.583998549388284,49.711440022043611],[6.58406785447956,49.711441468429378],[6.584065624464252,49.711486400926496],[6.584134929624946,49.711487847273112],[6.584204234791241,49.711489293578289],[6.584202004897977,49.711534226079557],[6.584271310133689,49.711535672345583],[6.584340615375,49.711537118570185],[6.584338385603779,49.711582051075595],[6.584407690914509,49.711583497261032],[6.584476996230839,49.711584943405036],[6.584546301552765,49.711586389507602],[6.584544071967411,49.711631322019429],[6.584613377358756,49.711632768082843],[6.5846826827557,49.711634214104819],[6.584680453292391,49.711679146620796],[6.584749758758753,49.711680592603621],[6.584819064230714,49.711682038545007],[6.584816834889449,49.711726971065126],[6.584886140430828,49.711728416967375],[6.584955445977805,49.711729862828165],[6.584953216758588,49.711774795352433],[6.585022522374982,49.711776241174078],[6.585091827996974,49.711777686954278],[6.585089598899806,49.711822619482703],[6.585158904591215,49.711824065223752],[6.58522821028822,49.711825510923362],[6.585225981313101,49.711870443455936],[6.585295287079527,49.711871889116388],[6.585293058162635,49.711916821650803],[6.585362363998478,49.711918267272111],[6.585431669839917,49.711919712851987],[6.585500975686951,49.711921158390417],[6.58549874695593,49.711966090931263],[6.585568052872383,49.711967536430535],[6.585637358794432,49.711968981888383],[6.585635130185463,49.712013914433378],[6.58570443617693,49.712015359852053],[6.585773742173991,49.712016805229311],[6.585771513687074,49.712061737778427],[6.585840819753554,49.712063183116534],[6.585910125825629,49.712064628413181],[6.585907897460761,49.712109560966461],[6.585977203602255,49.712111006223957],[6.586046509749343,49.712112451440021],[6.586044281506529,49.712157383997443],[6.586113587723035,49.712158829174356],[6.586182893945134,49.712160274309831],[6.586180665824374,49.712205206871374],[6.58624997211589,49.712206651967698],[6.586319278413002,49.712208097022575],[6.586388584715708,49.712209542036028],[6.586386356780826,49.712254474604002],[6.586455663152949,49.71225591957829],[6.586453435276298,49.712300852148132],[6.586522741717838,49.712302297083255],[6.586592048164973,49.712303741976953],[6.586661354617699,49.712305186829212],[6.586659126926928,49.712350119405464],[6.586728433449072,49.712351564218572],[6.586797739976809,49.71235300899022],[6.58686704651014,49.712354453720451],[6.586864819005247,49.71239938630314],[6.586934125607995,49.712400830994198],[6.586931898161337,49.712445763578742],[6.587001204833501,49.712447208230657],[6.587070511511256,49.712448652841132],[6.587068284186658,49.712493585429812],[6.58713759093383,49.712495030001136],[6.587206897686597,49.712496474531008],[6.587204670484054,49.71254140712383],[6.587273977306236,49.71254285161455],[6.587271750161929,49.712587784209227],[6.587341057053528,49.712589228660796],[6.587410363950719,49.712590673070927],[6.587479670853502,49.71259211743962],[6.587548977761875,49.712593561766866],[6.587546750867277,49.712638494370239],[6.587616057845067,49.712639938658342],[6.587685364828448,49.712641382904998],[6.587683138055913,49.712686315512514],[6.587752445108709,49.712687759720012],[6.587821752167097,49.712689203886079],[6.587819525516621,49.712734136497716],[6.587888832644426,49.712735580624624],[6.587886606052187,49.712780513238137],[6.587955913249408,49.712781957325902],[6.588025220452218,49.712783401372199],[6.588094527660619,49.712784845377058],[6.588163834874612,49.712786289340499],[6.588161608532086,49.712831221962709],[6.588159382183973,49.712876154584499],[6.588090074842331,49.712874710616497],[6.588020767506277,49.712873266607076],[6.588018541024925,49.712918199223871],[6.587949233630638,49.712916755170724],[6.587879926241939,49.712915311076131],[6.587877699627347,49.712960243687945],[6.587808392180414,49.712958799549639],[6.587739084739073,49.712957355369888],[6.587669777303321,49.712955911148704],[6.587667550491663,49.713000843753235],[6.587598242997678,49.712999399488339],[6.587596016116602,49.713044332090178],[6.587526708564382,49.713042887781555],[6.587524481613891,49.713087820380693],[6.587593789229937,49.713089264691611],[6.587663096851576,49.713090708961076],[6.587732404478806,49.713092153189109],[6.587734631237817,49.713047220583114],[6.587803938806811,49.713048664767427],[6.587873246381396,49.713050108910295],[6.587942553961572,49.713051553011738],[6.588011861547338,49.713052997071728],[6.588014088045456,49.713008064456197],[6.588083395572987,49.713009508472474],[6.588152703106108,49.713010952447306],[6.588150476735643,49.713055885067391],[6.588081169138696,49.713054441090286],[6.588078942698816,49.713099373707671],[6.588072263345652,49.713234171557289],[6.588141571197907,49.713235615543525],[6.588139344799504,49.713280548161492],[6.588208652721176,49.71328199210857],[6.588277960648437,49.713283436014208],[6.588275734372099,49.713328368636326],[6.58834504236878,49.713329812502799],[6.588342816150682,49.713374745126778],[6.588412124216778,49.713376188954101],[6.588409898056922,49.71342112157992],[6.588407671891478,49.713466054205327],[6.588405445720445,49.713510986830286],[6.588403219543826,49.713555919454841],[6.588472527870826,49.713557363249841],[6.588541836203413,49.713558807003409],[6.58861114454159,49.713560250715538],[6.588608918550868,49.713605183346516],[6.588678226958464,49.713606627019466],[6.588676001025984,49.713651559652298],[6.588745309502996,49.713653003286105],[6.588814617985598,49.713654446878472],[6.588816843790421,49.713609514241085],[6.588886152214783,49.713610957789733],[6.588883926473788,49.713655890429408],[6.588953234967567,49.71365733393889],[6.588951009284816,49.713702266580405],[6.588948783596478,49.713747199221501],[6.589018092223504,49.713748642694107],[6.589015866593408,49.713793575337057],[6.589085175289852,49.713795018770504],[6.589154483991883,49.71379646216252],[6.58915225848386,49.713841394809606],[6.589221567255309,49.713842838162449],[6.589290876032346,49.713844281473854],[6.58936018481497,49.71384572474382],[6.589429493603181,49.713847167972339],[6.589427268344892,49.713892100628129],[6.58949657720252,49.713893543817498],[6.589565886065737,49.713894986965421],[6.589635194934541,49.713896430071905],[6.589632969862154,49.713941362734104],[6.589702278800375,49.71394280580143],[6.58970450380893,49.713897873136943],[6.589706728811902,49.713852940472037],[6.589637420001341,49.71385149740928],[6.589568111196368,49.713850054305063],[6.589570336321413,49.713805121644306],[6.589639645062557,49.713806564746235],[6.589708953809287,49.713808007806719],[6.589778262561605,49.713809450825771],[6.58984757131951,49.71381089380337],[6.589916880083001,49.713812336739529],[6.589986188852078,49.713813779634265],[6.59005549762674,49.71381522248754],[6.590053272948503,49.713860155164255],[6.59012258179258,49.713861597978372],[6.590120357172588,49.713906530656956],[6.590189666086082,49.713907973431922],[6.590258975005162,49.713909416165436],[6.590328283929828,49.713910858857517],[6.590326059495742,49.71395579154251],[6.590395368489824,49.713957234195419],[6.590393144113984,49.714002166882274],[6.59046245317748,49.714003609496025],[6.590531762246561,49.714005052068345],[6.590601071321228,49.714006494599218],[6.590670380401479,49.714007937088653],[6.590672604521997,49.713963004392689],[6.590741913544004,49.713964446838396],[6.590811222571592,49.713965889242679],[6.590808998578735,49.714010821943198],[6.590806774580296,49.714055754643283],[6.59087608374113,49.714057197010682],[6.590873859800938,49.714102129712614],[6.590804550576273,49.714100687342949],[6.59080232656667,49.714145620042196],[6.590871635855166,49.714147062414142],[6.590869411903811,49.714191995115243],[6.590938721261722,49.714193437448031],[6.591008030625217,49.714194879739374],[6.591005806795944,49.714239812444596],[6.591075116228854,49.71424125469678],[6.591072892457828,49.714286187403872],[6.591142201960154,49.714287629616891],[6.591211511468063,49.714289071788471],[6.591213735111426,49.714244139076818],[6.591283044561087,49.714245581204679],[6.591285268135037,49.71420064849034],[6.591287491703406,49.714155715775568],[6.591356801030988,49.714157157857429],[6.591359024529944,49.714112225139957],[6.591428333799279,49.71411366717809],[6.591430557228824,49.714068734457932],[6.59149986643991,49.71407017645236],[6.591502089800044,49.714025243729488],[6.591504313154598,49.713980311006189],[6.591573622243607,49.713981752954609],[6.591575845528749,49.713936820228618],[6.591578068808312,49.7138918875022],[6.591508759846965,49.713890445558327],[6.5914394508912,49.713889003573009],[6.591370141941018,49.713887561546251],[6.591372365406491,49.713842628826242],[6.591303056525721,49.713841186760334],[6.591305280049443,49.71379625404218],[6.591235971238087,49.713794811937099],[6.591166662432315,49.713793369790579],[6.591097353632125,49.713791927602621],[6.591099577341755,49.713746994890869],[6.591030268610977,49.713745552663745],[6.591032492378856,49.713700619953855],[6.590963183717492,49.713699177687573],[6.590965407543617,49.713654244979537],[6.591034716141152,49.713655687243538],[6.59110402474427,49.713657129466107],[6.591101801045803,49.713702062178704],[6.591171109718333,49.713703504362108],[6.591240418396447,49.713704946504073],[6.591238194820058,49.713749879220792],[6.591307503567584,49.713751321323599],[6.591376812320694,49.713752763384953],[6.591446121079386,49.713754205404875],[6.591443897688904,49.713799138128017],[6.59151320651701,49.713800580108774],[6.591582515350697,49.713802022048085],[6.591580292082295,49.713846954775356],[6.591649600985395,49.713848396675509],[6.591718909894077,49.713849838534223],[6.591788218808341,49.713851280351498],[6.59178599572585,49.713896213085171],[6.591855304709525,49.713897654863281],[6.591924613698782,49.71389909659996],[6.591922390738372,49.713944029337753],[6.591991699797041,49.713945471035267],[6.592061008861293,49.713946912691327],[6.592058786022962,49.71399184543327],[6.592128095156626,49.713993287050165],[6.592197404295871,49.713994728625629],[6.592266713440696,49.713996170159646],[6.592264490788279,49.714041102907991],[6.592333800002516,49.714042544402851],[6.592331577408351,49.714087477153051],[6.592400886692,49.714088918608752],[6.592470195981229,49.714090360022993],[6.592539505276039,49.714091801395803],[6.59253728286779,49.714136734152397],[6.592606592232011,49.714138175486049],[6.592675901601812,49.714139616778247],[6.592673679315646,49.714184549538992],[6.59274298875486,49.714185990792032],[6.592812298199651,49.714187432003627],[6.592881607650024,49.714188873173789],[6.592879385549775,49.714233805940935],[6.592948695069558,49.714235247071919],[6.592946473027562,49.714280179840905],[6.593015782616757,49.714281620932745],[6.593085092211531,49.714283061983124],[6.593154401811884,49.714284502992079],[6.593223711417814,49.714285943959581],[6.59322148962557,49.714330876737257],[6.593290799300912,49.714332317665608],[6.593288577566923,49.714377250445132],[6.593357887311676,49.714378691334296],[6.593427197062008,49.714380132182029],[6.593424975450106,49.714425064965688],[6.593494285269848,49.714426505774256],[6.593563595095169,49.714427946541377],[6.593561373605357,49.714472879329158],[6.593630683500086,49.714474320057128],[6.593699993400395,49.714475760743646],[6.593769303306281,49.714477201388711],[6.593767082002391,49.714522134182907],[6.593836391977688,49.714523574788821],[6.593905701958564,49.714525015353281],[6.593903480776763,49.714569948151592],[6.593972790827047,49.714571388676902],[6.594042100882909,49.714572829160751],[6.5940398798232,49.714617761963204],[6.594109189948471,49.714619202407896],[6.594178500079319,49.714620642811148],[6.594247810215744,49.714622083172962],[6.59424558934196,49.71466701598181],[6.594314899547794,49.714668456304452],[6.594384209759205,49.714669896585654],[6.594381989007515,49.714714829398616],[6.594451299288336,49.714716269640654],[6.594520609574732,49.714717709841246],[6.594589919866706,49.714719150000391],[6.594587699300941,49.714764082819762],[6.594657009662323,49.71476552293975],[6.594726320029282,49.714766963018292],[6.594724099585611,49.714811895841798],[6.594793410021977,49.714813335881168],[6.594862720463921,49.714814775879098],[6.594860500142345,49.714859708706712],[6.594929810653698,49.714861148665477],[6.594999121170624,49.714862588582804],[6.594996900971145,49.714907521414553],[6.595066211557481,49.7149089612927],[6.59513552214939,49.714910401129416],[6.595133302072008,49.714955333965285],[6.595202612733327,49.714956773762836],[6.595271923400221,49.714958213518933],[6.595341234072689,49.714959653233592],[6.595339014181238,49.715004586075857],[6.595336794284214,49.715049518917709],[6.595406105089926,49.715050958595469],[6.595475415901211,49.715052398231791],[6.595473196126287,49.715097331077772],[6.595542507006981,49.715098770674921],[6.595611817893249,49.715100210230631],[6.595614037540503,49.71505527738011],[6.59568334836851,49.715056716892114],[6.59575265920209,49.715058156362659],[6.595750439682506,49.715103089217727],[6.595819750585494,49.7151045286491],[6.595889061494055,49.715105968039047],[6.59588684209657,49.715150900898237],[6.59595615307454,49.715152340249006],[6.596025464058083,49.715153779558328],[6.596023244782697,49.715198712421653],[6.596092555835647,49.715200151691803],[6.59616186689417,49.715201590920522],[6.596159647740885,49.715246523787975],[6.596228958868817,49.715247962977514],[6.596298270002318,49.715249402125622],[6.596367581141394,49.715250841232283],[6.596436892286039,49.715252280297499],[6.59643467338253,49.715297213173599],[6.596503984596582,49.715298652199643],[6.596573295816208,49.715300091184247],[6.596571077034802,49.715345024064483],[6.596640388323834,49.715346463009915],[6.596638169600694,49.715391395891999],[6.596568858247824,49.715389956944293],[6.596499546900527,49.715388517955134],[6.596497328044146,49.715433450832236],[6.596428016638582,49.715432011799379],[6.596425797712795,49.715476944673796],[6.596423578781438,49.715521877547779],[6.596354267253774,49.715520438468928],[6.596356486248968,49.715475505597212],[6.596358705238592,49.715430572725062],[6.596289393844173,49.715429133609312],[6.596220082455327,49.715427694452117],[6.596222301567053,49.715382761584102],[6.596224520673212,49.715337828715668],[6.596226739773799,49.715292895846787],[6.596157428582032,49.715291456654981],[6.596088117395839,49.715290017421722],[6.596018806215216,49.715288578147018],[6.596016586923121,49.715333511009057],[6.595947275684236,49.715332071690632],[6.595949495040168,49.71528713883086],[6.59588018387069,49.71528569947327],[6.595810872706787,49.715284260074242],[6.595741561548457,49.71528282063376],[6.5956722503957,49.71528138115184],[6.595670030784425,49.715326314002517],[6.595739342001018,49.715327753486719],[6.595737122448007,49.715372686339244],[6.595667811167579,49.715371246852769],[6.595598499892724,49.715369807324862],[6.59559628020647,49.715414740172413],[6.595526968873351,49.715413300600794],[6.595524749117689,49.715458233445645],[6.595522529356456,49.715503166290084],[6.595591840817248,49.715504605866258],[6.595589621114279,49.715549538712551],[6.59565893264448,49.715550978249553],[6.595656712999777,49.715595911097694],[6.59572602459939,49.715597350595523],[6.595795336204574,49.715598790051921],[6.595864647815333,49.715600229466858],[6.595862428356571,49.715645162321394],[6.595931740036739,49.715646601697181],[6.596001051722481,49.715648041031507],[6.596070363413794,49.715649480324409],[6.596139675110681,49.71565091957585],[6.596137455901697,49.715695852439062],[6.596206767667993,49.715697291651338],[6.596204548517276,49.71574222451639],[6.596273860352982,49.715743663689508],[6.596343172194261,49.71574510282116],[6.596340953165649,49.71579003569034],[6.596410265076337,49.715791474782833],[6.596408046105991,49.715836407653867],[6.596477358086089,49.715837846707188],[6.596475139174014,49.71588277958007],[6.596544451223521,49.715884218594219],[6.5966137632786,49.715885657566929],[6.596683075339251,49.715887096498193],[6.596680856613121,49.715932029377463],[6.59675016874318,49.715933468269554],[6.596819480878811,49.715934907120207],[6.596817262274789,49.715979840003605],[6.59688657447983,49.715981278815072],[6.596955886690441,49.715982717585113],[6.597025198906623,49.715984156313709],[6.597022980488548,49.716029089203488],[6.597092292774138,49.716030527892912],[6.5971616050653,49.716031966540889],[6.597230917362031,49.716033405147421],[6.597228699129904,49.716078338043602],[6.597298011496044,49.716079776610954],[6.597367323867755,49.716081215136875],[6.597436636245035,49.716082653621335],[6.597575261016304,49.716085530465953],[6.597573043097803,49.716130463373077],[6.597642355555631,49.71613190173548],[6.597711668019027,49.716133340056444],[6.59770945022264,49.716178272967689],[6.597778762755443,49.716179711249481],[6.597917387837759,49.716182587688735],[6.597986700387269,49.716184025846196],[6.598056012942348,49.716185463962212],[6.598053795459592,49.716230396884377],[6.598051577971269,49.71627532980613],[6.598120890659596,49.716276767885248],[6.598190203353489,49.716278205922919],[6.598259516052952,49.716279643919137],[6.598257298750583,49.716324576847292],[6.598326611519453,49.716326014804331],[6.59839592429389,49.716327452719945],[6.598393707113636,49.716372385652193],[6.598463019957482,49.716373823528635],[6.598532332806894,49.716375261363616],[6.598530115748754,49.716420194300014],[6.598599428667574,49.71642163209583],[6.59866874159196,49.716423069850201],[6.598666524655937,49.716468002790705],[6.598735837649731,49.716469440505897],[6.598733620771986,49.716514373448241],[6.598802933835186,49.716515811124253],[6.598872246903954,49.716517248758841],[6.598870030148325,49.716562181705314],[6.598939343286499,49.716563619300707],[6.599008656430241,49.716565056854662],[6.59900643979673,49.716609989805256],[6.599075753009878,49.716611427320032],[6.599073536434646,49.716656360272459],[6.599142849717203,49.71665779774807],[6.599212163005324,49.716659235182227],[6.59928147629901,49.716660672574953],[6.599350789598263,49.716662109926226],[6.599348573272832,49.716707042887322],[6.59941788664149,49.716708480199415],[6.599487200015715,49.71670991747007],[6.599556513395504,49.716711354699278],[6.59955872952941,49.716666421731368],[6.599560945657754,49.716621488763053],[6.599491632405647,49.716620051538378],[6.599493848592271,49.716575118571896],[6.599496064773332,49.716530185604995],[6.599498280948828,49.716485252637682],[6.599500497118762,49.716440319669928],[6.599431184127585,49.716438882412902],[6.599361871141973,49.716437445114423],[6.599292558161925,49.716436007774504],[6.599223245187444,49.71643457039314],[6.599221028762146,49.716479503351806],[6.599218812331285,49.716524436310053],[6.599149499234687,49.716522998882702],[6.59915171572939,49.716478065926722],[6.599082402702198,49.7164766284602],[6.599013089680572,49.716475190952231],[6.599015306297391,49.716430258000372],[6.598945993345172,49.716428820453231],[6.598943776664512,49.716473753402809],[6.598874463654019,49.716472315811949],[6.598876680398519,49.716427382864637],[6.598878897137456,49.716382449916885],[6.598948210020269,49.716383887503213],[6.598950426689801,49.716338954552789],[6.598952643353769,49.716294021601925],[6.599021956114466,49.716295459142266],[6.599024172709032,49.716250526188716],[6.599093485411457,49.71625196368533],[6.599162798119447,49.716253401140506],[6.599232110833002,49.716254838554228],[6.599301423552123,49.716256275926519],[6.599303639885764,49.716211342963462],[6.599372952546609,49.716212780292047],[6.599370736276809,49.716257713257356],[6.599440049007059,49.716259150546755],[6.599509361742876,49.7162605877947],[6.599578674484256,49.716262025001207],[6.599576458400412,49.716306957972918],[6.599645771211198,49.716308395140253],[6.599643555185632,49.716353328113804],[6.599712868065822,49.716354765241967],[6.599782180951578,49.716356202328676],[6.599851493842896,49.716357639373946],[6.59984927800329,49.716402572353886],[6.599918590964013,49.71640400935997],[6.5999879039303,49.716405446324622],[6.600057216902152,49.716406883247814],[6.600055001248505,49.716451816234155],[6.60012431428976,49.716453253118189],[6.600122098694393,49.716498186106357],[6.600052785589297,49.71649674922007],[6.600050569924528,49.716541682205545],[6.600048354254196,49.716586615190614],[6.600046138578304,49.716631548175243],[6.600115451874924,49.716632985068351],[6.600184765177108,49.716634421920013],[6.600254078484856,49.716635858730221],[6.600251862994928,49.716680791721245],[6.60032117637208,49.716682228492282],[6.600390489754794,49.716683665221879],[6.600459803143072,49.716685101910031],[6.600529116536912,49.716686538556729],[6.600598429936315,49.716687975161989],[6.600596214760034,49.716732908163948],[6.60066552822884,49.716734344730014],[6.600734841703211,49.716735781254656],[6.600732626649053,49.716780714260722],[6.600801940192827,49.71678215074617],[6.600799725196952,49.716827083754083],[6.600730411589337,49.716825647266354],[6.600661097987283,49.71682421073718],[6.600591784390792,49.716822774166559],[6.600593999578193,49.71677784116546],[6.600524686051107,49.716776404555674],[6.600455372529581,49.716774967904442],[6.60038605901362,49.716773531211743],[6.600178118499112,49.716769220885006],[6.600180334064005,49.716724287897108],[6.600111020634139,49.716722851040899],[6.600108805005403,49.716767784026544],[6.600106589371109,49.716812717011749],[6.60010437373125,49.716857649996555],[6.600173687352644,49.716859086859557],[6.600243000979601,49.716860523681113],[6.600312314612121,49.716861960461237],[6.600381628250204,49.716863397199894],[6.60045094189385,49.716864833897127],[6.600448726567643,49.716909766892826],[6.600518040280696,49.716911203550879],[6.600587353999308,49.716912640167493],[6.600725981453223,49.716915513276362],[6.600723766376826,49.716960446280737],[6.60072155129487,49.717005379284679],[6.600790865157856,49.717006815781488],[6.600860179026404,49.717008252236838],[6.600862393980676,49.716963319228348],[6.600931707790943,49.716964755639992],[6.600929492900515,49.717009688650748],[6.600998806780188,49.717011125023213],[6.601068120665421,49.717012561354231],[6.601137434556215,49.717013997643804],[6.601135219851757,49.717058930660947],[6.601204533811956,49.717060366911348],[6.601273847777717,49.717061803120302],[6.601271633195386,49.717106736141552],[6.601340947230552,49.71710817231132],[6.601410261271278,49.71710960843965],[6.601479575317564,49.717111044526526],[6.601477360921205,49.717155977554164],[6.601546675036896,49.717157413601875],[6.601615989158146,49.717158849608126],[6.601685303284957,49.71716028557293],[6.601754617417328,49.717161721496304],[6.601756831558313,49.717116788459599],[6.60175904569374,49.717071855422475],[6.601689731689056,49.717070419503642],[6.601620417689932,49.717068983543363],[6.601622631947489,49.717024050510346],[6.60176125982361,49.717026922384903],[6.601830573770011,49.717028358260023],[6.601832787830479,49.71698342521978],[6.601835001885391,49.716938492179104],[6.601904315709666,49.716939928008244],[6.601973629539499,49.716941363795925],[6.601971415612272,49.716986296841142],[6.602040729511509,49.716987732589637],[6.602110043416304,49.716989168296706],[6.602107829611207,49.71703410134603],[6.602177143585404,49.717035537013906],[6.602246457565161,49.717036972640351],[6.602244243882195,49.717081905693767],[6.602313557931351,49.71708334128104],[6.60238287198607,49.717084776826852],[6.602452186046345,49.717086212331218],[6.602449972549353,49.717131145391022],[6.60251928667903,49.717132580856209],[6.602588600814265,49.717134016279957],[6.602657914955058,49.717135451662251],[6.602655701644041,49.717180384728444],[6.602725015854236,49.717181820071559],[6.602722802601508,49.717226753139585],[6.602792116881103,49.717228188443528],[6.602861431166257,49.717229623706011],[6.602930745456969,49.717231058927062],[6.602928532390218,49.717275992001468],[6.602997846750329,49.717277427183333],[6.603067161115999,49.717278862323759],[6.603064948171382,49.717323795402272],[6.603134262606453,49.717325230503512],[6.603203577047079,49.717326665563306],[6.603272891493264,49.717328100581653],[6.603270678734625,49.717373033666561],[6.603339993250211,49.717374468645723],[6.603409307771352,49.717375903583445],[6.60347862229805,49.717377338479714],[6.603476409725392,49.717422271570989],[6.60354572432149,49.717423706428086],[6.603615038923145,49.71742514124373],[6.603612826472623,49.717470074339118],[6.603682141143678,49.717471509115576],[6.603751455820288,49.717472943850602],[6.603820770502454,49.717474378544168],[6.603818558237914,49.71751931164593],[6.603887872989482,49.717520746300316],[6.603957187746602,49.717522180913271],[6.6039549756042,49.71756711401914],[6.604024290430721,49.717568548592901],[6.604093605262798,49.717569983125216],[6.604162920100428,49.717571417616085],[6.604160708144011,49.717616350728335],[6.604230023051041,49.717617785180018],[6.604227811152919,49.717662718294108],[6.604297126129349,49.717664152706618],[6.604366441111335,49.717665587077676],[6.604435756098874,49.717667021407294],[6.604433544386735,49.717711954527751],[6.604502859443675,49.71771338881819],[6.604572174506168,49.717714823067176],[6.60456996291617,49.717759756191747],[6.604639278048063,49.717761190401554],[6.60470859318551,49.7177626245699],[6.604706381717654,49.717807557698571],[6.6047756969245,49.717808991827745],[6.604845012136898,49.717810425915474],[6.60491432735485,49.717811859961749],[6.604912116072983,49.717856793096807],[6.604981431360334,49.717858227103903],[6.605050746653237,49.717859661069554],[6.605048535493514,49.717904594208704],[6.605117850855818,49.717906028135168],[6.605187166223672,49.717907462020193],[6.605256481597079,49.717908895863758],[6.605254270623347,49.717953829009282],[6.605323586066153,49.717955262813675],[6.605392901514512,49.717956696576607],[6.605390690662924,49.718001629726245],[6.60546000618068,49.71800306345002],[6.605529321703989,49.71800449713232],[6.605527110974547,49.718049430286065],[6.605596426567256,49.718050863929193],[6.605665742165515,49.718052297530875],[6.605735057769325,49.718053731091111],[6.605732847225876,49.718098664251215],[6.605802162899084,49.718100097772258],[6.605799952413935,49.718145030934217],[6.605869268156543,49.71814646441608],[6.605867057729692,49.718191397579886],[6.605936373541698,49.718192831022563],[6.606005689359254,49.718194264423801],[6.606003479054552,49.718239197591693],[6.606072794941507,49.718240630953744],[6.606142110834012,49.718242064274335],[6.606211426732068,49.718243497553495],[6.606209216613362,49.718288430727767],[6.606278532580816,49.71828986396774],[6.606347848553819,49.718291297166253],[6.60641716453237,49.718292730323334],[6.606486480516473,49.718294163438955],[6.606555796506124,49.718295596513123],[6.606553586701115,49.718340529698295],[6.606622902760165,49.718341962733284],[6.606692218824763,49.718343395726826],[6.606690009141906,49.718388328916092],[6.606759325275902,49.718389761870455],[6.606828641415446,49.718391194783372],[6.606826431854739,49.71843612797673],[6.606757115651345,49.718434695061575],[6.606687799453501,49.718433262104945],[6.606618483261204,49.718431829106876],[6.606549167074457,49.718430396067362],[6.606479850893259,49.718428962986394],[6.60641053471761,49.718427529863973],[6.606408324768262,49.718472463043341],[6.606339008534314,49.718471029877207],[6.606336798515569,49.71851596305391],[6.606267482223322,49.718514529844064],[6.606265272135179,49.718559463018074],[6.606195955784632,49.718558029764516],[6.606193745627093,49.718602962935826],[6.606124429218246,49.718601529638562],[6.60612221899131,49.718646462807179],[6.606120008758826,49.718691395975391],[6.606117798520794,49.718736329143169],[6.606048481925948,49.718734895797652],[6.606046271618517,49.718779828962752],[6.606044061305539,49.718824762127419],[6.606041850987011,49.718869695291666],[6.606039640662938,49.718914628455487],[6.606037430333314,49.718959561618888],[6.606106747247413,49.718960994975724],[6.606176064167061,49.718962428291093],[6.606173853959593,49.719007361458587],[6.606243170948643,49.719008794734791],[6.606240960799476,49.719053727904132],[6.606310277857928,49.719055161141142],[6.606379594921928,49.719056594336692],[6.606377384894918,49.719101527510155],[6.60644670202832,49.719102960666518],[6.606516019167272,49.719104393781436],[6.606585336311773,49.719105826854914],[6.60658312647077,49.719150760034736],[6.606652443684673,49.719152193069021],[6.606721760904124,49.719153626061868],[6.606719551185276,49.71919855924579],[6.606788868474128,49.719199992199442],[6.606858185768529,49.719201425111635],[6.606855976171839,49.719246358299671],[6.60692529353564,49.719247791172684],[6.60699461090499,49.719249224004251],[6.607063928279889,49.719250656794365],[6.607061718869208,49.719295589988761],[6.607131036313508,49.719297022739688],[6.607200353763354,49.719298455449163],[6.607198144474832,49.719343388647665],[6.607267461994081,49.719344821317954],[6.607336779518875,49.719346253946796],[6.607475414585108,49.719349119080135],[6.607544732126545,49.719350551584633],[6.607546941095805,49.719305618374818],[6.607616258578936,49.719307050835596],[6.607618467478798,49.719262117623103],[6.607687784903626,49.719263550040168],[6.607689993734091,49.719218616824982],[6.607692202559012,49.71917368360937],[6.607761519861682,49.719175115980462],[6.607763728617206,49.719130182762164],[6.607765937367188,49.719085249543461],[6.607835254547699,49.719086681868568],[6.607837463228284,49.719041748647172],[6.607839671903323,49.718996815425356],[6.60784188057282,49.7189518822031],[6.607844089236772,49.71890694898044],[6.60784629789518,49.718862015757345],[6.607848506548045,49.718817082533825],[6.60777918975064,49.718815650222275],[6.60778139846181,49.718770717000609],[6.607850715195364,49.718772149309892],[6.607920031934466,49.718773581577722],[6.607917823350996,49.718818514803928],[6.607987140159493,49.718819947032564],[6.608056456973536,49.718821379219769],[6.608054248512224,49.718866312450068],[6.608123565395664,49.718867744598079],[6.608192882284649,49.718869176704644],[6.608190673945495,49.718914109939043],[6.608259990903878,49.718915542006414],[6.608329307867805,49.718916974032332],[6.60832709965081,49.718961907270852],[6.608396416684135,49.718963339257584],[6.608394208525449,49.719008272497931],[6.608463525628169,49.719009704445469],[6.608532842736435,49.719011136351575],[6.60853063469991,49.719056069596007],[6.60859995187757,49.71905750146292],[6.608669269060777,49.719058933288387],[6.608667061146412,49.719103866536933],[6.608736378399016,49.7191052983232],[6.60873417054296,49.719150231573586],[6.608803487864959,49.71915166332068],[6.608872805192502,49.719153095026321],[6.608870597458609,49.7191980282808],[6.608939914855549,49.719199459947248],[6.608937707179967,49.719244393203581],[6.609007024646302,49.719245824830836],[6.609076342118181,49.719247256416651],[6.609074134564762,49.71929218967707],[6.609143452106037,49.719293621223692],[6.609212769652856,49.71929505272886],[6.609210562221603,49.719339985993379],[6.609279879837816,49.719341417459368],[6.609277672464874,49.719386350725728],[6.609346990150484,49.719387782152523],[6.609416307841638,49.719389213537866],[6.609414100590859,49.719434146808325],[6.609483418351409,49.719435578154481],[6.609552736117501,49.719437009459192],[6.609550528988891,49.719481942733751],[6.609619846824378,49.719483373999275],[6.609617639754081,49.719528307275667],[6.609686957658963,49.71952973850199],[6.60968475064698,49.719574671780236],[6.609754068621259,49.719576102967359],[6.60975186166759,49.719621036247432],[6.609821179711265,49.719622467395382],[6.609890497760482,49.719623898501879],[6.60988829092898,49.719668831786052],[6.609957609047593,49.719670262853349],[6.609955402274406,49.719715196139369],[6.610024720462414,49.7197166271675],[6.610094038655965,49.719718058154164],[6.610091832004947,49.71976299144427],[6.610161150267894,49.719764422391734],[6.610158943675191,49.719809355683687],[6.610228262007532,49.719810786591971],[6.610297580345415,49.719812217458802],[6.610295373874884,49.719857150754848],[6.610364692282163,49.7198585815825],[6.610362485869947,49.719903514880372],[6.610431804346621,49.719904945668823],[6.610429597992723,49.719949878968549],[6.610498916538793,49.719951309717814],[6.610568235090403,49.719952740425619],[6.610566028858677,49.719997673729438],[6.610635347479683,49.719999104398056],[6.610633141306274,49.720044037703708],[6.610702459996675,49.72004546833314],[6.610771778692618,49.720046898921112],[6.610769572641381,49.720091832230871],[6.610838891406718,49.720093262779656],[6.610836685413801,49.720138196091241],[6.610906004248536,49.72013962660084],[6.610903798313937,49.720184559914266],[6.610973117218065,49.720185990384664],[6.611042436127733,49.720187420813609],[6.61104023031531,49.720232354131149],[6.611109549294373,49.7202337845209],[6.611107343540269,49.720278717840259],[6.611176662588728,49.720280148190824],[6.611174456892944,49.720325081512016],[6.611243776010799,49.720326511823401],[6.611313095134192,49.720327942093327],[6.611310889560584,49.720372875418619],[6.611380208753373,49.720374305649351],[6.611378003238086,49.720419238976476],[6.611447322500271,49.720420669168007],[6.611445117043305,49.720465602496979],[6.611514436374885,49.720467032649331],[6.611583755712003,49.720468462760216],[6.611581550377215,49.720513396093281],[6.61165086978373,49.720514826164987],[6.611648664507264,49.720559759499885],[6.611717983983174,49.720561189532383],[6.61171577876503,49.720606122869121],[6.611785098310334,49.72060755286244],[6.611854417861177,49.720608982814298],[6.611852212765213,49.720653916155129],[6.611921532385451,49.720655346067801],[6.611990852011227,49.720656775939005],[6.611988647037444,49.720701709283944],[6.611986442058127,49.720746642628441],[6.612055761817156,49.720748072462719],[6.612125081581723,49.720749502255558],[6.612122876724587,49.720794435604148],[6.612192196558548,49.720795865357779],[6.612189991759736,49.720840798708224],[6.612259311663093,49.720842228422647],[6.612257106922605,49.720887161774925],[6.612326426895358,49.720888591450176],[6.612324222213195,49.720933524804273],[6.612393542255342,49.720934954440345],[6.612391337631504,49.720979887796275],[6.612460657743047,49.720981317393139],[6.612458453177535,49.721026250750917],[6.612527773358473,49.72102768030858],[6.612525568851286,49.721072613668184],[6.612594889101621,49.721074043186661],[6.612664209357492,49.721075472663678],[6.61266200497249,49.721120406027381],[6.612731325297756,49.721121835465198],[6.61272912097108,49.721166768830741],[6.612798441365742,49.721168198229371],[6.612796237097394,49.721213131596748],[6.612865557561451,49.721214560956177],[6.612863353351429,49.721259494325402],[6.612932673884882,49.721260923645637],[6.61300199442387,49.721262352924413],[6.612999790336036,49.72130728629773],[6.612997586242669,49.721352219670607],[6.613066906914915,49.721353648912448],[6.613064702879876,49.721398582287165],[6.613134023621517,49.721400011489813],[6.613131819644805,49.72144494486637],[6.613201140455841,49.721446374029831],[6.61319893653746,49.721491307408208],[6.613268257417891,49.721492736532468],[6.613266053557838,49.721537669912699],[6.613335374507664,49.721539098997752],[6.613333170705941,49.721584032379823],[6.613402491725164,49.72158546142569],[6.61340028798177,49.721630394809573],[6.613469609070389,49.721631823816246],[6.613467405385325,49.721676757201976],[6.613536726543339,49.721678186169449],[6.613534522916605,49.721723119557012],[6.613603844144017,49.721724548485284],[6.613601640575613,49.721769481874688],[6.61367096187242,49.721770910763759],[6.613668758362348,49.721815844155003],[6.613738079728551,49.721817273004888],[6.613735876276809,49.721862206397965],[6.613805197712408,49.721863635208642],[6.613802994318998,49.721908568603538],[6.613872315823993,49.721909997375029],[6.613870112488915,49.721954930771766],[6.613939434063306,49.721956359504063],[6.61393723078656,49.722001292902625],[6.614006552430348,49.722002721595729],[6.614004349211934,49.722047654996132],[6.614073670925119,49.72204908365002],[6.614071467765038,49.722094017052271],[6.614140789547617,49.722095445666966],[6.61413858644587,49.72214037907105],[6.614207908297847,49.722141807646551],[6.614205705254433,49.722186741052454],[6.614203502205487,49.722231674457937],[6.614272824190724,49.722233102996505],[6.614270621200113,49.722278036403829],[6.614339943254747,49.722279464903188],[6.61433774032247,49.722324398312338],[6.6144070624465,49.722325826772497],[6.614476384576062,49.72232725519121],[6.614474181765985,49.722372188604453],[6.614471978950378,49.722417122017276],[6.6145413012132,49.722418550399048],[6.614539098455928,49.722463483813698],[6.614608420788148,49.722464912156269],[6.614606218089211,49.722509845572759],[6.614675540490827,49.72251127387613],[6.614673337850226,49.722556207294453],[6.61474266032124,49.722557635558623],[6.614740457738975,49.722602568978779],[6.614809780279386,49.722603997203748],[6.614807577755457,49.722648930625745],[6.614876900365264,49.722650358811521],[6.614874697899673,49.722695292235336],[6.614944020578878,49.722696720381911],[6.614941818171622,49.722741653807581],[6.615011140920222,49.722743081914949],[6.615008938571306,49.722788015342445],[6.615078261389304,49.722789443410619],[6.615076059098723,49.722834376839948],[6.61514538198612,49.722835804868907],[6.615143179753877,49.722880738300084],[6.615140977516107,49.72292567173082],[6.615210300536766,49.722927099722853],[6.615279623562954,49.722928527673425],[6.615277421447391,49.722973461108239],[6.615275219326297,49.723018394542656],[6.615344542485751,49.723019822456287],[6.615342340422997,49.723064755892523],[6.615411663651848,49.723066183766953],[6.615409461647433,49.723111117205022],[6.61547878494568,49.723112545040252],[6.615476582999606,49.723157478480161],[6.615545906367251,49.723158906276183],[6.615543704479517,49.723203839717918],[6.61561302791656,49.723205267474761],[6.615610826087166,49.723250200918315],[6.615680149593606,49.723251628635936],[6.615677947822552,49.723296562081352],[6.615747271398391,49.723297989759772],[6.615745069685678,49.723342923207014],[6.615814393330913,49.72334435084624],[6.615812191676542,49.723389284295308],[6.615881515391175,49.723390711895327],[6.615879313795146,49.723435645346221],[6.615948637579176,49.723437072907039],[6.615946436041489,49.723482006359795],[6.615944234498275,49.723526939812103],[6.616013558415572,49.723528367335973],[6.616011356930701,49.723573300790115],[6.616080680917396,49.723574728274798],[6.616078479490866,49.72361966173078],[6.616147803546959,49.723621089176248],[6.616145602178774,49.723666022634049],[6.616214926304265,49.723667450040324],[6.616212724994423,49.723712383499965],[6.61628204918931,49.723713810867039],[6.616279847937812,49.723758744328521],[6.616349172202099,49.723760171656366],[6.616346971008944,49.723805105119681],[6.61641629534263,49.723806532408339],[6.616414094207819,49.723851465873494],[6.616483418610901,49.723852893122945],[6.616481217534436,49.723897826589926],[6.616479016452446,49.723942760056474],[6.616548340988797,49.723944187268984],[6.616546139965151,49.723989120737372],[6.616615464570901,49.723990547910681],[6.616613263605601,49.724035481380895],[6.616682588280749,49.724036908514996],[6.616680387373794,49.724081841987058],[6.61674971211834,49.724083269081937],[6.616747511269732,49.724128202555832],[6.616816836083677,49.724129629611518],[6.616814635293415,49.724174563087239],[6.616883960176757,49.724175990103731],[6.616881759444843,49.724220923581278],[6.616951084397584,49.724222350558577],[6.616948883724016,49.724267284037943],[6.616946683044924,49.724312217516903],[6.617016008130936,49.724313644457247],[6.617013807510192,49.724358577938027],[6.617083132665602,49.724360004839163],[6.617080932103205,49.724404938321783],[6.617150257328015,49.724406365183718],[6.617148056823965,49.724451298668171],[6.617145856314392,49.724496232152198],[6.617215181672474,49.724497658977178],[6.617212981221249,49.724542592463045],[6.61728230664873,49.724544019248818],[6.617280106255853,49.724588952736518],[6.617349431752734,49.724590379483075],[6.617347231418207,49.724635312972609],[6.617416556984486,49.724636739679973],[6.617414356708309,49.724681673171325],[6.617345031078157,49.724680246461709],[6.617275705453532,49.724678819710626],[6.617206379834432,49.724677392918096],[6.617137054220859,49.724675966084099],[6.617067728612812,49.72467453920865],[6.617065528011745,49.7247194726883],[6.616996202345351,49.72471804576913],[6.616926876684484,49.724716618808507],[6.616924675950146,49.724761552283255],[6.616855350230932,49.724760125278912],[6.616786024517246,49.72475869823311],[6.616783823649635,49.724803631702919],[6.616714497877601,49.724802204613411],[6.616712296940593,49.724847138080534],[6.616642971110214,49.724845710947314],[6.616573645285363,49.724844283772619],[6.61657144421508,49.724889217234825],[6.616502118331883,49.724887790016432],[6.616432792454213,49.724886362756578],[6.616430591250658,49.724931296213832],[6.616361265314642,49.724929868910266],[6.616359064041686,49.724974802364855],[6.616289738047325,49.724973375017576],[6.616220412058492,49.724971947628838],[6.61621821065226,49.725016881078503],[6.616148884605082,49.725015453646044],[6.616079558563431,49.725014026172133],[6.616077357023925,49.72505895961686],[6.616075155478892,49.725103893061153],[6.616070752372244,49.725193759948489],[6.61606855081063,49.725238693391532],[6.616137877171653,49.725240120876713],[6.616135675668388,49.725285054321589],[6.616133474159596,49.725329987766031],[6.616131272645275,49.725374921210062],[6.616200599203454,49.725376348660554],[6.616198397747485,49.72542128210641],[6.616196196285988,49.725466215551847],[6.616265522977447,49.725467642965391],[6.6162633215743,49.725512576412655],[6.616261120165625,49.725557509859499],[6.616258918751426,49.725602443305924],[6.616328245640041,49.725603870684772],[6.616326044284191,49.72564880413303],[6.616323842922815,49.725693737580869],[6.616321641555912,49.725738671028267],[6.616390968641688,49.72574009837242],[6.616388767333135,49.725785031821665],[6.616386566019056,49.725829965270492],[6.616455893238114,49.725831392577689],[6.6165252204627,49.72583281984344],[6.616594547692815,49.725834247067709],[6.616592346564842,49.725879180522881],[6.616661673864361,49.725880607707957],[6.61673100116941,49.725882034851573],[6.616728800163666,49.725926968310816],[6.616798127538119,49.725928395415217],[6.616795926590728,49.725973328876307],[6.616793725637813,49.726018262336972],[6.61686305314555,49.726019689404417],[6.616932380658814,49.726021116430424],[6.617001708177606,49.726022543414963],[6.617071035701924,49.726023970358035],[6.617068834998996,49.726068903827283],[6.617066634290541,49.726113837296126],[6.617135961948144,49.726115264202242],[6.617133761298044,49.726160197672911],[6.617203089025052,49.72616162453982],[6.617272416757586,49.726163051365283],[6.617274617279929,49.726118117890117],[6.617343944954111,49.72611954467186],[6.61741327263382,49.726120971412136],[6.617415473022882,49.726076037932032],[6.617484800644238,49.726077464628595],[6.617554128271121,49.726078891283706],[6.617556328526901,49.726033957798677],[6.617625656095432,49.726035384410068],[6.61762785628181,49.725990450922367],[6.617630056462668,49.725945517434241],[6.617560729021892,49.725944090827355],[6.617562929261101,49.725899157341061],[6.617565129494789,49.725854223854341],[6.617495802187297,49.725852797210493],[6.617498002479336,49.725807863725606],[6.617500202765854,49.725762930240293],[6.617569529945592,49.725764356879623],[6.617638857130856,49.725765783477485],[6.617641057284094,49.725720849987255],[6.617710384411005,49.725722276541411],[6.617712584494842,49.725677343048503],[6.617781911563402,49.725678769558947],[6.617784111577841,49.725633836063352],[6.617714784573158,49.725632409555168],[6.617716984645949,49.725587476061399],[6.617719184713219,49.725542542567212],[6.617721384774964,49.725497609072612],[6.617652057967437,49.725496182529724],[6.617654258087534,49.725451249036965],[6.617584931349409,49.725449822454856],[6.61758713152786,49.725404888963922],[6.617589331700788,49.725359955472555],[6.61752000509594,49.725358528853505],[6.617522205327221,49.725313595363971],[6.617524405552978,49.725268661874019],[6.617455079081408,49.725267235218013],[6.617457279365516,49.725222301729886],[6.617387952963345,49.725220875034687],[6.617390153305807,49.7251759415484],[6.617392353642743,49.72513100806168],[6.61732302737385,49.725129581329519],[6.617325227769138,49.725084647844653],[6.617327428158902,49.72503971435934],[6.617396754300046,49.725041141086997],[6.617398954620412,49.724996207599013],[6.617468280703207,49.724997634282943],[6.617466080446717,49.725042567773187],[6.617604732756632,49.7250454210212],[6.61767405891988,49.725046847583009],[6.617743385088652,49.725048274103365],[6.617812711262949,49.725049700582254],[6.617882037442771,49.725051127019697],[6.617879837564005,49.725096060523029],[6.617949163813226,49.725097486921271],[6.617946963992814,49.72514242042643],[6.618016290311436,49.72514384678545],[6.618014090549376,49.725188780292441],[6.618011890781792,49.725233713799014],[6.61808121723369,49.725235140121093],[6.61807901752446,49.725280073629492],[6.618148344045758,49.725281499912356],[6.618146144394882,49.725326433422595],[6.618143944738483,49.7253713669324],[6.618213271393055,49.725372793178309],[6.618211071795012,49.725417726689955],[6.618208872191446,49.725462660201181],[6.618278198979297,49.725464086410142],[6.618275999434085,49.72550901992318],[6.618273799883352,49.725553953435821],[6.618343126804479,49.725555379607819],[6.618340927312101,49.725600313122285],[6.6183387278142,49.725645246636326],[6.618408054868604,49.725646672771376],[6.618405855429059,49.725691606287249],[6.618403655983993,49.725736539802696],[6.618472983171676,49.725737965900784],[6.618470783784966,49.725782899418057],[6.618468584392733,49.725827832934918],[6.618537911713695,49.725829258996058],[6.61853571237982,49.725874192514752],[6.618605039770182,49.725875618536676],[6.618602840494663,49.725920552057197],[6.618672167954427,49.725921978039921],[6.618669968737265,49.725966911562274],[6.618667769514582,49.726011845084201],[6.618737097107626,49.72601327102997],[6.618734897943301,49.726058204553716],[6.618732698773454,49.726103138077058],[6.618802026499778,49.726104563985864],[6.61879982738829,49.726149497511038],[6.618869155184015,49.726150923380644],[6.618866956130886,49.72619585690763],[6.618864757072234,49.726240790434211],[6.61893408500124,49.726242216266868],[6.618931886000947,49.726287149795262],[6.618929686995135,49.726332083323236],[6.618999015057423,49.726333509118938],[6.61899681610997,49.726378442648759],[6.618994617156996,49.726423376178133],[6.619063945352567,49.726424801936879],[6.619061746457952,49.726469735468093],[6.619131074722925,49.726471161187625],[6.619128875886671,49.726516094720679],[6.619198204221046,49.726517520401003],[6.619196005443152,49.726562453935877],[6.619193806659737,49.726607387470331],[6.619191607870803,49.726652321004366],[6.619189409076349,49.726697254537967],[6.619258737671769,49.726698680185841],[6.619256538935676,49.72674361372129],[6.6193258676005,49.726745039329934],[6.619323668922767,49.726789972867216],[6.619321470239515,49.726834906404072],[6.619319271550745,49.726879839940494],[6.619388600412733,49.72688126551445],[6.619386401782323,49.726926199052713],[6.619384203146393,49.726971132590535],[6.619453532141669,49.726972558127542],[6.619451333564102,49.727017491667198],[6.619520662628782,49.727018917164983],[6.619516265584852,49.727108784247555],[6.619514067054609,49.727153717788212],[6.619583396316457,49.727155143251288],[6.619581197844577,49.727200076793771],[6.619578999367178,49.727245010335828],[6.619648328762312,49.727246435761948],[6.619646130343276,49.727291369305846],[6.619643931918722,49.727336302849309],[6.619713261447145,49.727337728238474],[6.619711063080955,49.72738266178375],[6.619708864709245,49.727427595328642],[6.619778194370955,49.727429020680844],[6.61977599605761,49.727473954227548],[6.619773797738747,49.727518887773826],[6.619843127533746,49.727520313089059],[6.619840929273248,49.727565246637184],[6.619910259137653,49.727566671913202],[6.619979589007578,49.727568097147767],[6.619977390869329,49.727613030699963],[6.620046720808659,49.727614455895321],[6.62011605075351,49.727615881049203],[6.620113852737512,49.727660814605493],[6.620183182751768,49.727662239720168],[6.620252512771544,49.727663664793376],[6.620321842796842,49.72766508982513],[6.620319644966978,49.727710023387743],[6.620388975061679,49.727711448380276],[6.6204583051619,49.727712873331356],[6.620527635267639,49.727714298240983],[6.620525437623914,49.727759231809912],[6.620594767799059,49.72776065668031],[6.620664097979723,49.727762081509255],[6.620733428165907,49.727763506296725],[6.620731230708319,49.727808439871986],[6.620800560963906,49.727809864620262],[6.620869891225012,49.727811289327057],[6.620867693889678,49.727856222906404],[6.620937024220188,49.727857647573984],[6.620934826943223,49.727902581155163],[6.621004157343137,49.727904005783536],[6.621001960124541,49.727948939366541],[6.621071290593859,49.727950363955706],[6.621069093433633,49.727995297540538],[6.620930432372743,49.72799244831625],[6.620861101850577,49.72799102364192],[6.62086329920246,49.727946090063831],[6.620793968749697,49.727944665350286],[6.62079616615995,49.727899731774016],[6.620726835776592,49.727898307021263],[6.620657505398753,49.727896882227036],[6.620588175026433,49.727895457391341],[6.620518844659633,49.727894032514186],[6.620521042319911,49.727849098946521],[6.620451712022515,49.727847674030151],[6.620453909741162,49.727802740464305],[6.62038457951317,49.727801315508721],[6.62038238173064,49.727846249072321],[6.620313051444284,49.727844824073024],[6.62031085359235,49.727889757633939],[6.620308655734898,49.727934691194442],[6.620377986149024,49.727936116198229],[6.620375788349941,49.727981049760565],[6.62037359054534,49.72802598332246],[6.620442921092758,49.728027408289293],[6.620440723346524,49.728072341853029],[6.620438525594774,49.728117275416345],[6.620507856275484,49.728118700346215],[6.620505658582102,49.72816363391135],[6.620503460883202,49.728208567476074],[6.620572791697206,49.728209992368981],[6.620570594056674,49.728254925935538],[6.620568396410627,49.728299859501661],[6.620637727357924,49.728301284357599],[6.620635529770245,49.728346217925555],[6.62063333217705,49.728391151493092],[6.62070266325764,49.728392576312075],[6.620700465722815,49.728437509881424],[6.620698268182473,49.728482443450368],[6.620767599396356,49.728483868232388],[6.620836930615758,49.728485292972955],[6.62090626184068,49.728486717672041],[6.620908459189359,49.728441784096347],[6.620977790355911,49.728443208751735],[6.620979987635187,49.728398275173376],[6.620982184908946,49.728353341594591],[6.621051515953243,49.728354766204006],[6.621053713157598,49.728309832622543],[6.621055910356437,49.728264899040674],[6.621058107549761,49.728219965458372],[6.621060304737568,49.728175031875637],[6.621129635531836,49.728176456434589],[6.621131832650239,49.728131522849196],[6.621201163386138,49.728132947364429],[6.62120336043514,49.728088013776365],[6.62127269111267,49.728089438247885],[6.621270494127555,49.728134371838202],[6.62133982487449,49.728135796270507],[6.621337627947746,49.728180729862657],[6.621335431015486,49.728225663454374],[6.621404761895713,49.728227087849717],[6.621402565021824,49.728272021443281],[6.621471895971454,49.72827344579941],[6.621469699155937,49.728318379394779],[6.621539030174973,49.728319803711699],[6.621536833417828,49.728364737308894],[6.621606164506267,49.728366161586614],[6.621603967807494,49.728411095185649],[6.621673298965339,49.728412519424133],[6.621671102324939,49.728457453024987],[6.621740433552188,49.728458877224256],[6.621738236970161,49.728503810826957],[6.621736040382618,49.72854874442924],[6.621805371743159,49.728550168591546],[6.621803175213991,49.728595102195634],[6.621800978679308,49.728640035799309],[6.621870310173143,49.72864145992466],[6.621939641672494,49.728642884008529],[6.622008973177362,49.728644308050953],[6.62201116952038,49.728599374440527],[6.622013365857883,49.728554440829676],[6.622015562189874,49.728509507218398],[6.62201775851635,49.728464573606708],[6.621948427267036,49.728463149573287],[6.621950623651884,49.728418215963437],[6.62195282003122,49.728373282353147],[6.621883488915196,49.728371858282763],[6.621885685352904,49.728326924674313],[6.621816354306285,49.728325500564722],[6.621818550802367,49.728280566958098],[6.621820747292933,49.728235633351034],[6.621822943777986,49.728190699743557],[6.621892274632945,49.728192123846405],[6.62189007821178,49.72823705745612],[6.62202874006602,49.728239905541926],[6.622026543767114,49.728284839155734],[6.622024347462694,49.728329772769108],[6.622093678525864,49.728331196754304],[6.622091482279817,49.728376130369519],[6.622089286028256,49.7284210639843],[6.622158617224716,49.728422487932534],[6.622156421031529,49.728467421549141],[6.622225752297394,49.728468845458167],[6.622223556162582,49.7285137790766],[6.622292887497849,49.728515202946411],[6.622295083568773,49.728470269325726],[6.622364414845667,49.72847169315181],[6.622366610847191,49.72842675952846],[6.622435942065714,49.728428183310832],[6.622433746128079,49.728473116936449],[6.62243155018493,49.728518050561632],[6.622500881536745,49.728519474307035],[6.622498685651971,49.728564407934066],[6.622496489761685,49.728609341560649],[6.62256582124679,49.728610765269096],[6.622563625414879,49.728655698897512],[6.622561429577456,49.728700632525516],[6.622630761195851,49.728702056196994],[6.622628565416805,49.728746989826817],[6.622697897104607,49.72874841345908],[6.622695701383934,49.728793347090736],[6.62269350565775,49.728838280721966],[6.622762837478844,49.728839704317267],[6.622760641811038,49.728884637950316],[6.622691309926054,49.72888321435277],[6.622621978046586,49.728881790713764],[6.622619782245487,49.728926724341896],[6.622617586438875,49.728971657969616],[6.622615390626751,49.729016591596903],[6.622613194809115,49.729061525223777],[6.622682526944142,49.729062948871785],[6.622680331184883,49.729107882500486],[6.622678135420111,49.72915281612876],[6.622747467688432,49.729154239739799],[6.622745271982038,49.729199173369906],[6.62274307627013,49.72924410699958],[6.622740880552712,49.729289040628842],[6.622810213018221,49.729290464205164],[6.622808017359179,49.729335397836259],[6.622805821694627,49.72938033146692],[6.622875154293432,49.729381755006273],[6.622872958687258,49.72942668863876],[6.622942291355469,49.729428112138905],[6.622940095807673,49.729473045773219],[6.622937900254366,49.729517979407113],[6.62286856745837,49.729516555902478],[6.622866371835658,49.729561489533708],[6.622797038981286,49.729560065985368],[6.62279484328917,49.729604999613919],[6.622792647591542,49.729649933242051],[6.622861980573698,49.729651356794896],[6.622859784934448,49.729696290424855],[6.622857589289687,49.729741224054401],[6.622926922405142,49.729742647570276],[6.622924726818761,49.729787581201649],[6.622994060003624,49.729789004678302],[6.622991864475623,49.729833938311494],[6.62298966894211,49.729878871944265],[6.622987473403085,49.729923805576611],[6.62305680678514,49.729925229018541],[6.623054611304497,49.729970162652727],[6.622985277858548,49.729968739208545],[6.622915944418113,49.729967315722895],[6.622846610983194,49.729965892195771],[6.622844415305357,49.730010825822788],[6.622842219622008,49.730055759449371],[6.622840023933146,49.730100693075542],[6.62277069031206,49.730099269500208],[6.62270135669649,49.730097845883407],[6.622699160874329,49.730142779504654],[6.622629827200378,49.73014135584414],[6.622560493531945,49.730139932142166],[6.622558297576482,49.730184865758481],[6.62248896384967,49.730183442012773],[6.622486767824801,49.730228375626446],[6.62241743403961,49.730226951837018],[6.622348100259933,49.730225528006152],[6.622345904101762,49.730270461614879],[6.622276570263709,49.730269037740285],[6.622274374036128,49.730313971346355],[6.622272177803035,49.730358904951999],[6.622269981564427,49.730403838557216],[6.622267785320306,49.730448772162006],[6.622337119413937,49.730450196045602],[6.622334923228197,49.730495129652226],[6.622332727036942,49.730540063258452],[6.622330530840173,49.730584996864209],[6.622328334637891,49.730629930469583],[6.622326138430095,49.730674864074516],[6.622323942216785,49.730719797679036],[6.622321745997961,49.730764731283124],[6.622391080544378,49.730766155140998],[6.622388884383935,49.730811088746911],[6.622386688217979,49.730856022352427],[6.622456022897705,49.730857446173324],[6.622453826790131,49.730902379780652],[6.622451630677045,49.73094731338756],[6.622520965490078,49.730948737171481],[6.622518769435374,49.730993670780222],[6.622516573375156,49.731038604388544],[6.6225859083215,49.731040028135503],[6.622583712319667,49.731084961745637],[6.622581516312319,49.731129895355359],[6.622650851391972,49.731131319065355],[6.622648655443008,49.731176252676903],[6.622646459488532,49.73122118628801],[6.622715794701496,49.731222609961037],[6.622713598805404,49.731267543573992],[6.622711402903799,49.731312477186513],[6.622780738250073,49.73131390082257],[6.622778542406853,49.731358834436918],[6.622776346558119,49.73140376805086],[6.622774150703872,49.731448701664377],[6.622843486247358,49.731450125265702],[6.622841290451498,49.731495058881031],[6.622910626064396,49.731496482443148],[6.622908430326921,49.731541416060317],[6.622906234583932,49.731586349677052],[6.622975570330145,49.731587773202186],[6.622973374645543,49.731632706820761],[6.62297117895543,49.73167764043891],[6.623040514834955,49.731679063927082],[6.623038319203227,49.731723997547057],[6.623036123565988,49.731768931166606],[6.623105459578825,49.731770354617808],[6.623103263999973,49.73181528823919],[6.623101068415608,49.731860221860153],[6.62309887282573,49.731905155480682],[6.623168209035784,49.731906578897153],[6.623166013504295,49.731951512519515],[6.623163817967291,49.731996446141466],[6.623094481629436,49.73199502272049],[6.62309228602302,49.732039956339754],[6.62302294962678,49.73203853287508],[6.623020753950951,49.73208346649168],[6.622951417496323,49.732082042983272],[6.622882081047212,49.732080619433397],[6.622812744603615,49.732079195842054],[6.622810548730571,49.732124129451492],[6.622671875732123,49.732121282139886],[6.622602539241171,49.732119858421889],[6.622600343170911,49.732164792024143],[6.622531006621575,49.73216336826242],[6.622528810481899,49.732208301862016],[6.62252661433671,49.732253235461187],[6.622457277665087,49.732251811653512],[6.622387940998982,49.732250387804342],[6.622385744720475,49.732295321398603],[6.622316407995984,49.73229389750572],[6.622314211648062,49.732338831097294],[6.622312015294626,49.73238376468845],[6.622381352146919,49.732385188585823],[6.622379155851871,49.732430122178805],[6.622448492773582,49.73243154603697],[6.622517829700812,49.732432969853662],[6.622520025868058,49.732388036256175],[6.622589362736901,49.73238946002914],[6.622658699611261,49.732390883760644],[6.622660895645187,49.732345950158248],[6.622799569282649,49.732348797492335],[6.622797373376526,49.732393731099229],[6.622866710267433,49.732395154706303],[6.622864514419697,49.732440088315045],[6.62293385138002,49.732441511882904],[6.62300318834586,49.732442935409303],[6.623072525317213,49.732444358894227],[6.62307691662376,49.732354491662861],[6.623079112268763,49.732309558046538],[6.623148449053927,49.732310981483252],[6.623150644629516,49.732266047864258],[6.623219981356292,49.732267471257252],[6.623289318088584,49.732268894608765],[6.623287122640797,49.732313828232257],[6.623356459442504,49.732315251544556],[6.623354264053107,49.732360185169881],[6.623423600924231,49.73236160844295],[6.623421405593225,49.73240654207008],[6.623490742533765,49.732407965303935],[6.623488547261148,49.732452898932912],[6.62348635198302,49.732497832561442],[6.623555689056877,49.732499255758334],[6.62355349383714,49.732544189388705],[6.623551298611892,49.732589123018656],[6.623549103381131,49.732634056648187],[6.623546908144858,49.732678990277286],[6.623616245479841,49.732680413441692],[6.623614050301961,49.732725347072623],[6.623611855118568,49.732770280703136],[6.623609659929664,49.732815214333229],[6.623678997461871,49.732816637462903],[6.623676802331359,49.73286157109483],[6.623746139932984,49.732862994185275],[6.623743944860864,49.732907927819028],[6.623741749783233,49.73295286145234],[6.623811087518179,49.732954284505816],[6.623808892498941,49.732999218140961],[6.623806697474192,49.733044151775694],[6.623804502443932,49.733089085409986],[6.623802307408161,49.733134019043874],[6.623871645404238,49.733135442064878],[6.62386945042686,49.733180375700584],[6.623867255443971,49.733225309335857],[6.623936593573371,49.733226732319885],[6.623934398648877,49.733271665957005],[6.623930008783354,49.73336153322996],[6.623927813842327,49.733406466865809],[6.623858475457307,49.733405043872786],[6.623856280446862,49.733449977505977],[6.623854085430905,49.733494911138727],[6.62385189040944,49.733539844771059],[6.623849695382461,49.733584778402964],[6.623847500349972,49.733629712034457],[6.623916839054524,49.733631135038713],[6.62391464408043,49.733676068672025],[6.623983982854402,49.733677491637074],[6.623981787938704,49.733722425272212],[6.623912449100825,49.733721002304925],[6.623910254115708,49.733765935937399],[6.623840915219437,49.733764512926399],[6.623838720164901,49.733809446556208],[6.623908059125082,49.733810869569453],[6.623905864128943,49.733855803201074],[6.623903669127293,49.733900736832283],[6.623973008220802,49.733902159808558],[6.624042347319823,49.733903582743359],[6.624111686424357,49.733905005636686],[6.62410949160892,49.733949939274218],[6.624178830782875,49.733951362128323],[6.624176636025834,49.733996295767675],[6.624174441263283,49.734041229406607],[6.62417224649522,49.734086163045113],[6.624241585866413,49.734087585864486],[6.624239391156748,49.734132519504826],[6.624232806994693,49.734267320423299],[6.624230612262985,49.734312254061969],[6.624228417525768,49.734357187700198],[6.624297757285925,49.734358610491576],[6.624295562607108,49.734403544131631],[6.624364902436687,49.734404966883794],[6.624362707816267,49.734449900525668],[6.624360513190338,49.734494834167137],[6.624358318558899,49.734539767808165],[6.624427658585719,49.734541190525597],[6.624425464012679,49.734586124168466],[6.624423269434128,49.734631057810908],[6.624421074850067,49.734675991452931],[6.624490415074131,49.734677414135632],[6.62448822054847,49.734722347779474],[6.6244860260173,49.734767281422897],[6.624483831480619,49.734812215065901],[6.624481636938429,49.734857148708478],[6.624550977423648,49.7348585713587],[6.624548782939858,49.734903505003096],[6.624546588450558,49.734948438647088],[6.624544393955748,49.734993372290653],[6.624542199455429,49.735038305933791],[6.624611540201806,49.735039728551513],[6.624609345759887,49.735084662196492],[6.624607151312459,49.735129595841045],[6.624604956859522,49.735174529485157],[6.624674297803146,49.735175952068161],[6.62467210340861,49.735220885714114],[6.624669909008564,49.735265819359633],[6.62466771460301,49.73531075300474],[6.624665520191945,49.735355686649427],[6.624663325775371,49.735400620293689],[6.624661131353285,49.735445553937524],[6.624591790026185,49.735444131341048],[6.624589595534677,49.735489064982225],[6.624520254149175,49.735487642342015],[6.624518059588245,49.735532575980507],[6.624448718144341,49.735531153296591],[6.624446523513987,49.735576086932426],[6.624444328878122,49.735621020567834],[6.624374987311904,49.735619597837946],[6.624370597895813,49.735709465103007],[6.624439939589859,49.735710887837399],[6.624509281289416,49.73571231053031],[6.624578622994486,49.735713733181754],[6.624574233939839,49.735803600458617],[6.62450489210694,49.735802177802682],[6.624502697507437,49.735847111438225],[6.624500502902423,49.735892045073356],[6.6244983082919,49.735936978708054],[6.624567650316543,49.735938401370738],[6.624565455764421,49.735983335007276],[6.624563261206792,49.736028268643395],[6.624561066643652,49.736073202279073],[6.624630408865553,49.736074624907019],[6.624628214360818,49.736119558544537],[6.624626019850573,49.736164492181629],[6.624621630813552,49.736254359454556],[6.624619436286776,49.736299293090383],[6.62461724175449,49.736344226725791],[6.624615047216693,49.736389160360766],[6.624684389891519,49.736390582962969],[6.624682195412128,49.736435516599784],[6.624680000927229,49.736480450236165],[6.624675611940898,49.736570317507699],[6.624744954876903,49.736571740077402],[6.62474276043939,49.736616673714778],[6.624740565996366,49.736661607351721],[6.624738371547833,49.736706540988251],[6.624736177093791,49.736751474624356],[6.624666833902116,49.736750052045636],[6.624664639378643,49.736794985679083],[6.624662444849662,49.736839919312111],[6.624731788169171,49.736841341895314],[6.624725204740921,49.736976142798568],[6.624723010253817,49.737021076432136],[6.624720815761203,49.737066010065291],[6.624718621263078,49.737110943698021],[6.624716426759443,49.737155877330345],[6.624785770531898,49.737157299887798],[6.624783576086672,49.737202233521927],[6.624781381635937,49.73724716715563],[6.624850725541743,49.737248589676113],[6.624848531149416,49.737293523311642],[6.624846336751579,49.737338456946773],[6.624844142348233,49.737383390581464],[6.624841947939377,49.737428324215749],[6.624839753525011,49.737473257849594],[6.624837559105134,49.737518191483026],[6.624768214815806,49.737516768949078],[6.624766020326501,49.737561702579839],[6.624763825831683,49.737606636210181],[6.624759436825517,49.7376965034696],[6.624757242314168,49.737741437098677],[6.624755047797311,49.737786370727335],[6.62475285327494,49.737831304355559],[6.624750658747061,49.737876237983372],[6.624681313951876,49.737874815389965],[6.624679119354566,49.737919749015099],[6.624609774500971,49.737918326377965],[6.624607579834227,49.737963260000441],[6.624538234922225,49.737961837319574],[6.624468890015734,49.737960414597239],[6.624399545114759,49.737958991833416],[6.624330200219297,49.737957569028119],[6.624260855329346,49.737956146181347],[6.624191510444913,49.737954723293086],[6.624189315389122,49.737999656901664],[6.624119970446278,49.737998233969691],[6.62405062550895,49.737996810996222],[6.623981280577134,49.737995387981279],[6.623979085324067,49.73804032158268],[6.623909740333844,49.738038898524017],[6.623840395349136,49.738037475423873],[6.623838199962711,49.738082409020357],[6.623907545011343,49.738083832122747],[6.623905349683328,49.738128765721058],[6.623836004570775,49.738127342616423],[6.623766659463737,49.738125919470299],[6.623697314362213,49.738124496282715],[6.62369511883692,49.738169429873842],[6.623692923306112,49.738214363464557],[6.623690727769791,49.738259297054867],[6.623688532227958,49.738304230644736],[6.623686336680612,49.738349164234187],[6.623684141127753,49.738394097823232],[6.623753486612816,49.738395521024316],[6.623751291118367,49.738440454615166],[6.623820636672867,49.738441877777014],[6.623889982232884,49.738443300897394],[6.62388778686077,49.73848823449233],[6.623957132490224,49.738489657573481],[6.624026478125193,49.738491080613137],[6.624028673369458,49.738446147013711],[6.624098018946019,49.738447570009654],[6.624167364528093,49.738448992964116],[6.624165169411675,49.738493926568047],[6.624095823765676,49.738492503611333],[6.624093628579822,49.738537437212592],[6.624024282875415,49.738536014212151],[6.623954937176523,49.738534591170236],[6.623952741857307,49.738579524766592],[6.623883396100005,49.738578101680936],[6.623881200711353,49.738623035274607],[6.623811854895641,49.738621612145238],[6.623742509085444,49.738620188974387],[6.623740313563432,49.738665122563141],[6.623738118035906,49.738710056151469],[6.623807463973952,49.73871147932681],[6.623876809917514,49.738712902460676],[6.623874614512324,49.738757836053082],[6.623943960525325,49.73875925914772],[6.623941765178547,49.738804192741938],[6.624011111260988,49.738805615797347],[6.624008915972624,49.738850549393412],[6.623939569826258,49.738849126335751],[6.623937374468456,49.738894059929152],[6.623935179105141,49.738938993522105],[6.624004525379358,49.738940416584256],[6.624073871659088,49.738941839604912],[6.624143217944336,49.738943262584108],[6.624281910531368,49.738946108418041],[6.624351256833156,49.738947531272785],[6.624349061847884,49.73899246487882],[6.624487754595851,49.738995310468376],[6.624492144305183,49.7389054432469],[6.624494339151583,49.738860509635536],[6.62449653399247,49.738815576023732],[6.624427187871431,49.738814153258694],[6.624429382770733,49.738769219648724],[6.624431577664523,49.738724286038341],[6.624500923657712,49.738725708798896],[6.624498728827848,49.738770642411524],[6.624568074890474,49.738772065132842],[6.624565880119024,49.738816998747303],[6.624563685342061,49.738861932361353],[6.624561490559587,49.738906865974961],[6.624559295771602,49.738951799588158],[6.624557100978106,49.738996733200935],[6.624552711374581,49.739086600425203],[6.624550516564552,49.739131534036716],[6.62454832174901,49.739176467647816],[6.624617668392482,49.739177890347882],[6.624615473635358,49.739222823960787],[6.624684820348271,49.739224246621617],[6.62468043094534,49.739314113850682],[6.624611084104574,49.739312691185354],[6.624608889330915,49.739357624796995],[6.624604499767065,49.739447492019032],[6.624602304976873,49.739492425629408],[6.624671652073349,49.739493848303724],[6.624669457341573,49.739538781915947],[6.624667262604287,49.739583715527722],[6.624665067861489,49.739628649139085],[6.62466287311318,49.739673582750029],[6.624732220470881,49.739675005391859],[6.624730025780988,49.739719939004637],[6.624727831085587,49.739764872616973],[6.624725636384674,49.739809806228898],[6.62472344167825,49.739854739840403],[6.624792789297178,49.73985616244974],[6.624790594649171,49.739901096063079],[6.624788399995654,49.739946029675977],[6.624786205336626,49.73999096328847],[6.624784010672087,49.74003589690053],[6.624779621326477,49.740125764123384],[6.624777426645403,49.7401706977342],[6.62470807857897,49.740169275109125],[6.624705883828456,49.740214208717255],[6.624703689072432,49.740259142324966],[6.624701494310897,49.740304075932258],[6.624699299543851,49.740349009539131],[6.624697104771293,49.740393943145563],[6.624694909993224,49.74043887675159],[6.624764258443243,49.740440299390137],[6.624759868998433,49.740530166605417],[6.624690520420551,49.740528743962372],[6.62468832562595,49.74057367756712],[6.624686130825835,49.740618611171463],[6.624755479531578,49.740620033819013],[6.624753284789886,49.740664967425161],[6.624751090042681,49.740709901030904],[6.624681741209073,49.74070847837887],[6.624679546392425,49.740753411981942],[6.624748895289964,49.740754834636228],[6.624746700531738,49.740799768241111],[6.624744505767999,49.740844701845596],[6.62474231099875,49.740889635449648],[6.624740116223989,49.740934569053266],[6.624737921443717,49.740979502656479],[6.624735726657933,49.741024436259281],[6.624733531866639,49.741069369861634],[6.62466418252157,49.74106794719161],[6.62466198766083,49.74111288079132],[6.624731337069832,49.741114303463583],[6.624729142267515,49.741159237065112],[6.624726947459686,49.741204170666208],[6.624796297002068,49.74120559330148],[6.624794102252662,49.741250526904402],[6.624724752646347,49.741249104266878],[6.624722557827495,49.741294037867135],[6.624720363003131,49.741338971466973],[6.624715973337871,49.741428838665385],[6.624713778496973,49.741473772263952],[6.624711583650564,49.741518705862106],[6.624709388798643,49.741563639459834],[6.624707193941211,49.741608573057128],[6.624776544059005,49.741609995712643],[6.624772154455477,49.74169986291048],[6.624769959645445,49.741744796508762],[6.624767764829903,49.741789730106646],[6.624765570008849,49.741834663704068],[6.624763375182283,49.7418795973011],[6.624832725689204,49.741881019928606],[6.624902076201639,49.74188244251463],[6.624899881497435,49.741927376115726],[6.624830530921064,49.741925953527456],[6.624828336147411,49.741970887125888],[6.624826141368248,49.742015820723893],[6.624823946583573,49.742060754321471],[6.624821751793387,49.742105687918631],[6.624752400966783,49.742104265279892],[6.624750206107148,49.742149198874387],[6.624748011242001,49.742194132468455],[6.624745816371344,49.742239066062105],[6.624743621495174,49.742283999655335],[6.624741426613492,49.742328933248139],[6.624739231726299,49.742373866840524],[6.624808582936529,49.742375289492742],[6.624806388107762,49.742420223086967],[6.624875739387443,49.742421645699963],[6.624873544617103,49.742466579295993],[6.624804193273484,49.742465156680751],[6.624801998433694,49.742510090274116],[6.624799803588393,49.742555023867062],[6.624869155059889,49.742556446486788],[6.624866960273015,49.742601380081553],[6.624864765480629,49.742646313675912],[6.624862570682732,49.742691247269846],[6.624860375879322,49.742736180863353],[6.624858181070403,49.74278111445642],[6.62485598625597,49.742826048049096],[6.624786634400841,49.742824625415885],[6.624784439516957,49.742869559005868],[6.624777854832238,49.743004359773309],[6.624775659926309,49.743049293361615],[6.624773465014867,49.743094226949509],[6.624771270097913,49.743139160536977],[6.624701917800714,49.743137737846531],[6.624632565509032,49.743136315114612],[6.624630370458685,49.743181248697148],[6.624561018108574,49.743179825921494],[6.624558822988774,49.743224759501381],[6.624489470580239,49.743223336681979],[6.624487275390985,49.743268270259186],[6.624417922924024,49.74326684739605],[6.624415727665317,49.743311780970593],[6.624411337131364,49.743401648118414],[6.624341984478092,49.743400225207054],[6.624339789138905,49.743445158778087],[6.624270436427207,49.743443735822993],[6.624268241018566,49.74348866939134],[6.624266045604411,49.743533602959268],[6.624335398443993,49.74353502591886],[6.624333203088267,49.743579959488628],[6.624331007727028,49.743624893057962],[6.624328812360277,49.743669826626878],[6.624259459328868,49.74366840366055],[6.624257263892661,49.743713337226794],[6.624187910802824,49.743711914216732],[6.624118557718505,49.743710491165167],[6.624116362148898,49.743755424726508],[6.624114166573779,49.743800358287395],[6.624183519785985,49.743801781343457],[6.624181324269295,49.743846714906176],[6.624179128747093,49.743891648468484],[6.624176933219374,49.743936582030386],[6.624174737686144,49.743981515591855],[6.624244091159638,49.743982938615403],[6.624241895684838,49.744027872178705],[6.624239700204525,49.744072805741574],[6.624309053811422,49.744074228728131],[6.624306858389539,49.74411916229284],[6.624304662962143,49.744164095857109],[6.624374016702444,49.744165518806675],[6.624371821333479,49.744210452372776],[6.624441175143239,49.744211875283121],[6.624438979832705,49.744256808851055],[6.62443678451666,49.744301742418564],[6.624506138459824,49.744303165291889],[6.62450394320221,49.744348098861231],[6.624573297214835,49.744349521695327],[6.624571102015652,49.744394455266502],[6.624568906810958,49.744439388837222],[6.624638260956988,49.744440811634327],[6.624707615108532,49.74444223438995],[6.624705420026215,49.744487167964763],[6.624703224938385,49.744532101539171],[6.624701029845045,49.744577035113132],[6.624698834746191,49.744621968686673],[6.624629480338863,49.744620545922061],[6.624627285170551,49.744665479492937],[6.624625089996727,49.744710413063387],[6.624694444531946,49.744711835832497],[6.624692249416555,49.744756769404781],[6.624761604021235,49.744758192134647],[6.624763799072681,49.744713258560118],[6.624833153618928,49.744714681246244],[6.62483095863143,49.744759614823039],[6.624828763638419,49.744804548399401],[6.624826568639897,49.744849481975322],[6.624824373635861,49.744894415550831],[6.624893728443412,49.744895838204457],[6.62489153349781,49.744940771781806],[6.624822178626314,49.744939349125929],[6.624819983611254,49.744984282700592],[6.624817788590683,49.745029216274844],[6.624887143590073,49.745030638935212],[6.624884948627938,49.74507557251129],[6.624882753660289,49.745120506086941],[6.624880558687129,49.745165439662166],[6.624878363708456,49.745210373236972],[6.62487616872427,49.745255306811359],[6.624945524048917,49.745256729441486],[6.624943329123167,49.745301663017692],[6.624941134191906,49.745346596593478],[6.624938939255133,49.74539153016886],[6.624932354411741,49.745526330892424],[6.624927964488586,49.745616198039365],[6.62492576951874,49.745661131612223],[6.624923574543382,49.745706065184628],[6.624921379562511,49.745750998756613],[6.624852023534425,49.745749576101773],[6.624849828484091,49.745794509671093],[6.62478047239757,49.745793086972526],[6.624778277277775,49.745838020539175],[6.624776082152467,49.745882954105404],[6.624773887021647,49.745927887671215],[6.624843243300019,49.745929310376546],[6.624841048227636,49.74597424394419],[6.624838853149742,49.7460191775114],[6.624836658066334,49.746064111078205],[6.624767301596108,49.746062688366131],[6.624765106443237,49.746107621930257],[6.624834462977414,49.746109044644584],[6.624832267882982,49.746153978210522],[6.624827877677577,49.746243845341176],[6.624825682566607,49.74628877890585],[6.624823487450125,49.746333712470118],[6.624821292328129,49.746378646033961],[6.624751935410242,49.746377223306162],[6.624747545021807,49.746467090428084],[6.624816902067599,49.74646851316038],[6.62481251178502,49.746558380285116],[6.624743154611322,49.746556957548322],[6.62474095939781,49.746601891107822],[6.624810316635461,49.746603313846862],[6.62480812148039,49.74664824740816],[6.624803731153707,49.746738114529528],[6.624797145622338,49.746872915208414],[6.62479495043419,49.74691784876719],[6.624792755240528,49.746962782325561],[6.624790560041354,49.747007715883498],[6.624786169626466,49.747097582998116],[6.624783974410753,49.747142516554788],[6.624781779189527,49.747187450111049],[6.624779583962789,49.747232383666869],[6.624775193492771,49.747322250777266],[6.624772998249492,49.747367184331843],[6.624770803000701,49.747412117885986],[6.62470144461187,49.747410695106481],[6.62469924929361,49.747455628657946],[6.624697053969836,49.747500562209012],[6.62469485864055,49.747545495759638],[6.624692663305749,49.747590429309852],[6.624690467965435,49.74763536285964],[6.624759826674049,49.747636785650393],[6.624757631392179,49.747681719202006],[6.624755436104797,49.747726652753187],[6.624753240811899,49.747771586303962],[6.624748850209569,49.747861453404234],[6.624746654900132,49.747906386953744],[6.624744459585183,49.747951320502828],[6.624742264264721,49.747996254051493],[6.624740068938745,49.748041187599739],[6.624737873607256,49.748086121147551],[6.624735678270254,49.748131054694944],[6.624733482927738,49.748175988241925],[6.624802842409362,49.748177411018148],[6.624798451835708,49.748267278115335],[6.62478747530509,49.748491945850908],[6.624785279982428,49.74853687939676],[6.62478308465425,49.748581812942184],[6.624780889320561,49.748626746487183],[6.624778693981356,49.748671680031777],[6.624848054172049,49.748673102791223],[6.624845858891293,49.74871803633765],[6.624843663605025,49.748762969883622],[6.624841468313241,49.74880790342921],[6.624772107930665,49.748806480663013],[6.624702747553605,49.748805057855321],[6.624700552128386,49.748849991395971],[6.624698356697656,49.748894924936188],[6.624767717202638,49.748896347748378],[6.624765521830354,49.748941281290442],[6.624763326452556,49.748986214832065],[6.624832687090976,49.748987637607257],[6.624830491771626,49.749032571150714],[6.624828296446763,49.749077504693759],[6.624826101116387,49.749122438236363],[6.624823905780498,49.749167371778562],[6.624821710439095,49.749212305320334],[6.624819515092177,49.749257238861681],[6.624817319739748,49.749302172402615],[6.624815124381803,49.74934710594313],[6.624884485537438,49.74934852869481],[6.624882290237943,49.74939346223713],[6.624880094932936,49.749438395779038],[6.624877899622415,49.74948332932054],[6.624875704306382,49.749528262861602],[6.624873508984834,49.749573196402245],[6.624871313657771,49.749618129942469],[6.624869118325197,49.749663063482274],[6.624866922987108,49.749707997021659],[6.624864727643507,49.749752930560632],[6.624934089380329,49.749754353291031],[6.624929698804515,49.749844220372175],[6.624925308206646,49.749934087451649],[6.624923112899441,49.749979020990757],[6.624920917586723,49.750023954529432],[6.624918722268492,49.750068888067673],[6.624849360083917,49.750067465321536],[6.624779997904856,49.750066042533895],[6.62477780245318,49.750110976067226],[6.62477560699599,49.750155909600153],[6.624844969302982,49.750157332392291],[6.624914331615489,49.750158755142927],[6.624912136280718,49.750203688679917],[6.624909940940432,49.750248622216496],[6.624907745594633,49.750293555752641],[6.624977108104555,49.750294978468524],[6.624974912817209,49.750339912006496],[6.624972717524351,49.750384845544055],[6.624970522225977,49.750429779081173],[6.624966131612691,49.750519646154181],[6.624963936297778,49.750564579690042],[6.62496174097735,49.750609513225477],[6.624950764292512,49.750834180896376],[6.624948568939003,49.750879114429289],[6.624941982845396,49.751013915025503],[6.624939787469834,49.751058848556731],[6.624937592088757,49.751103782087526],[6.624935396702166,49.751148715617916],[6.624933201310061,49.751193649147879],[6.624931005912443,49.751238582677416],[6.624928810509311,49.751283516206534],[6.624926615100666,49.751328449735233],[6.624995979087371,49.751329872461319],[6.624993783737181,49.751374805991837],[6.624991588381478,49.75141973952195],[6.624989393020261,49.751464673051622],[6.624987197653531,49.751509606580875],[6.624985002281287,49.751554540109716],[6.624982806903529,49.75159947363813],[6.624980611520257,49.751644407166118],[6.624978416131471,49.751689340693687],[6.625047780635457,49.751690763396262],[6.625045585305129,49.751735696925664],[6.625041194627932,49.751825563983196],[6.625038999281064,49.751870497511312],[6.62503680392868,49.751915431039031],[6.625034608570783,49.75196036456633],[6.625103973464117,49.751961787240887],[6.625101778164679,49.752006720769991],[6.625099582859726,49.75205165429869],[6.625097387549261,49.752096587826962],[6.625095192233283,49.752141521354808],[6.625092996911791,49.752186454882235],[6.625090801584784,49.752231388409243],[6.625088606252265,49.752276321935824],[6.625086410914231,49.752321255461986],[6.625084215570684,49.752366188987736],[6.625153581045289,49.752367611641027],[6.625151385760201,49.752412545168589],[6.6251491904696,49.752457478695732],[6.625146995173487,49.752502412222462],[6.625144799871859,49.752547345748759],[6.625140409252061,49.752637212800103],[6.625138213933892,49.752682146325135],[6.62513601861021,49.752727079849741],[6.625133823281011,49.752772013373956],[6.625131627946302,49.752816946897724],[6.625129432606077,49.752861880421072],[6.625127237260339,49.752906813944001],[6.625196603508157,49.752908236582762],[6.625194408220882,49.75295317010751],[6.625192212928092,49.752998103631839],[6.625190017629788,49.753043037155763],[6.625187822325971,49.753087970679246],[6.625257188835208,49.753089393285499],[6.625254993589854,49.753134326810809],[6.62518562701664,49.75313290420231],[6.625183431701796,49.753177837724962],[6.625181236381437,49.753222771247188],[6.625179041055565,49.75326770476898],[6.625176845724179,49.753312638290353],[6.625174650387279,49.753357571811335],[6.625244017280377,49.753358994431068],[6.625241822001941,49.753403927953855],[6.625311188964535,49.753405350534337],[6.625308993744562,49.753450284058943],[6.625306798519076,49.753495217583129],[6.625304603288076,49.753540151106897],[6.625302408051564,49.753585084630245],[6.625371775275583,49.75358650717822],[6.625369580097534,49.753631440703394],[6.625367384913972,49.753676374228142],[6.625362994530309,49.753766241276381],[6.625360799330205,49.753811174799871],[6.625358604124589,49.753856108322928],[6.62535640891346,49.75390104184558],[6.625354213696816,49.753945975367799],[6.62535201847466,49.753990908889584],[6.625421386280005,49.753992331416292],[6.625419191116315,49.75403726493991],[6.625416995947111,49.754082198463117],[6.625414800772393,49.754127131985896],[6.625412605592163,49.754172065508257],[6.62540821521516,49.754261932551721],[6.625406020018388,49.754306866072817],[6.625403824816103,49.754351799593486],[6.625401629608305,49.754396733113722],[6.625470997994989,49.754398155619157],[6.625468802845658,49.754443089141233],[6.625466607690813,49.754488022662883],[6.625464412530453,49.754532956184129],[6.625462217364583,49.75457788970494],[6.625531586012709,49.754579312177846],[6.625529390905306,49.754624245700491],[6.625527195792389,49.754669179222702],[6.625525000673958,49.754714112744495],[6.625522805550015,49.754759046265875],[6.625520610420558,49.754803979786821],[6.625518415285588,49.754848913307349],[6.625587784323121,49.754850335752245],[6.62558558924662,49.754895269274606],[6.625583394164607,49.75494020279654],[6.625581199077078,49.754985136318041],[6.625579003984036,49.755030069839123],[6.625648373283019,49.755031492251504],[6.625646178248448,49.755076425774426],[6.625643983208364,49.755121359296929],[6.625641788162765,49.755166292818998],[6.625711157659214,49.755167715196613],[6.625708962672086,49.755212648720523],[6.625706767679447,49.755257582243992],[6.625704572681293,49.755302515767042],[6.625702377677627,49.75534744928968],[6.625700182668448,49.755392382811891],[6.625769552490332,49.755393805159251],[6.625767357539624,49.755438738683267],[6.625765162583403,49.755483672206893],[6.625834532538772,49.755485094517233],[6.625832337641024,49.755530028042671],[6.625830142737763,49.755574961567682],[6.625827947828987,49.755619895092295],[6.6258257529147,49.755664828616474],[6.625895123131526,49.755666250894294],[6.625892928275711,49.755711184420292],[6.625890733414384,49.755756117945872],[6.625960103764696,49.755757540186686],[6.625957908961841,49.755802473714084],[6.625888538547542,49.755801051471025],[6.625886343675189,49.755845984995766],[6.625884148797322,49.755890918520073],[6.625953519339594,49.755892340767623],[6.625951324520202,49.755937274293778],[6.625949129695295,49.7559822078195],[6.625946934864878,49.756027141344795],[6.626016305604624,49.756028563557592],[6.626014110832681,49.756073497084692],[6.626011916055223,49.756118430611409],[6.626009721272253,49.756163364137684],[6.626007526483771,49.756208297663555],[6.626005331689776,49.756253231188985],[6.626074702754975,49.756254653371499],[6.626072508019456,49.75629958689877],[6.626070313278423,49.756344520425607],[6.626068118531879,49.756389453952018],[6.626065923779821,49.756434387478016],[6.626135295106487,49.75643580962803],[6.626133100412905,49.756480743155848],[6.626128711009204,49.756570610210225],[6.626126516299085,49.756615543736785],[6.626124321583454,49.756660477262919],[6.626193693235579,49.756661899382657],[6.626191498578424,49.756706832910609],[6.626189303915758,49.756751766438143],[6.626187109247577,49.756796699965271],[6.626184914573884,49.756841633491973],[6.626254286487483,49.756843055579175],[6.626249897251541,49.756932922635798],[6.626247702625301,49.756977856163481],[6.626245507993549,49.75702278969073],[6.626314880168624,49.757024211745431],[6.626310491016564,49.75711407880317],[6.626308296432265,49.757159012331414],[6.626377668804827,49.757160434351334],[6.626375474279008,49.757205367881411],[6.626373279747677,49.757250301411041],[6.626371085210833,49.757295234940251],[6.626368890668477,49.757340168469071],[6.626438263302519,49.757341590456477],[6.626436068818642,49.757386523987087],[6.626433874329255,49.757431457517299],[6.626431679834353,49.757476391047078],[6.626429485333942,49.757521324576437],[6.626498858229467,49.757522746531329],[6.62649446934009,49.757612613593274],[6.626492274887134,49.7576575471236],[6.626490080428666,49.757702480653535],[6.626487885964686,49.757747414183029],[6.626485691495195,49.757792347712105],[6.626483497020191,49.757837281240761],[6.626481302539674,49.757882214768998],[6.626411929132205,49.757880792796129],[6.626409734582183,49.757925726321695],[6.626407540026649,49.757970659846833],[6.626476913562105,49.757972081824192],[6.626546287103076,49.757973503760041],[6.626544092670018,49.758018437289266],[6.626541898231448,49.758063370818036],[6.62661127190592,49.75806479271688],[6.626609077525833,49.75810972624749],[6.626606883140234,49.758154659777695],[6.626604688749122,49.758199593307459],[6.626674062621094,49.758201015171537],[6.626671868288465,49.758245948703134],[6.626669673950324,49.758290882234306],[6.626667479606672,49.758335815765051],[6.626665285257508,49.758380749295398],[6.626734659390975,49.758382171126939],[6.626732465100294,49.758427104659091],[6.626730270804102,49.758472038190838],[6.626728076502399,49.758516971722166],[6.626725882195184,49.758561905253046],[6.626795256590148,49.758563327052066],[6.626793062341416,49.758608260584786],[6.626790868087173,49.758653194117088],[6.626788673827421,49.758698127648955],[6.626786479562154,49.758743061180411],[6.626784285291377,49.758787994711462],[6.626853660011838,49.758789416480198],[6.626851465799547,49.758834350013046],[6.626849271581743,49.75887928354549],[6.626847077358429,49.758924217077514],[6.626844883129603,49.758969150609104],[6.626914258111566,49.758970572345305],[6.626912063941226,49.759015505878729],[6.626909869765374,49.759060439411734],[6.626907675584011,49.759105372944305],[6.626977050763482,49.759106794645746],[6.626974856640606,49.759151728180157],[6.62697266251222,49.759196661714128],[6.626970468378321,49.75924159524768],[6.62696827423891,49.759286528780819],[6.62703764967989,49.759287950449739],[6.627035455598967,49.759332883984705],[6.627033261512532,49.759377817519237],[6.627031067420587,49.759422751053357],[6.627100443059077,49.75942417268751],[6.62709824902562,49.759469106223449],[6.627028873323131,49.759467684587051],[6.627026679220164,49.759512618120326],[6.627024485111685,49.759557551653174],[6.627093860942172,49.759558973294062],[6.627091666892182,49.759603906828744],[6.627089472836682,49.759648840362992],[6.627087278775668,49.759693773896828],[6.627156654803671,49.759695195502943],[6.627154460801147,49.759740129038605],[6.627152266793112,49.75978506257384],[6.627150072779567,49.759829996108657],[6.627219449005083,49.759831417680005],[6.627217255050027,49.759876351216633],[6.62721506108946,49.759921284752856],[6.627212867123381,49.75996621828866],[6.627282243546416,49.759967639825227],[6.627280049638829,49.760012573362843],[6.62727785572573,49.76005750690004],[6.627275661807121,49.760102440436825],[6.627273467883001,49.760147373973176],[6.627342844567553,49.760148795477221],[6.627340650701924,49.760193729015413],[6.627338456830784,49.760238662553164],[6.627407833648855,49.760240084020189],[6.627405639836207,49.760285017559767],[6.627403446018048,49.760329951098939],[6.627472822969637,49.760331372528931],[6.62747062920997,49.760376306069922],[6.627468435444793,49.76042123961048],[6.627466241674105,49.760466173150633],[6.627535618823216,49.760467594545865],[6.62753342511102,49.760512528087837],[6.627531231393315,49.760557461629375],[6.627529037670098,49.760602395170501],[6.627598415016731,49.760603816530946],[6.627596221352008,49.760648750073898],[6.627594027681775,49.760693683616438],[6.627591834006032,49.76073861715853],[6.627589640324778,49.760783550700218],[6.627659017932939,49.760784972028148],[6.627728395546614,49.760786393314575],[6.627726201987858,49.760831326860327],[6.627724008423592,49.760876260405652],[6.627721814853817,49.760921193950558],[6.627719621278532,49.760966127495053],[6.627717427697736,49.761011061039113],[6.627786805636946,49.76101248229525],[6.627784612114645,49.761057415841144],[6.627782418586834,49.761102349386604],[6.627851796659566,49.761103770605722],[6.627849603190252,49.761148704153015],[6.627918981332502,49.761150125332861],[6.627916787921683,49.761195058881974],[6.627914594505355,49.761239992430667],[6.627983972781128,49.761241413573487],[6.627981779423297,49.761286347124006],[6.627912401083516,49.761284925978948],[6.627910207656168,49.761329859526796],[6.627908014223309,49.761374793074232],[6.627905820784942,49.761419726621241],[6.627903627341063,49.761464660167825],[6.62797300593687,49.761466081321871],[6.627970812551489,49.761511014870294],[6.628040191216813,49.761512435985075],[6.62803799788993,49.761557369535311],[6.628035804557538,49.76160230308512],[6.628105183356388,49.761603724162882],[6.628102990082493,49.761648657714517],[6.628100796803089,49.761693591265747],[6.628098603518176,49.761738524816529],[6.62816798251456,49.76173994585951],[6.628165789288145,49.761784879412133],[6.62823516835405,49.761786300415842],[6.628232975186133,49.761831233970284],[6.628230782012708,49.761876167524299],[6.628228588833773,49.76192110107791],[6.628226395649328,49.761966034631101],[6.628295774976778,49.761967455602267],[6.628293581850834,49.76201238915727],[6.62829138871938,49.762057322711854],[6.628360768180357,49.762058743646001],[6.628358575107405,49.762103677202418],[6.628356382028942,49.762148610758381],[6.62842576162345,49.762150031655516],[6.628423568603488,49.762194965213325],[6.628421375578016,49.762239898770716],[6.628490755306054,49.762241319630832],[6.628488562339085,49.762286253190034],[6.628557942136642,49.762287674010871],[6.628555749228173,49.762332607571892],[6.628553556314197,49.762377541132508],[6.628622936245286,49.762378961916319],[6.62862074338981,49.762423895478747],[6.628618550528826,49.76246882904077],[6.628687930593447,49.762470249787555],[6.628685737790964,49.76251518335139],[6.628683544982973,49.762560116914813],[6.628614164790332,49.762558696163531],[6.628611971912822,49.762603629724282],[6.628609779029803,49.7626485632846],[6.628679159350469,49.762649984040365],[6.628748539676644,49.762651404754621],[6.628817920008328,49.762652825427367],[6.628815727311835,49.762697758994001],[6.628885107713042,49.762699179627461],[6.628882915075053,49.762744113195922],[6.628880722431555,49.76278904676397],[6.628950102966295,49.762790467360418],[6.628947910381301,49.762835400930278],[6.6289457177908,49.762880334499712],[6.629015098459074,49.762881755059141],[6.629012905927077,49.762926688630401],[6.629010713389571,49.762971622201242],[6.629080094191381,49.762973042723623],[6.62907790171238,49.763017976296304],[6.629075709227873,49.763062909868538],[6.629145090163216,49.763064330353906],[6.629142897737214,49.76310926392798],[6.62921227874208,49.76311068437407],[6.629210086374583,49.76315561794997],[6.62920789400158,49.763200551525422],[6.629277275139981,49.763201971934492],[6.629275082825483,49.763246905511785],[6.629272890505478,49.763291839088659],[6.629342271777416,49.763293259460688],[6.629340079515917,49.763338193039388],[6.629337887248909,49.763383126617668],[6.629407268654385,49.763384546952672],[6.629405076445887,49.763429480532764],[6.629474457920884,49.763430900828503],[6.629472265770894,49.763475834410421],[6.629470073615395,49.76352076799192],[6.62953945522393,49.763522188250626],[6.62953726312694,49.763567121833951],[6.629535071024444,49.763612055416836],[6.629604452766516,49.763613475638529],[6.629602260722527,49.763658409223254],[6.629600068673033,49.763703342807545],[6.629669450548644,49.763704762992198],[6.629667258557658,49.763749696578309],[6.629736640502793,49.763751116723697],[6.629734448570316,49.763796050311633],[6.629732256632333,49.763840983899158],[6.629801638711007,49.763842404007512],[6.629799446831533,49.763887337596863],[6.629868828979731,49.763888757665946],[6.629866637158766,49.763933691257108],[6.629864445332297,49.763978624847852],[6.629933827614035,49.763980044879894],[6.629931635846075,49.764024978472463],[6.63000101819734,49.764026398465248],[6.62999882648789,49.764071332059629],[6.629996634772935,49.764116265653605],[6.630066017257739,49.764117685609349],[6.630063825601294,49.764162619205138],[6.630133208155624,49.76416403912161],[6.63013101655769,49.764208972719217],[6.630128824954252,49.764253906316419],[6.630198207642123,49.764255326195851],[6.630196016097196,49.764300259794879],[6.630265398854592,49.764301679635039],[6.630263207368178,49.764346613235872],[6.630261015876258,49.764391546836286],[6.630330398767196,49.76439296663942],[6.630328207333788,49.76443790024166],[6.630397590294252,49.764439320005522],[6.630395398919358,49.764484253609581],[6.630393207538958,49.764529187213213],[6.630462590632965,49.764530606940049],[6.63046039931108,49.764575540545508],[6.630529782474613,49.764576960233072],[6.63052759121124,49.764621893840349],[6.630596974444297,49.764623313488627],[6.630594783239439,49.764668247097731],[6.630664166542022,49.764669666706737],[6.630733549850111,49.76467108627422],[6.630731358767787,49.764716019887388],[6.630800742145402,49.764717439415605],[6.630798551121591,49.764762373030592],[6.630867934568732,49.764763792519538],[6.630865743603437,49.764808726136344],[6.630796360092278,49.764807306645153],[6.630794169057459,49.764852240259316],[6.630791978017137,49.764897173873031],[6.630861361656335,49.764898593368699],[6.630859170674529,49.764943526984233],[6.630928554383252,49.764944946440629],[6.630926363459961,49.764989880058003],[6.630995747238211,49.764991299475128],[6.630993556373436,49.7650362330943],[6.631062940221214,49.765037652472145],[6.631060749414956,49.76508258609315],[6.631058558603193,49.765127519713744],[6.631127942584516,49.765128939054549],[6.631125751831272,49.765173872676961],[6.631195135882121,49.765175291978487],[6.631192945187392,49.765220225602718],[6.631262329307767,49.76522164486498],[6.631260138671558,49.76526657849103],[6.631257948029845,49.765311512116654],[6.63125575738263,49.765356445741858],[6.631325141700573,49.765357864969324],[6.631394526024022,49.765359284155267],[6.631392335499346,49.76540421778455],[6.631461719892321,49.76540563693122],[6.631459529426164,49.765450570562308],[6.631528913888667,49.765451989669693],[6.631526723481028,49.765496923302614],[6.631596108013057,49.765498342370726],[6.631593917663938,49.765543276005452],[6.631663302265494,49.765544695034293],[6.631661111974895,49.765589628670845],[6.631730496645977,49.765591047660408],[6.631728306413898,49.765635981298786],[6.631726116176317,49.765680914936752],[6.631795500980947,49.765682333889266],[6.631793310801886,49.765727267529044],[6.631862695676046,49.765728686442294],[6.631860505555505,49.765773620083891],[6.631929890499189,49.765775038957848],[6.631927700437172,49.765819972601278],[6.631997085450384,49.765821391435971],[6.631994895446887,49.765866325081191],[6.632064280529624,49.765867743876612],[6.632062090584649,49.765912677523666],[6.632131475736917,49.765914096279801],[6.632129285850463,49.765959029928688],[6.632198671072256,49.765960448645544],[6.632196481244325,49.766005382296235],[6.632265866535646,49.766006800973813],[6.632263676766237,49.766051734626338],[6.632333062127086,49.766053153264629],[6.6323308724162,49.76609808691898],[6.632400257846575,49.766099505518],[6.632398068194214,49.766144439174148],[6.632467453694116,49.766145857733889],[6.632465264100277,49.766190791391871],[6.632534649669707,49.766192209912333],[6.632532460134392,49.766237143572134],[6.63260184577335,49.766238562053317],[6.632599656296562,49.766283495714944],[6.63253027059358,49.766282077231509],[6.632528081047264,49.766327010890478],[6.632458695285759,49.766325592363295],[6.632456505669919,49.766370526019593],[6.632387119849893,49.766369107448639],[6.632384930164526,49.76641404110228],[6.632315544285978,49.766412622487564],[6.632246158412933,49.766411203831339],[6.632243968594016,49.76645613748007],[6.632174582662448,49.766454718780082],[6.632172392774003,49.766499652426141],[6.632103006783914,49.766498233682391],[6.632100816825941,49.7665431673258],[6.63203143077733,49.766541748538273],[6.632029240749831,49.766586682179017],[6.631959854642699,49.766585263347743],[6.631955474443142,49.766675130623469],[6.632024860678327,49.766676549459241],[6.632094246919016,49.766677968253475],[6.632163633165209,49.766679387006199],[6.632165823075661,49.76663445336181],[6.632235209263331,49.766635872070772],[6.632237399104253,49.766590938423739],[6.6323067852334,49.766592357088932],[6.632304595456504,49.76663729073821],[6.632373981655181,49.76663870936413],[6.632376171368051,49.7665937757126],[6.632445557508206,49.766595194294759],[6.63244774715155,49.766550260640564],[6.632449936789394,49.76650532698595],[6.632519322806998,49.766506745522094],[6.632521512375316,49.766461811864822],[6.632523701938132,49.766416878207131],[6.632593087833191,49.766418296697275],[6.632595277326481,49.766373363036926],[6.632664663163015,49.766374781483314],[6.63266685258678,49.76632984782028],[6.632736238364793,49.766331266222899],[6.632734049005052,49.766376199888171],[6.632803434852591,49.766377618251511],[6.632801245551376,49.766422551918595],[6.632870631468443,49.766423970242656],[6.632868442225755,49.766468903911552],[6.632937828212349,49.766470322196341],[6.632935639028186,49.766515255867048],[6.633005025084308,49.766516674112566],[6.633002835958671,49.766561607785107],[6.63307222208432,49.766563025991331],[6.633070033017209,49.766607959665684],[6.633139419212386,49.766609377832637],[6.633137230203803,49.766654311508816],[6.633206616468508,49.766655729636476],[6.633204427518453,49.766700663314474],[6.633273813852685,49.766702081402855],[6.633271624961156,49.766747015082679],[6.633341011364916,49.766748433131788],[6.633338822531916,49.76679336681341],[6.633408209005204,49.76679478482324],[6.633406020230731,49.766839718506695],[6.63340383145076,49.766884652189745],[6.633473218057603,49.766886070162521],[6.63347102933616,49.766931003847368],[6.633540416012531,49.766932421780872],[6.633538227349618,49.766977355467539],[6.633607614095517,49.766978773361764],[6.633605425491132,49.767023707050257],[6.63367481230656,49.767025124905189],[6.633672623760706,49.7670700585955],[6.633742010645661,49.767071476411161],[6.633739822158336,49.767116410103299],[6.63380920911282,49.767117827879673],[6.633807020684025,49.76716276157363],[6.633876407708037,49.767164179310711],[6.633945794737548,49.76716559700629],[6.633943606431313,49.76721053070429],[6.633941418119581,49.767255464401877],[6.634010805282649,49.767256882060408],[6.634008617029447,49.767301815759822],[6.634078004262044,49.767303233379067],[6.634075816067373,49.767348167080293],[6.634145203369497,49.767349584660252],[6.63414301523336,49.767394518363297],[6.634212402605012,49.767395935903977],[6.634210214527407,49.767440869608855],[6.634279601968588,49.767442287110256],[6.634277413949516,49.767487220816932],[6.634346801460225,49.767488638279048],[6.634344613499685,49.767533571987549],[6.634414001079923,49.767534989410386],[6.634411813177916,49.767579923120699],[6.634481200827683,49.767581340504258],[6.634479012984209,49.76762627421639],[6.634548400703504,49.767627691560655],[6.634546212918565,49.767672625274614],[6.634615600707387,49.7676740425796],[6.634613412980982,49.76771897629537],[6.634682800839336,49.767720393561078],[6.634680613171463,49.767765327278674],[6.634750001099345,49.767766744505082],[6.634747813490009,49.767811678224497],[6.63481720148742,49.767813095411626],[6.634815013936618,49.767858029132853],[6.634884402003556,49.767859446280703],[6.634882214511289,49.767904380003756],[6.634951602647757,49.76790579711232],[6.634949415214027,49.767950730837178],[6.635018803420023,49.767952147906477],[6.635016616044829,49.767997081633141],[6.635086004320355,49.76799849866314],[6.635155392601376,49.767999915651622],[6.635153205348749,49.76804484938237],[6.6352225936993,49.768046266331559],[6.635220406505211,49.76809120006412],[6.635289794925291,49.768092616974023],[6.635287607789739,49.768137550708396],[6.635356996279348,49.76813896757902],[6.635354809202333,49.768183901315211],[6.63542419776147,49.768185318146557],[6.635422010742993,49.76823025188456],[6.635491399371659,49.768231668676613],[6.635489212411721,49.768276602416428],[6.635558601109916,49.768278019169195],[6.635627989813608,49.768279435880437],[6.63562580297624,49.768324369624338],[6.63569519174946,49.768325786296288],[6.635693004970632,49.768370720042],[6.63576239381338,49.768372136674671],[6.635760207093092,49.768417070422181],[6.63582959600537,49.768418487015573],[6.63582740934362,49.768463420764917],[6.635896798325428,49.768464837319009],[6.635894611722217,49.768509771070164],[6.635964000773553,49.768511187584984],[6.636033389830384,49.768512604058266],[6.636031203349749,49.768557537813471],[6.636100592476109,49.768558954247482],[6.636098406054013,49.768603888004513],[6.636167795249903,49.76860530439923],[6.636165608886349,49.768650238158088],[6.636234998151766,49.768651654513512],[6.636232811846753,49.768696588274167],[6.6363022011817,49.768698004590313],[6.636371590522141,49.768699420864934],[6.636369404339704,49.768744354629646],[6.636438793749676,49.768745770864975],[6.636436607625781,49.768790704631513],[6.63650599710528,49.768792120827563],[6.636503811039929,49.768837054595906],[6.636573200588956,49.768838470752662],[6.636571014582148,49.768883404522839],[6.636640404200705,49.768884820640309],[6.636709793824756,49.768886236716263],[6.636707607940524,49.76893117049049],[6.636776997634104,49.76893258652715],[6.636774811808418,49.768977520303174],[6.636844201571527,49.768978936300556],[6.636842015804383,49.769023870078414],[6.636911405637021,49.769025286036488],[6.636909219928422,49.769070219816172],[6.636978609830589,49.76907163573496],[6.637047999738249,49.769073051612239],[6.63704581415223,49.769117985395965],[6.637115204129419,49.769119401233951],[6.637113018601946,49.769164335019489],[6.637182408648663,49.769165750818175],[6.637180223179736,49.769210684605532],[6.637249613295982,49.769212100364953],[6.6372474278856,49.769257034154116],[6.637316818071376,49.769258449874236],[6.637314632719539,49.769303383665232],[6.637384022974844,49.769304799346067],[6.63745341323564,49.769306214985363],[6.637451228006388,49.769351148780409],[6.637520618336714,49.769352564380426],[6.637518433166008,49.769397498177277],[6.637587823565862,49.769398913738009],[6.637585638453704,49.769443847536678],[6.637655028923087,49.769445263058124],[6.637652843869476,49.769490196858605],[6.637722234408388,49.769491612340758],[6.637791624952792,49.769493027781387],[6.637789440021766,49.769537961585932],[6.6378588306357,49.769539376987268],[6.637856645763223,49.769584310793633],[6.637926036446685,49.769585726155675],[6.637923851632756,49.769630659963845],[6.637993242385747,49.769632075286601],[6.638062633144227,49.769633490567841],[6.638060448452887,49.769678424380061],[6.638129839280897,49.769679839622007],[6.638127654648105,49.769724773436039],[6.638197045545644,49.769726188638693],[6.638194860971403,49.769771122454543],[6.638264251938471,49.769772537617911],[6.638262067422779,49.769817471435587],[6.638331458459376,49.769818886559648],[6.638400849501464,49.769820301642213],[6.638398665108361,49.769865235463925],[6.638468056219976,49.76986665050719],[6.638465871885426,49.769911584330714],[6.63853526306657,49.769912999334686],[6.63853307879057,49.769957933160029],[6.638602470041244,49.769959348124708],[6.638671861297408,49.769960763047848],[6.638669677143999,49.770005696877256],[6.638739068469691,49.770007111761117],[6.638736884374834,49.77005204559233],[6.638806275770055,49.770053460436891],[6.638875667170765,49.770054875239936],[6.638873483198501,49.770099809075212],[6.63894287466874,49.770101223838957],[6.638940690755028,49.770146157676038],[6.639010082294796,49.770147572400496],[6.639079473840053,49.770148987083424],[6.639077290048935,49.770193920924548],[6.639146681663719,49.770195335568197],[6.639216073283993,49.770196750170307],[6.639213889615469,49.770241684015488],[6.639283281305271,49.770243098578312],[6.6392810976953,49.770288032425306],[6.639350489454632,49.77028944694883],[6.63941988121945,49.770290861430851],[6.639417697732076,49.770335795281873],[6.639487089566424,49.770337209724588],[6.639556481406258,49.770338624125777],[6.639554298041478,49.770383557980871],[6.639623689950843,49.770384972342768],[6.639693081865693,49.770386386663141],[6.639690898623511,49.770431320522277],[6.63976029060789,49.770432734803343],[6.639829682597755,49.770434149042899],[6.63982749947817,49.770479082906078],[6.639896891537565,49.770480497106334],[6.639894708476536,49.770525430971333],[6.639964100605459,49.770526845132295],[6.640033492739869,49.770528259251726],[6.640031309801439,49.770573193120768],[6.640100702005377,49.770574607200913],[6.640170094214801,49.770576021239528],[6.64016791139897,49.770620955112626],[6.640237303677921,49.770622369111955],[6.64030669596236,49.770623783069738],[6.640304513269128,49.770668716946886],[6.640373905623092,49.770670130865383],[6.640443297982545,49.770671544742363],[6.640441115411915,49.770716478623555],[6.640510507840894,49.770717892461235],[6.640508325328821,49.770762826344232],[6.64057771782733,49.770764240142618],[6.640647110331321,49.770765653899481],[6.64064492794185,49.770810587786528],[6.640714320515372,49.770812001504098],[6.640783713094376,49.770813415180129],[6.64078153082751,49.770858349071226],[6.640850923476043,49.770859762707971],[6.640920316130059,49.770861176303178],[6.640918133985794,49.770906110198325],[6.64098752670934,49.770907523754239],[6.64105691943837,49.770908937268629],[6.641054737416709,49.770953871167833],[6.641124130215266,49.770955284642923],[6.641121948252167,49.771000218543925],[6.64119134112025,49.771001631979722],[6.641260733993819,49.771003045374009],[6.641258552153325,49.771047979279061],[6.641327945096419,49.771049392634026],[6.641397338045,49.771050805947489],[6.641395156327111,49.771095739856584],[6.641464549345216,49.771097153130739],[6.641533942368806,49.771098566363364],[6.641531760773525,49.771143500276509],[6.641601153866641,49.771144913469833],[6.641670546965241,49.77114632662164],[6.641668365492566,49.771191260538821],[6.641737758660692,49.771192673651328],[6.641807151834301,49.771194086722311],[6.641804970484235,49.771239020643549],[6.641874363727371,49.771240433675231],[6.64194375697599,49.771241846665376],[6.64194157574853,49.771286780590657],[6.642010969066677,49.771288193541515],[6.642080362390304,49.77128960645085],[6.642078181285455,49.771334540380167],[6.642147574678609,49.771335953250201],[6.642216968077246,49.771337366078711],[6.642214787095006,49.771382300012078],[6.642284180563169,49.771383712801288],[6.642353574036814,49.77138512554896],[6.642351393177185,49.77143005948637],[6.642420786720356,49.771431472194749],[6.642490180269007,49.771432884861618],[6.64255957382314,49.771434297486934],[6.642557393150169,49.771479231430625],[6.642626786773826,49.771480644016656],[6.642696180402967,49.771482056561162],[6.642693999852606,49.771526990508875],[6.642763393551274,49.771528403014074],[6.64283278725542,49.771529815477749],[6.642902180965047,49.771531227899899],[6.642900000601346,49.771576161853908],[6.642969394380498,49.771577574236744],[6.64303878816513,49.771578986578071],[6.643036607924043,49.771623920536122],[6.643106001778201,49.771625332838141],[6.643175395637841,49.771626745098629],[6.643173215519367,49.771671679060724],[6.643242609448531,49.771673091281912],[6.643312003383174,49.771674503461583],[6.643309823387315,49.771719437427706],[6.643379217391485,49.771720849568062],[6.643448611401133,49.771722261666902],[6.64351800541626,49.771723673724217],[6.643515825607063,49.771768607696629],[6.643585219691714,49.77177001971463],[6.643654613781846,49.771771431691114],[6.643652434095267,49.771816365667561],[6.643721828254923,49.771817777604738],[6.643791222420057,49.771819189500398],[6.643789042856095,49.771864123480874],[6.643858437090755,49.771865535337227],[6.643927831330892,49.771866947152049],[6.643997225576507,49.771868358925353],[6.643995046199209,49.77191329291211],[6.64406444051435,49.771914704646107],[6.644133834834967,49.771916116338573],[6.64413165558029,49.771961050329367],[6.644201049970432,49.77196246198254],[6.644270444366053,49.771963873594174],[6.644268265233994,49.772008807589017],[6.644337659699139,49.772010219161345],[6.64440705416976,49.772011630692148],[6.644476448645857,49.772013042181428],[6.644474269700468,49.772057976182545],[6.644543664246089,49.772059387632524],[6.644613058797188,49.772060799040972],[6.644610879974421,49.772105733046118],[6.644680274595044,49.772107144415266],[6.644749669221142,49.772108555742882],[6.644747490520997,49.772153489752071],[6.644816885216619,49.772154901040395],[6.644886279917718,49.772156312287187],[6.644955674624292,49.772157723492441],[6.644953496110817,49.772202657507904],[6.645022890886916,49.772204068673865],[6.645092285668491,49.772205479798288],[6.645090107277638,49.77225041381778],[6.645159502128736,49.772251824902909],[6.645228896985309,49.772253235946501],[6.645226718717082,49.772298169970043],[6.645296113643179,49.772299580974341],[6.645365508574751,49.772300991937101],[6.645434903511797,49.772302402858337],[6.645432725430243,49.772347336888139],[6.645502120436813,49.772348747770074],[6.645571515448856,49.772350158610479],[6.645569337489929,49.772395092644317],[6.645638732571496,49.772396503445421],[6.645708127658538,49.772397914204987],[6.645705949822236,49.772442848242882],[6.645775344978802,49.772444258963148],[6.64584474014084,49.772445669641883],[6.645914135308351,49.772447080279093],[6.645911957658727,49.772492014323241],[6.645981352895761,49.772493424921151],[6.646050748138269,49.772494835477524],[6.646048570611273,49.772539769525714],[6.646117965923304,49.772541180042786],[6.646187361240808,49.772542590518327],[6.646256756563783,49.772544000952337],[6.646254579223467,49.772588935006794],[6.646323974615966,49.772590345401504],[6.646393370013938,49.772591755754682],[6.64639119279625,49.772636689813176],[6.646460588263746,49.772638100127047],[6.646529983736711,49.772639510399387],[6.64659937921515,49.772640920630202],[6.646597202184144,49.772685854694956],[6.646666597732104,49.772687264886478],[6.646735993285536,49.772688675036441],[6.64680538884444,49.772690085144902],[6.646874784408816,49.772691495211816],[6.64687260762854,49.772736429285068],[6.646942003262438,49.772737839312683],[6.647011398901807,49.772739249298773],[6.647080794546646,49.772740659243318],[6.647150190196957,49.772742069146346],[6.647148013667416,49.772787003228075],[6.647217409387248,49.772788413091796],[6.64728680511255,49.772789822913985],[6.647356200843321,49.772791232694644],[6.647354024500467,49.772836166782646],[6.647423420300759,49.77283757652399],[6.647492816106524,49.77283898622381],[6.647562211917758,49.772840395882106],[6.647631607734461,49.772841805498864],[6.647629431642342,49.772886739595357],[6.647698827528566,49.772888149172807],[6.647768223420258,49.772889558708734],[6.647837619317422,49.772890968203122],[6.647907015220053,49.772892377655985],[6.647904839378673,49.772937311760963],[6.647974235350825,49.772938721174512],[6.648043631328446,49.77294013054653],[6.648113027311536,49.772941539877039],[6.648110851656844,49.772986473988254],[6.648180247709454,49.772987883279455],[6.648249643767531,49.772989292529111],[6.648319039831078,49.772990701737243],[6.648388435900092,49.772992110903822],[6.648386260496141,49.773037045023543],[6.648455656634675,49.773038454150843],[6.648525052778676,49.77303986323659],[6.648594448928146,49.773041272280821],[6.648663845083082,49.773042681283506],[6.648661669929875,49.773087615411725],[6.648731066154331,49.773089024375111],[6.648800462384253,49.773090433296964],[6.648869858619642,49.773091842177294],[6.6489392548605,49.773093251016078],[6.648937079958036,49.773138185152774],[6.649006476268411,49.773139593952259],[6.649075872584254,49.773141002710219],[6.649145268905562,49.77314241142664],[6.649214665232337,49.773143820101524],[6.649212490580618,49.773188754246704],[6.649281886976912,49.773190162882287],[6.649351283378671,49.773191571476346],[6.649420679785895,49.773192980028867],[6.649490076198585,49.773194388539849],[6.649487901797615,49.773239322693513],[6.649557298279824,49.773240731165188],[6.649626694767498,49.773242139595339],[6.649696091260635,49.773243547983959],[6.649765487759239,49.773244956331041],[6.649763313609019,49.773289890493189],[6.64983271017714,49.773291298800963],[6.649902106750726,49.773292707067213],[6.649971503329775,49.773294115291918],[6.650040899914289,49.773295523475106],[6.650038726014819,49.773340457645723],[6.650108122668851,49.773341865789604],[6.650177519328348,49.773343273891939],[6.650246915993305,49.773344681952757],[6.650244742280535,49.773389616129627],[6.650314139015012,49.773391024151124],[6.650383535754951,49.773392432131097],[6.650452932500354,49.773393840069538],[6.650522329251221,49.773395247966448],[6.650520155789203,49.773440182151795],[6.650589552609586,49.773441590009391],[6.650658949435432,49.773442997825462],[6.650728346266741,49.773444405599996],[6.650797743103514,49.773445813332991],[6.65079556989225,49.773490747526836],[6.650864966798538,49.773492155220524],[6.650934363710288,49.77349356287268],[6.6510037606275,49.773494970483313],[6.651073157550174,49.773496378052414],[6.651070984589667,49.773541312254714],[6.651140381581857,49.773542719784494],[6.65120977857951,49.773544127272743],[6.651279175582623,49.773545534719467],[6.651348572591197,49.773546942124653],[6.651346399881448,49.773591876335445],[6.651415796959538,49.773593283701324],[6.651485194043089,49.773594691025664],[6.651554591132101,49.773596098308474],[6.651623988226573,49.773597505549752],[6.651621815767585,49.77364243976902],[6.651691212931572,49.773643846970991],[6.651760610101021,49.773645254131431],[6.651830007275929,49.773646661250332],[6.651899404456297,49.773648068327709],[6.65189723224807,49.773693002555433],[6.651966629497952,49.773694409593496],[6.652036026753295,49.773695816590028],[6.652105424014098,49.773697223545021],[6.652103251992578,49.773742157778997],[6.652172649322895,49.773743564694691],[6.652242046658671,49.773744971568853],[6.652311443999905,49.773746378401476],[6.652380841346599,49.773747785192555],[6.652378669575844,49.773792719435022],[6.652448066992052,49.773794126186793],[6.652517464413719,49.773795532897033],[6.652586861840844,49.773796939565756],[6.652656259273429,49.773798346192926],[6.652654087753438,49.773843280443849],[6.652723485255536,49.773844687031712],[6.652792882763092,49.773846093578051],[6.652862280276106,49.773847500082852],[6.652931677794578,49.773848906546114],[6.652929506525354,49.77389384080552],[6.652998904113339,49.773895247229468],[6.653068301706781,49.773896653611892],[6.65313769930568,49.773898059952785],[6.653207096910036,49.773899466252139],[6.653204925891582,49.773944400520008],[6.653274323565451,49.773945806780048],[6.653343721244776,49.773947212998557],[6.653413118929559,49.773948619175542],[6.653482516619799,49.773950025310988],[6.653480345852116,49.773994959587313],[6.653549743611867,49.773996365683452],[6.653688539147738,49.773999177751108],[6.653757936923857,49.774000583722639],[6.653755766406945,49.774045518007441],[6.653825164252577,49.774046923939665],[6.653894562103665,49.77404832983035],[6.653963959960208,49.774049735679498],[6.654033357822206,49.774051141487121],[6.654102755689659,49.774052547253206],[6.654172153562566,49.774053952977752],[6.654310949324746,49.774056764302259],[6.654380347214017,49.774058169902204],[6.654449745108742,49.774059575460633],[6.654519143008923,49.774060980977502],[6.65451697319118,49.774105915286327],[6.654586371160872,49.774107320763896],[6.654584201401737,49.774152255074505],[6.654653599440937,49.774153660512766],[6.654722997485593,49.77415506590949],[6.654792395535702,49.774156471264675],[6.654790225963287,49.774201405581543],[6.654859624082905,49.774202810897414],[6.654929022207978,49.774204216171761],[6.654998420338504,49.774205621404562],[6.654996250952809,49.774250555727669],[6.655065649152846,49.774251960921163],[6.655135047358334,49.774253366073125],[6.655204445569274,49.77425477118355],[6.655202276370303,49.774299705512874],[6.655341072936658,49.77430251561357],[6.655410471228013,49.774303920601625],[6.65547986952482,49.774305325548134],[6.655482038467559,49.774260391209907],[6.655551436705761,49.774261796112668],[6.655553605578994,49.774216861771798],[6.655623003758588,49.774218266630804],[6.655692401943635,49.774219671448272],[6.655761800134133,49.774221076224208],[6.655759631453073,49.774266010571722],[6.655967826249444,49.774270224656988],[6.656037224525803,49.774271629268995],[6.656176021094873,49.77427443836843],[6.656245419387582,49.774275842855843],[6.656314817685741,49.774277247301718],[6.656384215989351,49.774278651706069],[6.656453614298409,49.774280056068868],[6.656592410932876,49.774282864669892],[6.656661809258283,49.774284268908112],[6.656659641404528,49.774329203284061],[6.656729039799441,49.774330607482938],[6.656798438199806,49.774332011640304],[6.656867836605616,49.774333415756125],[6.656937235016876,49.774334819830422],[6.657006633433585,49.774336223863173],[6.657076031855742,49.774337627854393],[6.65707386438089,49.77438256224324],[6.657143262872554,49.774383966195145],[6.657212661369664,49.774385370105527],[6.657282059872224,49.774386773974356],[6.657351458380229,49.774388177801654],[6.657420856893684,49.774389581587428],[6.657418689733677,49.77443451598694],[6.657488088316637,49.774435919733399],[6.657557486905045,49.77443732343832],[6.657626885498898,49.774438727101696],[6.657624718525623,49.774483661507446],[6.657694117188982,49.774485065131522],[6.657763515857789,49.774486468714045],[6.657832914532042,49.774487872255037],[6.657830747745499,49.774532806667025],[6.657900146489258,49.774534210168703],[6.657969545238462,49.774535613628856],[6.657967378574593,49.77458054804486],[6.658036777393304,49.774581951465684],[6.658106176217458,49.774583354844978],[6.65817557504706,49.774584758182733],[6.658173408569926,49.774629692604961],[6.658242807469033,49.774631095903402],[6.658312206373584,49.774632499160305],[6.658310040019127,49.774677433586561],[6.658379438993183,49.774678836804156],[6.658448837972685,49.774680239980192],[6.658446671740903,49.774725174410456],[6.65851607078991,49.774726577547199],[6.658585469844361,49.774727980642403],[6.658583303735257,49.774772915076682],[6.658652702859213,49.774774318132565],[6.658722101988613,49.774775721146909],[6.658719936002187,49.774820655585195],[6.658789335201091,49.774822058560233],[6.658858734405442,49.774823461493725],[6.658856568541694,49.774868395936039],[6.658925967815548,49.774869798830203],[6.658995367094845,49.774871201682842],[6.658993201353777,49.774916136129157],[6.659062600702579,49.774917538942482],[6.659132000056824,49.774918941714276],[6.659129834438436,49.774963876164605],[6.659199233862186,49.774965278897071],[6.659268633291379,49.774966681588012],[6.659338032726016,49.7749680842374],[6.65933586729437,49.775013018693969],[6.659405266798511,49.775014421304036],[6.659474666308093,49.775015823872579],[6.659472500999128,49.775060758333161],[6.659541900578215,49.77506216086239],[6.659611300162744,49.775063563350074],[6.659680699752717,49.775064965796226],[6.659678534630496,49.775109900263033],[6.659747934289972,49.775111302669856],[6.659745769226372,49.775156237138447],[6.659815168955351,49.77515763950597],[6.659884568689773,49.775159041831948],[6.659953968429637,49.775160444116388],[6.659951803552782,49.77520537859121],[6.660021203362149,49.775206780836342],[6.660090603176957,49.775208183039922],[6.660088438422786,49.775253117518766],[6.660157838307098,49.775254519683031],[6.660227238196851,49.775255921805758],[6.660225073565366,49.775300856288602],[6.660294473524622,49.775302258372015],[6.660363873489318,49.775303660413883],[6.66036170898052,49.775348594900748],[6.660431109014721,49.775349996903302],[6.660500509054361,49.775351398864316],[6.660569909099443,49.775352800783793],[6.660567744777393,49.77539773527689],[6.660637144891975,49.775399137157052],[6.660706545011999,49.775400538995669],[6.660704380812638,49.775445473492773],[6.660773781002165,49.775446875292069],[6.660843181197131,49.775448277049833],[6.660912581397537,49.775449678766059],[6.660910417384926,49.775494613269387],[6.660979817654834,49.775496014946292],[6.661049217930183,49.775497416581665],[6.661047054040261,49.775542351089001],[6.661116454385111,49.775543752685053],[6.661185854735399,49.775545154239559],[6.661255255091128,49.775546555752541],[6.661324655452296,49.775547957223978],[6.661322491813189,49.775592891739748],[6.661320328168649,49.775637826255107],[6.661318164518671,49.775682760770053],[6.661248763965314,49.775681359291966],[6.661246600245836,49.775726293804269],[6.661177199633853,49.775724892282433],[6.661179363417395,49.77567995777234],[6.661109962874914,49.77567855621119],[6.661040562337874,49.775677154608495],[6.661038398426204,49.775722089114147],[6.661036234509098,49.775767023619387],[6.660966833849368,49.775765621970734],[6.660964669862761,49.775810556473338],[6.661034070586555,49.775811958124216],[6.661031906658573,49.775856892628617],[6.661101307451871,49.775858294240159],[6.661099143582517,49.775903228746358],[6.661168544445317,49.775904630318585],[6.661237945313558,49.775906031849274],[6.661235781566897,49.775950966359495],[6.661305182504641,49.77595236785087],[6.661374583447822,49.775953769300692],[6.661372419823855,49.775998703814906],[6.661441820836541,49.776000105225421],[6.661511221854666,49.77600150659439],[6.661509058353391,49.776046441112626],[6.66157845944102,49.776047842442267],[6.661576295998374,49.776092776962294],[6.661645697155505,49.776094178252613],[6.661715098318074,49.776095579501401],[6.661712934998125,49.776140514025428],[6.661782336230196,49.776141915234895],[6.661851737467708,49.776143316402816],[6.661921138710654,49.77614471752922],[6.661918975577465,49.776189652059465],[6.661988376889917,49.776191053146533],[6.662057778207803,49.776192454192078],[6.662055615197312,49.776237388726329],[6.662125016584702,49.776238789732538],[6.662194417977529,49.776240190697209],[6.662263819375793,49.776241591620341],[6.662333220779495,49.776242992501935],[6.662402622188631,49.776244393341997],[6.662472023603205,49.776245794140515],[6.662469860971674,49.776290728687627],[6.662539262455751,49.77629212944683],[6.662608663945263,49.776293530164487],[6.66267806544021,49.776294930840606],[6.66268022787954,49.776249996286857],[6.66268239031344,49.776205061732661],[6.66275179168569,49.776206462362822],[6.662753954050089,49.776161527806011],[6.662684552741904,49.776160127178059],[6.662686715164934,49.776115192623045],[6.662617313926251,49.77611379195578],[6.662547912693004,49.776112391246969],[6.662550075238733,49.776067456695955],[6.662480674074986,49.77606605594783],[6.662411272916676,49.776064655158166],[6.662413435585102,49.77601972061116],[6.662344034496293,49.776018319782168],[6.662205232334984,49.776015517999575],[6.662207395190172,49.775970583458793],[6.662137994181737,49.775969182507417],[6.66206859317874,49.775967781514495],[6.661999192181179,49.775966380480028],[6.662001355223127,49.775921445945457],[6.66193195429507,49.775920044871675],[6.661862553372448,49.775918643756349],[6.661864716537091,49.775873709225799],[6.661795315683971,49.77587230807115],[6.661725914836289,49.775870906874964],[6.661728078123626,49.775825972348429],[6.661658677345446,49.775824571112928],[6.661589276572705,49.775823169835881],[6.661591439982735,49.775778235313346],[6.661522039279495,49.775776833996979],[6.661452638581694,49.77577543263908],[6.661454802114417,49.775730498120552],[6.661524202748153,49.775731899476227],[6.661526366211376,49.775686964955071],[6.661528529669162,49.775642030433488],[6.66159793018021,49.775643431743219],[6.661595766786486,49.775688366267012],[6.661665167367036,49.775689767537415],[6.661734567953023,49.775691168766272],[6.661732404681993,49.775736103294079],[6.661801805337482,49.775737504483615],[6.661871205998406,49.775738905631627],[6.66186904285007,49.775783840163434],[6.661938443580498,49.775785241272111],[6.662007844316362,49.775786642339256],[6.662077245057664,49.775788043364869],[6.662075082096085,49.775832977902894],[6.662144482906888,49.775834378889186],[6.662213883723128,49.775835779833933],[6.662211720884244,49.775880714375965],[6.662281121769984,49.775882115281391],[6.662350522661162,49.775883516145278],[6.662419923557777,49.775884916967627],[6.662417760905653,49.775929851515883],[6.662487161871767,49.775931252298918],[6.662556562843319,49.7759326530404],[6.66255440031389,49.775977587592692],[6.662623801354941,49.775978988294852],[6.662693202401428,49.775980388955475],[6.662691039994697,49.776025323511746],[6.662760441110685,49.776026724133047],[6.662829842232109,49.776028124712823],[6.662899243358967,49.776029525251047],[6.662897081139,49.776074459813543],[6.662966482335358,49.776075860312453],[6.663035883537152,49.776077260769817],[6.663033721439882,49.77612219533632],[6.663103122711176,49.776123595754363],[6.663172523987905,49.776124996130868],[6.663170362013334,49.776169930701371],[6.663239763359564,49.776171331038555],[6.663309164711228,49.776172731334199],[6.663307002859357,49.77621766590871],[6.663376404280521,49.776219066165027],[6.663445805707117,49.776220466379812],[6.663515207139149,49.776221866553058],[6.663513045474044,49.776266801133794],[6.663582446975576,49.776268201267726],[6.663651848482542,49.776269601360092],[6.66364968694014,49.776314535944834],[6.663719088516604,49.776315935997893],[6.663788490098501,49.776317336009406],[6.663857891685833,49.77631873597938],[6.663855730330199,49.776363670570333],[6.663925131987029,49.776365070500987],[6.663994533649293,49.776366470390109],[6.663992372416362,49.776411404985062],[6.664061774148125,49.776412804834855],[6.66413117588532,49.776414204643103],[6.664200577627948,49.77641560440982],[6.664198416581788,49.776460539010991],[6.664267818393914,49.776461938738386],[6.664337220211473,49.776463338424243],[6.664335059288017,49.776508273029414],[6.664404461175074,49.776509672675942],[6.664473863067564,49.776511072280925],[6.664471702266814,49.776556006890111],[6.664541104228803,49.776557406455765],[6.664610506196222,49.776558805979896],[6.664679908169075,49.776560205462459],[6.664677747555097,49.776605140077884],[6.664747149597448,49.77660653952114],[6.664816551645226,49.776607938922851],[6.664814391153957,49.776652873542261],[6.664883793271237,49.776654272904644],[6.664953195393947,49.776655672225502],[6.664951035025386,49.776700606848905],[6.665020437217594,49.776702006130428],[6.665089839415232,49.776703405370412],[6.665159241618301,49.776704804568851],[6.665157081436516,49.776749739198479],[6.665226483709084,49.776751138357596],[6.66529588598708,49.776752537475176],[6.665365288270507,49.776753936551216],[6.665363128275499,49.776798871187061],[6.665432530628423,49.776800270223767],[6.665430370692057,49.776845204861395],[6.665428210750263,49.776890139498597],[6.665358808269201,49.776888740457473],[6.665289405793569,49.77688734137481],[6.6652915658635,49.776842406742013],[6.665222163457366,49.77684100762],[6.665152761056662,49.77683960845647],[6.665083358661388,49.776838209251387],[6.665085518918097,49.776793274624822],[6.665016116592322,49.776791875380411],[6.664946714271976,49.776790476094462],[6.664948874651395,49.776745541471897],[6.664879472400549,49.776744142146619],[6.664877311957063,49.776789076766974],[6.664807909647578,49.776787677397955],[6.664805749134594,49.776832612015681],[6.664875151508147,49.77683401138691],[6.664872991053802,49.776878946006441],[6.664803588616182,49.776877546633003],[6.66480142809234,49.77692248124989],[6.664870830594031,49.776923880625546],[6.664868670128829,49.776968815244217],[6.6648665096582,49.777013749862483],[6.664862188700655,49.777103619097744],[6.664792785942689,49.777102219713242],[6.664790625391704,49.777147154328034],[6.66478846483529,49.777192088942421],[6.664857867721397,49.777193488331349],[6.664927270612933,49.777194887678725],[6.664925110179232,49.777239822297105],[6.664994513140271,49.777241221605152],[6.665063916106739,49.777242620871675],[6.665061755795748,49.777287555494063],[6.665131158831718,49.77728895472125],[6.665200561873117,49.777290353906899],[6.665269964919946,49.777291753051017],[6.665267804795739,49.777336687679615],[6.665337207912069,49.777338086784397],[6.665335047846504,49.777383021414764],[6.665332887775512,49.77742795604474],[6.665330727699093,49.777472890674289],[6.665400131013064,49.777474289744163],[6.665397970995288,49.777519224375496],[6.66546737437876,49.777520623406041],[6.665536777767663,49.777522022395047],[6.665534617872602,49.777566957030388],[6.665604021331004,49.777568355980065],[6.665601861494587,49.777613290617211],[6.665532457972114,49.777611891665316],[6.665463054455068,49.77761049267189],[6.665460894485083,49.777655427304168],[6.665530298066199,49.777656826299818],[6.665528138154856,49.777701760933887],[6.665597541805473,49.777703159890194],[6.665595381952776,49.777748094526075],[6.665664785672894,49.777749493443054],[6.665734189398443,49.777750892318501],[6.66580359312942,49.777752291152396],[6.665805752789901,49.777707356509886],[6.665807912444956,49.777662421866964],[6.665877316053219,49.777663820654901],[6.665875156462235,49.77770875530004],[6.665872996865826,49.777753689944753],[6.66587083726399,49.777798624589053],[6.665940241069896,49.777800023342081],[6.66600964488123,49.777801422053571],[6.666079048697993,49.777802820723522],[6.666148452520185,49.777804219351928],[6.666146293169211,49.777849154004663],[6.666215697060903,49.777850552593733],[6.666285100958023,49.777851951141272],[6.666287260180851,49.777807016484125],[6.666356664019326,49.777808414987909],[6.666426067863227,49.777809813450169],[6.666423908768545,49.777854748111722],[6.666421749668437,49.777899682772855],[6.666491153645911,49.777901081197996],[6.666560557628814,49.77790247958157],[6.666562716600777,49.77785754491601],[6.666632120525032,49.777858943255858],[6.666634279427498,49.777814008587669],[6.666703683293108,49.777815406883754],[6.666773087164147,49.777816805138308],[6.666911894922501,49.777819601522772],[6.666981298809818,49.777820999652711],[6.666983457386498,49.777776064973054],[6.667052861215167,49.777777463059223],[6.667055019722349,49.777732528376944],[6.667124423492374,49.777733926419373],[6.667193827267822,49.777735324420256],[6.667263231048698,49.777736722379615],[6.667332634834997,49.777738120297421],[6.667330476584104,49.777783054988539],[6.667326160066049,49.777872924369518],[6.667324001798887,49.777917859059372],[6.667321843526302,49.777962793748813],[6.66739124763839,49.77796419163613],[6.667393405846902,49.777919256944472],[6.667462809900344,49.777920654788041],[6.66753221395921,49.777922052590064],[6.667601618023501,49.777923450350535],[6.667603776034372,49.77787851565185],[6.667673180040015,49.777879913368579],[6.667671022093216,49.777924848069475],[6.667668864140997,49.777969782769972],[6.66773826828021,49.777971180449569],[6.667807672424847,49.777972578087642],[6.667809830248921,49.777927643382739],[6.667879234334912,49.777929040977057],[6.667881392089489,49.777884106269532],[6.667883549838646,49.777839171561588],[6.667885707582382,49.777794236853218],[6.66781630368861,49.777792839265516],[6.667818461490997,49.777747904558943],[6.667887865320695,49.777749302144429],[6.667890023053587,49.777704367435213],[6.667892180781056,49.777659432725599],[6.667822777079503,49.777658035144533],[6.667824934865623,49.777613100436689],[6.667755531233566,49.777611702816294],[6.667686127606934,49.777610305154354],[6.667616723985725,49.777608907450862],[6.667618881958639,49.777563972749235],[6.667549478406928,49.777562575006428],[6.667480074860641,49.777561177222076],[6.667482232956276,49.777516242524449],[6.667412829479484,49.777514844700768],[6.667343426008118,49.777513446835549],[6.667345584226474,49.777468512141908],[6.667276180824605,49.777467114237346],[6.66720677742816,49.77746571629126],[6.667208935769236,49.777420781601627],[6.667139532442288,49.777419383616206],[6.667070129120767,49.777417985589238],[6.667000725804671,49.777416587520733],[6.667002884332535,49.777371652837317],[6.666933481085937,49.777370254729476],[6.666864077844764,49.777368856580104],[6.666866236495347,49.777323921900681],[6.666796833323669,49.777322523711973],[6.66672743015742,49.777321125481734],[6.666729588930719,49.777276190806305],[6.666660185833967,49.777274792536737],[6.666590782742642,49.777273394225617],[6.666592941638658,49.777228459554195],[6.666523538616829,49.777227061203746],[6.666454135600428,49.77722566281178],[6.66645629461916,49.777180728144344],[6.666386891672256,49.777179329713036],[6.666317488730779,49.777177931240189],[6.66624808579473,49.777176532725797],[6.666250245000247,49.777131598064571],[6.666180842133696,49.77713019951085],[6.666111439272572,49.777128800915598],[6.666113598600803,49.777083866258387],[6.666044195809177,49.777082467623799],[6.665974793022978,49.777081068947659],[6.665905390242208,49.777079670229995],[6.665907549757224,49.777034735578994],[6.665838147045951,49.777033336822001],[6.665768744340107,49.77703193802347],[6.665770903977835,49.776987003376469],[6.665701501341489,49.776985604538595],[6.665632098710572,49.776984205659197],[6.665562696085082,49.776982806738268],[6.665564855909594,49.77693787209747],[6.665567015728676,49.77689293745626],[6.665636418226025,49.776894336372777],[6.665705820728805,49.776895735247763],[6.665775223237013,49.776897134081203],[6.665773063610136,49.776942068729049],[6.665842466187842,49.776943467523161],[6.665911868770976,49.776944866275734],[6.665981271359538,49.776946264986769],[6.665979111919444,49.776991199640818],[6.666048514577503,49.776992598312525],[6.666117917240991,49.776993996942693],[6.66611575792361,49.77703893160075],[6.666185160656595,49.777040330191582],[6.666254563395007,49.777041728740883],[6.666323966138847,49.777043127248646],[6.66632180700825,49.777088061912913],[6.666391209821588,49.77708946038134],[6.666460612640352,49.777090858808229],[6.666458453632469,49.777135793476489],[6.66652785652073,49.77713719186405],[6.666597259414418,49.777138590210079],[6.666666662313533,49.777139988514563],[6.666664503492435,49.77718492318904],[6.666733906461047,49.777186321454195],[6.666803309435085,49.777187719677812],[6.666801150736704,49.777232654356297],[6.66687055378024,49.777234052540578],[6.6669399568292,49.777235450683314],[6.667009359883588,49.777236848784518],[6.667007201371995,49.777281783469199],[6.667076604495878,49.777283181531082],[6.667146007625186,49.777284579551413],[6.667143849236311,49.777329514240101],[6.667213252435116,49.777330912221103],[6.667282655639347,49.777332310160574],[6.667280497373189,49.777377244853255],[6.667349900646916,49.777378642753391],[6.667419303926068,49.777380040611988],[6.667488707210645,49.777381438429039],[6.667486549131278,49.777426373127916],[6.667555952485351,49.777427770905646],[6.667625355844849,49.777429168641838],[6.667623197888202,49.777474103344723],[6.667692601317194,49.777475501041579],[6.667762004751611,49.777476898696889],[6.667759846917685,49.777521833403789],[6.667829250421598,49.777523231019771],[6.667898653930936,49.777524628594215],[6.667968057445698,49.777526026127113],[6.667965899798564,49.777570960840201],[6.668035303382821,49.777572358333778],[6.668104706972501,49.777573755785802],[6.668102549448091,49.777618690502884],[6.668171953107266,49.777620087915601],[6.668241356771865,49.777621485286758],[6.668310760441886,49.77762288261637],[6.668308603104271,49.777667817339669],[6.668378006843787,49.777669214629952],[6.668447410588727,49.777670611878705],[6.66851681433909,49.777672009085919],[6.668514657188271,49.777716943815399],[6.668584061008128,49.777718340983284],[6.668653464833407,49.777719738109624],[6.668651307805312,49.777764672843105],[6.668720711700087,49.777766069930109],[6.668790115600283,49.777767466975575],[6.668787958694915,49.777812401713057],[6.668857362664605,49.777813798719201],[6.668926766639717,49.777815195683779],[6.668924609857075,49.777860130425275],[6.668994013901683,49.777861527350524],[6.669063417951711,49.777862924234235],[6.66913282200716,49.777864321076414],[6.669130665411317,49.777909255824106],[6.669200069536262,49.77791065262695],[6.669269473666627,49.777912049388249],[6.669338877802412,49.777913446108009],[6.669336721393371,49.777958380861897],[6.669406125598651,49.777959777542321],[6.669475529809351,49.777961174181208],[6.669473373523038,49.778006108939088],[6.669542777803232,49.778007505538639],[6.669612182088847,49.778008902096659],[6.669610025925263,49.77805383685854],[6.669679430280371,49.778055233377216],[6.6697488346409,49.778056629854355],[6.669818239006847,49.778058026289941],[6.669816083030066,49.778102961058032],[6.669885487465509,49.778104357454296],[6.669954891906369,49.778105753809015],[6.669952736052321,49.778150688581093],[6.670022140562676,49.778152084896476],[6.670091545078447,49.778153481170321],[6.670089389347132,49.778198415946392],[6.670158793932399,49.778199812180901],[6.670228198523084,49.778201208373872],[6.670297603119188,49.778202604525305],[6.670295447574678,49.778247539307571],[6.670364852240276,49.778248935419654],[6.670434256911291,49.778250331490213],[6.670503661587724,49.778251727519226],[6.670501506230023,49.778296662307689],[6.670570910975949,49.778298058297374],[6.670640315727293,49.778299454245499],[6.670638160492325,49.778344389037962],[6.670707565313162,49.778345784946765],[6.670776970139417,49.778347180814023],[6.670774815027184,49.778392115610465],[6.670844219922931,49.778393511438395],[6.670913624824096,49.778394907224765],[6.670983029730677,49.778396302969604],[6.670980874805255,49.778441237772263],[6.671050279781329,49.778442633477766],[6.671119684762821,49.778444029141731],[6.671117529960135,49.778488963948384],[6.671186935011119,49.778490359572999],[6.671256340067518,49.778491755156082],[6.671325745129333,49.778493150697628],[6.671323590513461,49.778538085510462],[6.671392995644769,49.778539481012665],[6.671462400781492,49.778540876473336],[6.671531805923632,49.778542271892455],[6.671533960347276,49.778497337073013],[6.671603365430755,49.778498732448384],[6.671672770519651,49.778500127782209],[6.671670616224158,49.778545062606071],[6.671740021382544,49.778546457900575],[6.671809426546345,49.778547853153526],[6.671807272373592,49.778592787981388],[6.671876677606885,49.778594183194997],[6.671946082845592,49.778595578367081],[6.672015488089714,49.778596973497606],[6.672154298594203,49.778599763634055],[6.672223703854569,49.778601158639965],[6.672293109120349,49.778602553604337],[6.672295262844569,49.778557618761042],[6.672364668051687,49.778559013681658],[6.672434073264217,49.778560408560736],[6.672503478482162,49.778561803398276],[6.67257288370552,49.77856319819427],[6.672575037168025,49.778518263341745],[6.67264444233272,49.778519658093991],[6.672713847502828,49.778521052804706],[6.67278325267835,49.778522447473868],[6.672785405943215,49.778477512614316],[6.672924216182343,49.77848030182362],[6.672993621310026,49.778481696365951],[6.672995774377254,49.778436761499357],[6.673065179446273,49.778438155997954],[6.673134584520705,49.778439550454998],[6.673136737454369,49.778394615583601],[6.673206142470137,49.778396009996889],[6.673208295334318,49.77835107512287],[6.673210448193087,49.778306140248404],[6.673349257984556,49.778308928941584],[6.673347105253938,49.778353863820435],[6.673416510221865,49.778355258106913],[6.673485915195203,49.77835665235186],[6.673483762587326,49.778401587234697],[6.673553167630151,49.778402981440301],[6.673622572678386,49.778404375604346],[6.673691977732034,49.778405769726866],[6.673761382791091,49.778407163807834],[6.673759230434109,49.778452098699077],[6.673689825310976,49.778450704615899],[6.673687672884509,49.778495639504527],[6.673685520452634,49.778540574392729],[6.673754925703919,49.778541968480312],[6.673824330960616,49.778543362526335],[6.673893736222723,49.778544756530842],[6.673891583977669,49.778589691425218],[6.673960989309263,49.778591085390374],[6.674030394646267,49.778592479313993],[6.674169205336503,49.7785952670366],[6.674308016048379,49.778598054593033],[6.674377421412431,49.778599448308945],[6.674446826781892,49.778600841983312],[6.674516232156761,49.778602235616127],[6.674518383825125,49.778557300701927],[6.674587789141327,49.778558694290993],[6.674657194462938,49.778560087838528],[6.674726599789957,49.778561481344525],[6.674796005122384,49.778562874808969],[6.674798156529038,49.778517939885532],[6.674867561802795,49.778519333306242],[6.674869713139966,49.778474398380162],[6.67487186447173,49.778429463453705],[6.674941269622744,49.778430856828457],[6.674943420885026,49.778385921899371],[6.675012825977371,49.778387315230383],[6.675010674779165,49.778432250161686],[6.675008523575554,49.778477185092555],[6.67507792880146,49.778478578386434],[6.675147334032773,49.778479971638767],[6.675216739269493,49.778481364849561],[6.67528614451162,49.778482758018825],[6.675355549759154,49.778484151146536],[6.67535339887052,49.778529086088014],[6.675422804187538,49.778530479176389],[6.675492209509963,49.778531872223219],[6.675561614837794,49.778533265228504],[6.675631020171032,49.77853465819225],[6.675769830853725,49.778537443995106],[6.675839236203181,49.778538836834223],[6.675908641558043,49.778540229631794],[6.675906491176617,49.778585164590474],[6.67597589660096,49.778586557348703],[6.676045302030709,49.778587950065393],[6.676253518352387,49.77859212796622],[6.676322923803756,49.778593520516743],[6.67639232926053,49.778594913025728],[6.676461734722708,49.778596305493167],[6.67653114019029,49.778597697919061],[6.676600545663277,49.778599090303416],[6.676669951141667,49.77860048264624],[6.676739356625461,49.778601874947512],[6.676737207007559,49.778646809932148],[6.676806612560833,49.778648202194077],[6.676945423683593,49.77865098659332],[6.677014829253078,49.778652378730612],[6.677084234827968,49.778653770826367],[6.677223045993951,49.778656554893267],[6.677292451585047,49.778657946864406],[6.677431262783447,49.778660730682041],[6.677429113800915,49.778705665688271],[6.677498519472295,49.778707057536977],[6.677567925149079,49.778708449344137],[6.677637330831264,49.778709841109759],[6.677706736518848,49.778711232833835],[6.677776142211836,49.778712624516366],[6.677845547910223,49.778714016157366],[6.677914953614012,49.77871540775682],[6.677984359323203,49.778716799314722],[6.678123170757786,49.778719582305911],[6.678192576483178,49.77872097373919],[6.67826198221397,49.778722365130925],[6.678331387950163,49.778723756481121],[6.678400793691756,49.778725147789778],[6.678470199438746,49.77872653905689],[6.678468051411985,49.778771474095677],[6.678537457228455,49.778772865323454],[6.678535309260373,49.778817800364024],[6.67860471514632,49.778819191552437],[6.678606863050324,49.778774256509671],[6.678609010948931,49.778729321466479],[6.678678416712121,49.778730712608954],[6.678747822480712,49.778732103709892],[6.678817228254701,49.778733494769305],[6.678815080548329,49.778778429819084],[6.678884486391794,49.778779820839141],[6.678953892240659,49.778781211817652],[6.679023298094922,49.778782602754617],[6.679092703954582,49.778783993650038],[6.679090556499127,49.778828928708187],[6.679159962428265,49.778830319564278],[6.679229368362801,49.778831710378803],[6.679298774302736,49.778833101151797],[6.679300921565956,49.778788166087054],[6.679370327447209,49.778789556816314],[6.679368180248066,49.778834491883259],[6.679437586198797,49.778835882573169],[6.679506992154923,49.778837273221534],[6.679504845078542,49.778882208292465],[6.679574251104144,49.77888359890148],[6.679576398116447,49.77883866382836],[6.679645804083369,49.77884005439364],[6.679715210055686,49.778841444917383],[6.679784616033401,49.778842835399573],[6.679782469213334,49.778887770479287],[6.679851875260525,49.778889160922141],[6.679921281313113,49.778890551323443],[6.679990687371094,49.778891941683213],[6.680060093434474,49.778893332001431],[6.680062239998227,49.778848396912913],[6.680064386556585,49.778803461824005],[6.680066533109549,49.778758526734663],[6.680135938986088,49.778759917004749],[6.680133792497202,49.778804852096286],[6.680203198443216,49.778806242327022],[6.680201052013015,49.778851177420343],[6.680270458028502,49.778852567611736],[6.680339864049387,49.778853957761577],[6.680409270075667,49.778855347869893],[6.680548082144409,49.778858127961875],[6.680617488186873,49.778859517945563],[6.680619634232603,49.778814582839068],[6.680689040216381,49.778815972779007],[6.680686894234731,49.778860907887697],[6.680756300287984,49.778862297788294],[6.680895112410674,49.778865077464857],[6.681033924554939,49.778867856975246],[6.681103330635163,49.778869246668123],[6.681101185032594,49.778914181789588],[6.681170591182291,49.778915571443115],[6.681239997337379,49.778916961055103],[6.681309403497862,49.778918350625553],[6.681448215835006,49.778921129641809],[6.681517622011667,49.778922519087637],[6.681587028193722,49.778923908491905],[6.68165643438117,49.778925297854634],[6.681725840574008,49.778926687175826],[6.68179524677224,49.778928076455465],[6.681934059184877,49.778930854890127],[6.682003465399285,49.778932244045137],[6.682072871619082,49.778933633158616],[6.682142277844273,49.778935022230549],[6.682350496552188,49.778939189197075],[6.682352641001335,49.778894254036096],[6.682422047184008,49.778895642939652],[6.682419902798941,49.778940578102826],[6.682489309051085,49.778941966967039],[6.682766934113562,49.778947522008465],[6.682836340392656,49.778948910664958],[6.682838484393248,49.778903975488618],[6.682907890613651,49.778905364101377],[6.682977296839446,49.77890675267259],[6.683046703070628,49.778908141202265],[6.683116109307202,49.778909529690388],[6.683118253046087,49.778864594504888],[6.683187659223968,49.77886598294927],[6.683189802893389,49.778821047761134],[6.683191946557422,49.778776112572565],[6.683194090216068,49.778731177383605],[6.683196233869328,49.778686242194212],[6.683198377517202,49.778641307004399],[6.683267783380078,49.778642695396279],[6.683269926958487,49.778597760203859],[6.68327207053151,49.778552825011012],[6.683274214099146,49.778507889817739],[6.683276357661396,49.778462954624082],[6.683345763273348,49.778464342965641],[6.683347906766134,49.778419407769348],[6.683417312319396,49.778420796067174],[6.683486717878047,49.77842218432346],[6.683556123442085,49.778423572538195],[6.683558266737253,49.77837863733491],[6.683627672242602,49.778380025505911],[6.683625529011512,49.778424960711391],[6.683694934586325,49.778426348843048],[6.683764340166528,49.77842773693316],[6.683762197058209,49.77847267214262],[6.683831602707874,49.778474060193382],[6.683901008362929,49.778475448202606],[6.683898865377381,49.778520383416016],[6.683968271101899,49.77852177138589],[6.683966128175045,49.778566706601083],[6.683963985242805,49.778611641815857],[6.683961842305181,49.778656577030212],[6.684031248227321,49.77865796496512],[6.684100654154849,49.778659352858483],[6.684170060087764,49.778660740710308],[6.68430887196975,49.778663516289321],[6.684378277918825,49.778664904016516],[6.684447683873282,49.778666291702159],[6.684586495798357,49.778669066948837],[6.684655901768973,49.778670454509857],[6.684653759466752,49.778715389745742],[6.684723165506831,49.778716777267412],[6.684725307744973,49.778671842029333],[6.684794713726359,49.77867322950727],[6.68486411971313,49.778674616943661],[6.684933525705286,49.778676004338514],[6.68493138365938,49.77872093958316],[6.685000789721,49.77872232693867],[6.685070195788004,49.778723714252614],[6.685139601860392,49.778725101525026],[6.685209007938163,49.778726488755893],[6.685211149727754,49.77868155350248],[6.685280555746832,49.77868294068962],[6.685278414021322,49.778727875945229],[6.685417226203785,49.778730650199243],[6.685486632303092,49.778732037263943],[6.685556038407784,49.778733424287097],[6.685625444517856,49.778734811268706],[6.685694850633315,49.778736198208776],[6.685764256754154,49.778737585107294],[6.685762115471817,49.778782520377831],[6.685831521662119,49.778783907236992],[6.685900927857804,49.778785294054629],[6.685903069011982,49.778740358779707],[6.685972475148969,49.77874174555361],[6.686041881291339,49.77874313228596],[6.686180693592226,49.778745905626039],[6.686178552694364,49.778790840909707],[6.68624795891696,49.778792227519624],[6.686317365144936,49.778793614088002],[6.686386771378294,49.778795000614821],[6.686456177617034,49.778796387100115],[6.686525583861155,49.778797773543843],[6.686523443278313,49.778842708838056],[6.686592849591894,49.778844095242434],[6.686662255910856,49.778845481605288],[6.68666439636554,49.778800546306698],[6.686733802625802,49.778801932625804],[6.686803208891446,49.778803318903378],[6.686801068564923,49.778848254206338],[6.686870474900027,49.778849640444548],[6.686939881240511,49.77885102664122],[6.687009287586374,49.778852412796354],[6.687011427720657,49.778807477486815],[6.687080834007821,49.778808863598201],[6.687150240300364,49.778810249668048],[6.687148100294241,49.778855184981964],[6.687217506656244,49.778856571012469],[6.687356319396388,49.778859342948834],[6.687425725774529,49.778860728854696],[6.687495132158049,49.778862114719018],[6.687492992466948,49.778907050043479],[6.687562398919926,49.778908435868445],[6.687631805378284,49.778909821651872],[6.687701211842018,49.778911207393747],[6.687770618311132,49.778912593094091],[6.687840024785624,49.778913978752882],[6.687909431265493,49.778915364370135],[6.687978837750741,49.77891674994585],[6.688048244241367,49.778918135480012],[6.68811765073737,49.778919520972629],[6.688187057238749,49.7789209064237],[6.688395276775152,49.778925062527676],[6.688464683298039,49.778926447812566],[6.688534089826304,49.778927833055931],[6.688603496359945,49.778929218257737],[6.688601357688754,49.778974153616815],[6.68867076429185,49.778975538779278],[6.688740170900324,49.778976923900196],[6.688809577514173,49.778978308979561],[6.688878984133398,49.778979694017394],[6.688948390757998,49.778981079013676],[6.689017797387975,49.778982463968418],[6.689087204023325,49.778983848881609],[6.689156610664052,49.778985233753268],[6.689154472500133,49.77903016912942],[6.689223879210315,49.779031553961715],[6.689362692646802,49.779034323501683],[6.689432099373109,49.779035708209342],[6.68942996146014,49.779080643593858],[6.689568775057038,49.77908341288893],[6.689570912841843,49.779038477500045],[6.689640319584272,49.779039862083081],[6.689638181863547,49.779084797474141],[6.689776995492687,49.779087566519962],[6.689846402315318,49.779088950980544],[6.689915809143322,49.779090335399601],[6.689985215976698,49.779091719777099],[6.689983078571009,49.779136655178689],[6.690121892382043,49.779139423813426],[6.690191299295621,49.77914080806849],[6.690260706214571,49.779142192281995],[6.690330113138893,49.779143576453968],[6.690468927003653,49.779146344673272],[6.690538333944091,49.779147728720602],[6.690677147841083,49.779150496690654],[6.690746554797636,49.779151880613355],[6.69081596175956,49.779153264494511],[6.69081382511748,49.779198199921922],[6.690883232148857,49.779199583763713],[6.690952639185605,49.779200967563973],[6.691091453275213,49.779203735039857],[6.69108931688409,49.77924867047561],[6.691158724001033,49.779250054153408],[6.691156587668624,49.77929498959093],[6.691225994855019,49.779296373229371],[6.691223858581324,49.779341308668648],[6.691293265837172,49.779342692267747],[6.691362673098388,49.7793440758253],[6.691432080364976,49.7793454593413],[6.691501487636933,49.779346842815769],[6.69157089491426,49.779348226248679],[6.691640302196955,49.779349609640057],[6.691779116778455,49.779352376298156],[6.691776981012053,49.779397311754515],[6.691846388374938,49.779398695023445],[6.691985203116816,49.779401461436656],[6.691987338690971,49.779356525973753],[6.692056746005878,49.779357909115852],[6.692126153326156,49.779359292216412],[6.692195560651801,49.779360675275434],[6.692193425269895,49.779405610744902],[6.692262832664992,49.779406993764553],[6.692332240065455,49.77940837674268],[6.692401647471288,49.779409759679233],[6.692403782660945,49.779364824203213],[6.692473190008061,49.779366207096047],[6.692542597360545,49.779367589947341],[6.692681412081614,49.779370355525295],[6.692750819450199,49.779371738251953],[6.692752954314077,49.779326802764601],[6.692822361623946,49.779328185447525],[6.69282022682415,49.779373120937059],[6.692889634203468,49.779374503580648],[6.692959041588153,49.779375886182656],[6.693028448978202,49.77937726874314],[6.693097856373619,49.779378651262078],[6.693167263774402,49.779380033739464],[6.69323667118055,49.779381416175319],[6.693306078592063,49.779382798569621],[6.693303944235483,49.779427734074041],[6.693442759202773,49.779430498742386],[6.693512166694465,49.779431881014233],[6.693581574191523,49.779433263244535],[6.693650981693944,49.779434645433305],[6.693720389201731,49.779436027580516],[6.693718255224288,49.77948096309764],[6.693787662801522,49.779482345205487],[6.693785528882799,49.779527280724359],[6.693783394958714,49.779572216242819],[6.693781261029266,49.77961715176086],[6.693711853259781,49.779615769646448],[6.693709719260888,49.779660705161888],[6.693707585256633,49.779705640676923],[6.693705451247014,49.779750576191525],[6.693774859208752,49.779751958312474],[6.693772725257856,49.779796893828859],[6.693842133289043,49.779798275910466],[6.693911541325595,49.779799657950512],[6.693980949367509,49.779801039949014],[6.693978815603504,49.779845975471524],[6.694048223714868,49.779847357430661],[6.694117631831594,49.779848739348274],[6.694187039953686,49.779850121224328],[6.694184906376575,49.779895056752963],[6.694254314568114,49.779896438589653],[6.694252181049725,49.779941374120064],[6.694321589310714,49.779942755917396],[6.694390997577064,49.779944137673176],[6.694460405848778,49.779945519387425],[6.694529814125854,49.779946901060114],[6.694527680858446,49.779991836598839],[6.69459708920497,49.779993218232178],[6.694666497556859,49.779994599823958],[6.69466436441226,49.780039535366626],[6.694733772833594,49.780040916919056],[6.694803181260292,49.780042298429933],[6.694801048238505,49.780087233976559],[6.694870456734649,49.780088615448072],[6.694939865236158,49.78008999687804],[6.694937732337181,49.780134932428616],[6.695145958066131,49.780139076475777],[6.695148090772849,49.780094140918671],[6.695217499295802,49.780095522182464],[6.695219631933076,49.780050586622735],[6.695289040397304,49.780051967842802],[6.695286907824118,49.780096903404697],[6.695356316357794,49.780098284585385],[6.695425724896829,49.780099665724542],[6.695423592446455,49.780144601290388],[6.695493001054938,49.780145982390174],[6.695490868663291,49.780190917957782],[6.695560277341222,49.780192299018204],[6.695558145008303,49.780237234587574],[6.695556012670025,49.780282170156539],[6.69555388032639,49.780327105725078],[6.69562328920194,49.780328486750506],[6.695621156917033,49.780373422320821],[6.695690565862029,49.780374803306877],[6.695688433635851,49.78041973887894],[6.695757842650296,49.780421119825633],[6.695827251670099,49.780422500730786],[6.695825119566738,49.780467436306793],[6.695894528655988,49.780468817172583],[6.695963937750599,49.78047019799682],[6.695961805770055,49.780515133576785],[6.696031214934112,49.780516514361658],[6.69610062410353,49.780517895104985],[6.696170033278307,49.780519275806753],[6.696239442458442,49.78052065646699],[6.696308851643936,49.780522037085674],[6.696378260834789,49.780523417662813],[6.696447670031,49.780524798198407],[6.696517079232571,49.780526178692448],[6.696514947759369,49.780571114289451],[6.696584357030385,49.780572494744135],[6.69665376630676,49.780573875157259],[6.696651634956377,49.780618810758213],[6.696721044302198,49.78062019113198],[6.696790453653375,49.780621571464195],[6.696788322425814,49.780666507069093],[6.696857731846437,49.780667887361943],[6.696927141272418,49.780669267613256],[6.696996550703758,49.780670647823023],[6.696994419663105,49.780715583434038],[6.697063829163889,49.780716963604434],[6.697061698181972,49.780761899217218],[6.697131107752201,49.780763279348243],[6.697200517327787,49.780764659437715],[6.697198386468691,49.780809595054457],[6.697196255604241,49.780854530670759],[6.697265665313361,49.780855910723055],[6.697263534507644,49.780900846341126],[6.69733294428621,49.780902226354044],[6.697402354070134,49.780903606325431],[6.697471763859413,49.780904986255273],[6.697469633240608,49.78094992187949],[6.697539043099334,49.780951301769946],[6.697536912539266,49.780996237395897],[6.697606322467436,49.780997617247003],[6.697675732400961,49.780998997056557],[6.697673601963718,49.781043932686465],[6.697743011966689,49.781045312456655],[6.697740881588182,49.781090248088312],[6.697810291660599,49.781091627819137],[6.697879701738372,49.781093007508403],[6.697877571482691,49.781137943144017],[6.697946981629908,49.781139322793919],[6.697944851432966,49.781184258431296],[6.698014261649627,49.781185638041833],[6.698083671871645,49.781187017610819],[6.69808154179753,49.781231953252146],[6.698150952088992,49.781233332781767],[6.698148822073614,49.781278268424835],[6.698218232434523,49.781279647915092],[6.698216102477883,49.781324583559929],[6.698285512908236,49.781325963010822],[6.698354923343943,49.781327342420155],[6.698352793510133,49.781372278068936],[6.698422204015286,49.781373657438913],[6.698420074240215,49.781418593089448],[6.698489484814813,49.781419972420053],[6.698558895394764,49.781421351709113],[6.698556765742524,49.781466287363592],[6.698626176391921,49.781467666613274],[6.69862404679842,49.78151260226953],[6.698693457517261,49.78151398147984],[6.698691327982501,49.781558917137851],[6.698621917199567,49.781557537925359],[6.698619787595364,49.781602473580776],[6.698617657985809,49.781647409235774],[6.698615528370902,49.781692344890345],[6.698613398750644,49.781737280544512],[6.698611269125034,49.781782216198259],[6.698609139494073,49.78182715185158],[6.698678550661558,49.78182853107716],[6.698747961834399,49.781829910261173],[6.698745832326271,49.781874845918452],[6.698743702812792,49.781919781575304],[6.698813114119171,49.781921160722135],[6.698810984664434,49.781966096380735],[6.69888039604026,49.781967475488209],[6.698878266644265,49.782012411148585],[6.698947678089536,49.782013790216673],[6.698945548752284,49.782058725878819],[6.699014960267002,49.782060104907551],[6.699012830988492,49.782105040571444],[6.699082242572658,49.782106419560797],[6.69908011335289,49.782151355226461],[6.699149525006502,49.782152734176449],[6.699147395845479,49.782197669843875],[6.699216807568536,49.782199048754485],[6.699214678466257,49.782243984423673],[6.699212549358627,49.782288920092434],[6.699281961215227,49.782290298965862],[6.699279832166342,49.782335234636378],[6.699277703112104,49.782380170306503],[6.699347115102245,49.782381549142727],[6.699349244092387,49.782336613470434],[6.699418656023784,49.782337992262939],[6.699416527097737,49.782382927937419],[6.69955535110478,49.782385685402133],[6.699553222301572,49.782430621080543],[6.699551093493016,49.782475556758527],[6.699620505632755,49.782476935432918],[6.699618376882944,49.782521871112671],[6.699616248127784,49.782566806792005],[6.699614119367275,49.78261174247092],[6.69968353170465,49.782613121110302],[6.699752944047378,49.782614499708131],[6.69975081540971,49.782659435390975],[6.699820227821885,49.782660813949441],[6.699818099242964,49.782705749634069],[6.699887511724586,49.782707128153156],[6.699885383204412,49.782752063839531],[6.69995479575548,49.78275344231924],[6.700024208311901,49.782754820757404],[6.700093620873672,49.782756199154015],[6.700091492540438,49.782801134846515],[6.700089364201855,49.782846070538596],[6.70015877689717,49.782847448898011],[6.700156648617335,49.782892384591854],[6.700154520332152,49.782937320285278],[6.700223933161011,49.782938698607502],[6.700221804934577,49.782983634302695],[6.700291217832883,49.782985012585542],[6.700289089665198,49.783029948282483],[6.700358502632951,49.783031326525965],[6.700356374524016,49.783076262224675],[6.700425787561216,49.783077640428786],[6.70042365951103,49.783122576129252],[6.700493072617677,49.783123954293977],[6.700490944626242,49.783168889996205],[6.700560357802337,49.783170268121559],[6.70055822986965,49.783215203825549],[6.700627643115193,49.783216581911539],[6.700625515241258,49.783261517617298],[6.700623387361976,49.783306453322631],[6.700692800741064,49.783307831371417],[6.700762214125502,49.783309209378658],[6.700760086369069,49.78335414508792],[6.700829499822955,49.783355523055782],[6.700827372125273,49.78340045876682],[6.700825244422245,49.783445394477432],[6.700894658009677,49.783446772408098],[6.7008925303654,49.783491708120479],[6.70096194402228,49.783493086011774],[6.700959816436756,49.783538021725917],[6.700957688845885,49.783582957439627],[6.701027102636313,49.783584335293725],[6.701024975104194,49.783629271009197],[6.701094388964069,49.78363064882393],[6.701163802829292,49.783632026597111],[6.701161675420028,49.783676962316513],[6.7012310893547,49.783678340050315],[6.701228962004189,49.783723275771486],[6.70122683464833,49.783768211492252],[6.701296248716551,49.78376958918885],[6.701294121419447,49.783814524911357],[6.701363535557116,49.783815902568591],[6.701361408318766,49.783860838292867],[6.701359281075071,49.783905774016738],[6.701428695346287,49.783907151636761],[6.701498109622853,49.783908529215246],[6.701495982502014,49.783953464943025],[6.701493855375828,49.783998400670413],[6.701491728244298,49.784043336397374],[6.701561142718512,49.784044713940837],[6.701559015645738,49.784089649669546],[6.701628430189401,49.784091027173631],[6.701626303175383,49.784135962904109],[6.701624176156018,49.784180898634183],[6.701693590833232,49.784182276101063],[6.701691463872624,49.784227211832885],[6.701689336906672,49.784272147564295],[6.701758751717438,49.784273524993971],[6.701756624810241,49.784318460727143],[6.701826039690455,49.78431983811744],[6.701823912842016,49.784364773852374],[6.701821785988233,49.784409709586875],[6.701819659129105,49.784454645320977],[6.701889074206973,49.784456022676252],[6.701886947406602,49.78450095841211],[6.701884820600887,49.784545894147541],[6.701954235812308,49.784547271465627],[6.701952109065351,49.78459220720282],[6.70194998231305,49.784637142939587],[6.701947855555403,49.784682078675957],[6.702017270964481,49.784683455959005],[6.702015144265593,49.784728391697129],[6.702013017561361,49.784773327434827],[6.702082433103993,49.7847747046807],[6.70208030645852,49.784819640420146],[6.702078179807704,49.784864576159187],[6.702147595483889,49.784865953367849],[6.702145468891832,49.784910889108659],[6.702143342294431,49.784955824849042],[6.702212758104172,49.7849572020205],[6.702210631565531,49.785002137762646],[6.702208505021546,49.78504707350438],[6.702277920964842,49.785048450638634],[6.702275794479618,49.785093386382115],[6.70227366798905,49.785138322125178],[6.702271541493136,49.785183257867843],[6.702340957634097,49.785184634967067],[6.702338831196945,49.785229570711479],[6.70226941499188,49.785228193610067],[6.702265161973336,49.785318065093286],[6.702334578306611,49.785319442199054],[6.702332451853428,49.785364377942216],[6.702330325394902,49.785409313684951],[6.702399741861734,49.785410690753515],[6.70239761546197,49.785455626498006],[6.702395489056861,49.785500562242099],[6.70239336264641,49.785545497985758],[6.702462779310908,49.785546875019293],[6.702460652959218,49.785591810764728],[6.702458526602185,49.785636746509738],[6.702527943400242,49.785638123506061],[6.702525817101973,49.785683059252825],[6.70252369079836,49.785727994999178],[6.702521564489403,49.785772930745118],[6.702519438175103,49.785817866490618],[6.702517311855458,49.785862802235727],[6.702515185530469,49.785907737980409],[6.70251305920014,49.785952673724672],[6.702510932864464,49.785997609468517],[6.702580350180729,49.785998986440703],[6.702578223903818,49.786043922186309],[6.702576097621565,49.786088857931496],[6.702573971333966,49.786133793676264],[6.702571845041025,49.786178729420627],[6.70264126261907,49.786180106359964],[6.702639136384894,49.786225042106075],[6.702634883900513,49.786314913597046],[6.70270430167623,49.786316290501354],[6.702700049298692,49.786406161995018],[6.702695796899782,49.786496033487005],[6.702626378867625,49.786494656573993],[6.70262212631912,49.786584528059961],[6.702691544479498,49.786585904977322],[6.702760962645222,49.78658728185313],[6.702758836491174,49.786632217599838],[6.702756710331784,49.78667715334614],[6.702826128631075,49.78667853018473],[6.702824002530452,49.786723465932788],[6.702893420899199,49.786724842732013],[6.702891294857343,49.786769778481826],[6.702960713295546,49.786771155241667],[6.70295858731246,49.786816090993234],[6.70295646132403,49.786861026744383],[6.702954335330258,49.786905962495119],[6.702952209331143,49.786950898245443],[6.702950083326686,49.786995833995327],[6.702947957316883,49.787040769744827],[6.702945831301738,49.787085705493894],[6.702876412414754,49.787084328718819],[6.702874286330154,49.787129264465285],[6.702872160240211,49.787174200211346],[6.702867908044296,49.787264071702211],[6.702865781938323,49.787309007447014],[6.70279636273612,49.787307630619523],[6.702726943539263,49.787306253750458],[6.702657524347751,49.787304876839826],[6.702588105161586,49.787303499887649],[6.702585978793818,49.787348435623343],[6.702583852420705,49.787393371358604],[6.702514433111659,49.787391994360519],[6.70251230666909,49.787436930093193],[6.702510180221176,49.787481865825455],[6.702579599658448,49.787483242827882],[6.702577473269305,49.787528178561899],[6.702508053767919,49.787526801557284],[6.702505927309316,49.787571737288722],[6.702575346874816,49.787573114295505],[6.702573220474984,49.787618050028691],[6.702642640109945,49.787619426996095],[6.702638387422477,49.787709298465558],[6.702568967659289,49.787707921493798],[6.702566841243425,49.787752857225726],[6.702564714822215,49.787797792957242],[6.702562588395663,49.787842728688339],[6.702560461963767,49.787887664419024],[6.702491041949465,49.787886287396987],[6.70248891544811,49.787931223125071],[6.702419495375039,49.78792984605932],[6.702417368804223,49.787974781784811],[6.702415242228064,49.788019717509883],[6.702345822032108,49.78801834039821],[6.702343695386489,49.788063276120695],[6.702274275131765,49.788061898965296],[6.702272148416685,49.788106834685181],[6.702202728103193,49.788105457486047],[6.702200601318651,49.788150393203345],[6.702270021696259,49.78815177040466],[6.70226789497049,49.788196706123713],[6.702265768239373,49.788241641842347],[6.702196347733534,49.788240264636684],[6.702194220932958,49.788285200352718],[6.702192094127036,49.788330136068353],[6.702122673498309,49.788328758816768],[6.70205325287493,49.788327381523629],[6.702051125935431,49.78837231723449],[6.702048998990585,49.788417252944932],[6.701979578244321,49.788415875605885],[6.701910157503404,49.788414498225272],[6.701908030424979,49.788459433930939],[6.701977451230013,49.788460811313726],[6.702046872040394,49.788462188654954],[6.702116292856124,49.788463565954615],[6.702185713677201,49.788464943212723],[6.702324555335396,49.788467697604268],[6.702322428636329,49.788512633322583],[6.702320301931915,49.788557569040471],[6.702318175222159,49.788602504757939],[6.702316048507057,49.788647440474996],[6.70231392178661,49.788692376191648],[6.702244500634251,49.788690999005773],[6.70224237384434,49.788735934719824],[6.702240247049085,49.788780870433463],[6.702238120248485,49.788825806146654],[6.702307541593198,49.788827183339066],[6.702305414851372,49.788872119054041],[6.702299034593821,49.789006926196457],[6.702296907830614,49.789051861909755],[6.702282020338502,49.789366411891208],[6.702212598224357,49.789365034672684],[6.702210471354268,49.789409970380476],[6.702208344478834,49.789454906087848],[6.70220409071193,49.789544777501355],[6.70220196382046,49.789589713207462],[6.702199836923645,49.789634648913179],[6.702130414430123,49.789633271640035],[6.70212828746384,49.789678207343144],[6.702058864911543,49.789676830026274],[6.701989442364595,49.789675452667844],[6.701920019822995,49.789674075267833],[6.701850597286743,49.789672697826276],[6.701781174755839,49.78967132034316],[6.701642329710078,49.789668565252242],[6.701572907195222,49.789667187644447],[6.701503484685712,49.789665809995086],[6.701501357136991,49.789710745678178],[6.701499229582925,49.789755681360866],[6.701497102023509,49.789800617043134],[6.701427679326986,49.789799239345683],[6.701425551698102,49.789844175025358],[6.70142342406387,49.789889110704614],[6.701492846888638,49.789890488406421],[6.701490719313181,49.789935424087439],[6.701488591732378,49.78998035976803],[6.701486464146227,49.79002529544821],[6.70148433655473,49.790070231127977],[6.701482208957884,49.790115166807325],[6.701480081355691,49.790160102486261],[6.701477953748152,49.790205038164764],[6.701475826135266,49.790249973842855],[6.701473698517031,49.79029490952054],[6.701543121924253,49.790296287200377],[6.701540994364795,49.79034122287981],[6.701536739229837,49.790431094237441],[6.701528228895755,49.790610836947678],[6.701526101298867,49.790655772624191],[6.701521846089047,49.790745643975988],[6.701519718476118,49.790790579651237],[6.701517590857838,49.790835515326094],[6.701515463234214,49.790880451000525],[6.701513335605242,49.790925386674537],[6.701582759915557,49.790926764343297],[6.701580632345363,49.790971700019071],[6.701578504769823,49.791016635694426],[6.701509080331253,49.791015258021318],[6.701506952686239,49.791060193694072],[6.701504825035876,49.791105129366422],[6.701502697380166,49.791150065038352],[6.701496314380952,49.791284872051634],[6.701492059021405,49.791374743391735],[6.70148993133361,49.791419679061157],[6.701485675941977,49.791509550398757],[6.701483548238138,49.791554486066936],[6.701481420528952,49.791599421734688],[6.701475037369311,49.79173422873545],[6.701472909638734,49.791779164401532],[6.701466526414918,49.7919139713973],[6.70146439866295,49.791958907061719],[6.701462270905636,49.792003842725705],[6.701460143142974,49.792048778389287],[6.701390717234811,49.792047400624533],[6.70138858940267,49.792092336285535],[6.70138646156518,49.792137271946103],[6.701455887601603,49.792138649715213],[6.701451632038842,49.792228521039455],[6.70138220587416,49.792227143265997],[6.701380078020627,49.792272078925308],[6.701377950161747,49.792317014584214],[6.701375822297517,49.792361950242707],[6.701306395945792,49.792360572421138],[6.701304268012083,49.792405508077032],[6.701300012128622,49.792495379387567],[6.70129788417887,49.79254031504221],[6.701295756223768,49.792585250696426],[6.701293628263318,49.79263018635023],[6.701289372326373,49.792720057656595],[6.701285116368035,49.792809928961283],[6.701282988380843,49.792854864612991],[6.701280860388303,49.792899800264294],[6.701211433272347,49.792898422375046],[6.701209305210324,49.792943358023756],[6.701207177142954,49.792988293672032],[6.701205049070235,49.793033229319917],[6.701202920992167,49.793078164967362],[6.701200792908751,49.793123100614402],[6.701198664819985,49.793168036261022],[6.70112923732458,49.793166658317141],[6.701127109166332,49.793211593961161],[6.701124981002735,49.793256529604768],[6.701194408626407,49.793257907553013],[6.701192280521595,49.79330284319839],[6.701122852833789,49.793301465247957],[6.701120724659495,49.793346400890741],[6.701118596479851,49.793391336533098],[6.701116468294859,49.793436272175029],[6.701047040419999,49.793434894176514],[6.701044912165522,49.793479829815858],[6.701042783905696,49.793524765454791],[6.700973355907919,49.793523387410353],[6.700971227578608,49.793568323046685],[6.70096697090394,49.793658194318091],[6.700964842558581,49.79370312995318],[6.700895414309614,49.793701751858457],[6.700893285894772,49.79374668749093],[6.700891157474578,49.793791623123006],[6.700821729102691,49.793790244982368],[6.700819600613011,49.79383518061185],[6.700817472117983,49.793880116240892],[6.700748043623175,49.793878738054332],[6.700745915058659,49.793923673680794],[6.700743786488794,49.793968609306837],[6.700739529333014,49.79405848055768],[6.700670100587013,49.794057102320842],[6.70066797193696,49.794102037943453],[6.700665843281558,49.794146973565645],[6.700596414412635,49.794145595282878],[6.700594285687745,49.794190530902476],[6.700592156957506,49.794235466521656],[6.700590028221915,49.794280402140423],[6.700520599165933,49.794279023809558],[6.700518470360853,49.794323959425725],[6.700516341550424,49.794368895041487],[6.700514212734643,49.794413830656822],[6.7004447834916,49.794412452277854],[6.70044265460633,49.794457387890596],[6.70044052571571,49.794502323502918],[6.70043839681974,49.794547259114822],[6.700368967389633,49.79454588068775],[6.700366838424173,49.794590816297053],[6.700364709453361,49.79463575190595],[6.700362580477199,49.794680687514429],[6.70029315086003,49.79467930903926],[6.700291021814377,49.794724244645131],[6.700288892763373,49.79476918025059],[6.70021946302328,49.794767801729492],[6.700217333902785,49.794812737332364],[6.700215204776939,49.794857672934818],[6.700213075645739,49.794902608536844],[6.700143645718581,49.794901229967635],[6.700141516517892,49.794946165567076],[6.70013938731185,49.794991101166097],[6.700137258100458,49.795036036764699],[6.700067827986233,49.795034658147387],[6.700065698705347,49.795079593743395],[6.70006356941911,49.795124529338985],[6.700061440127523,49.795169464934148],[6.69999200982623,49.795168086268738],[6.699989880465147,49.795213021861315],[6.699987751098714,49.795257957453472],[6.699985621726928,49.795302893045204],[6.699916191238567,49.79530151433169],[6.699914061797288,49.795346449920842],[6.699911932350656,49.795391385509561],[6.699842501739367,49.795390006750111],[6.699840372223242,49.79543494233625],[6.699838242701763,49.79547987792197],[6.699836113174932,49.795524813507257],[6.699766682376573,49.795523434699717],[6.699764552780247,49.795568370282417],[6.699762423178568,49.795613305864691],[6.699760293571538,49.795658241446539],[6.699690862586106,49.795656862590896],[6.69968873290958,49.795701798170164],[6.699686603227701,49.79574673374902],[6.699684473540469,49.795791669327457],[6.699615042367964,49.795790290423696],[6.699612912611236,49.795835225999532],[6.699610782849154,49.795880161574949],[6.69960865308172,49.795925097149954],[6.699539221722142,49.795923718198068],[6.69953709188521,49.795968653770487],[6.699534962042926,49.796013589342465],[6.699532832195288,49.796058524914045],[6.699463400648633,49.79605714591407],[6.699461270731499,49.796102081483049],[6.699459140809009,49.796147017051602],[6.699457010881167,49.796191952619736],[6.699387579147437,49.79619057357165],[6.699385449150096,49.79623550913719],[6.699383319147402,49.796280444702326],[6.699381189139353,49.796325380267028],[6.699311757218545,49.796324001170838],[6.699309627140997,49.796368936732954],[6.699307497058097,49.796413872294643],[6.699238065014357,49.796412493152523],[6.699235934861956,49.796457428711619],[6.699233804704201,49.796502364270296],[6.699231674541092,49.796547299828575],[6.699162242310271,49.79654592063833],[6.699160112077663,49.796590856194001],[6.6991579818397,49.796635791749246],[6.699155851596381,49.796680727304079],[6.699086419178481,49.796679348065737],[6.699084288865663,49.796724283617969],[6.69908215854749,49.796769219169782],[6.699080028223963,49.796814154721169],[6.699010595618978,49.796812775434731],[6.69900846522595,49.796857710983531],[6.699006334827566,49.796902646531919],[6.699004204423828,49.796947582079888],[6.698934771631762,49.796946202745325],[6.698932641158522,49.796991138290686],[6.698930510679926,49.797036073835649],[6.698928380195976,49.797081009380172],[6.698858947216825,49.797079629997498],[6.698856816663371,49.797124565539441],[6.698854686104562,49.797169501080973],[6.698852555540399,49.797214436622056],[6.69885042497088,49.797259372162749],[6.698780991740495,49.797257992729797],[6.698778861101473,49.797302928267882],[6.698776730457095,49.797347863805541],[6.698774599807361,49.797392799342802],[6.698772469152273,49.797437734879637],[6.698703035670652,49.797436355396385],[6.698700904946059,49.797481290930627],[6.69869877421611,49.797526226464441],[6.698694512740144,49.797616097530828],[6.698625079007287,49.797614717997277],[6.69862294819712,49.797659653527681],[6.698620817381599,49.797704589057645],[6.698618686560721,49.797749524587203],[6.698614424902896,49.797839395645056],[6.698612294065951,49.79788433117335],[6.698610163223649,49.797929266701246],[6.6985407290471,49.797927887110859],[6.698538598135292,49.797972822636154],[6.698536467218126,49.798017758161009],[6.698534336295606,49.798062693685466],[6.698532205367728,49.798107629209504],[6.698527943495904,49.798197500256315],[6.698525812551956,49.798242435779095],[6.69845637793171,49.798241056131879],[6.698454246918255,49.798285991652072],[6.698384812239215,49.798284611961101],[6.698386943316822,49.798239676443096],[6.698317508707293,49.798238296712725],[6.698319639843694,49.798193361196489],[6.698321770974737,49.798148425679841],[6.698252336498871,49.798147045912259],[6.698254467688709,49.798102110397366],[6.698256598873189,49.798057174882054],[6.698258730052314,49.798012239366322],[6.698189295774258,49.798010859563711],[6.698191427012176,49.797965924049741],[6.698193558244737,49.79792098853536],[6.698124124100342,49.797919608695551],[6.698126255391696,49.797874673182925],[6.698128386677692,49.7978297376699],[6.698130517958332,49.797784802156443],[6.698061084011745,49.79778342228159],[6.698063215351178,49.797738486769894],[6.698065346685253,49.797693551257787],[6.697995912872326,49.797692171345723],[6.697998044265192,49.797647235835377],[6.698000175652702,49.79760230032462],[6.697930741973433,49.797600920375345],[6.697932873419734,49.797555984866356],[6.697935004860677,49.797511049356935],[6.697937136296263,49.797466113847094],[6.6978677028148,49.797464733862803],[6.697869834309177,49.797419798354738],[6.697871965798196,49.79737486284624],[6.69780253245039,49.797373482824732],[6.6978046639982,49.79732854731801],[6.697806795540652,49.797283611810869],[6.697808927077745,49.797238676303309],[6.697739493927743,49.797237296246777],[6.697741625523627,49.797192360740986],[6.697743757114154,49.797147425234769],[6.697748020279133,49.797057554221077],[6.697750151853585,49.797012618713616],[6.697752283422679,49.796967683205736],[6.697754414986417,49.79692274769743],[6.697684982290804,49.796921367614594],[6.697689245530498,49.796831496601101],[6.697758678097817,49.796832876679574],[6.697760809645481,49.796787941170031],[6.697762941187786,49.796743005660055],[6.697765072724734,49.796698070149667],[6.697769335782557,49.796608199127647],[6.697771467303432,49.796563263616001],[6.69777359881895,49.796518328103936],[6.69777573032911,49.796473392591459],[6.697845162388623,49.796474772610914],[6.697847293829279,49.796429837095843],[6.697849425264579,49.796384901580353],[6.697851556694522,49.796339966064444],[6.697855819538335,49.796250095031375],[6.697857950952204,49.796205159514216],[6.697860082360718,49.79616022399663],[6.697862213763872,49.796115288478639],[6.69793164531559,49.796116668439076],[6.697933776649244,49.796071732918485],[6.697938039300482,49.795981861876037],[6.697940170618065,49.795936926354187],[6.697942301930291,49.795891990831933],[6.697944433237159,49.795847055309245],[6.697948695834826,49.795757184262634],[6.698018126878758,49.795758564164053],[6.698020258105412,49.795713628637948],[6.698022389326711,49.795668693111416],[6.698026651753238,49.795578822057095],[6.698028782958466,49.795533886529313],[6.698030914158338,49.795488951001111],[6.698033045352851,49.795444015472505],[6.698035176542009,49.795399079943451],[6.698104607078166,49.795400459785853],[6.698106738197827,49.795355524254227],[6.698108869312129,49.795310588722174],[6.698111000421076,49.795265653189702],[6.698115262622899,49.795175782123522],[6.698119524803298,49.795085911055651],[6.698121655885463,49.795040975521097],[6.698191085913852,49.795042355304481],[6.69819321692652,49.794997419767334],[6.698195347933832,49.794952484229761],[6.698197478935787,49.794907548691775],[6.698199609932387,49.794862613153377],[6.698208133865222,49.794682870995572],[6.698210264835041,49.794637935455086],[6.698212395799504,49.794592999914165],[6.698281825191861,49.794594379634191],[6.698283956086829,49.794549444090677],[6.698286086976442,49.794504508546751],[6.698288217860697,49.794459573002406],[6.698290348739598,49.794414637457649],[6.698292479613143,49.794369701912473],[6.698294610481331,49.794324766366884],[6.698296741344164,49.794279830820862],[6.698366170292914,49.794281210484051],[6.698368301086255,49.794236274935436],[6.698370431874238,49.794191339386423],[6.698374693434141,49.794101468287103],[6.698376824206058,49.794056532736825],[6.698378954972619,49.794011597186127],[6.698381085733828,49.793966661634997],[6.698383216489677,49.793921726083475],[6.698452644930692,49.793923105687654],[6.698454775617052,49.793878170133524],[6.698456906298056,49.793833234578983],[6.698461167643999,49.793743363468636],[6.698465428968521,49.793653492356611],[6.698467559622748,49.793608556799981],[6.698469690271621,49.793563621242932],[6.698471820915137,49.793518685685463],[6.698541248784293,49.793520065228449],[6.698543379358321,49.793475129668387],[6.698545509926995,49.793430194107891],[6.698547640490312,49.793385258546998],[6.698549771048275,49.793340322985685],[6.698551901600882,49.793295387423946],[6.698554032148135,49.793250451861795],[6.698556162690032,49.793205516299224],[6.698625590115608,49.793206895785389],[6.698627720588018,49.79316196022021],[6.698629851055072,49.793117024654634],[6.698631981516773,49.793072089088625],[6.698634111973118,49.793027153522196],[6.698638372869745,49.792937282388117],[6.698640503310027,49.792892346820437],[6.698642633744954,49.792847411252339],[6.698644764174526,49.792802475683835],[6.698575337326147,49.792801096217296],[6.698577467814496,49.792756160650555],[6.698579598297491,49.79271122508338],[6.698581728775131,49.792666289515815],[6.698512302124503,49.792664910014238],[6.69851443266092,49.792619974448414],[6.698516563191983,49.792575038882177],[6.698447136674975,49.792573659343404],[6.698449267264813,49.792528723778936],[6.698379840817293,49.792527344200771],[6.698381971465906,49.792482408638072],[6.698384102109166,49.792437473074948],[6.698314675795266,49.792436093459571],[6.6983168064973,49.792391157898216],[6.698247380252887,49.792389778243461],[6.698249511013697,49.792344842683875],[6.698251641769152,49.792299907123848],[6.698182215658356,49.792298527431903],[6.698184346472586,49.792253591873639],[6.698114920431278,49.792252212142301],[6.698117051304282,49.79220727658582],[6.698119182171929,49.792162341028906],[6.698049756264241,49.792160961260372],[6.698051887190663,49.792116025705219],[6.698054018111728,49.792071090149662],[6.697984592337654,49.792069710343931],[6.697986723317494,49.792024774790129],[6.697917297612908,49.792023394945005],[6.697919428651522,49.791978459392958],[6.697921559684777,49.791933523840513],[6.697852134113807,49.791932143958199],[6.697854265205836,49.791887208407502],[6.697784839704354,49.791885828485789],[6.697786970855156,49.791840892936854],[6.697789102000601,49.791795957387514],[6.697719676632733,49.791794577428611],[6.69772180783695,49.791749641881033],[6.697723939035812,49.791704706333014],[6.697654513801559,49.791703326336908],[6.697585088572663,49.791701946299234],[6.697515663349129,49.791700566220001],[6.697446238130952,49.791699186099194],[6.697444106675579,49.791744121638473],[6.697374681398634,49.791742741473939],[6.697370418343564,49.791832612546862],[6.697368286807991,49.791877548082716],[6.697366155267062,49.791922483618137],[6.697364023720775,49.791967419153139],[6.697361892169131,49.792012354687735],[6.697359760612129,49.792057290221912],[6.697357629049771,49.792102225755663],[6.697355497482055,49.792147161289002],[6.697349102746762,49.792281967886495],[6.697344839563113,49.792371838949421],[6.697342707963252,49.792416774480252],[6.697340576358034,49.79246171001067],[6.69727115006038,49.792460329769668],[6.697269018385675,49.792505265297471],[6.697266886705609,49.792550200824877],[6.697260491633271,49.792685007404565],[6.697258359931776,49.792729942930308],[6.697188933254697,49.792728562634643],[6.697186801483712,49.792773498157764],[6.69718466970737,49.792818433680488],[6.69718253792567,49.792863369202777],[6.697178274346195,49.792953240246128],[6.697108847353817,49.79295185989799],[6.697106715491909,49.792996795416848],[6.697104583624644,49.793041730935293],[6.697102451752021,49.793086666453313],[6.69710031987404,49.793131601970927],[6.697098187990701,49.793176537488122],[6.697096056102002,49.793221473004898],[6.697093924207945,49.793266408521255],[6.697091792308532,49.793311344037193],[6.69702236480845,49.793309963630037],[6.697020232839544,49.793354899143381],[6.697018100865278,49.793399834656299],[6.697015968885656,49.793444770168819],[6.697013836900672,49.793489705680898],[6.697011704910333,49.793534641192572],[6.697009572914634,49.79357957670382],[6.697007440913575,49.793624512214663],[6.697005308907159,49.793669447725065],[6.696935880899365,49.793668067258906],[6.696933748823454,49.793713002766729],[6.696931616742186,49.793757938274126],[6.696927352563572,49.793847809287676],[6.696925220466226,49.793892744793823],[6.696923088363523,49.793937680299557],[6.696920956255458,49.793982615804879],[6.696918824142037,49.794027551309775],[6.696849395626519,49.794026170784591],[6.696847263443602,49.794071106286886],[6.696845131255326,49.794116041788762],[6.696842999061691,49.794160977290218],[6.696773570359126,49.794159596716916],[6.696771438095995,49.794204532215787],[6.696769305827505,49.794249467714231],[6.696767173553655,49.794294403212255],[6.696765041274445,49.794339338709868],[6.696756512104015,49.794519080696134],[6.696754379798008,49.794564016191664],[6.696752247486643,49.794608951686776],[6.696682818148067,49.794607571050086],[6.696680685767204,49.79465250654259],[6.696678553380981,49.794697442034675],[6.696676420989398,49.794742377526347],[6.696674288592455,49.794787313017601],[6.696670023782491,49.794877183998857],[6.696667891369469,49.794922119488866],[6.696665758951089,49.794967054978443],[6.696663626527346,49.795011990467607],[6.696661494098246,49.795056925956352],[6.696592064123641,49.79505554525629],[6.696589931625041,49.795100480742434],[6.696587799121081,49.795145416228166],[6.696585666611759,49.795190351713494],[6.696583534097079,49.795235287198373],[6.696581401577038,49.795280222682855],[6.696579269051639,49.795325158166918],[6.696577136520877,49.795370093650561],[6.696575003984755,49.795415029133792],[6.696505573502392,49.795413648374698],[6.696501308285788,49.795503519335533],[6.696499175669445,49.795548454815325],[6.696497043047741,49.795593390294691],[6.696494910420678,49.795638325773652],[6.696492777788253,49.795683261252201],[6.69649064515047,49.795728196730316],[6.696421214224476,49.795726815914371],[6.69641908151719,49.795771751389893],[6.696416948804543,49.795816686865003],[6.696414816086535,49.795861622339693],[6.696412683363166,49.795906557813957],[6.696410550634437,49.795951493287802],[6.696408417900346,49.795996428761249],[6.696406285160896,49.79604136423427],[6.696336853791267,49.796039983361482],[6.696332588167997,49.796129854301896],[6.69633045534832,49.796174789771484],[6.696328322523283,49.79621972524064],[6.696326189692885,49.79626466070939],[6.696324056857126,49.796309596177721],[6.696321924016006,49.79635453164564],[6.696319791169525,49.796399467113133],[6.696317658317683,49.7964444025802],[6.696248226376123,49.796443021646205],[6.696246093454775,49.796487957110692],[6.696243960528067,49.796532892574746],[6.696237561715773,49.796667698964427],[6.696235428767618,49.796712634426811],[6.696233295814103,49.796757569888783],[6.696231162855228,49.796802505350335],[6.69622902989099,49.79684744081149],[6.696159597377484,49.796846059816268],[6.696157464343738,49.796890995274808],[6.696155331304633,49.796935930732921],[6.696153198260164,49.79698086619063],[6.696151065210335,49.797025801647905],[6.696146799094591,49.797115672561233],[6.696144666028676,49.797160608017265],[6.696075233071508,49.797159226965206],[6.696073099936084,49.797204162418637],[6.6960709667953,49.797249097871656],[6.696068833649154,49.797294033324242],[6.696066700497644,49.797338968776423],[6.696064567340774,49.797383904228191],[6.696062434178542,49.797428839679533],[6.696060301010948,49.797473775130456],[6.695990867610108,49.797472394021554],[6.695988734373004,49.797517329469876],[6.695986601130538,49.797562264917794],[6.69598446788271,49.79760720036527],[6.695982334629519,49.797652135812356],[6.695980201370966,49.797697071259016],[6.695975934837773,49.797786942151077],[6.695973801563134,49.797831877596472],[6.695971668283133,49.797876813041455],[6.695902234310318,49.79787543187134],[6.695897967605928,49.797965302755699],[6.69589583424569,49.798010238197236],[6.695891567509127,49.798100109079087],[6.695889434132801,49.79814504451938],[6.695887300751113,49.798189979959261],[6.695885167364063,49.79823491539873],[6.695883033971649,49.79827985083778],[6.695880900573874,49.798324786276403],[6.695876633762236,49.798414657152414],[6.695872366929145,49.79850452802674],[6.695802932063583,49.798503146784483],[6.695800798574844,49.798548082218851],[6.69579866508074,49.798593017652784],[6.695796531581274,49.798637953086313],[6.695865966639293,49.798639334335114],[6.695861699752578,49.798729205205269],[6.695931134944267,49.798730586416866],[6.695933268326153,49.79868565097982],[6.696002703459054,49.798687032147662],[6.696004836771426,49.798642096708001],[6.696006970078434,49.798597161267935],[6.696076405088395,49.798598542389833],[6.69607853832589,49.798553606947166],[6.696147973277062,49.798554988025316],[6.696150106445042,49.798510052580042],[6.696219541337427,49.798511433614422],[6.696217408233598,49.798556369061899],[6.6962868431955,49.798557750056894],[6.696356278162765,49.798559131010329],[6.696354145181879,49.798604066461721],[6.696423580218661,49.798605447375749],[6.696493015260805,49.798606828248218],[6.696490882402863,49.798651763703575],[6.696560317514524,49.798653144536651],[6.696629752631547,49.798654525328139],[6.696627619896549,49.798699460787446],[6.696697055083089,49.798700841539549],[6.696694922406883,49.798745777000612],[6.696764357662938,49.798747157713329],[6.696833792924355,49.798748538384473],[6.696831660371095,49.798793473849486],[6.696901095702029,49.79879485448123],[6.696970531038325,49.798796235071414],[6.69696839860801,49.798841170540371],[6.697037834013821,49.798842551091163],[6.697107269424995,49.798843931600381],[6.697105137117628,49.798888867073281],[6.697174572598318,49.798890247543099],[6.697244008084368,49.798891627971351],[6.697241875899948,49.798936563448201],[6.697311311455516,49.798937943837053],[6.697380747016444,49.798939324184339],[6.697378614954972,49.798984259665133],[6.697448050585415,49.798985639973026],[6.697445918582739,49.799030575455568],[6.697443786574703,49.799075510937712],[6.697513222338816,49.799076891208401],[6.697511090389574,49.7991218266923],[6.697580526223203,49.799123206923582],[6.697578394332758,49.79916814240925],[6.697576262436955,49.7992130778945],[6.697645698404253,49.799214458088571],[6.697643566567244,49.799259393575582],[6.697641434724878,49.799304329062181],[6.697710870825849,49.799305709219055],[6.697780306932177,49.799307089334341],[6.697849743043869,49.799308469408054],[6.697847611388609,49.799353404900785],[6.697845479727991,49.799398340393076],[6.697914915973353,49.799399720429584],[6.697912784371533,49.799444655923651],[6.697910652764355,49.799489591417306],[6.697980089143387,49.799490971416596],[6.697977957595007,49.799535906912006],[6.697975826041267,49.799580842407003],[6.698045262553974,49.799582222369082],[6.698043131059034,49.799627157865842],[6.698040999558735,49.799672093362176],[6.698110436205114,49.799673473287044],[6.698108304763613,49.799718408785161],[6.698177741479509,49.799719788670629],[6.698175610096808,49.799764724170501],[6.698173478708751,49.79980965966994],[6.698242915558319,49.799811039518204],[6.69824078422906,49.799855975019419],[6.698238652894443,49.799900910520215],[6.698308089877687,49.799902290331268],[6.698305958601872,49.799947225833826],[6.698303827320697,49.799992161335972],[6.698373264437615,49.799993541109806],[6.698371133215242,49.800038476613715],[6.698440570401678,49.80003985634815],[6.698438439238105,49.800084791853806],[6.698436308069176,49.800129727359064],[6.698505745389286,49.800131107056288],[6.698503614279158,49.800176042563301],[6.698501483163672,49.800220978069902],[6.698570920617459,49.800222357729908],[6.698568789560775,49.800267293238271],[6.698566658498734,49.800312228746215],[6.698636096086197,49.800313608369002],[6.69863396508296,49.800358543878701],[6.698631834074365,49.800403479388002],[6.698629703060414,49.80044841489687],[6.698699140845713,49.800449794484628],[6.698697009890564,49.800494729995265],[6.698694878930058,49.800539665505475],[6.698764316849036,49.800541045056029],[6.698762185947333,49.800585980568016],[6.698760055040275,49.800630916079569],[6.69875792412786,49.800675851590718],[6.698827362244677,49.800677231106221],[6.698825231391065,49.800722166619131],[6.698823100532097,49.800767102131616],[6.698892538782593,49.800768481609907],[6.69889040798243,49.800813417124161],[6.69888827717691,49.800858352638002],[6.698886146366034,49.800903288151424],[6.698955584814371,49.800904667594672],[6.698953454062299,49.800949603109864],[6.698951323304872,49.800994538624629],[6.698949192542089,49.801039474138967],[6.699018631188268,49.801040853547178],[6.69901650048429,49.801085789063308],[6.699014369774956,49.801130724578989],[6.699012239060266,49.801175660094266],[6.699081677904289,49.801177039467447],[6.699079547248406,49.801221974984493],[6.699077416587166,49.801266910501106],[6.69907528592057,49.801311846017313],[6.699144724962439,49.80131322535545],[6.69914259435465,49.801358160873427],[6.699140463741506,49.801403096390963],[6.699138333123005,49.801448031908102],[6.699136202499148,49.801492967424814],[6.699131941235368,49.80158283845698],[6.699129810595444,49.801627773972442],[6.699127679950164,49.801672709487484],[6.699058240394991,49.801671330131896],[6.699056109680191,49.801716265644359],[6.698986670066212,49.801714886245009],[6.698917230457591,49.801713506804099],[6.698915099609104,49.801758442311765],[6.698845659941679,49.801757062827086],[6.698776220279609,49.80175568330084],[6.698706780622901,49.801754303732999],[6.698704649576568,49.801799239233702],[6.698635209861053,49.801797859622113],[6.698565770150897,49.801796479968942],[6.698496330446102,49.801795100274191],[6.698426890746666,49.801793720537873],[6.69835745105259,49.80179234075996],[6.698355319680077,49.801837276249351],[6.698216440179676,49.801834516564448],[6.698077560700716,49.801831756713241],[6.698008120969276,49.801830376725263],[6.697938681243197,49.801828996695718],[6.69786924152248,49.801827616624578],[6.697867109695459,49.801872552098295],[6.697797669915938,49.8018711719834],[6.697728230141778,49.801869791826931],[6.697658790372979,49.801868411628881],[6.697660922392493,49.801823476161729],[6.697591482693221,49.801822095924273],[6.69752204299931,49.801820715645263],[6.697519910851468,49.801865651108052],[6.697450471098755,49.801864270785273],[6.697381031351403,49.801862890420921],[6.697311591609416,49.80186151001498],[6.69730945926372,49.801906445470813],[6.697240019462929,49.801905065021124],[6.697101139877435,49.801902303996997],[6.697031700092731,49.801900923422572],[6.696962260313392,49.801899542806559],[6.696960127641515,49.801944478251073],[6.696890687803373,49.801943097591312],[6.696821247970595,49.801941716889971],[6.696751808143182,49.801940336147034],[6.696682368321131,49.801938955362537],[6.696680235387235,49.801983890797899],[6.696610795506384,49.801982509969648],[6.696541355630897,49.801981129099808],[6.696471915760774,49.801979748188387],[6.696402475896016,49.801978367235385],[6.696333036036621,49.80197698624081],[6.696330902776539,49.802021921664846],[6.696261462858346,49.802020540626508],[6.696192022945517,49.802019159546596],[6.696122583038053,49.802017778425103],[6.696053143135953,49.802016397262037],[6.696051009613851,49.802061332676921],[6.695981569652952,49.802059951470092],[6.695842689747253,49.802057188931698],[6.695773249802452,49.802055807600141],[6.695771116018327,49.802100743005873],[6.695701676014727,49.802099361630532],[6.695562796023625,49.802096598755156],[6.695493356036125,49.802095217255093],[6.695491221989975,49.802140152651681],[6.695421781943677,49.802138771107863],[6.695352341902744,49.802137389522471],[6.695282901867179,49.802136007895477],[6.695213461836981,49.802134626226923],[6.695211327528808,49.802179561614359],[6.695141887439813,49.802178179902043],[6.695072447356184,49.802176798148139],[6.695003007277923,49.802175416352675],[6.694933567205029,49.802174034515616],[6.694931432634831,49.802218969893893],[6.694861992503141,49.802217588013079],[6.694792552376819,49.802216206090691],[6.694723112255867,49.802214824126715],[6.694653672140281,49.802213442121172],[6.694651537308056,49.802258377490297],[6.694582097133675,49.802256995440985],[6.694512656964663,49.802255613350091],[6.694443216801019,49.802254231217624],[6.694373776642744,49.802252849043583],[6.694371641548492,49.802297784403549],[6.694302201331421,49.802296402185739],[6.694232761119721,49.802295019926348],[6.694163320913389,49.802293637625382],[6.694161185621273,49.802338572978385],[6.694091745356148,49.802337190633651],[6.69402230509639,49.802335808247342],[6.693952864842005,49.802334425819453],[6.693883424592988,49.802333043349982],[6.693881289038841,49.802377978693841],[6.69381184873103,49.802376596180608],[6.693742408428589,49.802375213625801],[6.693672968131519,49.802373831029414],[6.693670832379508,49.802418766366287],[6.693601392023645,49.80241738372613],[6.693531951673151,49.802416001044413],[6.69346251132803,49.802414618321102],[6.693460375378153,49.802459553650998],[6.693390934974238,49.802458170883931],[6.693321494575692,49.80245678807529],[6.693252054182521,49.802455405225061],[6.693249918034778,49.802500340547979],[6.693180477582811,49.802498957653988],[6.693111037136216,49.802497574718423],[6.693108900854772,49.80254251003656],[6.693039460349385,49.802541127057232],[6.692970019849369,49.802539744036302],[6.692967883434223,49.80258467934965],[6.692898442875414,49.802583296284979],[6.692829002321979,49.802581913178727],[6.692826865773129,49.802626848487279],[6.692757425160899,49.802625465337258],[6.692687984554043,49.802624082145662],[6.692618543952561,49.802622698912486],[6.692616407205842,49.802667634214068],[6.692546966545566,49.802666250937129],[6.692477525890665,49.802664867618603],[6.692475389010242,49.802709802915395],[6.692405948296548,49.802708419553106],[6.692403811346586,49.802753354847297],[6.6923343705741,49.802751971441246],[6.692264929806987,49.802750587993614],[6.692262792723319,49.802795523283017],[6.692193351897416,49.802794139791615],[6.692123911076886,49.80279275625864],[6.692121773859513,49.802837691543246],[6.692052332980191,49.802836307966501],[6.692050195693279,49.8028812432485],[6.691980754755165,49.802879859627993],[6.691911313822425,49.802878475965912],[6.691909176401807,49.802923411243121],[6.691839735410276,49.802922027537271],[6.691837597920117,49.802966962811873],[6.691768156869795,49.802965579062253],[6.691766019310096,49.803010514334261],[6.691696578200979,49.803009130540879],[6.691694440571739,49.803054065810279],[6.691624999403833,49.803052681973121],[6.691622861705051,49.803097617239914],[6.691553420478353,49.803096233359],[6.691551282710031,49.803141168623185],[6.691481841424541,49.803139784698494],[6.691479703586677,49.803184719960079],[6.691477565743438,49.803229655221237],[6.691475427894825,49.80327459048199],[6.691473290040838,49.80331952574231],[6.691403848504052,49.803318141767306],[6.691401710580521,49.803363077025026],[6.691399572651616,49.803408012282333],[6.691397434717339,49.803452947539206],[6.691395296777686,49.803497882795689],[6.691393158832659,49.803542818051739],[6.691391020882256,49.803587753307362],[6.69138888292648,49.803632688562587],[6.691386744965329,49.803677623817393],[6.691382469026904,49.803767494325726],[6.69138033104963,49.803812429579274],[6.691378193066981,49.803857364832403],[6.691376055078957,49.803902300085099],[6.691306612713346,49.803900916040071],[6.691304474655777,49.80394585129018],[6.691300198524516,49.804035721789141],[6.691230755971769,49.80403433769596],[6.691228617833905,49.80407927294263],[6.691159175222364,49.804077888805686],[6.691157037014953,49.804122824049742],[6.691087594344618,49.804121439869043],[6.691085456067662,49.804166375110498],[6.691016013338531,49.804164990886015],[6.691013874992028,49.804209926124862],[6.69101173664015,49.804254861363283],[6.691009598282896,49.804299796601292],[6.691007459920266,49.804344731838896],[6.691005321552261,49.804389667076066],[6.690935878507649,49.804388282799074],[6.690866435468417,49.804386898480502],[6.690796992434562,49.804385514120355],[6.690727549406086,49.804384129718613],[6.690658106382987,49.804382745275291],[6.690588663365268,49.804381360790387],[6.690519220352926,49.804379976263903],[6.69051708153034,49.804424911485349],[6.690447638459204,49.804423526915102],[6.690378195393449,49.804422142303267],[6.690308752333074,49.804420757649851],[6.690306613312593,49.804465692864312],[6.690237170193424,49.804464308167134],[6.690167727079635,49.804462923428368],[6.690098283971224,49.804461538648027],[6.690028840868194,49.804460153826106],[6.690026701585649,49.804505089031373],[6.689957258423826,49.804503704165676],[6.689955119071729,49.80454863936837],[6.689952979714255,49.804593574570625],[6.689950840351401,49.804638509772474],[6.68994870098317,49.804683444973897],[6.690018144401682,49.804684829848355],[6.690016005092247,49.804729765051533],[6.690013865777432,49.804774700254328],[6.690011726457239,49.804819635456681],[6.690009587131669,49.804864570658623],[6.690079030812256,49.804865955500254],[6.690076891545481,49.804910890703958],[6.690074752273329,49.804955825907264],[6.6900726129958,49.805000761110136],[6.690070473712891,49.805045696312604],[6.690068334424605,49.805090631514645],[6.690137778431442,49.805092016325624],[6.690135639201954,49.805136951529434],[6.690133499967087,49.805181886732832],[6.690131360726841,49.805226821935818],[6.690129221481219,49.805271757138364],[6.690198665750136,49.805273141916523],[6.690196526563311,49.805318077120866],[6.690194387371108,49.805363012324776],[6.690192248173528,49.805407947528259],[6.690190108970569,49.805452882731338],[6.690259553501569,49.805454267476676],[6.690257414357409,49.805499202681524],[6.690187969762232,49.805497817934011],[6.690185830548519,49.805542753136244],[6.690116385894547,49.805541368344954],[6.690046941245956,49.805539983512077],[6.690044801898511,49.805584918709528],[6.689975357191124,49.805583533832881],[6.689977496602745,49.805538598637625],[6.689908051964913,49.805537213721593],[6.689838607332464,49.805535828763965],[6.689769162705393,49.80553444376477],[6.689767023101245,49.805579378953453],[6.68969757841538,49.805577993910489],[6.689695438741676,49.805622929096558],[6.689693299062593,49.805667864282228],[6.689623854253758,49.805666479193292],[6.689621714505118,49.805711414376354],[6.6896195747511,49.80575634955899],[6.689550129819291,49.805754964424104],[6.689547989995718,49.805799899604132],[6.689478545005114,49.805798514425462],[6.689476405111983,49.805843449602889],[6.689406960062584,49.80584206438045],[6.689337515018565,49.805840679116429],[6.68926806997993,49.805839293810806],[6.689270210065591,49.805794358639957],[6.68933965504005,49.805795743943371],[6.689409100019891,49.805797129205217],[6.689411239971819,49.805752194029559],[6.689480684892865,49.805753579247622],[6.689482824775236,49.805708644069355],[6.689552269637486,49.805710029243642],[6.689554409450301,49.805665094062768],[6.689556549257738,49.805620158881489],[6.689625993997016,49.805621544009824],[6.689628133734896,49.80557660882593],[6.689630273467397,49.805531673641617],[6.68963241319452,49.805486738456885],[6.68956296864777,49.805485353335122],[6.689565108433689,49.805440418152159],[6.689634552916263,49.805441803271734],[6.689636692632628,49.805396868086163],[6.689638832343613,49.805351932900194],[6.689640972049218,49.805306997713785],[6.689571527759171,49.805305612600783],[6.689573667523573,49.80526067741615],[6.689575807282596,49.805215742231105],[6.68957794703624,49.805170807045641],[6.689647391133763,49.805172192152064],[6.689649530817854,49.805127256963999],[6.689653810169898,49.805037386586598],[6.689658089500426,49.804947516207527],[6.689664508455878,49.80481271063578],[6.689595064871747,49.804811325546858],[6.689599344276835,49.804721455167986],[6.689601483971309,49.804676519977924],[6.689603623660406,49.804631584787437],[6.689605763344123,49.804586649596544],[6.689610042695421,49.804496779213487],[6.689612182363002,49.804451844021337],[6.689614322025204,49.804406908828774],[6.689616461682025,49.804361973635778],[6.689547018745005,49.80436058852716],[6.68954915846062,49.804315653335941],[6.689551298170858,49.804270718144309],[6.689553437875715,49.804225782952251],[6.689555577575195,49.804180847759795],[6.689557717269295,49.804135912566899],[6.689564136319325,49.804001106985723],[6.689566275991909,49.803956171791164],[6.689568415659116,49.803911236596193],[6.689570555320944,49.803866301400781],[6.689572694977392,49.803821366204978],[6.689574834628463,49.803776431008743],[6.689576974274154,49.803731495812094],[6.689579113914467,49.803686560615027],[6.689509671945385,49.803685175497669],[6.689511811644488,49.803640240302379],[6.689442369744956,49.803638855145621],[6.689372927850805,49.80363746994729],[6.689303485962036,49.803636084707392],[6.689234044078648,49.803634699425892],[6.689231904122868,49.803679634612429],[6.689162462180693,49.803678249287167],[6.6890930202439,49.80367686392033],[6.689023578312488,49.803675478511913],[6.689021438158819,49.803720413691458],[6.688951996168621,49.803719028239279],[6.688882554183803,49.803717642745511],[6.688813112204371,49.803716257210162],[6.688810971852813,49.80376119238273],[6.688741529814593,49.803759806803605],[6.688672087781755,49.803758421182913],[6.688669947296478,49.803803356350691],[6.688600505204853,49.803801970686216],[6.688531063118612,49.803800584980159],[6.688461621037755,49.803799199232536],[6.688459480354588,49.803844134393309],[6.688390038214942,49.803842748601923],[6.688320596080683,49.803841362768928],[6.688318455263794,49.803886297924919],[6.688249013070748,49.803884912048169],[6.688179570883085,49.803883526129837],[6.688177429932476,49.803928461281025],[6.688107987686027,49.803927075318917],[6.688038545444964,49.80392568931525],[6.687899660978988,49.803922917183144],[6.687897519766317,49.803967852325151],[6.687828077477237,49.803966466194531],[6.687758635193542,49.803965080022337],[6.687689192915231,49.803963693808569],[6.687619750642307,49.803962307553221],[6.687617609167571,49.804007242686048],[6.687687051504667,49.804008628943578],[6.687684910088719,49.804053564078181],[6.68775435249537,49.80405495029634],[6.687752211138209,49.804099885432706],[6.687750069775666,49.804144820568652],[6.687819512316042,49.804146206749607],[6.687817371012287,49.80419114188733],[6.687747928407739,49.804189755704179],[6.687745787034428,49.804234690839301],[6.687743645655735,49.80427962597399],[6.68774150427166,49.804324561108274],[6.687810947068722,49.80432594729799],[6.687880389871168,49.804327333446118],[6.687878248610051,49.804372268584366],[6.687808805743433,49.804370882434036],[6.687806664412763,49.804415817569669],[6.687804523076709,49.804460752704884],[6.687802381735273,49.804505687839679],[6.687732938681526,49.804504301641188],[6.687735080087134,49.804459366508588],[6.687665637102943,49.804457980270719],[6.68766777856734,49.804413045139889],[6.687598335652706,49.804411658862634],[6.687596194124137,49.804456593991262],[6.687526751150719,49.804455207670237],[6.687524609552594,49.804500142796272],[6.687522467949086,49.804545077921873],[6.687520326340195,49.804590013047076],[6.687518184725919,49.804634948171866],[6.687448741501196,49.804633561800486],[6.687446599817365,49.804678496922641],[6.687377156533856,49.804677110507491],[6.687375014780468,49.804722045627052],[6.687305571438173,49.804720659168126],[6.687303429615228,49.804765594285087],[6.687233986214145,49.804764207782384],[6.68716454281845,49.804762821238114],[6.687162400861776,49.804807756350257],[6.687092957407295,49.804806369762204],[6.687090815381061,49.804851304871747],[6.687021371867794,49.804849918239931],[6.687019229772003,49.804894853346873],[6.687017087670827,49.804939788453375],[6.687014945564266,49.804984723559464],[6.687012803452321,49.805029658665148],[6.687082247222281,49.805031045305732],[6.687077963110583,49.805120915520213],[6.687008519212273,49.805119528875238],[6.687006377084173,49.805164463979665],[6.686936933127077,49.805163077290928],[6.686934790929416,49.805208012392733],[6.686932648726371,49.805252947494125],[6.686863204646313,49.805251560759416],[6.686861062373707,49.805296495858201],[6.686791618234864,49.805295109079722],[6.686789475892698,49.805340044175885],[6.686720031695066,49.805338657353623],[6.686717889283339,49.8053835924472],[6.686648445026922,49.805382205581161],[6.686646302545634,49.805427140672123],[6.686644160058961,49.805472075762665],[6.686713604443731,49.805473462633074],[6.686711462015846,49.8055183977254],[6.686707177143921,49.80560826790876],[6.68670503469988,49.805653202999814],[6.686702892250453,49.805698138090456],[6.686700749795638,49.805743073180679],[6.686770194570851,49.805744460022652],[6.686768052174828,49.805789395114658],[6.686837497019604,49.805790781917246],[6.686835354682372,49.805835717011014],[6.686904799596713,49.805837103774223],[6.686902657318272,49.805882038869754],[6.686900515034445,49.805926973964887],[6.686969960082527,49.805928360690892],[6.686967817857492,49.80597329578778],[6.686965675627071,49.80601823088427],[6.686963533391266,49.806063165980333],[6.687032978637266,49.80606455267133],[6.687030836460253,49.806109487769163],[6.687100281775819,49.806110874420767],[6.687095997533992,49.806200744619566],[6.68702655209007,49.806199357963578],[6.687024409896901,49.806244293060153],[6.686954964394189,49.806242906360389],[6.686952822131456,49.806287841454363],[6.686883376569954,49.806286454710829],[6.686881234237656,49.806331389802203],[6.686811788617363,49.806330003014885],[6.686742343002458,49.806328616185986],[6.68674020053642,49.806373551272536],[6.686670754862723,49.806372164399875],[6.686601309194416,49.806370777485611],[6.686531863531497,49.806369390529774],[6.686529720867536,49.806414325609339],[6.686460275145827,49.806412938609732],[6.686458132412301,49.806457873686675],[6.686388686631803,49.806456486643292],[6.686319240856694,49.806455099558313],[6.686249795086973,49.806453712431754],[6.686247652155524,49.806498647501712],[6.686178206327014,49.806497260331383],[6.686108760503894,49.806495873119445],[6.686106617438699,49.806540808184607],[6.68603717155679,49.806539420928914],[6.685967725680269,49.806538033631647],[6.685965582481328,49.806582968692005],[6.68589613654602,49.806581581350947],[6.685826690616103,49.806580193968315],[6.685824547283415,49.80662512902385],[6.685755101294708,49.806623741597441],[6.685752957892453,49.806668676650382],[6.685683511844958,49.80666728918019],[6.685614065802852,49.80666590166841],[6.68561192226685,49.806710836716555],[6.685542476165956,49.806709449160991],[6.685473030070455,49.80670806156386],[6.685470886400704,49.80675299660718],[6.685401440246413,49.806751608966266],[6.685399296507094,49.806796544006993],[6.685329850294015,49.806795156322288],[6.685260404086327,49.806793768596023],[6.685258260213258,49.806838703631946],[6.685188813946783,49.806837315861898],[6.685186670004145,49.806882250895185],[6.685117223678882,49.806880863081361],[6.685047777359009,49.806879475225934],[6.684978331044529,49.806878087328947],[6.684976186903961,49.806923022355242],[6.684906740530693,49.806921634414472],[6.684904596320556,49.80696656943816],[6.6848351498885,49.806965181453613],[6.684765703461838,49.806963793427478],[6.684763559117949,49.807008728446348],[6.684761414768668,49.807053663464821],[6.684691968219038,49.807052275392707],[6.684622521674801,49.807050887279011],[6.684620377191768,49.807095822292673],[6.684550930588745,49.807094434135195],[6.684548786036141,49.807139369146256],[6.684479339374328,49.807137980945001],[6.684477194752151,49.807182915953447],[6.684407748031552,49.807181527708401],[6.684405603339803,49.807226462714233],[6.684336156560416,49.807225074425425],[6.684266709786423,49.807223686095021],[6.684197263017826,49.807222297723044],[6.684195118128141,49.80726723272187],[6.684125671300755,49.807265844306109],[6.684123526341497,49.807310779302327],[6.684054079455326,49.807309390842789],[6.684051934426494,49.807354325836378],[6.683982487481535,49.807352937333064],[6.683980342383128,49.80739787232406],[6.683910895379383,49.807396483776962],[6.683908750211401,49.807441418765336],[6.683839303148869,49.807440030174462],[6.683837157911312,49.807484965160214],[6.683767710789994,49.80748357652557],[6.683765565482862,49.807528511508707],[6.683696118302756,49.807527122830273],[6.683693972926051,49.807572057810809],[6.683624525687158,49.807570669088598],[6.683622380240876,49.807615604066513],[6.683552932943197,49.807614215300518],[6.683550787427338,49.807659150275832],[6.683481340070873,49.807657761466061],[6.683479194485438,49.807702696438753],[6.683409747070185,49.807701307585191],[6.683340299660331,49.807699918690048],[6.683338153941135,49.807744853657944],[6.683268706472495,49.807743464719003],[6.683266560683723,49.807788399684298],[6.683197113156295,49.807787010701581],[6.683194967297945,49.807831945664255],[6.683125519711731,49.807830556637761],[6.683123373783804,49.807875491597805],[6.683053926138802,49.807874102527542],[6.6829844784992,49.807872713415684],[6.68298233243751,49.807917648370932],[6.682912884739121,49.807916259215297],[6.682910738607853,49.80796119416793],[6.682841290850678,49.807959804968512],[6.682839144649831,49.808004739918523],[6.682769696833871,49.808003350675328],[6.682767550563445,49.808048285622732],[6.682698102688697,49.808046896335746],[6.682695956348692,49.808091831280528],[6.682626508415159,49.808090441949766],[6.682624362005574,49.808135376891933],[6.682554914013255,49.808133987517394],[6.682485466026334,49.808132598101274],[6.682483319482984,49.808177533038638],[6.682413871437277,49.80817614357872],[6.682411724824346,49.808221078513469],[6.682342276719855,49.808219689009789],[6.682340130037344,49.808264623941909],[6.682270681874067,49.808263234394431],[6.682268535121973,49.808308169323958],[6.682199086899911,49.808306779732703],[6.682129638683248,49.808305390099861],[6.682127491797388,49.808350325024563],[6.682058043521941,49.808348935347944],[6.682055896566499,49.808393870270017],[6.681986448232265,49.808392480549614],[6.68198430120724,49.808437415469093],[6.681914852814222,49.808436025704907],[6.681912705719614,49.808480960621765],[6.68184325726781,49.808479570813795],[6.681773808821406,49.808478180964244],[6.68177166159303,49.808523115876291],[6.681702213087842,49.808521725982942],[6.681700065789882,49.808566660892382],[6.681630617225907,49.808565270955256],[6.681628469858365,49.808610205862067],[6.681559021235606,49.808608815881165],[6.681489572618248,49.808607425858668],[6.681487425116935,49.808652360760675],[6.681417976440793,49.808650970694394],[6.681415828869895,49.808695905593794],[6.681346380134968,49.808694515483737],[6.681344232494484,49.808739450380514],[6.681274783700773,49.808738060226659],[6.681205334912463,49.808736670031237],[6.681203187138207,49.808781604923198],[6.681133738291114,49.808780214683978],[6.681131590447274,49.808825149573323],[6.681062141541394,49.80882375929032],[6.680992692640918,49.80882236896575],[6.680990544663306,49.808867303850271],[6.680921095704044,49.808865913481895],[6.680918947656846,49.808910848363816],[6.6808494986388,49.808909457951671],[6.680780049626159,49.808908067497924],[6.680777901445184,49.808953002375027],[6.680708452373758,49.808951611877504],[6.680706304123198,49.808996546751992],[6.680636854992988,49.808995156210678],[6.680567405868181,49.808993765627783],[6.680565257483845,49.80903870049746],[6.680495808300254,49.809037309870774],[6.680493659846331,49.809082244737823],[6.680424210603955,49.809080854067375],[6.680422062080444,49.809125788931809],[6.680352612779287,49.809124398217556],[6.680283163483533,49.809123007461714],[6.680281014826245,49.809167942321338],[6.680211565471707,49.809166551521706],[6.68020941674483,49.809211486378722],[6.68013996733151,49.809210095535313],[6.680137818535043,49.8092550303897],[6.680068369062938,49.809253639502508],[6.68006622019688,49.809298574354301],[6.679996770665994,49.809297183423304],[6.679994621730346,49.809342118272468],[6.679925172140677,49.809340727297702],[6.679855722556411,49.809339336281347],[6.679853573486985,49.809384271125687],[6.679784123843937,49.809382880065534],[6.67978197470492,49.809427814907281],[6.679712525003088,49.809426423803345],[6.67971037579448,49.809471358642448],[6.679640926033865,49.809469967494742],[6.679638776755665,49.809514902331237],[6.679569326936268,49.809513511139734],[6.679567177588475,49.809558445973614],[6.679497727710295,49.809557054738328],[6.67949557829291,49.809601989569593],[6.679426128355948,49.809600598290515],[6.679423978868971,49.809645533119145],[6.679354528873224,49.809644141796291],[6.679352379316654,49.809689076622313],[6.679282929262126,49.809687685255668],[6.679280779635962,49.809732620079068],[6.679211329522651,49.809731228668639],[6.679209179826893,49.809776163489424],[6.679207030125732,49.809821098309804],[6.679137579889449,49.809819706853375],[6.679135430118693,49.809864641671133],[6.679065979823627,49.80986325017092],[6.679063829983276,49.809908184986057],[6.678994379629428,49.809906793442067],[6.678992229719483,49.809951728254582],[6.678922779306851,49.809950336666795],[6.678920629327312,49.809995271476694],[6.678851178855897,49.809993879845123],[6.678849028806761,49.810038814652408],[6.678779578276565,49.810037422977047],[6.678777428157833,49.810082357781717],[6.678707977568854,49.810080966062564],[6.678705827380527,49.810125900864612],[6.678636376732763,49.810124509101676],[6.67863422647484,49.810169443901103],[6.678564775768296,49.810168052094376],[6.678562625440774,49.810212986891194],[6.678493174675448,49.810211595040677],[6.678491024278332,49.810256529834859],[6.678421573454221,49.810255137940565],[6.678419422987507,49.81030007273214],[6.678417272515385,49.810345007523289],[6.678347821568302,49.810343615583008],[6.678345671026582,49.810388550371535],[6.678276220020717,49.810387158387464],[6.678206769020259,49.810385766361797],[6.678204618344751,49.810430701145506],[6.678135167285511,49.810429309076056],[6.678133016540404,49.810474243857151],[6.678063565422382,49.810472851743917],[6.678061414607676,49.810517786522382],[6.677991963430872,49.810516394365344],[6.677989812546566,49.810561329141208],[6.677920361310981,49.810559936940386],[6.677918210357075,49.810604871713622],[6.677848759062707,49.810603479469016],[6.677846608039202,49.810648414239637],[6.677844457010289,49.810693349009831],[6.677842305975967,49.810738283779635],[6.677840154936239,49.810783218548991],[6.677770703390511,49.810781826253979],[6.677701251850192,49.810780433917394],[6.67769910067667,49.810825368681947],[6.67769694949774,49.810870303446066],[6.677627497834446,49.810868911063494],[6.677625346585915,49.810913845824977],[6.677555894863839,49.810912453398615],[6.677486443147175,49.81091106093065],[6.677484291764848,49.810955995687351],[6.6774148399894,49.810954603175581],[6.677345388219364,49.810953210622245],[6.677343236703241,49.810998145374114],[6.677273784874425,49.810996752776965],[6.677204333051018,49.810995360138243],[6.677202181401099,49.811040294885295],[6.67713272951891,49.811038902202782],[6.677063277642134,49.811037509478673],[6.677061125858418,49.811082444220894],[6.67699167392286,49.811081051453002],[6.676922221992713,49.811079658643514],[6.676852770067981,49.811078265792446],[6.676850618086275,49.811123200527646],[6.676781166102759,49.811121807632773],[6.676711714124658,49.811120414696319],[6.676709562009152,49.811165349426695],[6.676707409888237,49.811210284156665],[6.676637957787159,49.811208891174218],[6.676635805596639,49.811253825901552],[6.676566353436781,49.811252432875314],[6.676564201176656,49.811297367600041],[6.676494748958016,49.811295974529997],[6.676492596628284,49.81134090925211],[6.676423144350864,49.811339516138283],[6.676420991951526,49.811384450857759],[6.676351539615326,49.811383057700141],[6.676349387146383,49.811427992417009],[6.676347234672027,49.811472927133458],[6.67627778221285,49.811471533929847],[6.676275629668889,49.811516468643667],[6.676206177150931,49.811515075396258],[6.676204024537362,49.81156001010747],[6.676201871918382,49.811604944818242],[6.676132419277447,49.811603551524847],[6.676062966641927,49.811602158189856],[6.676060813889144,49.811647092895811],[6.675991361194842,49.811645699517037],[6.675989208372449,49.811690634220376],[6.675919755619368,49.811689240797797],[6.675917602727369,49.811734175498515],[6.675848149915505,49.811732782032152],[6.675845996953897,49.811777716730255],[6.675776544083253,49.811776323220087],[6.675774391052036,49.811821257915561],[6.67570493812261,49.811819864361617],[6.675702785021785,49.811864799054469],[6.675633332033579,49.81186340545672],[6.675631178863143,49.811908340146942],[6.675700631915545,49.811909733746894],[6.675698478803891,49.811954668438915],[6.675767931925905,49.811956061999474],[6.675765778873036,49.812000996693278],[6.675763625814754,49.812045931386663],[6.675833079070576,49.812047324910033],[6.675830926071077,49.812092259605201],[6.675828773066166,49.81213719429995],[6.675759319681949,49.812135800772168],[6.675689866303148,49.812134407202798],[6.675620412929761,49.81213301359184],[6.675618259726845,49.812177948279547],[6.675548806294676,49.812176554624799],[6.67555095956179,49.812131619939279],[6.675481506199237,49.812130226245138],[6.675412052842098,49.812128832509401],[6.675342599490375,49.81212743873207],[6.67527314614407,49.812126044913157],[6.67520369280318,49.812124651052642],[6.67506478613765,49.812121863206855],[6.67499533281301,49.812120469221568],[6.674925879493788,49.812119075194701],[6.674856426179985,49.812117681126225],[6.674786972871596,49.81211628701616],[6.674717519568626,49.812114892864521],[6.674715365531147,49.812159827523601],[6.674645912169397,49.81215843332815],[6.674576458813065,49.812157039091126],[6.674507005462153,49.812155644812499],[6.674437552116657,49.812154250492277],[6.674368098776581,49.812152856130474],[6.674298645441923,49.812151461727076],[6.674296491013845,49.812196396372521],[6.674227037620408,49.812195001925325],[6.674157584232391,49.812193607436541],[6.674088130849793,49.812192212906169],[6.674085976223706,49.812237147544565],[6.67401652278233,49.812235752970395],[6.673947069346373,49.81223435835463],[6.673877615915836,49.812232963697276],[6.673875461091739,49.812277898328666],[6.673806007602424,49.812276503627508],[6.673736554118529,49.812275108884776],[6.673667100640055,49.812273714100442],[6.673664945617948,49.812318648724791],[6.673595492080696,49.812317253896659],[6.673526038548864,49.812315859026945],[6.673523883392944,49.812360793646462],[6.673454429802335,49.812359398732951],[6.673384976217148,49.812358003777838],[6.673382820927415,49.812402938392523],[6.67331336728345,49.812401543393626],[6.673243913644907,49.812400148353127],[6.673174460011785,49.812398753271047],[6.673172304524039,49.812443687878705],[6.67310285083214,49.812442292752827],[6.673033397145663,49.812440897585354],[6.673031241524103,49.812485832188173],[6.67296178777885,49.812484436976895],[6.67289233403902,49.812483041724036],[6.672890178283642,49.812527976322038],[6.672820724485035,49.812526581025374],[6.67275127069185,49.812525185687136],[6.672749114802657,49.812570120280306],[6.672679660950695,49.812568724898256],[6.672610207104157,49.812567329474632],[6.672608051081148,49.812612264062963],[6.672538597175834,49.812610868595527],[6.672469143275943,49.812609473086496],[6.672399689381477,49.812608077535884],[6.672397533160451,49.812653012117188],[6.672328079207208,49.812651616522764],[6.672258625259389,49.812650220886759],[6.672256468904544,49.812695155463231],[6.67218701489795,49.812693759783436],[6.672117560896781,49.81269236406203],[6.672115404408117,49.812737298633664],[6.672045950348172,49.812735902868475],[6.671976496293651,49.812734507061691],[6.67197433967117,49.8127794416285],[6.671904885557875,49.812778045777904],[6.671835431450004,49.812776649885741],[6.671765977347557,49.812775253951976],[6.671763820527056,49.812820188511751],[6.671694366365836,49.812818792534195],[6.67162491221004,49.81281739651503],[6.671622755255719,49.812862331069965],[6.671553301041149,49.812860935007009],[6.671483846832005,49.812859538902451],[6.671481689743862,49.812904473452569],[6.671412235475944,49.812903077304235],[6.671342781213452,49.81290168111429],[6.671340623991487,49.812946615659563],[6.671271169670222,49.812945219425821],[6.671201715354384,49.812943823150498],[6.671199557998595,49.812988757690931],[6.671130103623983,49.81298736137181],[6.671127946198571,49.813032295909629],[6.671058491765186,49.813030899546696],[6.670989037337226,49.813029503142182],[6.670919582914695,49.813028106696066],[6.670917425291259,49.813073041226858],[6.670847970809954,49.813071644736944],[6.670845813116896,49.813116579265078],[6.670776358576817,49.81311518273138],[6.670706904042167,49.813113786156073],[6.670704746215284,49.813158720679397],[6.67063529162186,49.813157324060299],[6.67063313372535,49.813202258580986],[6.670563679073155,49.813200861918084],[6.67056152110702,49.813245796436149],[6.670492066396052,49.813244399729449],[6.670422611690511,49.813243002981153],[6.67042045359055,49.81328793749438],[6.670350998826237,49.813286540702286],[6.67034884065665,49.813331475212884],[6.670279385833564,49.813330078376993],[6.67027722759435,49.813375012884983],[6.670207772712493,49.813373616005293],[6.670205614403653,49.813418550510633],[6.670136159463024,49.813417153587139],[6.670066704527823,49.813415756622049],[6.670064546085153,49.813460691122565],[6.669995091091181,49.813459294113677],[6.669992932578884,49.813504228611563],[6.66992347752614,49.813502831558878],[6.669921318944214,49.813547766054143],[6.669851863832698,49.81354636895766],[6.669849705181145,49.813591303450281],[6.669780250010857,49.813589906309993],[6.669778091289674,49.813634840799999],[6.669708636060614,49.813633443615913],[6.669706477269802,49.81367837810329],[6.669637021981971,49.8136769808754],[6.669634863121529,49.813721915360141],[6.669632704255661,49.813766849844477],[6.669563248844856,49.813765452570578],[6.669561089909357,49.813810387052293],[6.66949163443978,49.813808989734582],[6.669489475434652,49.813853924213653],[6.669420019906301,49.813852526852152],[6.669417860831542,49.813897461328608],[6.669415701751355,49.813942395804638],[6.66934624610003,49.813940998397129],[6.669344086950212,49.813985932870523],[6.669341927794964,49.814030867343511],[6.669272472020666,49.814029469889995],[6.669270312795787,49.814074404360341],[6.669200856962717,49.814073006863005],[6.669198697668206,49.814117941330736],[6.669196538368266,49.814162875798047],[6.669127082412222,49.814161478254704],[6.669124923042648,49.814206412719393],[6.669055467027831,49.814205015132252],[6.669053307588626,49.814249949594299],[6.669051148143991,49.814294884055933],[6.668981692006199,49.814293486422784],[6.668979532491931,49.814338420881789],[6.668977372972234,49.814383355340368],[6.668907916711465,49.814381957661205],[6.668905757122134,49.814426892117169],[6.668903597527373,49.814471826572706],[6.668834141143628,49.814470428847535],[6.668831981479233,49.814515363300437],[6.668829821809408,49.814560297752934],[6.668760365302685,49.814558899981748],[6.668758205563226,49.814603834431608],[6.668756045818338,49.814648768881042],[6.668686589188637,49.814647371063849],[6.668684429374111,49.814692305510661],[6.668682269554156,49.814737239957068],[6.668612812801478,49.814735842093846],[6.668610652911889,49.81478077653761],[6.668608493016867,49.814825710980976],[6.668539036141211,49.814824313071739],[6.668536876176554,49.814869247512455],[6.668534716206465,49.814914181952759],[6.668532556230947,49.814959116392643],[6.668463099168106,49.814957718435188],[6.668460939122951,49.815002652872444],[6.668458779072362,49.815047587309287],[6.668389321886543,49.815046189305818],[6.668387161766319,49.815091123740025],[6.668385001640663,49.815136058173813],[6.668382841509577,49.815180992607175],[6.668452298888016,49.815182390617281],[6.66852175627189,49.815183788585777],[6.668519596263786,49.815228723023147],[6.668589053717299,49.815230120952265],[6.668658511176244,49.815231518839781],[6.668656351291125,49.815276453281143],[6.668725808819711,49.815277851129274],[6.66879526635373,49.815279248935823],[6.668864723893179,49.815280646700764],[6.668866883585678,49.815235712252779],[6.668869043272747,49.815190777804354],[6.668871202954386,49.815145843355516],[6.668940660306648,49.815147241072246],[6.668942819918649,49.815102306620794],[6.668944979525221,49.815057372168901],[6.669014436754502,49.815058769839609],[6.669016596291438,49.815013835385088],[6.669018755822943,49.814968900930168],[6.669088212929244,49.814970298554861],[6.669090372391114,49.814925364097306],[6.669092531847555,49.814880429639331],[6.669161988830874,49.814881827218002],[6.66916414821768,49.814836892757405],[6.669166307599056,49.814791958296389],[6.669235764459396,49.81479335582906],[6.669237923771136,49.814748421365415],[6.669240083077449,49.81470348690133],[6.669242242378334,49.814658552436839],[6.669311699051488,49.8146599499213],[6.669313858282736,49.81461501545418],[6.669383314897118,49.814616412894829],[6.669385474058733,49.814571478425073],[6.66938763321492,49.814526543954912],[6.669457089706322,49.814527941349546],[6.669459248792876,49.814483006876763],[6.669461407874001,49.81443807240354],[6.669530864242424,49.814439469752166],[6.669533023253918,49.814394535276321],[6.669535182259981,49.814349600800078],[6.669537341260618,49.814304666323395],[6.669606797441858,49.814306063623803],[6.669608956372863,49.814261129144491],[6.66967841249533,49.814262526401102],[6.669680571356702,49.814217591919167],[6.669682730212647,49.814172657436814],[6.669752186212138,49.814174054647403],[6.66975434499845,49.814129120162427],[6.669756503779336,49.814084185677032],[6.669825959655849,49.814085582841614],[6.669895415537792,49.8140869799646],[6.669897574184843,49.814042045474366],[6.669899732826469,49.813997110983706],[6.669901891462666,49.813952176492641],[6.669971347157429,49.813953573567417],[6.670040802857622,49.813954970600591],[6.670042961359987,49.81391003610468],[6.670112417001405,49.813911433094056],[6.67011457543414,49.813866498595523],[6.670184031016788,49.813867895541087],[6.670186189379892,49.813822961039946],[6.670255644903765,49.813824357941712],[6.670257803197241,49.813779423437921],[6.670327258662342,49.813780820295896],[6.67032941688619,49.81373588578947],[6.670331575104612,49.813690951282652],[6.670401030446735,49.813692348094612],[6.670403188595529,49.813647413585144],[6.670472643878879,49.813648810353314],[6.670474801958046,49.813603875841224],[6.670544257182623,49.813605272565574],[6.670613712412626,49.813606669248351],[6.670615870357964,49.813561734731429],[6.670685325529194,49.813563131370401],[6.670687483404905,49.813518196850858],[6.670756938517361,49.813519593446024],[6.670826393635245,49.813520989999603],[6.670828551377127,49.813476055475221],[6.670898006436237,49.813477451984987],[6.670900164108494,49.813432517457983],[6.670969619108829,49.813433913923966],[6.670971776711461,49.813388979394325],[6.671041231653021,49.813390375816503],[6.67111068660001,49.813391772197086],[6.671112844068816,49.813346837662621],[6.671182298957029,49.813348233999406],[6.671184456356209,49.813303299462305],[6.671253911185648,49.813304695755306],[6.671323366020513,49.813306092006684],[6.671392820860804,49.813307488216488],[6.671394978061958,49.813262553672359],[6.671464432843475,49.813263949838358],[6.671533887630416,49.813265345962755],[6.671536044697746,49.813220411413809],[6.671605499425914,49.813221807494408],[6.671674954159507,49.813223203533425],[6.671677111093014,49.813178268979627],[6.671746565767831,49.813179664974847],[6.671816020448072,49.813181060928471],[6.671818177247755,49.813136126369848],[6.671957086496112,49.813138918147914],[6.67195492982483,49.813183852710935],[6.672024384521347,49.813185248539796],[6.672093839223287,49.81318664432704],[6.672163293930652,49.81318804007271],[6.67223274864344,49.813189435776778],[6.672234905057921,49.813144501204903],[6.67223706146698,49.81309956663263],[6.672239217870618,49.813054632059924],[6.672241374268835,49.813009697486798],[6.672310828730247,49.813011093140453],[6.672312985058842,49.81296615856472],[6.672382439461478,49.812967554174577],[6.672451893869536,49.812968949742839],[6.672454050064312,49.81292401516226],[6.672523504413594,49.812925410686717],[6.672592958768301,49.812926806169592],[6.672662413128429,49.812928201610873],[6.672664569125184,49.812883267023267],[6.672734023426537,49.812884662420757],[6.672803477733313,49.812886057776637],[6.672805633596249,49.812841123184214],[6.672875087844246,49.812842518496296],[6.672944542097667,49.812843913766805],[6.673013996356509,49.812845308995712],[6.673016152021428,49.812800374396232],[6.673085606221492,49.812801769581348],[6.673155060426979,49.812803164724869],[6.673157215958079,49.812758230120565],[6.673226670104789,49.812759625220281],[6.67329612425692,49.812761020278415],[6.673298279654202,49.812716085669294],[6.673367733747556,49.812717480683624],[6.673437187846329,49.812718875656365],[6.673506641950524,49.812720270587519],[6.673508797149792,49.812675335971356],[6.673578251195208,49.812676730858705],[6.673647705246045,49.812678125704473],[6.673717159302304,49.812679520508645],[6.673719314303555,49.812634585885441],[6.673788768301034,49.812635980645815],[6.673858222303935,49.812637375364602],[6.673927676312254,49.812638770041794],[6.673929831115492,49.812593835411569],[6.673999285065033,49.81259523004497],[6.674068739019993,49.812596624636768],[6.674138192980372,49.812598019186979],[6.674207646946171,49.812599413695594],[6.674209801487199,49.812554479056132],[6.674279255394217,49.812555873520964],[6.674348709306655,49.812557267944193],[6.674350863713869,49.812512333299892],[6.674420317567527,49.812513727679331],[6.674489771426604,49.812515122017174],[6.674559225291098,49.81251651631343],[6.674561379500299,49.812471581662116],[6.674700287117149,49.812474370125443],[6.674769740933699,49.812475764294717],[6.674767586917093,49.812520698952646],[6.674698133036343,49.812519304781169],[6.674628679161011,49.812517910568097],[6.674626525010592,49.812562845221201],[6.674557071076481,49.812561450964331],[6.674554916856446,49.812606385614828],[6.674485462863553,49.812604991314167],[6.67441600887608,49.812603596971911],[6.674413854522232,49.812648531617569],[6.674411700162969,49.812693466262822],[6.674481154278839,49.812694860609483],[6.674478999978358,49.812739795256498],[6.674548454163847,49.812741189563766],[6.674687362551081,49.812743978053547],[6.674756816752824,49.812745372236037],[6.674758970796509,49.812700437580197],[6.674828424939472,49.812701831718904],[6.674897879087851,49.812703225816009],[6.674967333241649,49.812704619871532],[6.675036787400864,49.812706013885453],[6.675038941182337,49.812661079220376],[6.67517784938862,49.812663867119042],[6.675247303499887,49.812665261005996],[6.67531675761657,49.812666654851355],[6.675318911135832,49.812621720177056],[6.675388365193733,49.81262311397861],[6.67545781925705,49.812624507738576],[6.675459972642502,49.812579573059438],[6.675529426647035,49.812580966775613],[6.675598880656985,49.812582360450193],[6.675601033908625,49.812537425766251],[6.675670487859793,49.812538819397027],[6.675739941816376,49.812540212986221],[6.675742094934203,49.812495278297455],[6.675811548832003,49.812496671842858],[6.675813701880219,49.812451737151456],[6.675883155719237,49.812453130653054],[6.675952609563669,49.812454524113079],[6.675954762478075,49.812409589416852],[6.676024216263724,49.812410982833079],[6.67602636910852,49.812366048134237],[6.676095822835385,49.812367441506666],[6.676165276567665,49.8123688348375],[6.676167429278651,49.812323900133833],[6.676236882952148,49.812325293420869],[6.676239035593524,49.812280358714581],[6.676308489208237,49.812281751957833],[6.676377942828364,49.812283145159483],[6.676380095335932,49.812238210448385],[6.676449548897275,49.812239603606237],[6.676451701335234,49.812194668892516],[6.676521154837793,49.812196062006585],[6.676590608345766,49.812197455079051],[6.676660061859153,49.812198848109944],[6.676662214099107,49.812153913389203],[6.676731667553708,49.812155306376297],[6.676801121013724,49.812156699321797],[6.676803273119872,49.812111764596224],[6.676872726521103,49.81211315749794],[6.676874878557643,49.812068222769739],[6.676944331900089,49.812069615627657],[6.677013785247948,49.812071008443979],[6.677015937150685,49.812026073710967],[6.677085390439758,49.812027466483485],[6.677087542272887,49.811982531747852],[6.677156995503177,49.811983924476593],[6.677226448738877,49.811985317163746],[6.677228600438203,49.811940382423288],[6.677298053615118,49.811941775066636],[6.677367506797445,49.81194316766841],[6.677436959985184,49.811944560228589],[6.677439111486509,49.811899625481118],[6.677508564615462,49.811901017997499],[6.677578017749828,49.811902410472285],[6.677647470889603,49.811903802905491],[6.67764962219293,49.811858868150985],[6.677719075273919,49.811860260540406],[6.67778852836032,49.811861652888219],[6.677790679529844,49.811816718128902],[6.677860132557459,49.811818110432917],[6.677929585590484,49.811819502695364],[6.677931736626207,49.811774567931231],[6.678001189600447,49.811775960149866],[6.678070642580095,49.811777352326914],[6.678140095565153,49.811778744462387],[6.67814224640288,49.811733809691219],[6.678211699329152,49.811735201782895],[6.678213850097274,49.811690267009112],[6.67828330296476,49.811691659056997],[6.678285453663279,49.811646724280607],[6.678354906471979,49.811648116284687],[6.678424359286087,49.811649508247193],[6.678493812105603,49.811650900168104],[6.678495962606127,49.811605965384679],[6.678565415366857,49.811607357261799],[6.678634868132995,49.811608749097331],[6.678637018499722,49.811563814309089],[6.678706471207073,49.81156520610083],[6.678708621504197,49.811520271309981],[6.678778074152761,49.811521663057931],[6.678847526806733,49.811523054764287],[6.678916979466112,49.811524446429054],[6.678919129565244,49.811479511631177],[6.678988582165837,49.811480903252153],[6.679058034771836,49.811482294831535],[6.679127487383243,49.811483686369328],[6.679196940000058,49.811485077865534],[6.679199089837002,49.811440143058448],[6.679268542395029,49.811441534510863],[6.679337994958463,49.811442925921696],[6.679407447527303,49.81144431729092],[6.679409597166256,49.811399382476814],[6.679479049676306,49.811400773802269],[6.679548502191765,49.811402165086122],[6.679617954712629,49.811403556328379],[6.679620104153592,49.81135862150726],[6.679689556615667,49.811360012705741],[6.679759009083148,49.811361403862627],[6.679828461556035,49.811362794977924],[6.67983061079901,49.811317860149785],[6.679900063213107,49.811319251221285],[6.679902212386482,49.811274316390545],[6.67997166474179,49.811275707418261],[6.679973813845567,49.811230772584892],[6.679975962943941,49.811185837751104],[6.680045415176265,49.81118722873282],[6.680047564205041,49.811142293896431],[6.680117016378576,49.811143684834356],[6.680119165337755,49.811098749995345],[6.680188617452499,49.811100140889508],[6.680190766342082,49.811055206047861],[6.680260218398037,49.811056596898226],[6.680262367218022,49.811011662053978],[6.680264516032606,49.810966727209305],[6.680266664841787,49.810921792364219],[6.680336116710564,49.810923183166402],[6.680338265450148,49.810878248318694],[6.680340414184332,49.81083331347056],[6.680409865930127,49.810834704226757],[6.680412014594714,49.810789769376022],[6.680414163253899,49.810744834524861],[6.680483614876713,49.810746225235064],[6.680485763466304,49.810701290381296],[6.680555215030327,49.810702681047701],[6.680557363550322,49.810657746191325],[6.680559512064916,49.810612811334508],[6.680628963505958,49.810614201954941],[6.680631111950958,49.810569267095516],[6.680700563333211,49.810570657672159],[6.680702711708617,49.810525722810127],[6.68077216303208,49.810527113342978],[6.680774311337892,49.810482178478317],[6.680843762602567,49.810483568967399],[6.680845910838785,49.810438634100123],[6.680915362044671,49.810440024545407],[6.680917510211298,49.810395089675509],[6.680919658372524,49.810350154805192],[6.680989109455428,49.810351545204497],[6.680991257547062,49.810306610331573],[6.681060708571177,49.810308000687087],[6.681062856593218,49.810263065811547],[6.681132307558544,49.810264456123285],[6.681134455510994,49.810219521245124],[6.681203906417531,49.810220911513063],[6.681206054300389,49.810175976632294],[6.681275505148137,49.81017736685645],[6.681277652961405,49.810132431973067],[6.681279800769271,49.810087497089256],[6.681349251494039,49.810088887267426],[6.681351399232317,49.810043952381001],[6.681420849898295,49.81004534251538],[6.681422997566981,49.810000407626355],[6.681425145230269,49.809955472736895],[6.681494595773267,49.809956862825295],[6.681496743366965,49.809911927933229],[6.681498890955263,49.809866993040735],[6.681568341375283,49.809868383083163],[6.681637791800705,49.809869773083989],[6.681639939255223,49.809824838186692],[6.681709389621855,49.809826228143727],[6.681711537006785,49.809781293243823],[6.681780987314629,49.809782683157081],[6.68178313462997,49.809737748254555],[6.681852584879024,49.80973913812403],[6.681854732124776,49.809694203218882],[6.681924182315042,49.809695593044573],[6.681926329491207,49.809650658136817],[6.681995779622683,49.809652047918725],[6.68199792672926,49.809607113008347],[6.682067376801946,49.809608502746471],[6.682069523838937,49.809563567833472],[6.682138973852833,49.809564957527819],[6.682141120820237,49.809520022612205],[6.682210570775346,49.809521412262768],[6.682212717673162,49.809476477344546],[6.682217011452604,49.809386607506852],[6.68221915833423,49.809341672587372],[6.682288608037982,49.809343062187558],[6.682358057747133,49.809344451746149],[6.682427507461685,49.809345841263159],[6.682429654145348,49.809300906336659],[6.682431800823613,49.809255971409776],[6.682501250415187,49.809257360880792],[6.682503397023868,49.80921242595128],[6.682505543627152,49.809167491021334],[6.682574993095748,49.8091688804464],[6.682577139629449,49.809123945513853],[6.682579286157751,49.809079010580881],[6.682648735503371,49.809080399959946],[6.682650881962091,49.809035465024358],[6.682653028415414,49.808990530088359],[6.68265517486334,49.808945595151954],[6.682724624021798,49.80894698448283],[6.682726770400142,49.808902049543811],[6.682728916773089,49.808857114604365],[6.682731063140641,49.808812179664493],[6.682800512111934,49.808813568947208],[6.682802658409905,49.808768634004721],[6.682804804702476,49.808723699061822],[6.682806950989654,49.808678764118497],[6.682876399773788,49.808680153353052],[6.682878545991383,49.808635218407119],[6.682880692203582,49.808590283460767],[6.682882838410388,49.808545348513995],[6.682884984611797,49.808500413566804],[6.68288713080781,49.808455478619202],[6.682956579276413,49.808456867801176],[6.682958725402846,49.808411932850952],[6.682963017639523,49.808322062949266],[6.68296516374977,49.808277127997791],[6.683034611967028,49.808278517129402],[6.683036758007694,49.808233582175312],[6.683106206166167,49.808234971263147],[6.683108352137253,49.808190036306442],[6.683177800236938,49.8081914253505],[6.683179946138446,49.808146490391167],[6.683249394179342,49.808147879391434],[6.683318842225637,49.808149268350121],[6.683320987993381,49.808104333385998],[6.683390435980887,49.808105722300901],[6.683392581679053,49.808060787334163],[6.683462029607772,49.808062176205283],[6.683464175236359,49.80801724123593],[6.683533623106289,49.808018630063273],[6.683535768665299,49.807973695091306],[6.683605216476443,49.807975083874858],[6.683744112114917,49.807977861317219],[6.683746257475982,49.807932926338253],[6.683815705239128,49.80793431499486],[6.683817850530616,49.807889380013272],[6.683887298234976,49.807890768626088],[6.683889443456887,49.807845833641899],[6.683958891102457,49.807847222210953],[6.683961036254793,49.807802287224135],[6.684030483841575,49.807803675749412],[6.684032628924334,49.807758740759986],[6.684102076452327,49.807760129241458],[6.68410422146551,49.807715194249432],[6.684173668934716,49.807716582687149],[6.684243116409317,49.807717971083257],[6.684245261288742,49.80767303608642],[6.684314708704554,49.807674424438758],[6.684316853514404,49.807629489439307],[6.684386300871427,49.807630877747862],[6.684388445611702,49.807585942745803],[6.684457892909938,49.807587331010581],[6.684460037580639,49.807542396005907],[6.684529484820085,49.807543784226908],[6.684598932064925,49.807545172406321],[6.68460107660187,49.807500237396845],[6.684670523787921,49.807501625532481],[6.684672668255294,49.807456690520382],[6.684742115382555,49.807458078612243],[6.68481156251521,49.807459466662515],[6.684813706848827,49.807414531645605],[6.684883153922693,49.807415919652108],[6.684885298186738,49.807370984632584],[6.684954745201814,49.807372372595303],[6.684956889396287,49.807327437573178],[6.685026336352575,49.807328825492121],[6.685028480477475,49.807283890467374],[6.685097927374974,49.80728527834254],[6.685100071430302,49.807240343315193],[6.685169518269011,49.807241731146568],[6.685238965113112,49.80724311893637],[6.685308411962606,49.807244506684576],[6.68531055582,49.80719957165023],[6.685380002610705,49.80720095935466],[6.685382146398528,49.807156024317699],[6.685451593130442,49.807157411978359],[6.685521039867749,49.807158799597424],[6.685523183521819,49.807113864555674],[6.685592630200336,49.807115252130956],[6.685662076884244,49.807116639664663],[6.685731523573542,49.807118027156783],[6.685733667029681,49.807073092108034],[6.685803113660189,49.80707447955637],[6.685872560296088,49.807075866963132],[6.685874703618476,49.807030931909566],[6.685944150195584,49.807032319272551],[6.685946293448405,49.806987384216377],[6.686015739966723,49.806988771535586],[6.686085186490431,49.806990158813214],[6.686087329609503,49.80694522375223],[6.686156776074419,49.806946610986067],[6.686158919123923,49.806901675922482],[6.686228365530049,49.806903063112543],[6.686230508509984,49.806858128046358],[6.68629995485732,49.806859515192649],[6.686369401210045,49.806860902297345],[6.686371544056233,49.806815967226335],[6.686440990350166,49.806817354287276],[6.686510436649489,49.806818741306621],[6.686512579361929,49.806773806230808],[6.686582025602462,49.806775193206377],[6.686651471848382,49.806776580140358],[6.686653614427076,49.806731645059756],[6.686723060614205,49.806733031949967],[6.686792506806722,49.806734418798598],[6.686794649251671,49.806689483713185],[6.686864095385396,49.806690870518032],[6.68693354152451,49.806692257281291],[6.686935683835713,49.806647322191083],[6.687005129916034,49.806648708910572],[6.687144022092841,49.806651482224794],[6.687146164206119,49.806606547127608],[6.687215610238426,49.806607933720137],[6.687217752282141,49.806562998620322],[6.68721989432047,49.806518063520102],[6.687289340229803,49.806519450066666],[6.687358786144523,49.806520836571657],[6.68736092804911,49.806475901466634],[6.687430373905038,49.806477287927855],[6.687499819766352,49.806478674347495],[6.687569265633054,49.806480060725534],[6.687571407339718,49.806435125613511],[6.687640853147626,49.806436511947794],[6.68771029896092,49.806437898240482],[6.687779744779601,49.806439284491596],[6.687781886288346,49.806394349372574],[6.687851332048232,49.806395735579905],[6.687920777813505,49.806397121745654],[6.687990223584163,49.806398507869829],[6.688059669360207,49.806399893952403],[6.688129115141637,49.806401279993395],[6.688126973953787,49.806446215123366],[6.688196419804779,49.806447601124972],[6.68833531152292,49.806450373003429],[6.688404757390066,49.806451758880279],[6.688474203262598,49.806453144715547],[6.688543649140514,49.806454530509221],[6.688541508332356,49.806499465651925],[6.688539367518818,49.806544400794188],[6.688608813530476,49.806545786550664],[6.688678259547518,49.806547172265567],[6.688747705569944,49.806548557938875],[6.688886597630946,49.806551329160747],[6.688956043669521,49.806552714709312],[6.688958184097983,49.806507779553897],[6.689027630077763,49.806509165058692],[6.689097076062925,49.806510550521892],[6.68916652205347,49.806511935943504],[6.689168662284013,49.806467000781105],[6.689238108215761,49.806468386158954],[6.689307554152892,49.806469771495216],[6.689309694249696,49.806424836328013],[6.68937914012803,49.806426221620498],[6.689448586011746,49.806427606871402],[6.689518031900844,49.806428992080711],[6.689587477795323,49.806430377248461],[6.689656923695185,49.806431762374608],[6.689654783919276,49.806476697552753],[6.689724229888699,49.806478082639501],[6.689726369600427,49.806433147459167],[6.689795815511051,49.806434532502152],[6.689865261427056,49.806435917503549],[6.689934707348442,49.806437302463365],[6.689936846862252,49.806392367276054],[6.690006292724839,49.806393752192093],[6.690008432169092,49.806348817002167],[6.690010571607968,49.806303881811822],[6.690012711041463,49.806258946621064],[6.690014850469582,49.80621401142988],[6.690016989892321,49.806169076238291],[6.690086435439396,49.806170461101807],[6.690088574792577,49.806125525907611],[6.690158020280854,49.80612691072735],[6.690227465774509,49.806128295505509],[6.690229604993958,49.806083360306509],[6.690299050428815,49.806084745040899],[6.690437941314672,49.80608751438492],[6.690507386765669,49.806088898994545],[6.690576832222044,49.806090283562604],[6.690574693323487,49.806135218772539],[6.690572554419553,49.806180153982055],[6.690642000009666,49.806181538512909],[6.690639861164533,49.806226473724195],[6.690637722314024,49.806271408935068],[6.690635583458138,49.806316344145522],[6.690705029246166,49.806317728641346],[6.690702890449082,49.806362663853577],[6.690772336306668,49.806364048310002],[6.690770197568386,49.806408983524001],[6.690768058824728,49.806453918737567],[6.690837504816052,49.806455303156795],[6.690835366131196,49.806500238372152],[6.690833227440965,49.806545173587082],[6.690902673566026,49.806546557969092],[6.690972119696467,49.806547942309521],[6.690969981129219,49.806592877528409],[6.691039427329217,49.806594261829446],[6.691041565832285,49.806549326608369],[6.691111011973482,49.806550710865636],[6.691180458120057,49.806552095081308],[6.691249904272011,49.806553479255399],[6.691319350429341,49.806554863387895],[6.691388796592049,49.806556247478831],[6.691390934768841,49.806511312246393],[6.691460380872749,49.806512696293545],[6.69152982698203,49.80651408029911],[6.691527688933598,49.806559015535925],[6.691525550879792,49.806603950772299],[6.691594997122813,49.806605334740659],[6.691592859127811,49.806650269978824],[6.691590721127433,49.80669520521657],[6.691660167504192,49.80669658914772],[6.691658029562621,49.806741524387228],[6.691655891615675,49.806786459626316],[6.691725338126171,49.806787843520254],[6.691723200238031,49.806832778761127],[6.691721062344518,49.806877714001558],[6.691790508988753,49.806879097858285],[6.691788371154046,49.806924033100508],[6.691786233313963,49.806968968342311],[6.69185568009194,49.806970352161827],[6.691853542310664,49.807015287405392],[6.691922989158199,49.807016671185501],[6.691920851435731,49.807061606430842],[6.691918713707889,49.807106541675758],[6.691988160689164,49.807107925418663],[6.691986023020131,49.807152860665354],[6.692055470070963,49.807154244368846],[6.692053332460738,49.807199179617314],[6.692122779581129,49.80720056328142],[6.692192226706895,49.807201946903938],[6.692190089219661,49.807246882156356],[6.692259536414987,49.807248265739481],[6.692328983615687,49.807249649281033],[6.692326846251444,49.807294584537402],[6.692396293521704,49.807295968039533],[6.692394156216272,49.807340903297678],[6.69246360355609,49.807342286760417],[6.692461466309467,49.807387222020317],[6.692459329057472,49.807432157279806],[6.692528776531031,49.807433540705333],[6.692526639337846,49.807478475966597],[6.692596086880965,49.807479859352725],[6.692593949746591,49.807524794615752],[6.692591812606844,49.807569729878367],[6.692661260283703,49.807571113227283],[6.692659123202769,49.807616048491653],[6.692656986116461,49.807660983755611],[6.692726433927064,49.807662367067309],[6.692724296899567,49.807707302333043],[6.692722159866697,49.807752237598365],[6.692720022828457,49.807797172863246],[6.692789470836988,49.807798556139929],[6.692787333857559,49.807843491406587],[6.692856781935649,49.807844874643862],[6.692854645015033,49.807889809912304],[6.692852508089046,49.807934745180297],[6.692850371157684,49.807979680447893],[6.692919819433705,49.807981063650146],[6.692917682561156,49.808025998919504],[6.692915545683237,49.808070934188443],[6.692984994093003,49.808072317353478],[6.692982857273897,49.8081172526242],[6.69298072044942,49.808162187894496],[6.693050168992931,49.808163571022313],[6.693048032227267,49.808208506294378],[6.693045895456232,49.808253441566009],[6.69311534413349,49.808254824656622],[6.693113207421269,49.808299759930037],[6.693111070703677,49.808344695203033],[6.693108933980712,49.80838963047561],[6.693178382855905,49.808391013531192],[6.693176246191755,49.808435948805545],[6.693245695136508,49.808437331821715],[6.693243558531175,49.808482267097823],[6.693313007545489,49.808483650074599],[6.693310870998973,49.808528585352484],[6.693380320082846,49.808529968289854],[6.693378183595145,49.8085749035695],[6.693447632748581,49.808576286467471],[6.693445496319696,49.808621221748886],[6.693514945542693,49.808622604607464],[6.693512809172625,49.808667539890642],[6.693582258465185,49.808668922709806],[6.693580122153934,49.808713857994761],[6.693649571516053,49.808715240774525],[6.693647435263618,49.808760176061263],[6.693716884695299,49.808761558801621],[6.693714748501683,49.808806494090113],[6.693784198002925,49.808807876791072],[6.693853647509539,49.808809259450435],[6.693923097021525,49.80881064206821],[6.693920961015105,49.808855577362841],[6.693990410596651,49.808856959941224],[6.69398827464905,49.808901895237625],[6.694057724300158,49.808903277776601],[6.694055588411376,49.808948213074757],[6.694053452517224,49.808993148372515],[6.694051316617703,49.809038083669833],[6.694120766466751,49.809039466173786],[6.694118630626049,49.80908440147288],[6.694188080544659,49.809085783937419],[6.694185944762777,49.80913071923829],[6.694255394750947,49.809132101663408],[6.694253259027884,49.809177036966055],[6.694322709085617,49.809178419351788],[6.694320573421376,49.809223354656183],[6.694390023548668,49.809224737002516],[6.69438788794325,49.809269672308687],[6.694457338140103,49.809271054615614],[6.694455202593506,49.80931598992354],[6.694453067041538,49.809360925231061],[6.694450931484202,49.809405860538149],[6.694520381879,49.809407242810039],[6.694518246380486,49.809452178118903],[6.694587696844845,49.809453560351386],[6.694657147314575,49.809454942542303],[6.694726597789677,49.809456324691617],[6.694796048270148,49.809457706799343],[6.69486549875599,49.809459088865466],[6.694863363573063,49.809504024184832],[6.694932814128467,49.809505406211564],[6.694930679004363,49.809550341532699],[6.694928543874891,49.809595276853422],[6.694926408740051,49.809640212173719],[6.694995859493398,49.80964159416542],[6.694993724417382,49.809686529487479],[6.695063175240293,49.809687911439774],[6.695061040223101,49.809732846763595],[6.695130491115572,49.809734228676476],[6.695128356157205,49.80977916400208],[6.695197807119238,49.809780545875569],[6.695195672219697,49.809825481202921],[6.695265123251292,49.809826863036989],[6.695262988410575,49.809871798366132],[6.695332439511732,49.809873180160793],[6.695330304729842,49.809918115491705],[6.69539975590056,49.809919497246959],[6.695397621177495,49.809964432579619],[6.695467072417776,49.809965814295474],[6.695464937753536,49.81001074962991],[6.69553438906338,49.810012131306351],[6.695532254457968,49.81005706664255],[6.695601705837373,49.810058448279598],[6.695599571290788,49.810103383617559],[6.695597436738836,49.810148318955108],[6.695666888251997,49.810149700554931],[6.69566475375887,49.810194635894241],[6.695734205341595,49.810196017454651],[6.695732070907297,49.810240952795731],[6.695801522559583,49.81024233431674],[6.695799388184113,49.81028726965959],[6.695868839905962,49.810288651141185],[6.695866705589321,49.810333586485797],[6.695936157380731,49.810334967927986],[6.69593402312292,49.810379903274359],[6.696003474983893,49.810381284677156],[6.696001340784909,49.810426220025299],[6.696070792715444,49.810427601388682],[6.696068658575291,49.81047253673858],[6.696138110575387,49.810473918062563],[6.696135976494062,49.810518853414237],[6.696205428563723,49.810520234698807],[6.696203294541228,49.81056517005225],[6.696272746680451,49.810566551297399],[6.696270612716788,49.810611486652597],[6.696340064925572,49.810612867858353],[6.696337931020738,49.810657803215328],[6.696407383299087,49.81065918438167],[6.696405249453083,49.810704119740407],[6.696474701800994,49.810705500867343],[6.696472568013823,49.810750436227849],[6.696542020431297,49.810751817315364],[6.696539886702956,49.810796752677639],[6.696609339189993,49.810798133725754],[6.696607205520484,49.810843069089792],[6.696676658077083,49.8108444500985],[6.696674524466407,49.810889385464293],[6.696743977092571,49.810890766433594],[6.696741843540726,49.810935701801156],[6.696811296236451,49.810937082731058],[6.696809162743439,49.810982018100383],[6.696878615508728,49.810983398990864],[6.697017521055401,49.810986160647069],[6.697015387749618,49.811031096022532],[6.6970848405952,49.811032476790416],[6.697154293446149,49.811033857516712],[6.697223746302462,49.811035238201427],[6.69729319916414,49.811036618844547],[6.697362652031184,49.811037999446079],[6.697360519041022,49.811082934832022],[6.697429971977628,49.811084315394147],[6.697499424919597,49.81108569591467],[6.697497292052469,49.811130631304579],[6.697495159179977,49.811175566694061],[6.697425706109612,49.811174186169161],[6.69742357316756,49.811219121556036],[6.697421440220146,49.811264056942512],[6.69741930726737,49.811308992328534],[6.69741717430923,49.81135392771418],[6.697486627636388,49.811355308247798],[6.697484494737084,49.811400243635184],[6.697482361832418,49.811445179022165],[6.697551815293337,49.811446559518551],[6.697549682447509,49.811491494907287],[6.69761913597799,49.811492875364287],[6.697617003190998,49.811537810754778],[6.697686456791045,49.811539191172351],[6.697684324062888,49.811584126564611],[6.697753777732498,49.81158550694277],[6.697751645063178,49.811630442336821],[6.697821098802351,49.811631822675565],[6.697818966191871,49.811676758071357],[6.697888420000607,49.811678138370702],[6.697886287448965,49.811723073768256],[6.697955741327264,49.811724454028194],[6.697953608834458,49.811769389427511],[6.697951476336293,49.811814324826422],[6.698020930348356,49.811815705049113],[6.698018797909028,49.811860640449801],[6.698088251990654,49.811862020633086],[6.698086119610166,49.811906956035521],[6.698155573761357,49.811908336179393],[6.698153441439708,49.811953271583597],[6.698222895660463,49.811954651688048],[6.698220763397653,49.811999587094022],[6.698290217687971,49.812000967159072],[6.698288085484003,49.812045902566794],[6.698357539843885,49.812047282592445],[6.698355407698754,49.812092218001929],[6.698424862128202,49.812093597988159],[6.698422730041913,49.81213853339942],[6.698492184540923,49.812139913346236],[6.698490052513475,49.812184848759252],[6.69855950708205,49.812186228666661],[6.698557375113443,49.812231164081446],[6.698626829751581,49.812232543949442],[6.698624697841816,49.812277479365989],[6.698694152549518,49.812278859194564],[6.698692020698595,49.812323794612873],[6.698761475475862,49.812325174402041],[6.698759343683781,49.812370109822119],[6.698828798530613,49.812371489571866],[6.698826666797374,49.812416424993714],[6.698896121713768,49.812417804704047],[6.698893990039374,49.81246274012765],[6.69889185835962,49.812507675550833],[6.698961313409781,49.812509055223934],[6.698959181788871,49.812553990648894],[6.699028636908596,49.812555370282588],[6.699026505346528,49.812600305709303],[6.699095960535818,49.812601685303591],[6.699093829032595,49.812646620732053],[6.69916328429145,49.81264800028692],[6.699161152847071,49.812692935717159],[6.69923060817549,49.812694315232612],[6.699228476789956,49.812739250664599],[6.699297932187938,49.812740630140659],[6.69929580086125,49.812785565574423],[6.699365256328798,49.812786945011048],[6.699363125060954,49.812831880446581],[6.699432580598067,49.812833259843792],[6.699430449389069,49.812878195281073],[6.699499904995747,49.812879574638878],[6.699497773845594,49.812924510077927],[6.699567229521835,49.812925889396318],[6.69956509843053,49.81297082483713],[6.699634554176336,49.812972204116107],[6.699632423143877,49.813017139558674],[6.699701878959249,49.813018518798231],[6.69977133477998,49.813019897996206],[6.699840790606071,49.813021277152579],[6.699838659760869,49.813066212601278],[6.699908115656525,49.813067591718223],[6.69990598487017,49.813112527168691],[6.699975440835391,49.813113906246237],[6.699973310107882,49.813158841698453],[6.700042766142667,49.813160220736577],[6.700112222182812,49.813161599733107],[6.700110091578357,49.813206535189273],[6.700107960968547,49.813251470645021],[6.700177417142461,49.813252849604311],[6.700246873321734,49.813254228522013],[6.700244742834977,49.813299163981696],[6.700242612342866,49.813344099440975],[6.70031206865591,49.81334547832143],[6.700381524974311,49.813346857160298],[6.700379394605253,49.813391792623527],[6.700448850993221,49.81339317142298],[6.700446720683014,49.813438106887943],[6.700444590367451,49.813483042352509],[6.700514046889189,49.813484421114715],[6.700511916632476,49.813529356581043],[6.700581373223779,49.813530735303836],[6.700579243025917,49.813575670771925],[6.700648699686785,49.813577049455304],[6.700646569547774,49.813621984925149],[6.700716026278207,49.813623363569107],[6.700713896198048,49.813668299040728],[6.700783352998045,49.813669677645279],[6.700781222976738,49.813714613118648],[6.7008506798463,49.813715991683779],[6.700848549883845,49.81376092715891],[6.700779092950075,49.813759548591598],[6.700776962918056,49.813804484064129],[6.700846419916034,49.813805862633622],[6.700844289942869,49.8138507981079],[6.700913747010411,49.813852176637987],[6.700911617096098,49.813897112114034],[6.700981074233208,49.813898490604693],[6.700978944377748,49.81394342608251],[6.701048401584421,49.813944804533755],[6.701046271787814,49.813989740013334],[6.701115729064055,49.813991118425157],[6.7011135993263,49.814036053906506],[6.701183056672105,49.814037432278909],[6.701180926993207,49.814082367761998],[6.701250384408578,49.814083746094994],[6.701248254788533,49.814128681579859],[6.701317712273468,49.814130059873435],[6.701315582712279,49.814174995360055],[6.701385040266779,49.814176373614202],[6.701382910764444,49.814221309102585],[6.701452368388512,49.814222687317326],[6.701450238945032,49.814267622807478],[6.701519696638664,49.814269000982797],[6.70151756725404,49.814313936474711],[6.701587025017239,49.814315314610603],[6.701584895691472,49.814360250104265],[6.701654353524235,49.81436162820075],[6.701652224257324,49.814406563696181],[6.701721682159654,49.814407941753238],[6.701719552951599,49.814452877250439],[6.701789010923494,49.814454255268075],[6.701786881774296,49.814499190767023],[6.701856339815758,49.814500568745245],[6.701854210725417,49.814545504245963],[6.701852081629722,49.814590439746254],[6.70192153980496,49.814591817687244],[6.701990997985553,49.814593195586632],[6.701988869012928,49.814638131090859],[6.70198674003495,49.814683066594675],[6.702056198349321,49.814684444456823],[6.702054069430202,49.814729379962394],[6.702123527814137,49.814730757785121],[6.702121398953876,49.814775693292461],[6.70219085740738,49.81477707107576],[6.702188728605977,49.814822006584855],[6.702258187129046,49.814823384328747],[6.702256058386502,49.814868319839611],[6.702325516979139,49.814869697544083],[6.702323388295454,49.814914633056688],[6.702392846957656,49.814916010721745],[6.702390718332832,49.814960946236127],[6.7024601770646,49.814962323861749],[6.702458048498636,49.815007259377893],[6.702527507299972,49.815008636964102],[6.702525378792869,49.815053572481993],[6.70259483766377,49.815054950028781],[6.702592709215527,49.815099885548435],[6.702662168155995,49.815101263055816],[6.702660039766614,49.815146198577239],[6.702729498776648,49.815147576045185],[6.702727370446128,49.815192511568362],[6.70279682952573,49.81519388899688],[6.702794701254072,49.815238824521813],[6.702864160403239,49.815240201910925],[6.702862032190443,49.815285137437627],[6.702859903972298,49.815330072963903],[6.702929363255245,49.81533145031576],[6.702927235095961,49.815376385843813],[6.702996694448474,49.815377763156256],[6.702994566348055,49.815422698686042],[6.703064025770137,49.815424075959058],[6.703061897728579,49.81546901149062],[6.703131357220227,49.815470388724222],[6.703129229237533,49.815515324257547],[6.703127101249489,49.815560259790445],[6.703196560874918,49.815561636986793],[6.703194432945739,49.815606572521467],[6.703263892640734,49.815607949678387],[6.703261764770419,49.815652885214824],[6.703331224534982,49.81565426233233],[6.703329096723532,49.815699197870501],[6.703326968906731,49.81574413340828],[6.703396428805076,49.81574551048854],[6.703394301047141,49.815790446028061],[6.703463761015054,49.815791823068906],[6.703461633315983,49.815836758610189],[6.703459505611563,49.815881694151052],[6.70352896571326,49.815883071154644],[6.703526838067706,49.81592800669727],[6.703524710416803,49.815972942239476],[6.703594170652283,49.815974319205829],[6.703592043060245,49.816019254749811],[6.703661503365292,49.816020631676729],[6.703659375832122,49.816065567222452],[6.703657248293602,49.816110502767764],[6.703726708732434,49.816111879657448],[6.703724581252782,49.816156815204515],[6.70372245376778,49.816201750751162],[6.703791914340397,49.8162031276036],[6.703789786914263,49.816248063152003],[6.703859247556449,49.816249439965013],[6.703857120189182,49.816294375515191],[6.703854992816567,49.816339311064951],[6.703924453592538,49.816340687840707],[6.703922326278792,49.816385623392222],[6.703920198959696,49.81643055894331],[6.703989659869454,49.816431935681827],[6.703987532609228,49.816476871234684],[6.703985405343652,49.816521806787122],[6.704054866387197,49.816523183488385],[6.704052739180491,49.816568119042579],[6.704122200293605,49.816569495704421],[6.704120073145769,49.816614431260383],[6.704117945992585,49.816659366815919],[6.704115818834051,49.816704302371043],[6.704185280145171,49.816705678997813],[6.704183153045509,49.816750614554692],[6.704181025940497,49.816795550111159],[6.704178898830137,49.8168404856672],[6.704248360339265,49.816841862258897],[6.704246233287776,49.8168867978167],[6.70424410623094,49.816931733374084],[6.704313567873857,49.816933109928534],[6.704311440875891,49.816978045487694],[6.704309313872577,49.817022981046414],[6.704307186863916,49.817067916604728],[6.704376648704844,49.817069293124099],[6.704374521755053,49.817114228684169],[6.704372394799916,49.817159164243833],[6.704441856774633,49.817160540725951],[6.704439729878368,49.81720547628737],[6.704437602976755,49.81725041184837],[6.704435476069794,49.81729534740893],[6.704504938242524,49.817296723855989],[6.704502811394436,49.817341659418318],[6.704500684541001,49.817386594980242],[6.704498557682217,49.817431530541747],[6.704568020052961,49.817432906953734],[6.704565893253052,49.817477842516993],[6.704563766447794,49.817522778079841],[6.704633228952331,49.81752415445456],[6.704631102205948,49.817569090019163],[6.704628975454216,49.817614025583353],[6.704698438092549,49.817615401920811],[6.704696311399691,49.817660337486771],[6.704694184701488,49.817705273052297],[6.704692057997936,49.817750208617412],[6.704689931289038,49.817795144182107],[6.704687804574792,49.817840079746375],[6.704757267539584,49.817841456053124],[6.704826730509728,49.817842832318277],[6.70482460391858,49.817887767886482],[6.704822477322086,49.817932703454282],[6.704820350720244,49.817977639021656],[6.704889813888405,49.817979015251723],[6.70488768734544,49.818023950820859],[6.704885560797127,49.818068886389575],[6.704883434243468,49.818113821957873],[6.704952897609651,49.818115198152867],[6.704950771114868,49.818160133722927],[6.704948644614738,49.81820506929256],[6.705018108114719,49.818206445450308],[6.705015981673466,49.818251381021717],[6.705013855226867,49.818296316592708],[6.705011728774921,49.818341252163258],[6.705081192472924,49.818342628285919],[6.705079066079856,49.818387563858252],[6.705148529847434,49.818388939941485],[6.705146403513243,49.818433875515581],[6.705144277173707,49.818478811089236],[6.705213741075084,49.818480187135215],[6.705211614794427,49.818525122710646],[6.705281078765377,49.818526498717198],[6.705350542741675,49.818527874682154],[6.705348416584123,49.818572810261507],[6.705417880629994,49.818574186187043],[6.705487344681216,49.818575562070968],[6.705556808737784,49.818576937913278],[6.705765200939577,49.818581065190621],[6.705834665017537,49.818582440866535],[6.705832539304219,49.818627376460697],[6.705902003451751,49.818628752097169],[6.70597146760463,49.818630127692053],[6.706040931762857,49.818631503245328],[6.706038806236873,49.818676438845586],[6.706036680705544,49.818721374445445],[6.706106144997569,49.818722749961459],[6.706104019525123,49.818767685563067],[6.706101894047332,49.818812621164248],[6.706171358473157,49.818813996643009],[6.706169233054248,49.818858932245966],[6.706167107629994,49.818903867848483],[6.706164982200397,49.818948803450603],[6.706162856765454,49.818993739052296],[6.706232321453535,49.818995114498165],[6.706230196077475,49.819040050101606],[6.706228070696072,49.819084985704649],[6.706297535517954,49.81908636111325],[6.706295410195434,49.819131296718034],[6.706293284867569,49.819176232322413],[6.706362749823254,49.81917760769376],[6.706360624554273,49.819222543299894],[6.706358499279949,49.819267478905608],[6.706427964369436,49.819268854239695],[6.706425839153996,49.819313789847172],[6.706423713933213,49.819358725454229],[6.706493179156502,49.819360100751062],[6.706491053994604,49.819405036359861],[6.706488928827363,49.819449971968254],[6.706486803654776,49.819494907576249],[6.706556269076099,49.819496282837996],[6.706554143962398,49.819541218447725],[6.706552018843355,49.819586154057049],[6.706621484398481,49.819587529281527],[6.706619359338324,49.819632464892614],[6.706617234272822,49.819677400503267],[6.706615109201977,49.819722336113514],[6.70668457495514,49.81972371130292],[6.70668244994318,49.819768646914923],[6.706751915765919,49.819770022064908],[6.706749790812848,49.819814957678645],[6.706747665854433,49.819859893291991],[6.706817131810978,49.819861268404701],[6.706815006911451,49.819906204019794],[6.706812882006581,49.819951139634476],[6.706882348096932,49.819952514709925],[6.706880223250949,49.819997450326369],[6.706878098399624,49.820042385942394],[6.706873848680943,49.820132257173178],[6.706871723813588,49.820177192787945],[6.706941190230443,49.82017856783267],[6.706939065421977,49.820223503449192],[6.707008531908408,49.820224878454468],[6.707006407158831,49.820269814072752],[6.707075873714838,49.820271189038614],[6.707073749024151,49.820316124658646],[6.707143215649736,49.820317499585073],[6.707141091017938,49.820362435206867],[6.7072105577131,49.820363810093859],[6.707208433140193,49.820408745717408],[6.707277899904931,49.820410120564972],[6.707275775390915,49.820455056190269],[6.707345242225231,49.820456430998398],[6.707343117770105,49.820501366625457],[6.707412584673998,49.820502741394151],[6.707410460277762,49.820547677022979],[6.707479927251233,49.820549051752224],[6.707549394230048,49.820550426439887],[6.707547269956938,49.820595362072623],[6.707616737005329,49.820596736720852],[6.70761461279111,49.820641672355357],[6.707684079909078,49.820643046964136],[6.707681955753752,49.820687982600404],[6.707751422941297,49.820689357169762],[6.707749298844862,49.820734292807771],[6.707818766101986,49.820735667337694],[6.707816642064445,49.820780602977457],[6.707886109391146,49.820781977467945],[6.707955576723188,49.820783351916816],[6.707953452808774,49.820828287560524],[6.708022920210396,49.82082966196996],[6.708020796354876,49.820874597615415],[6.708090263826072,49.820875971985416],[6.708088140029446,49.82092090763264],[6.708157607570221,49.820922281963213],[6.708155483832489,49.820967217612186],[6.708224951442841,49.820968591903323],[6.708294419058537,49.820969966152859],[6.708292295443933,49.821014901805746],[6.708361763129206,49.82101627601584],[6.708359639573499,49.821061211670489],[6.708429107328347,49.821062585841155],[6.708426983831535,49.821107521497552],[6.708496451655961,49.821108895628804],[6.708565919485729,49.82111026971841],[6.708563796112048,49.821155205378744],[6.708633264011393,49.821156579428937],[6.708631140696609,49.821201515091026],[6.708700608665532,49.82120288910177],[6.708770076639794,49.821204263070918],[6.708767953448141,49.821249198736936],[6.708837421491982,49.821250572666649],[6.708906889541163,49.821251946554739],[6.708904766472644,49.821296882224679],[6.708835298359227,49.821295508334401],[6.708833175221133,49.821340444001756],[6.70882892892893,49.821430315335206],[6.708898397235057,49.821431689231993],[6.708967865546523,49.821433063087177],[6.708969988566821,49.821388127416327],[6.709039456819394,49.821389501227721],[6.709041579770116,49.821344565554277],[6.709111047963792,49.821345939321894],[6.709108925077305,49.821390874997519],[6.709178393340558,49.821392248725708],[6.709176270512969,49.821437184403081],[6.709245738845798,49.821438558091835],[6.70931520718397,49.821439931738965],[6.709313084479515,49.821484867420274],[6.709382552887262,49.821486241027976],[6.709452021300348,49.821487614594076],[6.709449898719031,49.821532550279308],[6.709519367201694,49.821533923805966],[6.709588835689694,49.821535297291035],[6.709586713231515,49.821580232980168],[6.709656181789094,49.821581606425788],[6.709654059389816,49.821626542116697],[6.70972352801697,49.821627915522875],[6.709792996649464,49.821629288887443],[6.709790874373324,49.821674224582281],[6.709860343075393,49.821675597907415],[6.709929811782803,49.821676971190954],[6.709927689629801,49.821721906889692],[6.709997158406786,49.821723280133789],[6.71006662718911,49.821724653336261],[6.710064505159248,49.821769589038958],[6.710133974011148,49.821770962201995],[6.710203442868386,49.821772335323431],[6.710201320961664,49.821817271030042],[6.710270789888478,49.821818644112042],[6.71034025882063,49.821820017152426],[6.710338137037049,49.821864952862953],[6.710407606038778,49.821866325863908],[6.710477075045843,49.821867698823247],[6.710546544058246,49.821869071740991],[6.710544422462045,49.821914007457607],[6.710613891544025,49.821915380335909],[6.71068336063134,49.821916753172594],[6.710681239158282,49.821961688893133],[6.710750708315174,49.82196306169039],[6.710820177477403,49.821964434446024],[6.710818056127486,49.822009370170498],[6.71088752535929,49.822010742886697],[6.71095699459643,49.822012115561293],[6.711026463838907,49.82201348819428],[6.711024342676375,49.822058423924837],[6.711093811988426,49.822059796518388],[6.711163281305813,49.822061169070324],[6.711161160266427,49.82210610480481],[6.711230629653389,49.82210747731731],[6.711300099045688,49.822108849788201],[6.711369568443322,49.822110222217475],[6.711367447591321,49.822155157958058],[6.711436917058529,49.822156530347904],[6.711506386531074,49.822157902696127],[6.711575856008953,49.822159275002761],[6.711573735344336,49.822204210749433],[6.71164320489179,49.822205583016611],[6.711712674444579,49.82220695524218],[6.711782144002702,49.822208327426154],[6.711780023525474,49.822253263178901],[6.711849493153171,49.822254635323439],[6.711918962786203,49.82225600742634],[6.711988432424569,49.82225737948766],[6.712057902068269,49.822258751507356],[6.712055781842668,49.822303687268366],[6.712125251555943,49.822305059248635],[6.71219472127455,49.822306431187279],[6.712264190998491,49.822307803084328],[6.712262070960281,49.822352738851421],[6.712331540753794,49.822354110709021],[6.712401010552644,49.822355482525012],[6.712470480356823,49.822356854299407],[6.712539950166337,49.822358226032179],[6.712609419981185,49.822359597723334],[6.712607300258847,49.822404533500858],[6.712676770143267,49.822405905152586],[6.712746240033018,49.822407276762696],[6.712815709928103,49.822408648331198],[6.712885179828518,49.82241001985809],[6.712954649734267,49.822411391343387],[6.713024119645346,49.822412762787053],[6.713022000303123,49.822457698577189],[6.713091470283776,49.822459069981413],[6.713299880257721,49.822463183944464],[6.713438820267005,49.822465926378449],[6.713508290279644,49.822467297533031],[6.713577760297612,49.822468668645996],[6.713647230320912,49.822470039717359],[6.713716700349542,49.822471410747099],[6.713855640422789,49.822474152681778],[6.713853521846133,49.822519088497486],[6.713922991954993,49.822520459404572],[6.714061932188701,49.822523201093915],[6.714064050572635,49.822478265271705],[6.71413352063324,49.822479636051803],[6.714202990699176,49.822481006790284],[6.71427246077044,49.822482377487148],[6.714341930847032,49.822483748142425],[6.714480871016204,49.822486489328128],[6.714550341108783,49.822487859858555],[6.714619811206688,49.822489230347387],[6.714758751418485,49.822491971200201],[6.714828221532374,49.822493341564211],[6.714897691651591,49.822494711886591],[6.714967161776134,49.822496082167369],[6.714969279319603,49.822451146316574],[6.715038749385232,49.822452516553568],[6.715108219456188,49.822453886748967],[6.715177689532471,49.822455256902742],[6.715247159614081,49.822456627014923],[6.715316629701016,49.822457997085486],[6.715386099793278,49.822459367114448],[6.715455569890866,49.822460737101785],[6.715525039993781,49.822462107047514],[6.715802920458692,49.822467586414362],[6.715872390588235,49.822468956152051],[6.7159418607231,49.82247032584813],[6.716011330863291,49.8224716955026],[6.716150271159647,49.82247443468669],[6.71621974131581,49.822475804216339],[6.716289211477299,49.822477173704371],[6.716358681644111,49.822478543150794],[6.716428151816247,49.8224799125556],[6.716497621993707,49.822481281918797],[6.716636562364597,49.822484020520371],[6.716775502756779,49.822486758955506],[6.716914443170254,49.822489497224197],[6.716983913384976,49.822490866296121],[6.717053383605018,49.82249223532645],[6.717122853830385,49.822493604315156],[6.717261794297081,49.822496342167753],[6.717331264538412,49.822497711031637],[6.717400734785065,49.822499079853905],[6.717470205037039,49.822500448634571],[6.717539675294334,49.82250181737362],[6.717678615824887,49.822504554726905],[6.717748086098145,49.822505923341126],[6.717817556376724,49.822507291913738],[6.717887026660622,49.822508660444733],[6.718025967244382,49.822511397381923],[6.71816490784942,49.822514134152655],[6.718234378159918,49.822515502475611],[6.7182364926787,49.822470566522689],[6.718305962930276,49.822471934801854],[6.718444903449386,49.822474671235398],[6.718514373716919,49.822476039389748],[6.718583843989771,49.822477407502497],[6.718722784551431,49.822480143603144],[6.718792254840238,49.822481511591064],[6.718794368839766,49.822436575620422],[6.71886383906965,49.822437943564559],[6.718933309304851,49.822439311467079],[6.719072249791209,49.822442047147312],[6.719074363528452,49.822397111167604],[6.719143833715364,49.82239847894315],[6.719213303907594,49.822399846677072],[6.719352244308004,49.822402582020104],[6.719421714516186,49.822403949629191],[6.719491184729683,49.822405317196676],[6.719493298076159,49.822360381203602],[6.719562768230731,49.82236174872731],[6.71963223839062,49.822363116209424],[6.719701708555824,49.82236448364992],[6.719771178726345,49.822365851048801],[6.719910119083333,49.822368585721748],[6.7199795892698,49.822369952995814],[6.720049059461583,49.822371320228264],[6.720051172288811,49.822326384217455],[6.720120642421667,49.822327751406142],[6.720190112559838,49.822329118553199],[6.720259582703324,49.822330485658661],[6.720329052852125,49.822331852722506],[6.720331165417072,49.822286916702652],[6.720400635506945,49.822288283722727],[6.720470105602133,49.822289650701201],[6.72046799316567,49.82233458672539],[6.720537463330412,49.8223359536644],[6.720539575702634,49.822291017638051],[6.72060904580845,49.822292384533299],[6.720678515919579,49.822293751386937],[6.720680628158005,49.822248815355856],[6.720750098210208,49.822250182165718],[6.720889038330551,49.82225291566062],[6.720891150370941,49.822207979622647],[6.720960620374841,49.82220934630552],[6.720962732345678,49.822164410264968],[6.721032202290649,49.822165776904086],[6.721101672240933,49.822167143501581],[6.721103784077976,49.822122207456289],[6.721173253969332,49.822123574010014],[6.721242723866,49.822124940522137],[6.721312193767981,49.822126306992651],[6.721314305406991,49.822081370940452],[6.721383775250042,49.82208273736719],[6.721453245098406,49.822084103752331],[6.721522714952081,49.822085470095857],[6.721524826393057,49.82204053403678],[6.721594296187802,49.822041900336522],[6.721663765987859,49.822043266594662],[6.721733235793228,49.822044632811199],[6.72173534703617,49.821999696745209],[6.721804816782609,49.822001062917977],[6.721874286534359,49.822002429049128],[6.721943756291419,49.822003795138684],[6.72194586733633,49.821958859065802],[6.722015337034461,49.821960225111575],[6.722084806737902,49.821961591115745],[6.722154276446653,49.821962957078306],[6.722223746160714,49.821964322999264],[6.722225856943353,49.821919386917337],[6.722295326598483,49.821920752794512],[6.722364796258923,49.821922118630084],[6.722434265924675,49.821923484424048],[6.722436376509283,49.821878548335214],[6.722505846116102,49.821879914085429],[6.72257531572823,49.821881279794006],[6.722644785345668,49.821882645460974],[6.722714254968414,49.821884011086347],[6.722716365290752,49.821839074988475],[6.722785834854568,49.821840440570078],[6.72285530442369,49.821841806110065],[6.722924773998121,49.821843171608442],[6.722926884122432,49.821798235503685],[6.722996353637932,49.8217996009583],[6.723065823158739,49.821800966371306],[6.723135292684856,49.821802331742695],[6.723137402611139,49.821757395631032],[6.723206872078321,49.821758760958666],[6.723276341550813,49.821760126244669],[6.723345811028612,49.821761491489085],[6.723347920756868,49.821716555370536],[6.723417390175733,49.821717920571189],[6.723486859599906,49.821719285730211],[6.723556329029386,49.821720650847624],[6.723558438559616,49.821675714722197],[6.723627907930162,49.821677079795855],[6.723697377306015,49.821678444827896],[6.723766846687174,49.821679809818342],[6.723768956019379,49.821634873686016],[6.723838425341605,49.821636238632685],[6.723977364001975,49.821638968401196],[6.724046833340118,49.821640333223037],[6.724116302683567,49.821641698003283],[6.724118411689267,49.821596761859759],[6.724187880973783,49.821598126596214],[6.724257350263604,49.821599491291067],[6.724326819558729,49.821600855944325],[6.724328928366407,49.821555919793916],[6.724398397602597,49.821557284403404],[6.724396288859159,49.82160222055596],[6.724465758164895,49.821603585125999],[6.724535227475934,49.821604949654414],[6.724533118855675,49.821649885810892],[6.724531010230111,49.821694821966943],[6.724600479674937,49.821696186458063],[6.724669949125066,49.821697550907579],[6.724672057622148,49.821652614747222],[6.724674166113928,49.821607678586432],[6.724678383081582,49.821517806263628],[6.724747852280056,49.82151917066291],[6.72474996069169,49.821474234498716],[6.724819429831227,49.821475598854235],[6.72482153817332,49.821430662687476],[6.724891007253922,49.82143202699924],[6.724960476339828,49.821433391269373],[6.724962584548139,49.821388455097889],[6.725032053575108,49.821389819324267],[6.725101522607382,49.821391183509036],[6.725170991644958,49.821392547652195],[6.72517309965525,49.821347611473819],[6.72524256863389,49.821348975573216],[6.725312037617833,49.821350339630996],[6.725314145494346,49.821305403447894],[6.725383614419352,49.82130676746192],[6.72545308334966,49.821308131434336],[6.725455191092395,49.821263195246495],[6.725524659963766,49.821264559175155],[6.725594128840441,49.821265923062192],[6.725663597722417,49.82126728690762],[6.725665705267136,49.821222350712901],[6.725804642918514,49.82122507827463],[6.725874111752156,49.821226441993062],[6.725876219098858,49.821181505791486],[6.725945687873561,49.82118286946617],[6.726015156653567,49.821184233099238],[6.726017263866492,49.821139296892923],[6.726086732587559,49.821140660482236],[6.726156201313928,49.821142024029932],[6.726158308393077,49.821097087818892],[6.726227777060507,49.821098451322833],[6.726297245733237,49.821099814785164],[6.726299352678611,49.821054878569392],[6.726368821292404,49.821056241987947],[6.726438289911497,49.821057605364913],[6.72650775853589,49.821058968700257],[6.72650986528325,49.821014032477606],[6.726579333848704,49.821015395769194],[6.726648802419459,49.821016759019166],[6.726650909033045,49.82097182279179],[6.72672037754486,49.820973185998007],[6.726789846061975,49.820974549162614],[6.726859314584387,49.820975912285611],[6.726861420999962,49.820930976051351],[6.726930889463437,49.820932339130572],[6.72700035793221,49.820933702168205],[6.727002464214011,49.820888765929226],[6.727071932623844,49.820890128923082],[6.727141401038977,49.820891491875344],[6.727143507187006,49.820846555631633],[6.727212975543198,49.820847918540139],[6.727282443904689,49.820849281407028],[6.727351912271478,49.820850644232301],[6.727354018221498,49.820805707981712],[6.727423486529347,49.82080707076323],[6.727492954842492,49.820808433503132],[6.727495060658741,49.820763497247817],[6.727564528912947,49.820764859943964],[6.72763399717245,49.820766222598508],[6.727636102854929,49.820721286338468],[6.727705571055492,49.820722648949243],[6.727775039261352,49.820724011518408],[6.727777144810061,49.820679075253643],[6.72784661295698,49.820680437779046],[6.727848718436157,49.820635501511717],[6.727918186524136,49.820636863993364],[6.727920291933781,49.820591927723477],[6.727989759962818,49.820593290161355],[6.728059227997153,49.820594652557631],[6.72806133327303,49.820549716283004],[6.728130801248422,49.820551078635518],[6.728200269229112,49.820552440946422],[6.728202374371222,49.820507504667084],[6.72827184229297,49.820508866934219],[6.728273947365548,49.820463930652323],[6.728343415228355,49.820465292875696],[6.728345520231404,49.820420356591221],[6.72841498803527,49.820421718770831],[6.728484455844431,49.82042308090886],[6.728486560713714,49.820378144619646],[6.728556028463933,49.820379506713905],[6.728625496219447,49.820380868766549],[6.728627600954964,49.820335932472624],[6.728697068651536,49.820337294481519],[6.728699173317525,49.820292358185021],[6.728768640955156,49.82029372015014],[6.72883810859808,49.82029508207367],[6.728840213130306,49.820250145772441],[6.728909680714288,49.820251507652209],[6.728911785176985,49.820206571348436],[6.728981252702027,49.820207933184435],[6.729050720232363,49.82020929497881],[6.729052824561296,49.820164358670304],[6.729122292032689,49.820165720420945],[6.729124396292095,49.820120784109868],[6.729193863704546,49.82012214581674],[6.729195967894425,49.820077209503104],[6.729265435247934,49.820078571166206],[6.729334902606735,49.820079932787714],[6.729337006662853,49.82003499646936],[6.729406473962712,49.820036358047105],[6.729475941267863,49.820037719583233],[6.729478045190219,49.819992783260155],[6.729547512436429,49.819994144752542],[6.729616979687931,49.819995506203306],[6.729619083476526,49.819950569875509],[6.729688550669085,49.819951931282517],[6.729690654388156,49.819906994952156],[6.729760121521771,49.819908356315395],[6.729829588660679,49.819909717637046],[6.729831692245991,49.819864781301959],[6.729901159325956,49.819866142579848],[6.729970626411212,49.81986750381612],[6.729972729862763,49.819822567476329],[6.730042196889077,49.819823928668846],[6.730044300271104,49.819778992326491],[6.730113767238476,49.819780353475238],[6.730115870550979,49.81973541713031],[6.730185337459405,49.81973677823531],[6.730254804373123,49.819738139298707],[6.73025690755187,49.819693202949054],[6.730326374406644,49.819694563968689],[6.730328477515868,49.819649627616471],[6.730397944311699,49.81965098859235],[6.730400047351401,49.81960605223756],[6.730469514088287,49.81960741316967],[6.730538980830463,49.8196087740602],[6.730541083736409,49.819563837700684],[6.730610550419643,49.819565198547444],[6.730680017108164,49.819566559352602],[6.730682119880354,49.819521622988368],[6.730751586509934,49.819522983749764],[6.730821053144801,49.819524344469556],[6.730823155783238,49.819479408100619],[6.730892622359161,49.81948076877665],[6.730894724928076,49.819435832405148],[6.730964191445056,49.819437193037409],[6.731033657967323,49.819438553628082],[6.731103124494881,49.819439914177138],[6.731105226865809,49.819394977798765],[6.731174693334421,49.819396338304067],[6.731244159808324,49.819397698767759],[6.731246262045498,49.819352762384675],[6.731315728460455,49.819354122804612],[6.731385194880699,49.81935548318296],[6.731454661306231,49.819356843519678],[6.73145676334542,49.819311907129723],[6.731526229712007,49.819313267422693],[6.731528331681679,49.819268331030166],[6.73159779798932,49.819269691279388],[6.731599899889471,49.819224754884296],[6.731669366138168,49.819226115089755],[6.731671467968802,49.819181178692098],[6.731740934158553,49.819182538853802],[6.731810400353591,49.819183898973897],[6.731812502050476,49.819138962571515],[6.731881968186567,49.819140322647861],[6.731884069813934,49.819095386242921],[6.731953535891081,49.819096746275513],[6.73195563744893,49.819051809868007],[6.732025103467131,49.819053169856851],[6.732027204955465,49.819008233446773],[6.732096670914719,49.81900959339184],[6.73216613687926,49.819010953295319],[6.732168238233846,49.818966016880545],[6.732237704139441,49.818967376740247],[6.732307170050323,49.818968736558361],[6.73230927127116,49.818923800138862],[6.732311372486714,49.81887886371895],[6.732380838274417,49.818880223491149],[6.732382939420456,49.818835287068687],[6.732452405149213,49.818836646797124],[6.732521870883255,49.818838006483979],[6.732523971895548,49.81879307005677],[6.732593437570644,49.818794429699857],[6.732595538513422,49.818749493270104],[6.732665004129571,49.818750852869442],[6.732734469751007,49.818752212427164],[6.732736570560039,49.818707275992701],[6.732738671363788,49.818662339557818],[6.732808136862046,49.818663699069646],[6.732877602365589,49.818665058539857],[6.732879703035594,49.818620122100263],[6.732949168480189,49.818621481526726],[6.732951269080681,49.818576545084575],[6.733020734466331,49.818577904467283],[6.733090199857263,49.818579263808388],[6.73315966525348,49.818580623107884],[6.733229130654979,49.818581982365771],[6.733224929962559,49.818671855266864],[6.733222829608428,49.818716791716788],[6.733220729249014,49.818761728166294],[6.733290194912722,49.818763087391169],[6.733288094612258,49.818808023842415],[6.733285994306513,49.818852960293249],[6.733283893995487,49.81889789674365],[6.733353359857174,49.818899255933381],[6.733351259605099,49.818944192385509],[6.733349159347742,49.818989128837238],[6.733347059085103,49.819034065288555],[6.733416525144771,49.819035424443115],[6.733414424941085,49.819080360896159],[6.733412324732117,49.819125297348791],[6.733481790925532,49.81912665646604],[6.733479690775516,49.819171592920398],[6.733477590620218,49.819216529374344],[6.73347549045964,49.819261465827886],[6.733544956851039,49.81926282490997],[6.733542856749412,49.819307761365224],[6.733540756642507,49.819352697820086],[6.733610223167653,49.819354056864853],[6.733679689698082,49.819355415868031],[6.733677589714362,49.819400352326767],[6.733747056314308,49.819401711290482],[6.733744956389542,49.819446647750937],[6.733814423059003,49.819448006675202],[6.733812323193191,49.819492943137384],[6.73388178993217,49.819494302022186],[6.733879690125311,49.819539238486122],[6.733949156933805,49.819540597331454],[6.73395125667643,49.819495660865378],[6.733953356413775,49.819450724398884],[6.733955456145839,49.81940578793197],[6.733957555872625,49.819360851464644],[6.733959655594129,49.819315914996913],[6.733961755310354,49.819270978528763],[6.733892288887263,49.819269619696321],[6.73389438866244,49.819224683229898],[6.733824922308863,49.819223324357992],[6.733827022142995,49.819178387893295],[6.733896488432339,49.819179746763055],[6.733898588196958,49.819134810295807],[6.733900687956296,49.81908987382814],[6.733902787710353,49.819044937360061],[6.733904887459133,49.819000000891563],[6.733974353496827,49.81900135971113],[6.733976453176094,49.81895642324006],[6.733978552850081,49.818911486768592],[6.733980652518787,49.818866550296704],[6.733982752182214,49.818821613824397],[6.733913286401449,49.818820255013421],[6.733915386123828,49.818775318542848],[6.733845920412575,49.818773959692408],[6.733848020193906,49.818729023223582],[6.733778554552167,49.818727664333693],[6.73370908891571,49.818726305402194],[6.733639623284534,49.8187249464291],[6.733641723253281,49.818680009966286],[6.733711188820223,49.818681368937234],[6.733713288719456,49.818636432471862],[6.733715388613409,49.818591496006079],[6.733645923174928,49.818590137039422],[6.733648023127833,49.818545200575358],[6.733578557758864,49.818543841569237],[6.733509092395178,49.818542482521529],[6.733511192471263,49.818497546061351],[6.733441727177092,49.818496186974173],[6.733443827312125,49.818451250515729],[6.733445927441879,49.818406314056872],[6.73337646228145,49.81840495493239],[6.733378562470153,49.818360018475254],[6.733448027566352,49.818361377597604],[6.733450127685543,49.81831644113791],[6.733519592722794,49.818317800216491],[6.733589057765329,49.818319159253463],[6.73359115775078,49.818274222789057],[6.733660622734368,49.818275581782281],[6.733662722650308,49.81823064531531],[6.733732187574947,49.818232004264779],[6.733734287421378,49.81818706779525],[6.733803752287071,49.818188426700971],[6.733805852063993,49.818143490228884],[6.733875316870738,49.818144849090849],[6.733877416578149,49.818099912616198],[6.733946881325948,49.818101271434401],[6.733948980963852,49.818056334957177],[6.733951080596476,49.818011398479548],[6.734020545221098,49.818012757251857],[6.734022644784214,49.817967820771656],[6.734092109349889,49.817969179500231],[6.734094208843496,49.817924243017458],[6.734163673350223,49.817925601702271],[6.734165772774324,49.81788066521694],[6.734235237222102,49.817882023857997],[6.734304701675162,49.81788338245746],[6.734306800965528,49.817838445967432],[6.73437626535964,49.817839804523132],[6.734378364580498,49.817794868030525],[6.734447828915663,49.817796226542477],[6.734449928067016,49.817751290047319],[6.734519392343231,49.817752648515516],[6.734588856624731,49.817754006942103],[6.734590955642347,49.817709070442227],[6.734660419864897,49.817710428825066],[6.734729884092727,49.81771178716631],[6.734731982976611,49.817666850661737],[6.734801447145493,49.817668208959212],[6.734803545959871,49.817623272452074],[6.734873010069804,49.817624630705815],[6.734942474185017,49.817625988917939],[6.734944572865663,49.817581052406091],[6.735014036921927,49.817582410574474],[6.735016135533069,49.817537474060053],[6.735085599530385,49.817538832184695],[6.735087698072023,49.817493895667717],[6.735157162010391,49.817495253748596],[6.735159260482525,49.817450317229053],[6.735228724361944,49.817451675266184],[6.735298188246642,49.817453033261707],[6.735300286585044,49.817408096737466],[6.735369750410794,49.817409454689233],[6.735371848679694,49.817364518162421],[6.735441312446495,49.817365876070454],[6.735510776218574,49.817367233936864],[6.735580239995929,49.817368591761685],[6.735582338066873,49.81732365522803],[6.735651801785282,49.817325013009089],[6.735653899786723,49.817280076472876],[6.735723363446182,49.817281434210187],[6.735792827110918,49.817282791905896],[6.73579492497863,49.817237855364972],[6.735864388584417,49.817239213016933],[6.735866486382629,49.817194276473437],[6.735935949929466,49.817195634081656],[6.735938047658179,49.817150697535595],[6.736007511146066,49.81715205510006],[6.736009608805276,49.817107118551455],[6.736079072234213,49.817108476072178],[6.736148535668428,49.817109833551292],[6.736150633193913,49.817064896997962],[6.736220096569177,49.817066254433328],[6.736222194025161,49.81702131787744],[6.736291657341477,49.817022675269065],[6.736293754727962,49.816977738710619],[6.736363217985327,49.816979096058482],[6.736432681247969,49.816980453364749],[6.73643477850073,49.816935516801593],[6.73650424170442,49.816936874064112],[6.736573704913387,49.816938231285022],[6.736575802032424,49.816893294717154],[6.73664526518244,49.816894651894316],[6.736714728337732,49.816896009029882],[6.736784191498299,49.81689736612384],[6.736786288419386,49.81685242954913],[6.736855751521003,49.816853786599339],[6.736925214627894,49.816855143607945],[6.736927311415259,49.816810207028539],[6.736996774463199,49.816811563993383],[6.737066237516412,49.816812920916647],[6.737135700574902,49.816814277798287],[6.737137797164317,49.81676934121203],[6.737207260163856,49.816770698049936],[6.737276723168667,49.816772054846233],[6.737278819624362,49.81672711825528],[6.737348282570221,49.816728475007828],[6.737417745521356,49.816729831718774],[6.737419841843329,49.816684895123103],[6.737489304735512,49.816686251790308],[6.737558767632966,49.816687608415904],[6.737628230535694,49.816688964999898],[6.737630326659724,49.816644028397377],[6.737699789503499,49.816645384937623],[6.737769252352548,49.816646741436273],[6.737771348342857,49.816601804829048],[6.737840811132953,49.816603161283943],[6.737910273928322,49.816604517697243],[6.737979736728963,49.816605874068934],[6.73798183252133,49.816560937454867],[6.738051295263018,49.816562293782816],[6.738120758009977,49.816563650069156],[6.738190220762208,49.816565006313894],[6.738259683519711,49.816566362517037],[6.73826177904991,49.816521425893974],[6.73833124174846,49.816522782053362],[6.738400704452281,49.816524138171161],[6.738402799848762,49.816479201543402],[6.738472262493628,49.816480557617439],[6.738541725143768,49.816481913649881],[6.738543820406533,49.816436977017418],[6.738613282997717,49.816438333006111],[6.738682745594172,49.816439688953196],[6.738752208195898,49.816441044858685],[6.738754303260722,49.816396108219372],[6.738823765803494,49.81639746408112],[6.738893228351535,49.816398819901252],[6.738895323282645,49.816353883257257],[6.738964785771731,49.816355239033641],[6.739034248266088,49.816356594768436],[6.739103710765714,49.816357950461629],[6.739105805498884,49.816313013810777],[6.739175267939555,49.816314369460216],[6.739173173270609,49.816359306113206],[6.739242635780773,49.816360661723188],[6.739381560816908,49.816363372818344],[6.739451023342879,49.816364728303526],[6.739520485874117,49.816366083747091],[6.739589948410623,49.816367439149069],[6.739592042694228,49.81632250248321],[6.739661505171779,49.816323857841432],[6.739730967654598,49.816325213158059],[6.73973306180449,49.816280276487497],[6.739802524228353,49.816281631760383],[6.739871986657483,49.816282986991666],[6.739941449091881,49.816284342181333],[6.740010911531548,49.816285697329398],[6.740080373976481,49.816287052435868],[6.740082467799987,49.8162421157542],[6.740221392577205,49.816244825838048],[6.740290854973714,49.816246180817572],[6.740360317375489,49.816247535755473],[6.740429779782531,49.816248890651792],[6.740431873279656,49.816203953958983],[6.74050133562774,49.816205308811561],[6.740570797981091,49.816206663622523],[6.740640260339707,49.816208018391883],[6.740709722703588,49.816209373119641],[6.740711815938555,49.816164436417864],[6.74078127824348,49.816165791101888],[6.740850740553668,49.816167145744302],[6.740852833654925,49.816122209037829],[6.740922295906155,49.816123563636488],[6.740991758162651,49.816124918193573],[6.741061220424411,49.816126272709027],[6.741130682691437,49.816127627182894],[6.741200144963726,49.816128981615151],[6.741269607241279,49.816130336005806],[6.741271699951934,49.816085399286081],[6.741341162170529,49.816086753632995],[6.741410624394387,49.816088107938299],[6.741480086623509,49.816089462202015],[6.741482179136232,49.816044525475455],[6.741551641306394,49.816045879695409],[6.741621103481821,49.816047233873782],[6.741690565662509,49.816048588010545],[6.741760027848462,49.816049942105707],[6.74176212009903,49.816005005370158],[6.741831582226023,49.816006359421579],[6.741901044358278,49.816007713431397],[6.741970506495796,49.816009067399612],[6.742039968638577,49.816010421326212],[6.742109430786619,49.81601177521123],[6.742178892939923,49.816013129054639],[6.742180984799894,49.815968192305832],[6.742319908993844,49.815970899863558],[6.742389371098709,49.815972253580014],[6.74245883320884,49.815973607254875],[6.742528295324229,49.815974960888127],[6.742597757444879,49.815976314479776],[6.742667219570791,49.815977668029831],[6.742736681701963,49.81597902153829],[6.742734590355778,49.8160239583042],[6.742804052556435,49.816025311773188],[6.742873514762351,49.816026665200575],[6.742875605980091,49.815981728430373],[6.742877697192571,49.815936791659759],[6.742947159275303,49.815938145041258],[6.742949250418303,49.815893208268086],[6.742951341556045,49.815848271494509],[6.74288187960176,49.81584691811728],[6.742883970798466,49.815801981345423],[6.742953432688529,49.815803334720513],[6.743022894583851,49.815804688053994],[6.743092356484435,49.815806041345873],[6.743094447483216,49.815761104567187],[6.743163909324835,49.815762457815325],[6.743166000254137,49.815717521034074],[6.743235462036794,49.815718874238478],[6.743304923824712,49.815720227401279],[6.74337438561789,49.815721580522464],[6.743376476349266,49.815676643734399],[6.743445938083479,49.815677996811843],[6.743515399822951,49.815679349847699],[6.743584861567682,49.815680702841945],[6.743654323317672,49.815682055794596],[6.74372378507292,49.815683408705645],[6.743793246833426,49.815684761575092],[6.74386270859919,49.815686114402929],[6.743864798875756,49.81564117759946],[6.743934260582556,49.815642530383563],[6.744003722294615,49.815643883126057],[6.744073184011929,49.815645235826963],[6.744142645734502,49.815646588486253],[6.744144735748924,49.815601651673838],[6.744214197412532,49.815603004289386],[6.744353120755521,49.815605709395683],[6.7444225824349,49.815607061886446],[6.744492044119536,49.815608414335593],[6.744494133807593,49.815563477512065],[6.744563595433263,49.815564829917463],[6.74463305706419,49.815566182281273],[6.744702518700373,49.815567534603481],[6.744771980341811,49.815568886884087],[6.744769890910644,49.815613823716163],[6.744767801474222,49.815658760547826],[6.744698339704338,49.81565740826295],[6.744694160687287,49.815747281920771],[6.744763622585616,49.815748634209918],[6.744761533133432,49.815793571040345],[6.744759443675996,49.815838507870339],[6.744828905708024,49.815839860122175],[6.744826816309557,49.815884796953888],[6.744896278411066,49.815886149166253],[6.744965740517828,49.815887501337016],[6.745035202629848,49.81588885346617],[6.745104664747123,49.815890205553721],[6.745106753888698,49.81584526871346],[6.745108843025021,49.815800331872751],[6.745178305019105,49.81580168391443],[6.745247767018443,49.815803035914506],[6.745317229023036,49.81580438787298],[6.745386691032885,49.815805739789845],[6.745388779907063,49.81576080294019],[6.745527703814077,49.815763506644842],[6.745597165775465,49.815764858434768],[6.745599254451722,49.815719921578292],[6.745668716354142,49.815721273324485],[6.745738178261814,49.815722625029068],[6.745740266804376,49.815677688167902],[6.745879190507036,49.815680391447984],[6.745881278915902,49.815635454582122],[6.745883367319514,49.815590517715862],[6.745885455717876,49.815545580849175],[6.745889632498847,49.815455707114559],[6.745891720881456,49.815410770246629],[6.745895897630922,49.815320896509526],[6.745965358976357,49.815322248070082],[6.745967447278991,49.815277311198763],[6.745897985997776,49.815275959640353],[6.745900074359382,49.815231022770767],[6.745902162715735,49.81518608590077],[6.745904251066838,49.815141149030346],[6.74597371215539,49.815142500582347],[6.74597580043702,49.815097563709372],[6.745977888713401,49.815052626835985],[6.745979976984531,49.815007689962194],[6.74598206525041,49.814962753087983],[6.745984153511038,49.814917816213352],[6.745986241766415,49.814872879338317],[6.745988330016544,49.814827942462863],[6.745990418261418,49.814783005586982],[6.745992506501044,49.814738068710703],[6.745996682964543,49.814648194956881],[6.745998771188417,49.814603258079352],[6.746000859407039,49.814558321201417],[6.746002947620412,49.814513384323043],[6.746005035828535,49.81446844744427],[6.746007124031405,49.814423510565078],[6.746009212229026,49.814378573685481],[6.746011300421396,49.814333636805465],[6.746013388608517,49.814288699925036],[6.746015476790387,49.814243763044182],[6.746017564967006,49.814198826162915],[6.746019653138374,49.814153889281243],[6.746021741304491,49.814108952399152],[6.74602382946536,49.814064015516642],[6.746028005771344,49.813974141750386],[6.746030093916461,49.813929204866632],[6.746032182056327,49.81388426798248],[6.74603635832031,49.813794394212906],[6.746038446444424,49.813749457327496],[6.746040534563289,49.813704520441668],[6.746042622676905,49.81365958355542],[6.746046798888384,49.81356970978171],[6.746050975078863,49.81347983600633],[6.746053063166227,49.813434899118022],[6.74605515124834,49.813389962229287],[6.746057239325205,49.813345025340148],[6.74598778080535,49.81334367387359],[6.745994045197082,49.813208863210093],[6.746063503524295,49.813210214670242],[6.746065591580158,49.81316527777944],[6.746067679630771,49.813120340888226],[6.746071855716248,49.813030467104554],[6.746073943751111,49.812985530212096],[6.746076031780725,49.812940593319219],[6.746006573838792,49.812939241871888],[6.746008661927368,49.812894304980738],[6.746010750010694,49.812849368089182],[6.74601283808877,49.812804431197186],[6.746082295838066,49.812805782638108],[6.74608438384668,49.812760845743583],[6.746086471850043,49.812715908848638],[6.746088559848157,49.812670971953288],[6.746158017410068,49.812672323346199],[6.74616010533872,49.812627386448277],[6.746162193262123,49.812582449549957],[6.746168457000834,49.81244763885249],[6.746170544903238,49.812402701952507],[6.746172632800393,49.812357765052099],[6.746174720692297,49.812312828151292],[6.746176808578953,49.812267891250059],[6.746178896460359,49.812222954348421],[6.746180984336516,49.81217801744635],[6.746183072207423,49.812133080543887],[6.746189335788647,49.811998269833971],[6.746191423638555,49.811953332929846],[6.746193511483216,49.811908396025295],[6.746195599322625,49.811863459120339],[6.746197687156786,49.811818522214971],[6.746201862809361,49.811728648402969],[6.74627131902811,49.811729999709435],[6.74627549453127,49.8116401258915],[6.746206038440937,49.811638774589312],[6.746136582355855,49.811637423245514],[6.746138670227977,49.81159248634021],[6.746069214212354,49.811591134956956],[6.745930302196864,49.811588432065662],[6.745860846196998,49.811587080557629],[6.745862934320701,49.811542143660446],[6.745793478390295,49.811540792112943],[6.745724022465141,49.811539440523852],[6.745654566545237,49.811538088893158],[6.745656654856314,49.811493152001972],[6.745587199005873,49.811491800331815],[6.745517743160684,49.81149044862007],[6.745378831486065,49.81148774507178],[6.745309375656635,49.811486393235249],[6.745239919832459,49.811485041357116],[6.745170464013536,49.811483689437388],[6.745031552391453,49.811480985473146],[6.744962096588293,49.81147963342864],[6.74496000763514,49.811524570298445],[6.744890551773027,49.811523218210205],[6.744821095916167,49.811521866080369],[6.744751640064563,49.811520513908917],[6.744682184218213,49.811519161695884],[6.744684273428193,49.811474224834605],[6.744614817651305,49.811472872582108],[6.744545361879672,49.811471520288016],[6.744475906113295,49.811470167952336],[6.744473816710691,49.811515104807199],[6.744404360885364,49.811513752427778],[6.744334905065288,49.811512400006755],[6.744336994596306,49.811467463156177],[6.744267538845695,49.811466110695704],[6.744269628435667,49.811421173846838],[6.744200172754519,49.811419821346902],[6.744130717078627,49.811418468805378],[6.744061261407992,49.811417116222252],[6.744059171625399,49.811462053064695],[6.744057081837552,49.811506989906746],[6.743987626043758,49.811505637277747],[6.743918170255222,49.811504284607153],[6.743848714471942,49.811502931894964],[6.743779258693918,49.811501579141179],[6.743709802921152,49.8115002263458],[6.743711893030034,49.811455289514456],[6.743572981628687,49.811452583803188],[6.743503525935899,49.811451230885162],[6.743505616232147,49.811406294059807],[6.74350770652314,49.811361357234041],[6.743438250964023,49.811360004278704],[6.743368795410165,49.811358651281772],[6.743299339861564,49.811357298243223],[6.743297249377951,49.811402235062573],[6.743295158889082,49.811447171881504],[6.743225703217328,49.81144581879709],[6.74315624755083,49.81144446567108],[6.743154156928292,49.811489402485321],[6.743152066300497,49.811534339299136],[6.743082610510844,49.811532986127261],[6.743080519813585,49.811577922938518],[6.743011063964984,49.811576569722909],[6.74294160812164,49.811575216465698],[6.742943698947313,49.811530279658712],[6.743013154726449,49.811531632913777],[6.743015245482659,49.81148669610424],[6.74301733623361,49.811441759294283],[6.742947880582888,49.811440406043488],[6.742949971392791,49.811395469235251],[6.743019426979306,49.811396822483907],[6.743088882571079,49.811398175690968],[6.743090973247311,49.811353238878041],[6.743093063918288,49.811308302064695],[6.743023608454926,49.811306948861919],[6.742954152996825,49.811305595617526],[6.742884697543982,49.811304242331559],[6.742886788402321,49.811259305524224],[6.742817333018943,49.811257952198794],[6.742747877640825,49.811256598831768],[6.742678422267965,49.811255245423148],[6.742680513313665,49.81121030862181],[6.74261105801027,49.81120895517374],[6.742541602712136,49.811207601684067],[6.742543693880991,49.811162664886588],[6.742474238652322,49.811161311357466],[6.742404783428912,49.811159957786735],[6.742335328210765,49.811158604174416],[6.742337419566977,49.811113667382941],[6.742267964418295,49.811112313731179],[6.742198509274874,49.811110960037801],[6.742200600754239,49.811066023250198],[6.742131145680283,49.811064669517371],[6.742061690611588,49.811063315742949],[6.741992235548153,49.811061961926939],[6.741994327214876,49.81101702514534],[6.741924872220908,49.811015671289873],[6.741855417232201,49.811014317392804],[6.741785962248756,49.811012963454139],[6.741788054102836,49.810968026678545],[6.741718599188856,49.810966672700431],[6.741649144280139,49.810965318680722],[6.741651236257368,49.810920381909],[6.741581781418117,49.81091902784982],[6.741512326584128,49.810917673749067],[6.741442871755401,49.810916319606719],[6.741444963919986,49.810871382840993],[6.741375509160725,49.810870028659174],[6.741236599657992,49.810867320170772],[6.741238692009929,49.810822383411065],[6.741169237330662,49.810821029106606],[6.741099782656656,49.810819674760566],[6.741101875131742,49.81077473800471],[6.741032420527205,49.810773383619207],[6.74096296592793,49.810772029192123],[6.740893511333919,49.810770674723422],[6.740895603996355,49.810725737973563],[6.740826149471812,49.810724383465434],[6.740756694952532,49.810723028915682],[6.740687240438517,49.810721674324355],[6.740689333288302,49.810676737580522],[6.740619878843754,49.810675382949732],[6.74055042440447,49.810674028277354],[6.74048096997045,49.810672673563381],[6.740483063007584,49.810627736825552],[6.740413608643033,49.810626382072122],[6.740344154283745,49.810625027277098],[6.740274699929723,49.810623672440485],[6.740276793154206,49.81057873570866],[6.74020733886965,49.810577380832584],[6.740137884590362,49.810576025914926],[6.740068430316337,49.810574670955681],[6.740070523728166,49.810529734229867],[6.740001069523611,49.810528379231158],[6.739931615324321,49.810527024190854],[6.739862161130296,49.810525669108948],[6.739864254729472,49.810480732389152],[6.739794800604916,49.810479377267797],[6.739725346485627,49.810478022104853],[6.739655892371604,49.810476666900314],[6.739657986158123,49.810431730186515],[6.739588532113569,49.810430374942527],[6.739519078074281,49.810429019656937],[6.73944962404026,49.810427664329765],[6.739451718014123,49.810382727621999],[6.73938226404957,49.810381372255364],[6.739312810090285,49.810380016847141],[6.739243356136267,49.810378661397316],[6.739245450297473,49.810333724695546],[6.739175996412924,49.810332369206279],[6.739106542533643,49.810331013675423],[6.73903708865963,49.810329658102958],[6.739039183008175,49.810284721407207],[6.738969729203631,49.8102833657953],[6.738830821610348,49.8102806544467],[6.738832916146234,49.81023571775696],[6.738763462421695,49.81023436202242],[6.738624554988426,49.810231650428534],[6.738555101279694,49.810230294569216],[6.738557196067122,49.810185357887626],[6.738418288793866,49.810182646048474],[6.738416193878037,49.810227582725787],[6.73834674018511,49.810226226741676],[6.738277286497455,49.810224870715977],[6.738275191447956,49.810269807388558],[6.738205737701368,49.810268451319125],[6.738136283960048,49.810267095208097],[6.738066830224,49.810265739055467],[6.737997376493222,49.810264382861249],[6.737927922767712,49.810263026625428],[6.737789015332506,49.810260314029037],[6.737719561622808,49.810258957668438],[6.737650107918382,49.810257601266244],[6.737652203545696,49.810212664612948],[6.737582749910743,49.810211308171311],[6.73751329628106,49.81020995168808],[6.737443842656648,49.81020859516326],[6.737374389037508,49.810207238596838],[6.737304935423639,49.810205881988836],[6.737302839475316,49.81025081863141],[6.737233385802519,49.810249461979659],[6.737163932134992,49.810248105286313],[6.737094478472737,49.810246748551378],[6.737025024815754,49.810245391774849],[6.736955571164044,49.810244034956739],[6.736957667433374,49.810199098324873],[6.736888213851138,49.810197741467306],[6.736890310179398,49.810152804837173],[6.736820856666635,49.810151447940157],[6.736822953053827,49.810106511311737],[6.736753499610539,49.810105154375272],[6.73675559605666,49.810060217748607],[6.736686142682844,49.810058860772685],[6.736684046172523,49.810103797397211],[6.73661459273978,49.810102440377555],[6.736616689314303,49.810057503755175],[6.736618785883555,49.810012567132382],[6.736549332584487,49.810011210075416],[6.736551429212668,49.809966273454343],[6.736481975983074,49.809964916357941],[6.736412522758754,49.809963559219945],[6.736410426002172,49.810008495836719],[6.736340972718925,49.810007138654989],[6.736338875892872,49.810052075269205],[6.736269422550698,49.810050718043733],[6.736199969213799,49.810049360776659],[6.736197872254073,49.810094297386172],[6.736128418858247,49.810092940075364],[6.736130515882174,49.810048003467998],[6.736132612900829,49.810003066860205],[6.73606315963868,49.810001709512115],[6.736065256716263,49.809956772906048],[6.735995803523588,49.809955415518495],[6.735926350336187,49.809954058089346],[6.735928447536899,49.809909121487173],[6.735858994418972,49.809907764018575],[6.73585689715406,49.809952700618602],[6.735854799883875,49.809997637218217],[6.735846410750407,49.810177383612533],[6.735776957252554,49.810176026089472],[6.735774859891804,49.810220962684859],[6.735705406335024,49.81021960511805],[6.735707503759975,49.810174668524809],[6.735709601179654,49.810129731931148],[6.735640147756552,49.810128374327043],[6.735570694338725,49.810127016681349],[6.735501240926174,49.810125658994053],[6.735503338533182,49.810080722406397],[6.735505436134915,49.81003578581835],[6.735507533731375,49.809990849229877],[6.735509631322561,49.809945912640991],[6.735511728908473,49.809900976051686],[6.7354422758222,49.809899618333546],[6.735372822741202,49.809898260573789],[6.735303369665481,49.809896902772444],[6.735233916595035,49.809895544929518],[6.735164463529869,49.809894187044989],[6.735095010469976,49.809892829118873],[6.735097108435815,49.809847892542031],[6.735027655445399,49.809846534576465],[6.734958202460262,49.809845176569297],[6.734888749480399,49.809843818520548],[6.734819296505814,49.809842460430204],[6.734821394723175,49.80979752386154],[6.734823492935263,49.809752587292451],[6.734754040094353,49.809751229164803],[6.734756138365364,49.809706292597447],[6.734686685593934,49.809704934430364],[6.734688783923867,49.809659997864742],[6.734619331221913,49.809658639658203],[6.734621429610771,49.809613703094314],[6.734623527994352,49.809568766530006],[6.734554075426074,49.809567408286178],[6.734556173868579,49.809522471723589],[6.734486721369775,49.809521113440319],[6.734488819871202,49.809476176879471],[6.734419367441876,49.809474818556744],[6.734421466002226,49.809429881997637],[6.734352013642376,49.809428523635461],[6.734354112261648,49.809383587078074],[6.734284659971275,49.809382228676462],[6.734286758649466,49.809337292120823],[6.73421730642857,49.809335933679762],[6.734147854212952,49.809334575197106],[6.734149953014263,49.809289638645339],[6.734080500868121,49.809288280123248],[6.734011048727259,49.809286921559547],[6.733941596591675,49.809285562954273],[6.733943695580302,49.809240626408531],[6.733874243514195,49.809239267763807],[6.733876342561743,49.809194331219793],[6.733806890565112,49.80919297253562],[6.733737438573761,49.809191613809858],[6.733739537744425,49.809146677269716],[6.733670085822551,49.809145318504527],[6.733600633905956,49.809143959697728],[6.733531181994642,49.809142600849341],[6.73353328135262,49.809097664315239],[6.733463829510782,49.80909630542741],[6.733465928927678,49.809051368895034],[6.733396477155318,49.809050009967763],[6.733398576631132,49.80900507343712],[6.733329124928249,49.8090037144704],[6.733259673230646,49.809002355462091],[6.733261772829574,49.808957418935336],[6.733192321201449,49.808956059887578],[6.733194420859294,49.808911123362556],[6.733124969300646,49.808909764275356],[6.733055517747278,49.808908405146568],[6.732986066199192,49.808907045976191],[6.732988166044347,49.808862109457181],[6.732918714565738,49.808860750247355],[6.732849263092411,49.808859390995963],[6.732779811624365,49.808858031702947],[6.732781911656827,49.80881309518999],[6.732712460258258,49.808811735857546],[6.732643008864971,49.808810376483507],[6.732573557476967,49.808809017067873],[6.732575657696738,49.808764080560927],[6.732506206378211,49.808762721105872],[6.732436755064967,49.808761361609193],[6.732367303757006,49.80876000207094],[6.732369404164081,49.808715065570034],[6.732299952925598,49.808713705992346],[6.732230501692398,49.808712346373056],[6.73216105046448,49.808710986712185],[6.732091599241848,49.808709627009719],[6.73209369990042,49.808664690516984],[6.732024248747265,49.808663330775083],[6.732026349464753,49.808618394284096],[6.731956898381076,49.808617034502738],[6.731817996229573,49.808614314815259],[6.731748545161749,49.808612954909144],[6.731750646130734,49.808568018426328],[6.731681195132387,49.808566658480764],[6.731611744139324,49.808565298493612],[6.731542293151547,49.808563938464864],[6.731472842169053,49.808562578394522],[6.731403391191845,49.808561218282598],[6.731405492476521,49.808516281810128],[6.731336041568792,49.808514921658755],[6.731338142912378,49.808469985188019],[6.731268692074128,49.808468624997211],[6.731199241241163,49.808467264764808],[6.731201342707855,49.808422328297951],[6.73113189194437,49.808420968026113],[6.731062441186171,49.808419607712672],[6.730992990433257,49.808418247357665],[6.730923539685629,49.808416886961048],[6.730925641403813,49.808371950502377],[6.730856190725664,49.808370590066332],[6.730786740052802,49.808369229588685],[6.730717289385227,49.808367869069464],[6.730719391290708,49.808322932616818],[6.730649940692611,49.808321572058155],[6.730580490099802,49.808320211457897],[6.730511039512281,49.808318850816043],[6.730441588930046,49.808317490132595],[6.730443691087015,49.808272553688148],[6.73037424057426,49.808271192965258],[6.730304790066794,49.808269832200793],[6.730235339564614,49.80826847139474],[6.730237441908877,49.808223534956326],[6.730167991476177,49.808222174110817],[6.730098541048767,49.808220813223734],[6.730029090626644,49.808219452295056],[6.730031193158201,49.808174515862675],[6.729961742805559,49.808173154894561],[6.729892292458204,49.808171793884853],[6.729822842116139,49.808170432833549],[6.729824944834988,49.808125496407207],[6.729755494562403,49.808124135316469],[6.729686044295108,49.808122774184149],[6.729616594033101,49.808121413010227],[6.729547143776383,49.808120051794731],[6.729549246746715,49.808075115376582],[6.729479796559477,49.808073754121637],[6.729410346377532,49.808072392825103],[6.729340896200873,49.808071031486982],[6.729271446029506,49.808069670107265],[6.72927354925132,49.808024733697302],[6.729204099149435,49.808023372278157],[6.729065198961533,49.808020649315083],[6.728995748875517,49.808019287771167],[6.728926298794792,49.808017926185656],[6.728928402332279,49.807972989786037],[6.728858952321036,49.807971628161091],[6.728650602319054,49.807967543036717],[6.728581152328976,49.807966181245412],[6.728511702344188,49.807964819412511],[6.728442252364693,49.807963457538037],[6.728372802390489,49.80796209562196],[6.728303352421577,49.807960733664295],[6.728233902457955,49.807959371665056],[6.728164452499628,49.807958009624215],[6.728095002546593,49.807956647541779],[6.72802555259885,49.807955285417762],[6.72802765696554,49.807910349045713],[6.727888757214315,49.807907624677213],[6.727886652719242,49.807952561044956],[6.727331053412542,49.807941661890155],[6.727261603523028,49.807940299308648],[6.727192153638807,49.807938936685552],[6.727122703759883,49.807937574020876],[6.727053253886251,49.807936211314612],[6.726983804017916,49.807934848566738],[6.726981698683061,49.807979784906081],[6.726912248755828,49.807978422114481],[6.726773348917249,49.807975696406501],[6.726634449099853,49.807972970532177],[6.726564999199098,49.807971607532629],[6.726495549303641,49.807970244491479],[6.726493443514152,49.808015180815318],[6.726423993559798,49.808013817730441],[6.726285093666981,49.808011091435908],[6.726215643728516,49.80800972822626],[6.726213537676967,49.808054664541061],[6.726144087679608,49.808053301287657],[6.726074637687547,49.80805193799268],[6.726005187700782,49.808050574656114],[6.726003081451362,49.80809551096403],[6.726000975196648,49.808140447271541],[6.725931525086796,49.808139083889067],[6.725862074982245,49.808137720465005],[6.725859968593851,49.808182656767784],[6.725857862200161,49.808227593070164],[6.725788411972522,49.808226229600201],[6.72571896175018,49.808224866088644],[6.725649511533137,49.808223502535505],[6.725580061321392,49.808222138940778],[6.725582167971851,49.808177202647016],[6.725512717829596,49.808175839012861],[6.72544326769264,49.808174475337104],[6.725373817560983,49.808173111619759],[6.725375924398721,49.808128175332065],[6.725306474336555,49.808126811575285],[6.725237024279687,49.808125447776924],[6.725167574228118,49.80812408393696],[6.725098124181848,49.808122720055422],[6.72502867414088,49.808121356132283],[6.72495922410521,49.808119992167562],[6.72488977407484,49.808118628161239],[6.72488766678776,49.808163564433848],[6.724818216698498,49.808162200383791],[6.724748766614537,49.808160836292146],[6.724679316535877,49.808159472158906],[6.724609866462517,49.808158107984077],[6.724540416394456,49.808156743767668],[6.724470966331697,49.808155379509657],[6.724468858654167,49.808200315768914],[6.724466750971338,49.808245252027753],[6.724536201162481,49.80824661629007],[6.724605651358925,49.808247980510799],[6.724675101560669,49.808249344689955],[6.724672994065118,49.808294280954833],[6.724742444336355,49.808295645094539],[6.724740336899699,49.808340581361165],[6.724809787240429,49.808341945461443],[6.72487923758646,49.808343309520126],[6.72494868793779,49.808344673537221],[6.724946580688412,49.808389609809907],[6.725016031109234,49.808390973787574],[6.725013923918753,49.808435910061988],[6.725083374409068,49.808437274000205],[6.725152824904683,49.808438637896849],[6.725150717837289,49.80848357417517],[6.725220168402396,49.808484938032386],[6.725289618972804,49.808486301847985],[6.725287512028499,49.808531238130193],[6.725356962668397,49.808532601906379],[6.725354855782989,49.808577538190335],[6.72542430649238,49.808578901927063],[6.725422199665867,49.808623838212768],[6.725420092834058,49.808668774498052],[6.725489543677136,49.808670138197513],[6.725487436904224,49.808715074484518],[6.725556887816794,49.80871643814455],[6.725626338734663,49.808717801762988],[6.725628445379187,49.808672865471664],[6.72569789623816,49.808674229046353],[6.725700002813195,49.808629292752457],[6.725702109382934,49.808584356458141],[6.725771560118818,49.80858571998693],[6.725773666619066,49.808540783690049],[6.72577577311402,49.808495847392734],[6.725845223726814,49.808497210875636],[6.725847330152279,49.80845227457575],[6.725916780706179,49.808453638014903],[6.725914674344908,49.808498574316943],[6.725912567978342,49.808543510618556],[6.72591046160648,49.80858844691975],[6.725979912358258,49.808589810323767],[6.725975699727035,49.808679682929231],[6.726045150612498,49.808681046295973],[6.726114601503259,49.808682409621113],[6.726184052399317,49.808683772904672],[6.726253503300672,49.80868513614665],[6.726251397233894,49.808730072457365],[6.726320848204741,49.808731435659894],[6.726390299180883,49.808732798820841],[6.726529201149059,49.808735525017966],[6.726527095333762,49.808780461336887],[6.726596546389989,49.808781824375217],[6.726598652141092,49.808736888054128],[6.72666810313842,49.808738251048702],[6.726876456162183,49.808742339782917],[6.726945907180695,49.808743702611132],[6.726948012605533,49.808698766278866],[6.727017463565145,49.808700129063347],[6.727086914530052,49.808701491806239],[6.727156365500257,49.80870285450753],[6.727158470727217,49.808657918168393],[6.727227921638522,49.808659280825943],[6.727297372555122,49.808660643441897],[6.727299477648403,49.808615707098035],[6.727368928506103,49.808617069670255],[6.727438379369097,49.808618432200873],[6.727577281110968,49.80862115713736],[6.727646731989843,49.808622519543206],[6.727716182874013,49.808623881907486],[6.727718287576837,49.808578945550288],[6.727787738402108,49.808580307870798],[6.727926640068527,49.808583032387077],[6.727996090909675,49.808584394582823],[6.727993986463627,49.808629330948627],[6.728063437374263,49.808630693104945],[6.728132888290192,49.808632055219668],[6.728202339211412,49.80863341729281],[6.72820444346488,49.808588480920534],[6.7282738943272,49.808589842949928],[6.728343345194812,49.808591204937727],[6.728482246945913,49.808593928788554],[6.728480142949222,49.808638865169428],[6.728549593896903,49.808640227034608],[6.728551697829401,49.808595290651574],[6.728621148718181,49.808596652473014],[6.728690599612252,49.808598014252858],[6.728760050511615,49.808599375991115],[6.72876215424624,49.808554439601203],[6.728970506783491,49.808558524559984],[6.728968403241447,49.808603460956341],[6.729037854161973,49.808604822528238],[6.729035750678836,49.808649758926336],[6.729033647190409,49.808694695324021],[6.729103098244614,49.808696056858636],[6.72917254930411,49.808697418351649],[6.72916834256817,49.808787291154374],[6.729098891380286,49.808785929657063],[6.729096787940188,49.808830866055665],[6.729094684494803,49.808875802453827],[6.72909258104413,49.808920738851597],[6.729023129668951,49.808919377306225],[6.729021026148794,49.808964313701416],[6.729018922623348,49.809009250096196],[6.728949471125069,49.809007888504929],[6.728947367530139,49.809052824897137],[6.728877915972955,49.809051463262136],[6.72880846442106,49.809050101585541],[6.72880636069245,49.809095037973023],[6.728736909081652,49.809093676252687],[6.728734805283556,49.809138612637618],[6.728665353613853,49.809137250873533],[6.728663249746273,49.809182187255885],[6.72852434629435,49.809179463598632],[6.728454894576325,49.809178101707616],[6.728452790510867,49.809223038083104],[6.728450686440119,49.809267974458152],[6.728381234598994,49.809266612521256],[6.728311782763162,49.809265250542751],[6.728242330932621,49.809263888522672],[6.728240226663994,49.809308824890856],[6.728101322890399,49.809306100721599],[6.72803187101154,49.809304738574589],[6.728029766545031,49.809349674935902],[6.72796031460727,49.809348312745144],[6.7278908626748,49.80934695051279],[6.727888758074609,49.809391886869378],[6.727886653469125,49.809436823225568],[6.727882444242283,49.809526695936675],[6.727880339620926,49.809571632291608],[6.727810887372766,49.809570270006894],[6.727741435129899,49.809568907680593],[6.727739330374854,49.809613844030807],[6.727669878073084,49.809612481660764],[6.727600425776608,49.809611119249119],[6.727530973485425,49.809609756795894],[6.727461521199538,49.809608394301065],[6.727459416182412,49.809653330642256],[6.72738996383762,49.809651968103694],[6.727320511498124,49.809650605523522],[6.72731840634731,49.809695541859995],[6.727248953948909,49.809694179236082],[6.727246848728605,49.809739115569982],[6.727177396271303,49.809737752902329],[6.727175290981507,49.809782689233643],[6.72717318568642,49.809827625564552],[6.727171080386039,49.809872561895027],[6.727168975080364,49.809917498225097],[6.727166869769397,49.80996243455477],[6.727164764453136,49.810007370884016],[6.727095311615939,49.810006008161835],[6.727025858784037,49.810004645398074],[6.727023753334086,49.810049581722588],[6.72695430044328,49.810048218915092],[6.726952194923836,49.810093155237041],[6.726882741974127,49.810091792385791],[6.726880636385191,49.81013672870516],[6.726811183376578,49.810135365810169],[6.726741730373262,49.810134002873575],[6.726739624650633,49.810178939188226],[6.726670171588414,49.810177576207892],[6.726665959998874,49.810267448831659],[6.726735413189492,49.810268811816293],[6.726733307450981,49.810313748129694],[6.726731201707175,49.810358684442683],[6.726800655031489,49.810360047390056],[6.72679854934659,49.810404983704778],[6.726796443656397,49.810449920019089],[6.726794337960908,49.810494856332994],[6.726863791483121,49.810496219245223],[6.726861685846539,49.810541155560863],[6.726931139438246,49.81054251843365],[6.726929033860571,49.810587454751015],[6.726998487521778,49.81058881758436],[6.727067941188278,49.810590180376124],[6.727070046637551,49.810545244054452],[6.727139500245147,49.810546606802461],[6.727141605624926,49.81050167047821],[6.727143710999411,49.810456734153533],[6.727145816368603,49.810411797828465],[6.727215269788893,49.810413160528405],[6.727213164483901,49.810458096855648],[6.727211059173616,49.810503033182478],[6.727280512727602,49.81050439584515],[6.727349966286883,49.810505758466235],[6.727352071468767,49.810460822135092],[6.727421524969142,49.810462184712421],[6.727419419851459,49.81050712104571],[6.72748887342133,49.81050848358359],[6.727558326996494,49.810509846079903],[6.72755622200192,49.810554782417071],[6.72762567564658,49.810556144873935],[6.727695129296535,49.810557507289204],[6.727697234162707,49.810512570947729],[6.727699339023588,49.810467634605821],[6.727768792550435,49.810468996975189],[6.727770897341823,49.810424060630723],[6.727773002127919,49.810379124285838],[6.727842455531659,49.810380486609311],[6.727840350809764,49.810425422956342],[6.727909804282999,49.810426785240367],[6.727907699620012,49.810471721589131],[6.727905594951734,49.810516657937498],[6.727903490278164,49.810561594285446],[6.727899280915151,49.810651466980069],[6.727897176225706,49.810696403326752],[6.727895071530971,49.810741339673037],[6.727892966830943,49.810786276018895],[6.727890862125624,49.810831212364349],[6.727960316181963,49.810832574626161],[6.727958211535555,49.810877510973341],[6.727956106883854,49.81092244732011],[6.727954002226863,49.810967383666458],[6.727951897564579,49.811012320012402],[6.727949792897005,49.81105725635792],[6.728019247279649,49.811058618588902],[6.728017142670986,49.81110355493616],[6.728015038057031,49.811148491282999],[6.728012933437785,49.811193427629433],[6.728010828813248,49.811238363975434],[6.728008724183418,49.81128330032103],[6.728006619548297,49.811328236666206],[6.728004514907886,49.811373173010978],[6.728073969745247,49.811374535215442],[6.728071865163747,49.81141947156194],[6.728069760576956,49.811464407908034],[6.72813921554802,49.811465770075195],[6.728137111020142,49.811510706423022],[6.728206566060703,49.811512068550755],[6.728276021106558,49.811513430636886],[6.728345476157707,49.811514792681422],[6.728347580492971,49.811469856327157],[6.728349684822946,49.81142491997246],[6.728419139750977,49.811426281971102],[6.728417035485207,49.811471218327959],[6.728486490482736,49.811472580287145],[6.728488594684303,49.811427643928148],[6.72855804962292,49.8114290058436],[6.72862750456683,49.811430367717463],[6.728629608634697,49.811385431353742],[6.728699063519694,49.811386793183843],[6.728768518409984,49.811388154972363],[6.728770622344153,49.811343218603916],[6.728840077175531,49.811344580348688],[6.728842181040206,49.811299643977677],[6.728844284899592,49.811254707606238],[6.728913739607854,49.811256069305117],[6.728983194321406,49.811257430962385],[6.728985298047095,49.81121249458625],[6.729054752701736,49.811213856199771],[6.729124207361667,49.811215217771725],[6.72912631095366,49.811170281390851],[6.729195765554681,49.811171642919042],[6.729197869077181,49.811126706535596],[6.729267323619288,49.811128068020039],[6.729269427072298,49.811083131634035],[6.729338881555491,49.811084493074738],[6.729408336043978,49.811085854473845],[6.729477790537752,49.81108721583135],[6.729479893792864,49.811042279438482],[6.729484100287221,49.810952406651488],[6.729486203526469,49.810907470257362],[6.729488306760428,49.810862533862839],[6.729490409989099,49.810817597467882],[6.729559864102949,49.810818958770881],[6.72956196726213,49.810774022373366],[6.729631421317066,49.810775383632624],[6.729633524406759,49.810730447232544],[6.729702978402782,49.810731808448061],[6.729772432404098,49.810733169621976],[6.729774535360098,49.810688233217178],[6.73005235116144,49.810693677488324],[6.730121805124997,49.810695038452124],[6.730119702490008,49.81073997486768],[6.730189156523055,49.810741335792045],[6.730258610561392,49.810742696674808],[6.730256508049519,49.81078763309425],[6.730325962157345,49.810788993937585],[6.730395416270461,49.810790354739304],[6.730464870388864,49.810791715499455],[6.730466972708131,49.810746779073547],[6.73053642676762,49.810748139789943],[6.730605880832396,49.81074950046473],[6.730675334902459,49.810750861097951],[6.730744788977812,49.810752221689555],[6.730746891034983,49.81070728525463],[6.730885799073142,49.810710006308774],[6.730955253100151,49.810711366773454],[6.730957354959433,49.810666430331672],[6.731026808927528,49.810667790752603],[6.731028910717322,49.810622854308264],[6.731098364626501,49.810624214685454],[6.73110046634681,49.810579278238542],[6.731169920197074,49.810580638571992],[6.731239374052623,49.810581998863846],[6.731308827913459,49.810583359114105],[6.73137828177958,49.810584719322776],[6.731380383237799,49.81053978286684],[6.731382484690735,49.810494846410499],[6.731384586138386,49.810449909953732],[6.731454039817188,49.810451270114349],[6.731456141195356,49.810406333655031],[6.731458242568239,49.810361397195287],[6.73146034393584,49.81031646073513],[6.731462445298159,49.810271524274548],[6.731464546655192,49.810226587813567],[6.731466648006943,49.81018165135216],[6.731468749353413,49.810136714890334],[6.731399296124014,49.810135354744759],[6.7314013975294,49.810090418284673],[6.731403498929502,49.810045481824176],[6.73140560032432,49.810000545363245],[6.731407701713856,49.80995560890193],[6.731477154686454,49.809956969038907],[6.731479256006507,49.809912032574992],[6.731548708920191,49.809913392668236],[6.731618161839161,49.809914752719877],[6.731687614763415,49.809916112729923],[6.731757067692954,49.80991747269838],[6.731826520627779,49.80991883262525],[6.731828621621552,49.809873896150179],[6.73189807449746,49.809875256033308],[6.731967527378653,49.809876615874842],[6.73203698026513,49.809877975674766],[6.732106433156891,49.809879335433124],[6.732175886053936,49.809880695149872],[6.732314791863875,49.809883414458596],[6.732384244776769,49.809884774050573],[6.732453697694947,49.809886133600948],[6.732523150618408,49.809887493109741],[6.73259260354715,49.809888852576933],[6.732662056481177,49.809890212002543],[6.732659956257796,49.809935148503406],[6.732657856029136,49.809980085003822],[6.732727309096845,49.809981444392136],[6.732723108752081,49.810071317396059],[6.732721008571779,49.810116253897405],[6.732718908386198,49.810161190398311],[6.732788361715988,49.81016254975362],[6.732786261589326,49.810207486256267],[6.732855714988599,49.810208845572141],[6.73285781505106,49.810163909067334],[6.732927268391415,49.810165268339468],[6.732918868366694,49.810345014364771],[6.732849414769536,49.810343655084061],[6.732847314685956,49.810388591587198],[6.732916768347314,49.810389950870061],[6.732914668322656,49.810434887374939],[6.732845214597095,49.810433528089924],[6.732775760876817,49.81043216876332],[6.732706307161822,49.810430809395115],[6.732704206939277,49.810475745893129],[6.732702106711453,49.810520682390724],[6.732632652873337,49.810519322976631],[6.732563199040502,49.810517963520944],[6.732493745212953,49.810516604023668],[6.732491644787243,49.810561540514392],[6.732422190900772,49.810560180973376],[6.732424291390685,49.810515244484783],[6.732354837573699,49.810513884904331],[6.732352737019586,49.810558821390764],[6.732283283143683,49.810557461766557],[6.732281182520087,49.810602398250431],[6.732350636460191,49.810603757876791],[6.732348535895516,49.810648694362399],[6.732417989905105,49.810650053949317],[6.732415889399351,49.810694990436645],[6.732413788888317,49.810739926923574],[6.732483243031594,49.810741286473188],[6.732481142579481,49.810786222961845],[6.732411688371998,49.810784863410078],[6.732409587850401,49.810829799896176],[6.732340133584001,49.810828440300661],[6.732338032992919,49.810873376784201],[6.732335932396555,49.810918313267315],[6.732333831794911,49.810963249750017],[6.732331731187985,49.811008186232293],[6.732262276670055,49.811006826586606],[6.732260175993646,49.81105176306631],[6.732258075311954,49.811096699545615],[6.732188620670902,49.811095339854027],[6.732119166035133,49.81109398012083],[6.731980256779448,49.811091260529686],[6.731978155835659,49.811136196999975],[6.731908701151539,49.811134837139868],[6.731906600138265,49.811179773607591],[6.731837145395226,49.811178413703722],[6.731835044312465,49.811223350168888],[6.731832943224421,49.811268286633641],[6.731830842131095,49.811313223097962],[6.731900297066746,49.811314583008276],[6.731898196032341,49.811359519474337],[6.731828741032484,49.811358159561884],[6.731826639928594,49.81140309602538],[6.731757184869818,49.811401736069186],[6.731687729816327,49.811400376071376],[6.731685628578743,49.811445312530168],[6.731546718359207,49.811442592405484],[6.731477263257367,49.811441232280757],[6.731479364687565,49.811396295828416],[6.731409909655216,49.811394935664239],[6.731270999606375,49.811392215211107],[6.731201544589884,49.811390854922138],[6.731132089578677,49.811389494591587],[6.731129987827456,49.81143443103317],[6.731060532757333,49.811433070658879],[6.730991077692495,49.811431710242985],[6.73098897580758,49.811476646679843],[6.730919520683825,49.811475286220215],[6.730850065565357,49.811473925718978],[6.730847963546747,49.811518862151125],[6.730778508369362,49.811517501606147],[6.730709053197263,49.811516141019574],[6.730711155344282,49.811471204591726],[6.730641700241677,49.811469843965703],[6.730572245144356,49.811468483298086],[6.730502790052325,49.81146712258888],[6.730433334965581,49.811465761838079],[6.730431232561743,49.811510698257329],[6.730361777416083,49.81150933746278],[6.730359674942753,49.811554273879466],[6.730290219738177,49.811552913041169],[6.730220764538889,49.811551552161262],[6.730218661931862,49.811596488573244],[6.73021655931955,49.811641424984785],[6.730147103997141,49.811640064059013],[6.73007764868002,49.811638703091617],[6.730075545934009,49.811683639498447],[6.730006090557972,49.811682278487332],[6.729936635187225,49.8116809174346],[6.729934532307516,49.811725853836727],[6.729865076877852,49.811724492740254],[6.729860870974165,49.811814365538936],[6.729858768014391,49.811859301937652],[6.729928223636672,49.811860663040569],[6.729926120735816,49.811905599441033],[6.729995576427594,49.811906960504508],[6.729993473585658,49.811951896906692],[6.730062929346931,49.811953257930718],[6.730132385113492,49.811954618913163],[6.730201840885343,49.811955979854012],[6.730271296662483,49.81195734075326],[6.730340752444911,49.811958701610912],[6.730479664025633,49.811961423201431],[6.730549119823926,49.811962783934291],[6.730551222152211,49.811917847514906],[6.730620677891586,49.811919208204024],[6.730690133636248,49.811920568851555],[6.730759589386198,49.811921929457476],[6.730829045141435,49.811923290021809],[6.73096795666777,49.81192601102569],[6.731037412438868,49.811927371465245],[6.731106868215253,49.81192873186319],[6.731176323996925,49.811930092219548],[6.731178425742068,49.811885155780388],[6.73124788146482,49.811886516092997],[6.731317337192857,49.811887876364011],[6.731386792926181,49.811889236593437],[6.731456248664792,49.811890596781261],[6.731454147176474,49.811935533229025],[6.731523602984576,49.811936893377407],[6.731593058797964,49.811938253484193],[6.731662514616638,49.811939613549377],[6.731664615912336,49.811894677095168],[6.731734071672087,49.811896037116611],[6.731803527437124,49.811897397096452],[6.731872983207447,49.811898757034704],[6.731942438983054,49.811900116931369],[6.732011894763946,49.811901476786431],[6.732081350550121,49.811902836599899],[6.732150806341583,49.811904196371756],[6.732359173747668,49.811908275437794],[6.732428629560264,49.811909635043293],[6.732498085378143,49.811910994607182],[6.732567541201307,49.811912354129483],[6.732636997029753,49.811913713610188],[6.732706452863483,49.811915073049285],[6.732775908702495,49.811916432446793],[6.732845364546789,49.811917791802713],[6.732914820396366,49.811919151117038],[6.732984276251226,49.811920510389754],[6.73305373211137,49.811921869620882],[6.733055832117652,49.811876933123273],[6.733333655354213,49.811882369623234],[6.733403111176557,49.81188372864424],[6.733472567004182,49.811885087623637],[6.733542022837088,49.811886446561459],[6.733611478675276,49.811887805457665],[6.733680934518744,49.811889164312291],[6.733750390367494,49.811890523125314],[6.733889302080832,49.811893240626574],[6.733958757945421,49.811894599314812],[6.734028213815289,49.811895957961461],[6.7340303129174,49.811851021433363],[6.734099768728343,49.811852380036271],[6.734169224544564,49.81185373859757],[6.734238680366066,49.811855097117281],[6.734308136192847,49.81185645559539],[6.734377592024907,49.811857814031903],[6.734447047862246,49.811859172426828],[6.734449146573839,49.811814235885421],[6.734518602352249,49.811815594236599],[6.734516503704864,49.811860530780152],[6.73458595955276,49.811861889091873],[6.734655415405935,49.811863247362012],[6.734724871264389,49.81186460559055],[6.734794327128118,49.811865963777485],[6.73486378299713,49.811867321922826],[6.734933238871417,49.811868680026585],[6.734931140603996,49.811913616582586],[6.7349290423313,49.811958553138176],[6.734859586328598,49.811957195030139],[6.734790130331174,49.8119558368805],[6.734720674339028,49.811954478689259],[6.734718575868436,49.811999415237992],[6.734649119817361,49.811998057003017],[6.734647021277283,49.812042993549184],[6.73457756516728,49.812041635270475],[6.734575466557719,49.812086571814085],[6.734506010388786,49.812085213491621],[6.734503911709741,49.812130150032658],[6.734501813025419,49.812175086573305],[6.734499714335821,49.812220023113518],[6.734497615640946,49.812264959653312],[6.73442815922046,49.812263601280677],[6.7344260604561,49.81230853781792],[6.734356603976685,49.812307179401529],[6.734354505142838,49.812352115936207],[6.734352406303716,49.812397052470466],[6.734282949701164,49.812395694008188],[6.734280850792555,49.812440630539889],[6.73427875187867,49.812485567071171],[6.734209295152978,49.812484208562999],[6.734207196169606,49.812529145091723],[6.734205097180957,49.812574081620021],[6.734135640332127,49.812572723065955],[6.73413354127399,49.812617659591716],[6.73406408436623,49.812616300993902],[6.734061985238607,49.812661237517084],[6.733992528271918,49.812659878875536],[6.733990429074805,49.812704815396152],[6.733920972049186,49.812703456710857],[6.733918872782588,49.812748393228915],[6.733849415698039,49.812747034499878],[6.733847316361953,49.812791971015358],[6.733845217020588,49.812836907530439],[6.733843117673943,49.812881844045108],[6.733773660402044,49.812880485268032],[6.733771560985912,49.812925421780122],[6.733702103655084,49.812924062959304],[6.733700004169461,49.812968999468843],[6.733630546779703,49.812967640604263],[6.733628447224592,49.813012577111238],[6.733558989775903,49.813011218202924],[6.733489532332498,49.813009859253015],[6.733487432643686,49.813054795755271],[6.733485332949595,49.813099732257122],[6.733483233250224,49.813144668758547],[6.733413775619466,49.813143309760598],[6.733344317993988,49.813141950721047],[6.733342218160915,49.813186887217775],[6.733272760476511,49.813185528134483],[6.733270660573947,49.813230464628631],[6.733201202830611,49.813229105501591],[6.733131745092558,49.813227746332949],[6.73312964505629,49.813272682822394],[6.733060187259308,49.81327132361001],[6.732990729467606,49.813269964356024],[6.732988629297636,49.813314900840744],[6.732919171447007,49.813313541543017],[6.732849713601659,49.813312182203688],[6.732847613297985,49.813357118683719],[6.732708697494716,49.813354399875976],[6.732639239601007,49.813353040409702],[6.732637139099416,49.813397976882861],[6.732567681146779,49.813396617372838],[6.732498223199422,49.813395257821227],[6.732428765257352,49.813393898228014],[6.732426664557843,49.813438834694317],[6.732357206556845,49.813437475057356],[6.73228774856113,49.813436115378806],[6.732285647727914,49.813481051840391],[6.732216189673272,49.813479692118086],[6.732214088770564,49.813524628577099],[6.732144630656992,49.813523268811053],[6.732075172548707,49.813521909003406],[6.732005714445705,49.813520549154156],[6.732003613345077,49.813565485606318],[6.731934155183148,49.81356412571332],[6.731864697026504,49.813562765778727],[6.731862595792168,49.813607702226172],[6.731793137576596,49.813606342247837],[6.731723679366312,49.813604982227901],[6.731654221161311,49.813603622166362],[6.731652119729054,49.813648558606943],[6.731582661465128,49.813647198501656],[6.731580559963373,49.813692134939664],[6.731511101640519,49.813690774790629],[6.731441643322951,49.813689414600013],[6.731372185010669,49.813688054367788],[6.731370083310992,49.813732990798947],[6.731300624939785,49.813731630522966],[6.731231166573864,49.81373027020539],[6.73116170821323,49.813728909846219],[6.73115960631563,49.813773846270493],[6.73109014789607,49.813772485867581],[6.731020689481797,49.81377112542306],[6.731018587450485,49.813816061842623],[6.730949128977286,49.813814701354367],[6.730879670509375,49.813813340824503],[6.730877568344352,49.813858277239355],[6.730808109817514,49.813856916665742],[6.730738651295964,49.813855556050527],[6.730736548997228,49.813900492460654],[6.730667090416754,49.813899131801691],[6.730597631841568,49.813897771101139],[6.730595529409118,49.813942707506563],[6.730526070775007,49.813941346762249],[6.730456612146185,49.813939985976347],[6.730454509580022,49.813984922377045],[6.730385050892274,49.813983561547388],[6.730382948256611,49.814028497945515],[6.730313489509936,49.814027137072109],[6.730244030768553,49.814025776157109],[6.730174572032458,49.814024415200507],[6.730172469198866,49.814069351591769],[6.730103010403847,49.814067990591418],[6.730033551614117,49.81406662954948],[6.730031448646811,49.814111565936017],[6.729961989798156,49.814110204850309],[6.729959886761348,49.814155141234281],[6.729890427853769,49.814153780104846],[6.729888324747457,49.81419871648626],[6.729818865780954,49.814197355313055],[6.729749406819742,49.814195994098256],[6.72967994786382,49.814194632841861],[6.729610488913188,49.814193271543871],[6.729608385544732,49.814238207916262],[6.729538926535176,49.814236846574524],[6.729469467530911,49.814235485191176],[6.729467364028737,49.814280421558834],[6.729397904965549,49.814279060131746],[6.729395801393872,49.814323996496846],[6.729393697816904,49.814368932861534],[6.729324238630577,49.814367571388537],[6.729322134984106,49.814412507750646],[6.729252675738857,49.814411146233901],[6.729183216498897,49.814409784675561],[6.729181112718707,49.814454721032959],[6.729111653419825,49.814453359430864],[6.729042194126236,49.81445199778716],[6.729040090212324,49.814496934139839],[6.728970630859812,49.814495572452394],[6.728901171512591,49.814494210723346],[6.728899067464959,49.814539147071308],[6.728829608058816,49.814537785298505],[6.728760148657964,49.814536423484107],[6.728762252834027,49.814491487140465],[6.728692793502685,49.814490125286618],[6.728623334176635,49.814488763391175],[6.728621229872141,49.814533699730518],[6.728619125562358,49.814578636069456],[6.728549666113169,49.814577274128105],[6.728547561733878,49.814622210464456],[6.72847810222577,49.814620848479365],[6.728475997776972,49.814665784813158],[6.728406538209939,49.814664422784311],[6.728404433691634,49.81470935911554],[6.72840022463915,49.814799231776746],[6.72839812010497,49.814844168106731],[6.728467579928867,49.81484553014419],[6.728463370973067,49.814935402807208],[6.728461266487229,49.814980339138081],[6.7284591619961,49.815025275468557],[6.728389701915336,49.815023913422479],[6.728391806470682,49.814978977094171],[6.728322346459429,49.814977615008651],[6.72825288645347,49.814976252881536],[6.728183426452803,49.814974890712811],[6.728181321704806,49.815019827034661],[6.728250781769688,49.815021189205538],[6.728248677080616,49.815066125529142],[6.728246572386253,49.815111061852313],[6.728244467686597,49.815155998175072],[6.728313927949426,49.815157360310813],[6.728311823308696,49.81520229663532],[6.728381283641036,49.815203658731605],[6.728379179059231,49.815248595057838],[6.728309718662674,49.8152472329594],[6.72830761401136,49.815292169283062],[6.728303404692856,49.815382041929162],[6.728233944108937,49.815380679782685],[6.728164483530313,49.815379317594576],[6.728162378734686,49.815424253912681],[6.728160273933767,49.815469190230388],[6.728090813232,49.815467827996393],[6.72808870836157,49.815512764311514],[6.728019247600879,49.815511402033756],[6.728017142660939,49.815556338346319],[6.728015037715705,49.815601274658469],[6.728012932765177,49.815646210970201],[6.728010827809358,49.815691147281512],[6.727941366797086,49.815689784953534],[6.727939261771755,49.815734721262295],[6.727869800700557,49.815733358890569],[6.727800339634656,49.815731996477247],[6.727798234475593,49.815776932781269],[6.727728773350766,49.815775570324185],[6.727726668122189,49.815820506625641],[6.727657206938439,49.815819144124809],[6.72765510164035,49.815864080423687],[6.727585640397675,49.815862717879099],[6.72758353503007,49.815907654175426],[6.727514073728472,49.815906291587069],[6.727511968291354,49.815951227880824],[6.727442506930831,49.815949865248726],[6.727440401424199,49.815994801539901],[6.727370940004752,49.815993438864048],[6.727301478590602,49.8159920761466],[6.727232017181748,49.815990713387542],[6.727229911477161,49.816035649671832],[6.727227805767279,49.816080585955724],[6.72715834423528,49.816079223150751],[6.727088882708579,49.816077860304183],[6.727086776864962,49.81612279658335],[6.727017315279335,49.816121433693034],[6.726947853699007,49.816120070761109],[6.726945747721652,49.816165007035536],[6.726876286082401,49.816163644059863],[6.726806824448447,49.81616228104258],[6.726804718337354,49.816207217312297],[6.726874180035529,49.816208580331732],[6.726872073983362,49.816253516603183],[6.726869967925901,49.816298452874214],[6.726800506099282,49.816297089850472],[6.726731044277964,49.816295726785128],[6.726661582461943,49.816294363678189],[6.726657369945801,49.816384236206076],[6.726587908006636,49.816382873053215],[6.726585801676401,49.816427809314384],[6.72651633967831,49.816426446117781],[6.726514233278555,49.816471382376378],[6.726583695340867,49.816472745575147],[6.726581589000038,49.816517681835485],[6.726579482653913,49.816562618095411],[6.726577376302493,49.816607554354917],[6.726646838562768,49.81660891751855],[6.726644732270274,49.81665385377979],[6.726714194600071,49.816655216903968],[6.726712088366504,49.816700153166948],[6.726642625972484,49.816698790040611],[6.726640519669396,49.816743726301027],[6.726638413361012,49.816788662561045],[6.726568950843845,49.816787299388785],[6.726566844465943,49.81683223564621],[6.726636307047334,49.816833598820608],[6.726634200728357,49.81687853507978],[6.726564738082743,49.816877171903222],[6.726495275442427,49.816875808685062],[6.726493168989709,49.816920744939502],[6.726491062531693,49.816965681193523],[6.726488956068382,49.817010617447139],[6.726486849599771,49.817055553700342],[6.726484743125867,49.817100489953113],[6.726482636646664,49.817145426205464],[6.726413173626304,49.817144062932783],[6.726343710611242,49.817142699618486],[6.726274247601479,49.817141336262587],[6.726272140924308,49.81718627250806],[6.726202677855619,49.81718490910842],[6.726200571108927,49.817229845351328],[6.726198464356935,49.817274781593824],[6.726129001165098,49.817273418148254],[6.726126894343584,49.817318354388185],[6.726057431092821,49.817316990898853],[6.726055324201785,49.817361927136211],[6.725985860892097,49.817360563603131],[6.725916397587709,49.817359200028442],[6.725914290562925,49.817404136261068],[6.725912183532843,49.817449072493275],[6.725842720105305,49.817447708872677],[6.725840613005699,49.81749264510232],[6.725771149519235,49.81749128143796],[6.725701686038073,49.817489917731997],[6.725699578804718,49.817534853956914],[6.725630115264631,49.81753349020719],[6.725628007961751,49.817578426429534],[6.725558544362737,49.817577062636055],[6.725556436990335,49.817621998855827],[6.725486973332397,49.817620635018585],[6.725484865890468,49.817665571235786],[6.725415402173606,49.817664207354795],[6.725413294662152,49.817709143569417],[6.725343830886365,49.81770777964465],[6.725341723305386,49.81775271585672],[6.725272259470674,49.817751351888198],[6.725270151820168,49.817796288097675],[6.725268044164364,49.817841224306754],[6.7251985802065,49.817839860292317],[6.72512911625394,49.817838496236277],[6.725059652306681,49.817837132138642],[6.725057544452896,49.817882068340822],[6.72505543659381,49.817927004542597],[6.7249859725234,49.817925640399046],[6.724916508458293,49.81792427621388],[6.724847044398488,49.817922911987118],[6.724777580343987,49.817921547718761],[6.724775472222693,49.817966483911476],[6.724773364096099,49.818011420103787],[6.724703899918445,49.818010055789514],[6.724634435746094,49.818008691433626],[6.724564971579047,49.818007327036135],[6.724562863254471,49.81805226322156],[6.724493399028501,49.818050898780307],[6.724423934807834,49.818049534297444],[6.724421826349501,49.81809447047813],[6.724352362069911,49.818093105951519],[6.724350253542048,49.818138042129654],[6.724280789203534,49.818136677559281],[6.724278680606142,49.818181613734829],[6.724209216208705,49.818180249120687],[6.724207107541783,49.818225185293677],[6.724137643085424,49.818223820635758],[6.724135534348972,49.818268756806177],[6.724066069833688,49.818267392104509],[6.724063961027705,49.818312328272349],[6.72406185221642,49.818357264439761],[6.723992387577985,49.818355899692186],[6.723990278697169,49.818400835857027],[6.723920813999809,49.818399471065689],[6.723851349307756,49.818398106232749],[6.723781884621006,49.818396741358193],[6.723779775542203,49.818441677516148],[6.723710310796532,49.818440312597836],[6.723640846056164,49.818438947637922],[6.7236387368436,49.818483883791146],[6.723569272044311,49.818482518787476],[6.723567162762213,49.818527454938121],[6.723497697904001,49.818526089890682],[6.723495588552371,49.818571026038761],[6.723426123635236,49.81856966094756],[6.723424014214074,49.818614597093067],[6.723354549238016,49.818613231958096],[6.723352439747319,49.818658168101038],[6.723282974712339,49.81865680292232],[6.723213509682666,49.818655437701977],[6.723211400058206,49.818700373840173],[6.72314193496961,49.818699008576083],[6.723072469886321,49.818697643270383],[6.72300300480834,49.818696277923081],[6.723000894985887,49.818741214054391],[6.722998785158129,49.818786150185289],[6.722996675325066,49.818831086315761],[6.722927210059704,49.81882972092037],[6.722857744799648,49.81882835548339],[6.722788279544901,49.818826990004801],[6.722790389570652,49.818782053880796],[6.722720924385442,49.818780688362757],[6.722651459205539,49.81877932280311],[6.722581994030945,49.818777957201874],[6.722512528861658,49.818776591559015],[6.72244306369768,49.81877522587456],[6.722440953350779,49.818820161987766],[6.722371488127882,49.818818796259542],[6.722369377711445,49.818863732370183],[6.722365156862652,49.818953604590199],[6.722295691452372,49.8189522388139],[6.722293580955785,49.818997174921122],[6.722224115486584,49.818995809101068],[6.722222004920459,49.819040745205719],[6.722219894349029,49.819085681309943],[6.722150428756676,49.819084315443959],[6.722080963169633,49.819082949536366],[6.722078852464433,49.819127885635865],[6.72200938681847,49.819126519684509],[6.721939921177815,49.819125153691544],[6.72187045554247,49.819123787656984],[6.721868344639272,49.819168723749584],[6.721798878945005,49.819167357671255],[6.721729413256051,49.819165991551316],[6.721659947572407,49.819164625389774],[6.721590481894073,49.819163259186624],[6.721592593054195,49.81911832310265],[6.721594704209009,49.819073387018264],[6.721525238664447,49.819072020777831],[6.721455773125196,49.819070654495789],[6.721316842062627,49.819067921806884],[6.721247376539309,49.819066555400028],[6.721177911021304,49.819065188951569],[6.72118002255619,49.819020252879731],[6.721110557107727,49.819018886391824],[6.721041091664574,49.819017519862314],[6.721043203322612,49.81897258379437],[6.720973737949002,49.818971217225418],[6.720971626226733,49.819016153291194],[6.720969514499156,49.819061089356559],[6.720900049002397,49.819059722741677],[6.720897937205279,49.81910465880447],[6.72089582540285,49.819149594866843],[6.720826359782943,49.819148228206039],[6.720824247910973,49.819193164265833],[6.720754782232148,49.81919179756126],[6.720756894168349,49.819146861503619],[6.720687428559066,49.819145494759603],[6.720617962955097,49.819144127973985],[6.720548497356441,49.819142761146757],[6.720546385227548,49.819187697197918],[6.720476919569976,49.819186330326922],[6.720474807371542,49.819231266375496],[6.720470582958741,49.819321138471402],[6.720401117113789,49.819319771552323],[6.72039900483519,49.819364707597501],[6.720329538931319,49.819363340634652],[6.720260073032761,49.819361973630201],[6.720257960620388,49.819406909670633],[6.720188494662914,49.81940554262242],[6.720190607139518,49.819360606584141],[6.720121141251589,49.819359239496485],[6.720119028710753,49.81940417553259],[6.720049562763908,49.819402808401158],[6.720051675368975,49.819357872367213],[6.719982209491675,49.819356505196339],[6.719984322155661,49.819311569164135],[6.719914856347905,49.819310201953819],[6.719845390545465,49.819308834701893],[6.71977592474834,49.819307467408365],[6.719773811891661,49.819352403434081],[6.719771699029669,49.819397339459393],[6.719702233109397,49.819395972119935],[6.719632767194438,49.819394604738875],[6.719563301284797,49.819393237316199],[6.719561188224799,49.819438173334618],[6.71949172225624,49.819436805868179],[6.719489609126697,49.819481741884005],[6.719487495991841,49.819526677899411],[6.719418029900135,49.819525310387057],[6.719415916695732,49.819570246399877],[6.719346450545112,49.819568878843754],[6.719276984399807,49.819567511246021],[6.719207518259818,49.819566143606679],[6.719138052125145,49.819564775925741],[6.719140165586474,49.819519839921547],[6.71907069952135,49.819518472201153],[6.719001233461542,49.81951710443915],[6.718931767407052,49.819515736635559],[6.718792835314022,49.819513000903548],[6.718723369275482,49.819511632975122],[6.71865390324226,49.819510265005093],[6.718584437214357,49.819508896993469],[6.718582323239175,49.819553832980347],[6.718512857152357,49.819552464924946],[6.718510743107627,49.819597400909267],[6.718441276961896,49.81959603281009],[6.718439162847618,49.819640968791823],[6.718230764249638,49.819636864238205],[6.718161298060949,49.819635495970452],[6.718022365699525,49.819632759310146],[6.717952899526792,49.819631390917564],[6.717950784957575,49.819676326883744],[6.71788131872593,49.819674958447401],[6.717811852499604,49.819673589969462],[6.717742386278599,49.819672221449913],[6.717672920062912,49.819670852888756],[6.717603453852546,49.819669484286003],[6.717533987647499,49.819668115641633],[6.717464521447774,49.819666746955669],[6.717395055253368,49.819665378228088],[6.717325589064283,49.819664009458904],[6.717323473911661,49.819708945405203],[6.717115075183637,49.819704838841531],[6.717117190528954,49.819659902901726],[6.717047724361154,49.81965853396612],[6.716978258198675,49.819657164988904],[6.716908792041517,49.819655795970085],[6.716906676503504,49.819700731903403],[6.716628811671165,49.819695255403431],[6.716559345476386,49.819693886174413],[6.716557229611894,49.819738822096483],[6.716487763358207,49.819737452823702],[6.716485647424161,49.819782388743199],[6.716416181111564,49.819781019426649],[6.716346714804288,49.819779650068497],[6.716277248502338,49.819778280668736],[6.716279364629078,49.819733344755733],[6.716209898396682,49.819731975316529],[6.716140432169609,49.81973060583573],[6.716070965947859,49.819729236313307],[6.715932033520333,49.819726497143662],[6.715862567314553,49.819725127496447],[6.715864683821363,49.819680191596021],[6.715866800322853,49.819635255695168],[6.715797334250862,49.819633886010664],[6.715727868184197,49.81963251628455],[6.715725751554245,49.819677452181068],[6.715656285428671,49.819676082411199],[6.715654168729166,49.81972101830511],[6.715237371702163,49.819712798799117],[6.715239488787057,49.81966786291818],[6.715170022698762,49.81966649285706],[6.71510055661579,49.819665122754337],[6.714961624465825,49.81966238242407],[6.714892158398833,49.819661012196526],[6.714822692337166,49.81965964192738],[6.714683760229813,49.819656901264267],[6.714685877823235,49.819611965400235],[6.714616411841781,49.819610595008427],[6.714546945865653,49.819609224575032],[6.714477479894852,49.81960785410002],[6.71440801392938,49.819606483583406],[6.714269082014416,49.81960374242535],[6.714199616064926,49.81960237178393],[6.714201734102641,49.819557435934648],[6.714132268222709,49.819556065253771],[6.714062802348106,49.819554694531305],[6.713993336478832,49.819553323767231],[6.713854404756269,49.819550582114253],[6.71385652310981,49.819505646275395],[6.713787057320753,49.81950427538866],[6.713717591537024,49.819502904460322],[6.713578659985553,49.819500162478846],[6.713509194217813,49.819498791425694],[6.713439728455401,49.819497420330947],[6.71337026269832,49.819496049194584],[6.713368143895165,49.819540985018271],[6.713298678079182,49.819539613838138],[6.713300796946569,49.819494678016625],[6.713231331200147,49.81949330679705],[6.713161865459055,49.819491935535879],[6.713163984449576,49.819446999718267],[6.713094518778045,49.819445628417654],[6.713025053111846,49.819444257075432],[6.712955587450976,49.819442885691615],[6.712957706628858,49.819397949880099],[6.712888241037549,49.819396578456832],[6.712818775451573,49.819395206991963],[6.712820894752586,49.819350271184362],[6.712751429236171,49.819348899680058],[6.712681963725085,49.819347528134159],[6.712684083149229,49.819302592330466],[6.712614617707705,49.819301220745125],[6.712616737190749,49.819256284943187],[6.712547271818787,49.819254913318417],[6.712549391360731,49.819209977518227],[6.71247992605833,49.819208605854008],[6.712410460761261,49.819207234148195],[6.712412580426334,49.81916229835192],[6.712343115198825,49.819160926606671],[6.71227364997665,49.819159554819805],[6.712275769764851,49.819114619027474],[6.712206304612238,49.819113247201173],[6.712208424459337,49.819068311410582],[6.712138959376284,49.81906693954484],[6.712069494298565,49.819065567637502],[6.71207161426879,49.819020631850833],[6.712002149260632,49.819019259904053],[6.712004269289755,49.818974324119139],[6.711934804351159,49.818972952132924],[6.711936924439181,49.818928016349751],[6.711867459570145,49.818926644324108],[6.711797994706442,49.818925272256863],[6.711800114917589,49.818880336477612],[6.711730650123449,49.818878964370931],[6.711732770393492,49.818834028593443],[6.711663305668913,49.81883265644732],[6.711665425997852,49.818787720671573],[6.711595961342835,49.818786348486015],[6.711598081730671,49.818741412712036],[6.711528617145214,49.818740040487036],[6.711530737591945,49.818695104714806],[6.71146127307605,49.81869373245037],[6.711391808565488,49.81869236014434],[6.711393929135342,49.818647424376032],[6.711324464694343,49.818646052030566],[6.711326585323093,49.818601116263999],[6.711328705946508,49.818556180497019],[6.711259241639297,49.818554808114293],[6.711261362321609,49.818509872349061],[6.711191898083959,49.818508499926899],[6.711194018825164,49.81846356416343],[6.711124554657075,49.818462191701826],[6.711126675457175,49.818417255940105],[6.711057211358646,49.81841588343908],[6.710987747265453,49.818414510896446],[6.710989868188673,49.81836957513864],[6.710920404165042,49.818368202556563],[6.710922525147153,49.818323266800526],[6.710853061193083,49.818321894179022],[6.710855182234086,49.818276958424725],[6.710857303269757,49.81823202267001],[6.710787839449473,49.818230650011245],[6.710718375634526,49.818229277310877],[6.710720496793313,49.818184341560084],[6.710722617946769,49.818139405808886],[6.710653154265607,49.81813803307125],[6.710655275477953,49.818093097321793],[6.710657396684966,49.818048161571923],[6.71058793313759,49.818046788797041],[6.710590054403494,49.818001853048919],[6.710520590925678,49.818000480234588],[6.710522712250472,49.817955544488228],[6.710524833569932,49.81791060874145],[6.710455370225903,49.817909235889857],[6.710457491604253,49.817864300144834],[6.710388028329783,49.817862927253806],[6.710390149767025,49.81781799151053],[6.710392271198931,49.817773055766835],[6.710394392625502,49.817728120022728],[6.710324929549041,49.817726747096614],[6.710327051034502,49.817681811354262],[6.710329172514629,49.817636875611498],[6.710331293989422,49.817591939868308],[6.710261831110966,49.8175905669071],[6.710263952644647,49.817545631165665],[6.710266074172995,49.817500695423817],[6.710196611428323,49.817499322425341],[6.710198733015558,49.817454386685235],[6.710129270340444,49.817453013647345],[6.710131391986566,49.817408077908993],[6.710133513627355,49.817363142170244],[6.710135635262808,49.817318206431068],[6.710066172785698,49.817316833358078],[6.71006829448004,49.817271897620657],[6.709998832072491,49.817270524508231],[6.710000953825719,49.817225588772558],[6.710003075573611,49.817180653036473],[6.710005197316169,49.817135717299969],[6.70993573510662,49.81713434415245],[6.709937856908064,49.817089408417708],[6.709868394768075,49.817088035230761],[6.709870516628405,49.817043099497766],[6.7098726384834,49.816998163764353],[6.70980317647719,49.816996790540152],[6.70980529839107,49.816951854808487],[6.709809542202826,49.816861983343912],[6.709811664100699,49.816817047611018],[6.709813785993239,49.81677211187769],[6.709815907880443,49.816727176143949],[6.709746446264892,49.81672580289117],[6.709748568210981,49.816680867159178],[6.709750690151734,49.816635931426759],[6.709681228669961,49.816634558136727],[6.709683350669597,49.816589622406077],[6.709613889257382,49.816588249076595],[6.709616011315902,49.816543313347708],[6.709546549973244,49.816541939978798],[6.709477088635923,49.816540566568307],[6.709407627303941,49.816539193116199],[6.709409749549783,49.816494257393394],[6.709340288287359,49.816492883901866],[6.709342410592083,49.816447948180816],[6.709272949399215,49.816446574649866],[6.709277194121094,49.81635670321085],[6.709279316474029,49.816311767490724],[6.709209855479155,49.816310393924674],[6.709211977890972,49.816265458206303],[6.709142516965655,49.816264084600832],[6.709144639436354,49.816219148884208],[6.709075178580594,49.816217775239302],[6.709073056045677,49.816262710953744],[6.70900359513104,49.816261337265068],[6.708934134221741,49.81625996353479],[6.70886467331778,49.81625858976291],[6.708862550584874,49.816303525470431],[6.708860427846629,49.816348461177519],[6.708929888879024,49.816349834953748],[6.70892776619966,49.816394770662605],[6.708858305103046,49.816393396884216],[6.70878884401177,49.816392023064225],[6.708790966819572,49.816347087359702],[6.708793089622035,49.816302151654774],[6.70879521241916,49.816257215949435],[6.708725751525879,49.816255842094364],[6.708727874381884,49.816210906390765],[6.708729997232553,49.816165970686768],[6.708660536473047,49.816164596794437],[6.708662659382597,49.816119661092181],[6.708593198692649,49.816118287160414],[6.708595321661077,49.816073351459906],[6.708597444624166,49.816028415759],[6.708599567581918,49.815983480057668],[6.708530107089962,49.815982106090821],[6.708532230106594,49.815937170391244],[6.708462769684195,49.81593579638497],[6.708464892759704,49.815890860687155],[6.708467015829876,49.815845924988906],[6.70846913889471,49.815800989290246],[6.708471261954204,49.81575605359118],[6.708473385008362,49.815711117891688],[6.70847550805718,49.815666182191791],[6.708406048025419,49.815664808156939],[6.708408171133116,49.81561987245879],[6.708410294235476,49.815574936760221],[6.708412417332495,49.815530001061248],[6.708414540424177,49.815485065361841],[6.708416663510522,49.815440129662022],[6.708420909667194,49.815350258261141],[6.708423032737524,49.815305322560071],[6.708353573224826,49.815303948500997],[6.70835569635403,49.81525901280169],[6.708357819477897,49.815214077101956],[6.708359942596426,49.815169141401803],[6.708362065709618,49.815124205701238],[6.708364188817471,49.815079270000261],[6.708366311919986,49.815034334298865],[6.708370558108999,49.814944462894822],[6.708301099115352,49.814943088811532],[6.708305345411441,49.814853217410167],[6.708307468551477,49.814808281708856],[6.708309591686175,49.814763346007126],[6.708311714815535,49.814718410304984],[6.708318084171586,49.814583603196049],[6.708322330382264,49.814493731788012],[6.708324453479594,49.814448796083376],[6.708326576571586,49.814403860378306],[6.708328699658242,49.814358924672824],[6.708330822739558,49.814313988966923],[6.708332945815537,49.814269053260617],[6.70826348779041,49.81426767916831],[6.708265610925262,49.814222743463752],[6.70826985717895,49.814132872053392],[6.708274103411285,49.814043000641362],[6.708276226519446,49.813998064934722],[6.708278349622268,49.81395312922767],[6.708280472719752,49.813908193520192],[6.708282595811899,49.813863257812301],[6.708284718898708,49.813818322103991],[6.708286841980178,49.813773386395262],[6.70828896505631,49.813728450686114],[6.708219507807041,49.813727076578267],[6.708223754071709,49.813637205163083],[6.708228000315024,49.813547333746229],[6.708230123428676,49.813502398037166],[6.708232246536988,49.813457462327698],[6.708238615829896,49.813322655196792],[6.708242861998479,49.81323278377409],[6.708173405460839,49.813231409648552],[6.708177651736483,49.813141538228528],[6.708179774866298,49.813096602517895],[6.708181897990775,49.813051666806842],[6.708186144223715,49.812961795383494],[6.708188267332178,49.812916859671191],[6.708190390435302,49.812871923958475],[6.708192513533089,49.812826988245341],[6.708198882794422,49.812692181103436],[6.708201005870858,49.812647245388632],[6.708131550173236,49.812645871249721],[6.708133673308538,49.812600935536672],[6.708135796438502,49.812555999823211],[6.708137919563128,49.812511064109337],[6.708140042682415,49.812466128395037],[6.708144288904978,49.812376256965187],[6.708146412008252,49.812331321249644],[6.708152781286047,49.812196514100499],[6.708154904367969,49.812151578383279],[6.708157027444553,49.812106642665654],[6.708161273581709,49.812016771229132],[6.70816339664228,49.811971835510256],[6.708093941913053,49.811970461362321],[6.70809606503249,49.811925525645194],[6.708100311255347,49.811835654209709],[6.708102434358769,49.811790718491316],[6.708104557456854,49.811745782772512],[6.708106680549599,49.811700847053302],[6.708108803637007,49.811655911333681],[6.708039349362534,49.811654537159363],[6.708041472508807,49.811609601441482],[6.708045718785336,49.811519730004484],[6.708047841915593,49.811474794285381],[6.708049965040513,49.81142985856583],[6.708052088160096,49.811384922845868],[6.708054211274339,49.811339987125493],[6.708056334383245,49.811295051404713],[6.70798688062772,49.811293677206173],[6.707989003795489,49.811248741487134],[6.707991126957919,49.811203805767683],[6.707993250115011,49.811158870047812],[6.707995373266765,49.81111393432753],[6.707997496413181,49.811068998606821],[6.707999619554259,49.811024062885707],[6.70800174269,49.810979127164167],[6.708003865820403,49.810934191442215],[6.708005988945467,49.81088925571985],[6.707936535773075,49.810887881499262],[6.707938658957,49.810842945778639],[6.707940782135587,49.810798010057617],[6.707942905308836,49.810753074336162],[6.707945028476749,49.810708138614295],[6.707947151639321,49.810663202892009],[6.707949274796556,49.810618267169325],[6.707951397948455,49.810573331446193],[6.707953521095014,49.81052839572267],[6.707955644236236,49.810483459998714],[6.707957767372119,49.810438524274346],[6.707959890502666,49.810393588549559],[6.707890438041789,49.810392214311278],[6.707892561231193,49.81034727858826],[6.70789680759399,49.810257407140945],[6.707898930767381,49.810212471416676],[6.707903177098149,49.81012259996686],[6.707905300255526,49.810077664241319],[6.707907423407566,49.810032728515381],[6.707837971465597,49.810031354252899],[6.707842217882054,49.809941482804092],[6.707844341082273,49.80989654707907],[6.707846464277156,49.809851611353629],[6.707850710650909,49.809761739901489],[6.707857080171503,49.809626932720171],[6.707859203334358,49.809581996992222],[6.707861326491877,49.809537061263853],[6.707863449644057,49.80949212553508],[6.707865572790898,49.809447189805887],[6.7077961216888,49.80944581553004],[6.707800368094856,49.809355944074738],[6.707802491289877,49.809311008346477],[6.707804614479562,49.809266072617788],[6.707806737663907,49.809221136888674],[6.707808860842915,49.809176201159154],[6.707810984016586,49.809131265429208],[6.707741533369175,49.809129891126979],[6.707745779828887,49.809040019670192],[6.707747903050735,49.808995083941177],[6.707750026267246,49.80895014821175],[6.707752149478419,49.808905212481889],[6.707754272684253,49.808860276751616],[6.707756395884751,49.808815341020939],[6.707686945692021,49.808813966692327],[6.707689068951371,49.80876903096339],[6.707691192205384,49.808724095234048],[6.707693315454058,49.80867915950428],[6.707695438697394,49.808634223774092],[6.707699685168052,49.808544352312488],[6.707701808395374,49.808499416581064],[6.70763235865732,49.808498042226049],[6.707634481943494,49.808453106496394],[6.70763660522433,49.808408170766292],[6.707638728499829,49.80836323503577],[6.707640851769988,49.808318299304851],[6.70764297503481,49.808273363573505],[6.707573525623046,49.80827198918778],[6.707575648946719,49.808227053458197],[6.707577772265053,49.808182117728187],[6.707579895578049,49.808137181997772],[6.707582018885708,49.808092246266924],[6.707512569736038,49.808090871848307],[6.707514693102548,49.808045936119214],[6.707516816463719,49.808001000389716],[6.707518939819551,49.807956064659798],[6.707521063170045,49.807911128929476],[6.707451614282468,49.807909754477954],[6.707453737691813,49.807864818749366],[6.707455861095819,49.807819883020365],[6.707457984494487,49.807774947290959],[6.707460107887814,49.807730011561134],[6.707390659262328,49.8077286370767],[6.707392782714505,49.807683701348637],[6.707394906161345,49.807638765620148],[6.707397029602847,49.807593829891232],[6.70739915303901,49.807548894161904],[6.707401276469835,49.807503958432171],[6.707331828170621,49.807502583917021],[6.707333951660293,49.807457648189029],[6.707336075144627,49.807412712460639],[6.707338198623623,49.807367776731809],[6.707268750522308,49.8073664021816],[6.707270874060152,49.807321466454539],[6.707272997592656,49.807276530727059],[6.707275121119821,49.807231594999152],[6.70727724464165,49.80718665927084],[6.707207796802417,49.807185284687719],[6.707209920383091,49.80714034896117],[6.707212043958426,49.807095413234194],[6.707214167528423,49.807050477506806],[6.70721629109308,49.807005541778992],[6.707146843515929,49.807004167162987],[6.707148967139433,49.80695923143692],[6.707151090757597,49.806914295710456],[6.707153214370423,49.806869359983573],[6.707155337977911,49.806824424256277],[6.707157461580059,49.806779488528548],[6.707088014329169,49.806778113881812],[6.707090137990162,49.806733178155845],[6.707092261645817,49.806688242429466],[6.707094385296133,49.806643306702661],[6.70709650894111,49.806598370975451],[6.707027061952295,49.806596996295823],[6.707029185656117,49.806552060570354],[6.707031309354598,49.80650712484448],[6.707033433047741,49.8064621891182],[6.707035556735546,49.806417253391473],[6.706966110008802,49.806415878678955],[6.70696823375545,49.80637094295399],[6.706970357496759,49.806326007228627],[6.706972481232729,49.806281071502838],[6.70697460496336,49.806236135776636],[6.706976728688652,49.806191200050009],[6.706907282288158,49.806189825306767],[6.706909406072294,49.806144889581901],[6.706911529851089,49.806099953856609],[6.706913653624545,49.806055018130913],[6.706915777392662,49.806010082404789],[6.706846331254235,49.806008707628656],[6.706848455081195,49.805963771904295],[6.706850578902814,49.805918836179529],[6.706852702719094,49.805873900454323],[6.706856950335638,49.805784029002673],[6.706859074135901,49.805739093276237],[6.706861197930825,49.805694157549368],[6.70686332172041,49.805649221822087],[6.706793876100766,49.805647847021753],[6.706795999949191,49.805602911296219],[6.706798123792278,49.805557975570288],[6.706728678306333,49.805556600732707],[6.706730802208259,49.805511665008517],[6.706732926104846,49.805466729283921],[6.706663480752603,49.805465354409108],[6.70666560470803,49.805420418686261],[6.706669852602863,49.805330547239315],[6.70667197654227,49.805285611515224],[6.706602531452083,49.805284236607513],[6.706533086367237,49.80528286165822],[6.706535210429663,49.805237925938052],[6.706465765414338,49.805236550949346],[6.7064678895356,49.805191615230932],[6.706537334486748,49.805192990217456],[6.706539458538492,49.805148054496463],[6.706470013651522,49.805146679512106],[6.706472137762106,49.805101743792861],[6.70647426186735,49.805056808073196],[6.706404817114076,49.805055433051599],[6.706406941278157,49.805010497333697],[6.706337496594404,49.8050091222727],[6.706339620817324,49.804964186556539],[6.706341745034901,49.80491925083998],[6.706272300484843,49.804917875741737],[6.706274424761258,49.804872940026932],[6.706276549032332,49.804828004311702],[6.706207104615971,49.804826629176226],[6.706209228945881,49.804781693462758],[6.706211353270452,49.804736757748877],[6.706141908987785,49.804735382576155],[6.706144033371192,49.804690446864015],[6.706146157749258,49.804645511151477],[6.706076713600286,49.804644135941537],[6.706078838037187,49.804599200230726],[6.706080962468748,49.804554264519524],[6.706011518453471,49.804552889272337],[6.706013642943866,49.804507953562883],[6.70601576742892,49.804463017853024],[6.706017891908634,49.804418082142746],[6.705948448091225,49.804416706860493],[6.705950572629773,49.804371771151963],[6.705952697162981,49.804326835443007],[6.705883253479264,49.804325460123536],[6.705885378071306,49.804280524416335],[6.705887502658006,49.80423558870875],[6.705889627239364,49.804190653000717],[6.705891751815383,49.804145717292272],[6.705822308393707,49.804144341939903],[6.705824433028558,49.80409940623322],[6.705826557658069,49.804054470526118],[6.705828682282238,49.804009534818597],[6.705830806901065,49.803964599110678],[6.705761363741427,49.803963223725425],[6.705763488419088,49.80391828801924],[6.705765613091406,49.80387335231265],[6.705767737758385,49.803828416605633],[6.705698294796609,49.803827041185308],[6.705700419522419,49.803782105480053],[6.705704668958015,49.803692234068301],[6.705706793667801,49.803647298361795],[6.705637350968058,49.803645922908593],[6.705639475736676,49.803600987203843],[6.705641600499952,49.803556051498688],[6.705643725257887,49.803511115793093],[6.705645850010479,49.803466180087099],[6.705647974757731,49.803421244380679],[6.705578532384192,49.803419868896768],[6.705580657190273,49.803374933192103],[6.705582781991013,49.80332999748704],[6.705584906786412,49.803285061781537],[6.70551546461073,49.80328368626256],[6.705517589464958,49.803238750558826],[6.705519714313845,49.803193814854666],[6.70552183915739,49.803148879150093],[6.705452397179563,49.803147503596065],[6.705454522081937,49.803102567893262],[6.705456646978969,49.803057632190026],[6.70545877187066,49.803012696486384],[6.705389330090687,49.803011320897291],[6.705391455041206,49.802966385195404],[6.705393579986384,49.802921449493091],[6.705399954789865,49.802786642383673],[6.705402079713675,49.802741706679697],[6.705332638324062,49.802740331062068],[6.7053347633067,49.802695395359855],[6.705336888283996,49.802650459657215],[6.705267447028064,49.802649084002361],[6.705269572064187,49.802604148301469],[6.705200130877768,49.802602772607216],[6.705130689696694,49.802601396871367],[6.705132814855811,49.802556461174419],[6.705063373744249,49.80255508539917],[6.704993932638032,49.802553709582355],[6.704996057920142,49.802508773889336],[6.704926616883438,49.802507398033114],[6.704928742224374,49.80246246234185],[6.704859301257183,49.802461086446215],[6.704789860295335,49.802459710508991],[6.704791985759265,49.802414774821663],[6.704722544866929,49.802413398845047],[6.704724670389683,49.802368463159475],[6.704655229566861,49.802367087143452],[6.70465735514844,49.802322151459641],[6.704587914395131,49.802320775404219],[6.704590040035533,49.802275839722157],[6.704592165670591,49.802230904039696],[6.704522725050962,49.802229527947034],[6.704524850744844,49.802184592266322],[6.704455410194727,49.80218321613426],[6.704457535947432,49.80213828045531],[6.704459661694793,49.802093344775948],[6.704390221278356,49.802091968606646],[6.70439234708454,49.802047032929025],[6.704322906737615,49.802045656720324],[6.704325032602622,49.802000721044486],[6.704327158462283,49.801955785368207],[6.704329284316601,49.801910849691524],[6.704331410165576,49.801865914014421],[6.70426197008066,49.801864537772843],[6.704264095988457,49.801819602097488],[6.704266221890908,49.801774666421714],[6.704268347788016,49.801729730745549],[6.704278977193395,49.801505052358372],[6.704281103058438,49.801460116679692],[6.704285354772495,49.801370245321074],[6.704287480621507,49.801325309641136],[6.704356919936448,49.801326685856623],[6.704359045715952,49.801281750174084],[6.704361171490114,49.801236814491141],[6.704363297258931,49.801191878807771],[6.704365423022406,49.801146943123996],[6.704434862086038,49.801148319289197],[6.704436987780005,49.801103383602822],[6.704439113468629,49.801058447916041],[6.704443364829847,49.800968576541209],[6.704445490502441,49.800923640853171],[6.704447616169691,49.800878705164713],[6.704517054853695,49.800880081275281],[6.70451918045144,49.800835145584244],[6.704523431630901,49.800745274200899],[6.704525557212616,49.800700338508605],[6.704527682788989,49.800655402815885],[6.704529808360018,49.800610467122745],[6.704531933925704,49.8005655314292],[6.704534059486048,49.800520595735229],[6.704536185041048,49.800475660040838],[6.704538310590704,49.80043072434605],[6.704540436135019,49.800385788650829],[6.70454256167399,49.800340852955188],[6.704473123759919,49.800339476870718],[6.704475249357707,49.800294541176839],[6.704477374950152,49.800249605482549],[6.704479500537254,49.800204669787838],[6.704481626119013,49.800159734092709],[6.704483751695428,49.800114798397161],[6.704414314107501,49.800113422281989],[6.704416439742734,49.800068486588181],[6.704418565372621,49.800023550893997],[6.704420690997167,49.799978615199379],[6.704422816616369,49.799933679504335],[6.704353379290424,49.799932303356279],[6.704355504968441,49.799887367663004],[6.704357630641116,49.799842431969303],[6.704359756308447,49.799797496275183],[6.704290319180322,49.799796120092076],[6.704292444906468,49.799751184399732],[6.70429457062727,49.799706248706954],[6.704225133632806,49.799704872486636],[6.704227259412423,49.799659936795607],[6.704229385186696,49.7996150011042],[6.704231510955625,49.79957006541234],[6.704233636719212,49.799525129720067],[6.704164199986725,49.799523753466865],[6.704166325809124,49.799478817776347],[6.704168451626181,49.799433882085424],[6.704170577437893,49.799388946394089],[6.70410114090322,49.799387570105836],[6.704103266773746,49.799342634416249],[6.704105392638929,49.799297698726242],[6.704107518498765,49.799252763035831],[6.704038082161908,49.799251386712527],[6.704042333993867,49.799161515334781],[6.704044459901829,49.799116579645293],[6.704046585804448,49.799071643955372],[6.704048711701723,49.799026708265046],[6.70397927569099,49.799025331911054],[6.703981401647077,49.798980396222476],[6.70398352759782,49.798935460533485],[6.70398565354322,49.798890524844076],[6.703987779483274,49.798845589154261],[6.703918343734507,49.798844212767385],[6.703920469733374,49.798799277079326],[6.703922595726895,49.798754341390833],[6.703924721715071,49.798709405701942],[6.703926847697907,49.798664470012618],[6.703928973675397,49.798619534322889],[6.703931099647542,49.798574598632733],[6.703861664289048,49.79857322221735],[6.703863790320002,49.798528286528956],[6.703865916345614,49.798483350840144],[6.703868042365881,49.798438415150919],[6.703870168380805,49.798393479461275],[6.703872294390385,49.798348543771212],[6.703876546393511,49.798258672389835],[6.703878672387058,49.798213736698536],[6.703809237547132,49.798212360258979],[6.7038134896465,49.79812248887945],[6.703815615688168,49.798077553189053],[6.703885050335638,49.7980789296221],[6.703887176307809,49.798033993929117],[6.703895680143058,49.797854251153019],[6.703902057963385,49.79771944406658],[6.703904183892806,49.797674508370264],[6.703906309816883,49.797629572673536],[6.703908435735617,49.797584636976381],[6.703914813459757,49.797449829882432],[6.703916939357116,49.797404894183614],[6.703919065249131,49.797359958484371],[6.703921191135804,49.797315022784723],[6.703923317017132,49.797270087084655],[6.703927568763759,49.797180215683262],[6.703931820489011,49.797090344280207],[6.703933946343621,49.797045408578043],[6.704003379520985,49.79704678491948],[6.704005505306103,49.797001849214737],[6.704009756860312,49.796911977803987],[6.704014008393147,49.796822106391581],[6.704016134151551,49.796777170684742],[6.70401825990461,49.796732234977497],[6.704020385652327,49.796687299269827],[6.704089818321855,49.796688675552289],[6.704091944000082,49.796643739842033],[6.704094069672966,49.796598804131357],[6.704096195340505,49.796553868420261],[6.704098321002703,49.796508932708754],[6.704102572311069,49.796419061284482],[6.704104697957237,49.796374125571724],[6.704106823598064,49.79632918985854],[6.704176255759767,49.796330566082027],[6.704178381331104,49.796285630366256],[6.704180506897099,49.796240694650081],[6.70418475801306,49.79615082321645],[6.704186883563026,49.79610588749901],[6.704191134646932,49.796016016062879],[6.704260566364964,49.796017392229572],[6.704262691834758,49.795972456508714],[6.70426481729921,49.79592752078743],[6.70426694275832,49.795882585065733],[6.704269068212087,49.795837649343618],[6.704271193660511,49.795792713621083],[6.704273319103594,49.795747777898129],[6.704275444541334,49.795702842174762],[6.704344875815703,49.795704218284676],[6.704347001183957,49.795659282558717],[6.70434912654687,49.79561434683233],[6.704351251904439,49.795569411105546],[6.704355502603553,49.795479539650707],[6.704357627945097,49.795434603922658],[6.704427058839953,49.795435979977945],[6.704429184112012,49.79539104424731],[6.704431309378729,49.795346108516256],[6.704433434640104,49.795301172784789],[6.704435559896139,49.79525623705289],[6.704437685146831,49.795211301320592],[6.704439810392181,49.795166365587868],[6.70444193563219,49.795121429854731],[6.704511366083396,49.795122805853225],[6.704513491253921,49.795077870117503],[6.704515616419104,49.795032934381354],[6.704517741578947,49.794987998644785],[6.704519866733447,49.794943062907805],[6.704521991882606,49.794898127170406],[6.704524117026423,49.794853191432594],[6.704593547098128,49.794854567376476],[6.704595672172463,49.794809631636078],[6.704597797241458,49.794764695895246],[6.70459992230511,49.794719760154003],[6.704604172416392,49.794629888670265],[6.704606297464022,49.794584952927778],[6.704608422506309,49.794540017184872],[6.704677852134378,49.79454139307196],[6.704679977107187,49.794496457326453],[6.704682102074652,49.794451521580548],[6.704686351993562,49.79436165008746],[6.704688476945005,49.794316714340283],[6.704690601891108,49.794271778592702],[6.704760031139687,49.794273154425177],[6.70476215601631,49.794228218674995],[6.704764280887592,49.794183282924408],[6.704768530614134,49.794093411421969],[6.704770655469395,49.794048475670131],[6.704772780319313,49.794003539917867],[6.704774905163893,49.793958604165176],[6.70484433396885,49.793959979940865],[6.70484645874395,49.793915044185603],[6.704848583513711,49.793870108429914],[6.704850708278132,49.793825172673799],[6.704852833037211,49.793780236917293],[6.70485495779095,49.793735301160346],[6.704857082539347,49.793690365402995],[6.704859207282405,49.793645429645231],[6.704928635643749,49.793646805364133],[6.704930760317331,49.793601869603762],[6.704932884985572,49.793556933842972],[6.704935009648474,49.793511998081769],[6.704939258958255,49.793422126558134],[6.704941383605136,49.793377190795681],[6.704945632882878,49.793287319269524],[6.705015060736478,49.793288694929473],[6.705017185303205,49.793243759163609],[6.70501930986459,49.793198823397312],[6.705021434420637,49.793153887630602],[6.705025683516707,49.79306401609594],[6.705027808056733,49.793019080327987],[6.70502993259142,49.792974144559608],[6.705032057120767,49.792929208790802],[6.705101484466637,49.792930584391797],[6.705103608926509,49.79288564862042],[6.705105733381043,49.792840712848616],[6.705107857830237,49.7927957770764],[6.705112106712606,49.792705905530717],[6.705114231145782,49.792660969757236],[6.705116355573617,49.792616033983343],[6.705118479996114,49.792571098209045],[6.705120604413271,49.792526162434335],[6.705190031187286,49.792527537974188],[6.70519215553497,49.792482602196884],[6.705194279877317,49.792437666419147],[6.705198528545991,49.79234779486243],[6.705202777193308,49.792257923304064],[6.705204901508957,49.792212987524259],[6.705207025819268,49.792168051744028],[6.705209150124239,49.792123115963371],[6.705278576326413,49.792124491442095],[6.705280700561914,49.792079555658866],[6.7052849490169,49.791989684091135],[6.705287073236385,49.791944748306655],[6.70528919745053,49.791899812521748],[6.705293445862806,49.791809940950678],[6.705295570060935,49.791765005164521],[6.705297694253725,49.791720069377952],[6.705299818441176,49.791675133590957],[6.705301942623289,49.791630197803549],[6.705371368125374,49.791631573216804],[6.705373492238019,49.791586637426803],[6.705375616345325,49.79154170163639],[6.705379864543922,49.791451830054314],[6.705381988635213,49.791406894262643],[6.705384112721164,49.79136195847056],[6.705386236801777,49.791317022678072],[6.705390484946989,49.79122715109181],[6.705394733070846,49.791137279503886],[6.705464157872862,49.791138654851672],[6.705466281862655,49.791093719054913],[6.705470529826228,49.791003847460146],[6.705472653800006,49.790958911662131],[6.705474777768448,49.79091397586371],[6.70547690173155,49.790869040064862],[6.705481149641741,49.790779168465932],[6.705487521466989,49.790644361064388],[6.705489645398065,49.790599425263039],[6.705493893244197,49.790509553659099],[6.705496017159256,49.790464617856507],[6.705498141068978,49.790419682053489],[6.705567564850319,49.790421057324927],[6.705569688690577,49.790376121519323],[6.705571812525498,49.790331185713306],[6.705573936355081,49.79028624990687],[6.705576060179327,49.790241314100015],[6.705580307811805,49.790151442485062],[6.705584555422931,49.790061570868424],[6.705586679220487,49.790016635059487],[6.705588803012706,49.789971699250131],[6.705590926799586,49.789926763440363],[6.705597298128206,49.789791956008528],[6.705599421893735,49.78974702019709],[6.705601545653929,49.78970208438524],[6.705670968414635,49.789703459580338],[6.705673092105369,49.789658523765894],[6.705675215790764,49.789613587951038],[6.705681586814928,49.789478780503934],[6.705683710478975,49.789433844687395],[6.705685834137684,49.789388908870443],[6.705694328719148,49.789209165598479],[6.705698575977857,49.789119293959985],[6.705700699599206,49.78907435814012],[6.705702823215218,49.789029422319828],[6.705704946825892,49.788984486499132],[6.705707070431229,49.788939550678009],[6.705709194031229,49.788894614856467],[6.705711317625892,49.78884967903452],[6.705713441215218,49.788804743212147],[6.705717688377859,49.78871487156615],[6.705719811951174,49.788669935742533],[6.705789233242452,49.788671310846084],[6.70579135674631,49.788626375019874],[6.705797727225869,49.788491567538735],[6.705799850708381,49.788446631710862],[6.705801974185555,49.788401695882577],[6.705804097657395,49.788356760053851],[6.705808344585061,49.788266888395171],[6.705810468040889,49.788221952565202],[6.705812591491382,49.788177016734828],[6.705814714936537,49.78813208090402],[6.705818961810837,49.788042209241183],[6.705821085239982,49.787997273409125],[6.705823208663792,49.787952337576655],[6.705825332082263,49.78790740174378],[6.705827455495399,49.787862465910479],[6.705829578903198,49.787817530076758],[6.70583170230566,49.787772594242632],[6.705833825702786,49.787727658408073],[6.705835949094576,49.787682722573123],[6.705838072481028,49.787637786737726],[6.705907492302964,49.787639161749752],[6.705918108834609,49.787414482555704],[6.705920232124931,49.787369546715645],[6.705924478689563,49.787279675034277],[6.705926601963876,49.787234739192961],[6.705928725232852,49.787189803351225],[6.705937218255395,49.787010059980148],[6.70594146473465,49.786920188292108],[6.705945711192561,49.786830316602405],[6.705952080839407,49.7866955090647],[6.70595632724396,49.786605637370826],[6.705958450438231,49.786560701523257],[6.705962696810768,49.786470829826889],[6.705964819989032,49.78642589397807],[6.705969066329554,49.78633602227918],[6.705975435800316,49.786201214727726],[6.705906018029973,49.786199839785247],[6.705910264445355,49.786109968086528],[6.705912387645043,49.786065032236557],[6.70591663402841,49.785975160535351],[6.705918757212091,49.785930224684115],[6.705925126731115,49.785795417127929],[6.705927249893453,49.785750481275024],[6.705929373050455,49.785705545421706],[6.705859955990644,49.785704170461564],[6.705862079206417,49.785659234610009],[6.705864202416856,49.785614298758027],[6.705866325621956,49.78556936290564],[6.705868448821723,49.785524427052835],[6.705937865625102,49.78552580200428],[6.705939988755426,49.785480866148887],[6.706009405500035,49.785482241056613],[6.706011528560915,49.785437305198634],[6.706080945246756,49.785438680062626],[6.706083068238194,49.785393744202047],[6.706152484865266,49.785395119022319],[6.706221901497675,49.785396493801024],[6.706224024355565,49.785351557935691],[6.706293440929204,49.785352932670676],[6.70636285750818,49.785354307364102],[6.706360734778503,49.785399243233798],[6.706358612043493,49.785444179103067],[6.706356489303148,49.785489114971909],[6.70642590607978,49.78549048963032],[6.706423783398209,49.785535425500917],[6.706421660711302,49.78558036137111],[6.706419538019061,49.785625297240877],[6.706350121050106,49.785623922575965],[6.706347998288421,49.785668858443152],[6.706417415321484,49.785670233110245],[6.706415292618574,49.785715168979188],[6.706413169910329,49.785760104847697],[6.706408924477834,49.785849976583499],[6.706406801753586,49.785894912450772],[6.70640043354883,49.786029720050081],[6.706398310803242,49.786074655915691],[6.706391942534471,49.786209463509998],[6.706461360342177,49.786210838161601],[6.706457114931208,49.78630070989341],[6.706454992217722,49.786345645758679],[6.706452869498902,49.786390581623529],[6.706450746774745,49.786435517487973],[6.706448624045255,49.786480453351999],[6.70644650131043,49.786525389215612],[6.706442255824776,49.786615260941574],[6.706440133073947,49.786660196803936],[6.706438010317784,49.786705132665865],[6.706435887556285,49.786750068527382],[6.706433764789451,49.786795004388495],[6.706431642017283,49.786839940249187],[6.706427396456942,49.786929811969323],[6.70649681529576,49.786931186614112],[6.706566234139918,49.786932561217363],[6.706568356794531,49.78688762535316],[6.706637775579913,49.786888999912684],[6.70663989816508,49.786844064045887],[6.706642020744912,49.786799128178679],[6.706711439407406,49.786800502692294],[6.706713561917792,49.786755566822499],[6.706715684422845,49.786710630952285],[6.706785102962451,49.78671200542],[6.706787225398057,49.7866670695472],[6.706856643878888,49.78666844397118],[6.706858766245048,49.786623508095808],[6.706860888605877,49.786578572219987],[6.70693030696382,49.786579946598067],[6.706932429255202,49.786535010719675],[6.70693455154125,49.78649007484087],[6.707003969776309,49.786491449173049],[6.707006091992913,49.786446513291651],[6.707008214204184,49.786401577409826],[6.707010336410121,49.786356641527604],[6.707079754458183,49.786358015811707],[6.707081876594676,49.786313079926892],[6.707083998725837,49.786268144041657],[6.707014580805997,49.786266769761887],[6.706945162891492,49.786265395440552],[6.706947285145539,49.786220459559232],[6.70687786730048,49.786219085198525],[6.706879989613302,49.78617414931896],[6.706882111920793,49.786129213438997],[6.706812694209288,49.786127839041072],[6.706814816575555,49.78608290316285],[6.706816938936487,49.786037967284223],[6.706886356519774,49.786039341677785],[6.706955774108394,49.78604071602981],[6.707025191702351,49.786042090340274],[6.707094609301643,49.786043464609193],[6.707164026906272,49.786044838836546],[6.707233444516234,49.786046213022338],[6.707231322539958,49.786091148914011],[6.707300740219365,49.786092523060425],[6.707302862131532,49.786047587166593],[6.707304984038366,49.786002651272334],[6.70737440159489,49.786004025372854],[6.707376523432282,49.785959089476002],[6.707378645264343,49.78591415357873],[6.70738076709107,49.785869217681061],[6.707450184460599,49.785870591733513],[6.707452306217887,49.785825655833229],[6.707454427969842,49.785780719932553],[6.707456549716464,49.785735784031452],[6.707525966899004,49.785737158035836],[6.707528088576185,49.785692222132148],[6.707597505699952,49.785693596092798],[6.707599627307693,49.78564866018651],[6.707605992098928,49.785513852465186],[6.707675408971596,49.785515226375601],[6.707677530493903,49.785470290465476],[6.707679652010881,49.78542535455496],[6.707681773522524,49.785380418643989],[6.707683895028837,49.785335482732627],[6.707686016529817,49.785290546820839],[6.707688138025468,49.785245610908646],[6.707757554518828,49.78524698476447],[6.707826971017522,49.785248358578748],[6.707829092379627,49.785203422661787],[6.707831213736402,49.785158486744415],[6.707900630112215,49.785159860512792],[6.707902751399552,49.785114924592826],[6.707904872681557,49.785069988672447],[6.707906993958233,49.785025052751649],[6.707909115229576,49.78498011683044],[6.7079785313543,49.784981490548581],[6.707980652556207,49.784936554624771],[6.708050068622158,49.784937928299193],[6.708119484693442,49.784939301932049],[6.708121605761807,49.784894366003499],[6.708191021774319,49.784895739592613],[6.708193142773248,49.784850803661485],[6.708262558726985,49.784852177206886],[6.70826467965648,49.784807241273143],[6.708334095551446,49.784808614774839],[6.708336216411506,49.784763678838516],[6.708405632247698,49.784765052296478],[6.708475048089221,49.784766425712888],[6.708477168815741,49.784721489771805],[6.708479289536932,49.784676553830316],[6.708548705255577,49.784677927200825],[6.708618120979554,49.784679300529781],[6.708620241567206,49.784634364583532],[6.708550825907334,49.784632991256736],[6.708552946553762,49.784588055312241],[6.708622362149529,49.784589428636863],[6.708691777750628,49.784590801919926],[6.708761193357059,49.784592175161436],[6.708830608968821,49.7845935483614],[6.708832729353502,49.784548612407796],[6.708834849732855,49.784503676453774],[6.708765434249301,49.784502303258158],[6.708767554687429,49.784457367305905],[6.708769675120227,49.784412431353225],[6.708771795547698,49.784367495400126],[6.708773915969839,49.784322559446615],[6.708776036386651,49.784277623492692],[6.708845451549687,49.78427899667745],[6.708914866718053,49.784280369820664],[6.708912746429447,49.784325305778935],[6.708982161667246,49.784326678882778],[6.708980041437416,49.784371614842783],[6.709049456744649,49.784372987907233],[6.709051576910375,49.78432805194506],[6.709053697070775,49.784283115982433],[6.709123112255132,49.784284489000996],[6.709192527444818,49.784285861977999],[6.709194647471683,49.784240926010625],[6.7091252323461,49.784239553035796],[6.709127352431739,49.784194617070192],[6.709057937375589,49.784193244055977],[6.708988522324769,49.784191871000203],[6.708919107279279,49.784190497902884],[6.708849692239119,49.784189124763998],[6.708780277204291,49.784187751583566],[6.708782397605117,49.784142815628392],[6.708784518000615,49.784097879672792],[6.708853932907238,49.784099252848883],[6.708856053233305,49.78405431689071],[6.708925468081157,49.784055690023067],[6.708927588337793,49.784010754062294],[6.708929708589101,49.783965818101102],[6.708931828835079,49.783920882139512],[6.708862414179534,49.78391950901365],[6.708864534484286,49.783874573053801],[6.708795119898175,49.783873199888568],[6.708725705317394,49.783871826681768],[6.708656290741944,49.783870453433437],[6.708586876171824,49.783869080143532],[6.708588996727656,49.783824144191939],[6.708658411233674,49.783825517479677],[6.708660531720074,49.783780581525505],[6.708662652201146,49.783735645570907],[6.708732066584292,49.783737018812737],[6.708734186995933,49.783692082855559],[6.708736307402248,49.783647146897962],[6.708738427803233,49.783602210939947],[6.708807841999405,49.783603584133722],[6.708809962330961,49.783558648173141],[6.708879376468364,49.783560021323176],[6.708881496730491,49.783515085359994],[6.708950910809124,49.783516458466323],[6.709020324893088,49.783517831531093],[6.709089738982381,49.783519204554317],[6.709159153077005,49.783520577535988],[6.709161273077401,49.783475641563705],[6.709230687113253,49.783477014501649],[6.709300101154434,49.783478387398048],[6.709369515200946,49.783479760252895],[6.709438929252787,49.783481133066182],[6.709441048991454,49.783436197084811],[6.709510462984523,49.783437569854385],[6.709508343309957,49.783482505837924],[6.709577757372455,49.783483878568113],[6.709647171440283,49.783485251256749],[6.709716585513439,49.783486623903833],[6.709714466025847,49.783531559893468],[6.709853294316345,49.783534305067313],[6.70985117495163,49.783579241060878],[6.709849055581588,49.783624177054016],[6.70984693620622,49.783669113046741],[6.709916350551764,49.783670485577844],[6.709914231235172,49.78371542157231],[6.709983645650147,49.783716794064041],[6.709981526392329,49.78376173006027],[6.710050940876733,49.783763102512616],[6.710048821677693,49.783808038510593],[6.709979407129186,49.783806666056087],[6.709977287860717,49.78385160205147],[6.709907873253438,49.783850229553252],[6.709905753915542,49.783895165546056],[6.70990363457232,49.783940101538455],[6.709834219842164,49.783938728994336],[6.709832100429514,49.783983664984142],[6.709762685640585,49.783982292396296],[6.709760566158505,49.784027228383522],[6.709691151310801,49.78402585575197],[6.709689031759293,49.784070791736596],[6.709686912202458,49.784115727720817],[6.709617497231879,49.784114355043357],[6.709613257974023,49.784204227006214],[6.709611138337105,49.784249162987003],[6.70960901869486,49.784294098967393],[6.70960689904729,49.784339034947358],[6.709676314338386,49.784340407635653],[6.709678433921853,49.784295471653529],[6.709680553499995,49.784250535670971],[6.709749968668213,49.784251908313372],[6.709819383841759,49.784253280914228],[6.709888799020634,49.784254653473532],[6.709890918401139,49.784209717484053],[6.709893037776317,49.784164781494169],[6.709823622725649,49.784163408939193],[6.709825742159604,49.784118472951057],[6.709895157146169,49.784119845503852],[6.709964572138063,49.784121218015095],[6.709962452832314,49.784166154007572],[6.71003186789364,49.784167526479429],[6.710101282960292,49.784168898909734],[6.710103402137836,49.784123962912915],[6.710172817145713,49.784125335299493],[6.710174936253828,49.784080399300102],[6.71024435120293,49.78408177164296],[6.71031376615736,49.784083143944265],[6.710315885131945,49.784038207940114],[6.710385300027597,49.7840395801977],[6.710387418932755,49.783994644190948],[6.710456833769634,49.783996016404814],[6.710458952605363,49.783951080395489],[6.710528367383464,49.783952452565636],[6.710530486149767,49.783907516553732],[6.710532604910745,49.783862580541388],[6.710602019565969,49.783863952665641],[6.71060413825752,49.783819016650732],[6.710606256943747,49.783774080635411],[6.710675671476095,49.783775452713769],[6.710677790092895,49.783730516695854],[6.710747204566468,49.783731888730493],[6.710749323113843,49.783686952709999],[6.71081873752864,49.783688324700925],[6.710888151948763,49.783689696650292],[6.71095756637421,49.783691068558106],[6.710959684723957,49.783646132530684],[6.711029099090631,49.783647504394779],[6.711031217370953,49.783602568364778],[6.71110063167885,49.783603940185152],[6.711102749889747,49.783559004152565],[6.711172164138867,49.783560375929227],[6.711241578393314,49.783561747664329],[6.711243696470686,49.783516811626981],[6.711313110666356,49.783518183318364],[6.71138252486735,49.783519554968201],[6.711384642811198,49.783474618926107],[6.711454056953416,49.783475990532224],[6.711523471100958,49.783477362096782],[6.711525588911282,49.783432426049927],[6.711595003000049,49.783433797570765],[6.711664417094139,49.783435169050065],[6.711666534770939,49.783390232998464],[6.711735948806252,49.78339160443403],[6.711805362846889,49.783392975828043],[6.711807480390167,49.783348039771695],[6.711876894372027,49.783349411122003],[6.71194630835921,49.783350782430745],[6.711948425768966,49.78330584636965],[6.712017839697372,49.783307217634665],[6.712087253631101,49.783308588858141],[6.712089370907336,49.783263652792293],[6.712158784782287,49.783265023972042],[6.712160901989099,49.783220087903615],[6.712230315805275,49.783221459039652],[6.712232432942668,49.783176522968631],[6.71223455007474,49.783131586897191],[6.712236667201491,49.783086650825346],[6.712306080830689,49.783088021913336],[6.71230819788802,49.783043085838898],[6.712310314940032,49.782998149764055],[6.712312431986724,49.782953213688799],[6.712381845428944,49.782954584728728],[6.712451258876488,49.782955955727104],[6.712520672329354,49.782957326683935],[6.712590085787542,49.782958697599213],[6.712659499251051,49.782960068472931],[6.712798326194033,49.782962810095732],[6.712867739673506,49.7829641808448],[6.7129371531583,49.782965551552323],[6.71307598014385,49.78296829284271],[6.713145393644606,49.782969663425575],[6.713214807150682,49.782971033966895],[6.713216923358766,49.782926097863026],[6.713286336806062,49.782927468360633],[6.713288452944727,49.782882532254206],[6.713357866333245,49.782883902708079],[6.713359982402493,49.78283896659908],[6.713429395732233,49.782840337009233],[6.713498809067291,49.782841707377855],[6.713500925003023,49.782796771264096],[6.713503040933438,49.782751835149931],[6.713572454145619,49.782753205472645],[6.713641867363118,49.782754575753827],[6.713643983160019,49.782709639634923],[6.713646098951604,49.782664703515572],[6.713648214737871,49.782619767395815],[6.713650330518822,49.782574831275653],[6.713652446294454,49.782529895155072],[6.71365456206477,49.782484959034065],[6.71358514923186,49.782483588765885],[6.713587265060956,49.782438652646626],[6.713589380884735,49.782393716526961],[6.713591496703199,49.782348780406871],[6.713660909343817,49.782350150668556],[6.713663025092865,49.782305214545893],[6.713593612516345,49.782303844286368],[6.713595728324173,49.782258908165446],[6.713597844126685,49.782213972044126],[6.713528431683677,49.782212601747368],[6.713530547544968,49.782167665627782],[6.713461135171376,49.78216629529166],[6.713463251091448,49.782121359173821],[6.713393838787272,49.782119988798307],[6.713395954766121,49.78207505268221],[6.713326542531359,49.782073682267331],[6.713324426488413,49.782118618381247],[6.713255014194876,49.782117247922628],[6.713257130301918,49.782072311810886],[6.713259246403643,49.782027375698696],[6.713189834243618,49.782026005202873],[6.713120422088912,49.782024634665483],[6.713051009939528,49.782023264086561],[6.713053126228222,49.781978327980468],[6.713055242511599,49.781933391873956],[6.712985830495725,49.781932021257809],[6.712987946837879,49.781887085153045],[6.712918534891423,49.78188571449752],[6.712920651292354,49.781840778394503],[6.712922767687967,49.781795842291075],[6.712924884078261,49.781750906187227],[6.71285547232941,49.781749535496644],[6.712857588778481,49.781704599394544],[6.712859705222233,49.781659663292039],[6.712861821660667,49.781614727189115],[6.712863938093783,49.781569791085772],[6.712866054521579,49.78152485498201],[6.71279664309852,49.78152348426071],[6.712798759585094,49.781478548158688],[6.712868170944058,49.781479918877828],[6.712870287361217,49.781434982773234],[6.712872403773058,49.781390046668228],[6.712941815009157,49.781391417341482],[6.712943931351586,49.781346481233896],[6.713013342528909,49.781347851863437],[6.713082753711553,49.781349222451425],[6.713084869920478,49.781304286339079],[6.713086986124084,49.781259350226335],[6.713156397183861,49.781260720768444],[6.713158513318057,49.781215784653092],[6.713227924319062,49.781217155151488],[6.713230040383846,49.781172219033579],[6.713299451326076,49.781173589488262],[6.713301567321452,49.781128653367752],[6.713370978204908,49.781130023778722],[6.713373094130873,49.78108508765564],[6.713442504955558,49.781086458022884],[6.713444620812112,49.781041521897222],[6.713446736663349,49.780996585771135],[6.713448852509272,49.780951649644628],[6.713450968349875,49.780906713517716],[6.713520378923509,49.78090808383476],[6.713522494694704,49.780863147705254],[6.713526726221144,49.780773275445007],[6.713530957726317,49.78068340318309],[6.713600367984811,49.780684773447753],[6.713602483665333,49.780639837314006],[6.713604599340536,49.780594901179839],[6.713606715010423,49.78054996504526],[6.713608830674994,49.780505028910262],[6.713678240682444,49.780506399124711],[6.713680356277608,49.780461462987148],[6.713682471867455,49.780416526849145],[6.713751881752041,49.78041789701772],[6.713753997272483,49.780372960877145],[6.713756112787609,49.780328024736143],[6.713758228297419,49.780283088594736],[6.713760343801911,49.78023815245291],[6.713829753435455,49.780239522571286],[6.713831868870543,49.780194586426866],[6.713833984300315,49.780149650282048],[6.71383609972477,49.780104714136797],[6.713905509171365,49.780106084207127],[6.713907624526416,49.780061148059296],[6.713909739876152,49.780016211911068],[6.71391185522057,49.779971275762406],[6.713913970559675,49.779926339613333],[6.713983379755232,49.779927709633455],[6.713985495024931,49.779882773481809],[6.713987610289315,49.779837837329737],[6.713989725548386,49.779792901177238],[6.714059134556995,49.779794271149321],[6.714061249746661,49.779749334994257],[6.714063364931012,49.779704398838767],[6.714065480110047,49.779659462682858],[6.714134888931709,49.779660832606893],[6.714137004041342,49.779615896448419],[6.714139119145659,49.779570960289512],[6.714208527844465,49.779572330167674],[6.71421064287938,49.779527394006195],[6.71421275790898,49.779482457844296],[6.714214872933266,49.779437521681977],[6.714284281445128,49.7794388915121],[6.714286396400013,49.779393955347203],[6.714288511349582,49.7793490191819],[6.714357919738585,49.779350388966137],[6.714360034618754,49.779305452798248],[6.714364264363149,49.779215580461205],[6.714294856166404,49.779214210683456],[6.714296971094716,49.779169274516484],[6.714366379227375,49.779170644292066],[6.714368494086286,49.779125708122507],[6.714437902160175,49.779127077854383],[6.714440016949687,49.779082141682245],[6.714442131733883,49.779037205509695],[6.714511539684917,49.779038575195692],[6.714513654399715,49.778993639020555],[6.714515769109199,49.778948702845],[6.71458517693738,49.778950072485117],[6.714587291577464,49.778905136306989],[6.714656699346875,49.778906505903393],[6.714658813917561,49.778861569722679],[6.714728221628203,49.778862939275378],[6.714797629344159,49.778864308786545],[6.714799743781361,49.778819372601092],[6.714869151438548,49.778820742068547],[6.714871265806353,49.7787758058805],[6.714940673404771,49.778777175304235],[6.715010081008504,49.778778544686432],[6.715079488617551,49.778779914027076],[6.715081602787789,49.778734977832123],[6.715151010338067,49.778736347129062],[6.715220417893659,49.778737716384448],[6.715289825454565,49.778739085598296],[6.715291939427238,49.778694149396436],[6.715361346929374,49.778695518566579],[6.715430754436824,49.778696887695169],[6.715500161949588,49.778698256782221],[6.715569569467665,49.77869962582772],[6.715571683178688,49.778654689616786],[6.715641090637996,49.778656058618573],[6.715710498102616,49.778657427578828],[6.715712611680159,49.778612491363155],[6.715782019086009,49.778613860279698],[6.715784132594156,49.778568924061453],[6.715853539941233,49.778570292934276],[6.715922947293625,49.778571661765561],[6.715925060668294,49.778526725542569],[6.715994467961913,49.778528094330149],[6.716063875260844,49.778529463076175],[6.716133282565089,49.778530831780657],[6.716135395742196,49.778485895550759],[6.716204802987669,49.778487264211542],[6.716274210238453,49.778488632830772],[6.716276323282083,49.778443696596121],[6.716345730474095,49.778445065171653],[6.71641513767142,49.778446433705632],[6.716417250581572,49.778401497466241],[6.716486657720124,49.778402865956515],[6.716488770560884,49.778357929714559],[6.716490883396334,49.778312993472177],[6.716560290412031,49.778314361916571],[6.716562403178088,49.778269425671624],[6.716631810135013,49.778270794072313],[6.716701217097248,49.778272162431449],[6.716703329729831,49.778227226181762],[6.716705442357106,49.778182289931664],[6.716707554979071,49.778137353681117],[6.716776961754369,49.778138721992235],[6.716779074306944,49.778093785739131],[6.716781186854209,49.778048849485593],[6.716783299396167,49.778003913231657],[6.716852705984529,49.778005281494735],[6.716854818457096,49.777960345238235],[6.716859043386305,49.777870472723926],[6.716928449787731,49.777871840938978],[6.716930562180291,49.777826904679067],[6.716932674567545,49.777781968418708],[6.71693478694949,49.777737032157951],[6.717004193163979,49.777738400324978],[6.717006305476535,49.777693464061635],[6.717008417783783,49.777648527797872],[6.717010530085724,49.777603591533698],[6.716941124063475,49.777602223373158],[6.716871718046539,49.777600855171073],[6.71680231203491,49.77759948692745],[6.716732906028593,49.777598118642295],[6.71673079347033,49.777643054897815],[6.716661387405241,49.777641686568948],[6.716659274777588,49.777686622821896],[6.716657162144627,49.777731559074418],[6.716655049506357,49.777776495326542],[6.716585643254337,49.777775126949635],[6.716583530546678,49.777820063199165],[6.716581417833709,49.777864999448276],[6.716512011458836,49.777863631025504],[6.716509898676476,49.777908567272057],[6.716507785888807,49.777953503518184],[6.716438379391084,49.777952135049532],[6.716436266534024,49.777997071293072],[6.716434153671655,49.778042007536207],[6.716364747051077,49.77804063902169],[6.716362634119317,49.778085575262246],[6.716293227439969,49.77808420670403],[6.716291114438818,49.778129142941978],[6.716289001432355,49.778174079179557],[6.716219594630153,49.778172710575454],[6.716217481554299,49.778217646810432],[6.716148074693327,49.778216278162631],[6.716145961548079,49.778261214395023],[6.716143848397524,49.778306150627003],[6.716074441413696,49.778304781933329],[6.716005034435182,49.778303413198117],[6.716002921151149,49.778348349425364],[6.715933514113865,49.778346980646432],[6.715864107081892,49.778345611825969],[6.715861993664381,49.778390548048456],[6.715792586573639,49.778389179184281],[6.715723179488209,49.778387810278559],[6.71565377240809,49.778386441331293],[6.715651658793019,49.778431377546887],[6.715582251654132,49.778430008555908],[6.715512844520559,49.778428639523383],[6.715443437392298,49.778427270449328],[6.715374030269352,49.778425901333719],[6.715371916392635,49.778470837540233],[6.715302509210918,49.778469468380919],[6.715233102034517,49.77846809918006],[6.7152352160394,49.778423162977859],[6.715237330038972,49.778378226775253],[6.715167922996052,49.778376857537161],[6.715098515958445,49.778375488257531],[6.715096401830706,49.778420424455824],[6.715094287697656,49.778465360653691],[6.715024880537197,49.778463991328188],[6.714955473382052,49.778462621961147],[6.714886066232223,49.77846125255256],[6.71488395190161,49.778506188743499],[6.714814544693013,49.778504819291207],[6.71474513748973,49.778503449797363],[6.714743023025636,49.778548385983576],[6.714673615763585,49.778547016446026],[6.714671501230093,49.778591952629654],[6.714602093909274,49.778590583048384],[6.71460420850685,49.778545646866917],[6.714606323099112,49.77850071068503],[6.714536915911776,49.778499341066563],[6.714467508729756,49.778497971406537],[6.714465394009326,49.77854290758409],[6.714463279283584,49.778587843761223],[6.714461164552526,49.778632779937944],[6.714391757183572,49.778631410229877],[6.714389642383116,49.778676346404012],[6.714387527577347,49.778721282577742],[6.714385412766265,49.778766218751045],[6.714316005210372,49.778764848994946],[6.71431389032989,49.77880978516567],[6.714311775444094,49.778854721335975],[6.714242367765349,49.778853351534003],[6.714240252810154,49.778898287701729],[6.714238137849643,49.778943223869049],[6.714168730048046,49.778941854021184],[6.714166615018136,49.778986790185925],[6.714097207157771,49.778985420294347],[6.714099322251765,49.778940484131788],[6.714029914460801,49.778939114200845],[6.714032029613566,49.778894178040019],[6.714034144761016,49.778849241878788],[6.71396473710354,49.778847871910628],[6.71396685230976,49.778802935751145],[6.713968967510665,49.778757999591242],[6.713899559986674,49.778756629585871],[6.713830152468002,49.77875525953894],[6.713760744954646,49.778753889450478],[6.713758629561488,49.778798825603886],[6.713828037138927,49.778800195694515],[6.713825921804538,49.778845131849671],[6.713823806464834,49.778890068004408],[6.713893214175761,49.778891438057826],[6.713891098894825,49.778936374214311],[6.713888983608575,49.778981310370391],[6.71395839145299,49.778982680386584],[6.713956276225509,49.779027616544411],[6.714025684139325,49.779028986521226],[6.714023568970616,49.779073922680801],[6.714092976953835,49.779075292618245],[6.714090861843895,49.779120228779554],[6.71408874672864,49.779165164940451],[6.714082401350987,49.779299973420649],[6.714080286214472,49.779344909579891],[6.714010877846735,49.779343539629458],[6.71400876264082,49.779388475786106],[6.714006647429588,49.77943341194235],[6.713937238938996,49.779432041946038],[6.713935123658362,49.779476978099709],[6.713865715109001,49.779475608059684],[6.713863599758965,49.779520544210754],[6.713861484403613,49.779565480361413],[6.713792075731395,49.779564110275516],[6.713789960306641,49.779609046423595],[6.713720551575653,49.779607676293985],[6.713718436081495,49.779652612439484],[6.713716320582021,49.779697548584551],[6.713714205077231,49.779742484729219],[6.713644796159299,49.77974111455157],[6.713642680585106,49.779786050693644],[6.713640565005595,49.779830986835307],[6.713571155964806,49.779829616611792],[6.713569040315891,49.779874552750876],[6.713566924661661,49.779919488889526],[6.713564809002113,49.779964425027778],[6.713495399774377,49.779963054756216],[6.713493284045425,49.780007990891868],[6.713491168311156,49.780052927027121],[6.71342175896056,49.780051556709672],[6.713419643156886,49.780096492842333],[6.713417527347894,49.780141428974595],[6.71334811787444,49.780140058611266],[6.713346001996043,49.780184994740935],[6.713343886112328,49.780229930870185],[6.713341770223296,49.780274866999015],[6.713272360562892,49.780273496587647],[6.713270244604454,49.780318432713905],[6.713268128640698,49.780363368839737],[6.713198718857435,49.780361998382496],[6.713196602824272,49.780406934505756],[6.713194486785791,49.780451870628589],[6.713192370741994,49.78049680675101],[6.713190254692879,49.780541742873012],[6.713120844658574,49.78054037236555],[6.713118728540051,49.78058530848498],[6.71311661241621,49.780630244603977],[6.713047202259042,49.780628874050649],[6.713045086065793,49.780673810167059],[6.713042969867225,49.780718746283078],[6.71304085366334,49.780763682398671],[6.712971443319219,49.780762311797289],[6.712969327045926,49.780807247910289],[6.712967210767313,49.780852184022876],[6.712897800300328,49.780850813375615],[6.712895683952306,49.780895749485623],[6.712893567598966,49.780940685595212],[6.712891451240307,49.780985621704403],[6.712822040586368,49.78098425100908],[6.712819924158299,49.781029187115678],[6.712817807724912,49.781074123221842],[6.712748396948107,49.781072752480661],[6.712746280445309,49.781117688584246],[6.712744163937193,49.781162624687433],[6.712674753037524,49.781161253900358],[6.712672636459994,49.781206190000951],[6.712603225501554,49.781204819170156],[6.712601108854614,49.781249755268178],[6.712598992202354,49.781294691365765],[6.712596875544777,49.781339627462948],[6.712527464399377,49.781338256584107],[6.712525347672385,49.781383192678703],[6.712521114202447,49.781473064866645],[6.712518997459498,49.781518000959991],[6.712516880711231,49.781562937052918],[6.712514763957643,49.781607873145425],[6.712445352433003,49.781606502212043],[6.712443235610002,49.781651438301985],[6.712441118781682,49.781696374391487],[6.712371707134174,49.781695003412217],[6.712369590236439,49.781739939499147],[6.712300178530159,49.781738568476165],[6.712302295491988,49.781693632391402],[6.712232883855123,49.781692261329034],[6.712230766829198,49.781737197411637],[6.712161355133562,49.78173582630555],[6.712159238038223,49.781780762385559],[6.712157120937564,49.781825698465163],[6.712087709119059,49.781824327313188],[6.712085591948985,49.781869263390206],[6.712083474773591,49.781914199466804],[6.712014062832218,49.781912828268958],[6.712011945587408,49.781957764342962],[6.711942533587262,49.781956393101396],[6.711940416273036,49.782001329172829],[6.711871004214118,49.78199995788755],[6.711868886830475,49.782044893956389],[6.711866769441511,49.782089830024816],[6.711864652047226,49.782134766092838],[6.711795239801344,49.782133394759498],[6.711793122337641,49.782178330824927],[6.711791004868619,49.782223266889936],[6.711788887394275,49.782268202954533],[6.711786769914609,49.782313139018711],[6.711784652429623,49.782358075082477],[6.711782534939316,49.782403011145824],[6.711780417443687,49.782447947208759],[6.711778299942737,49.78249288327126],[6.711776182436465,49.782537819333363],[6.711706769619035,49.782536447938966],[6.711708887189404,49.782491511879037],[6.711639474441394,49.782490140445269],[6.711570061698708,49.782488768969941],[6.71157217939195,49.782443832913927],[6.711502766718684,49.782442461399235],[6.711504884470702,49.782397525344969],[6.711435471866858,49.78239615379087],[6.711366059268339,49.782394782195219],[6.711296646675143,49.782393410558036],[6.711294528730834,49.782438346605801],[6.711225116078866,49.782436974924885],[6.711155703432223,49.782435603202423],[6.711153585354397,49.782480539245434],[6.711149349182779,49.782570411330191],[6.711147231088986,49.782615347371951],[6.711008405298894,49.782612603785026],[6.710938992411836,49.782611231929238],[6.710869579530104,49.782609860031904],[6.710867461174597,49.782654796064577],[6.710798048234093,49.782653424123517],[6.710800166653697,49.782608488093018],[6.710661340916861,49.782605744090588],[6.71065922236906,49.78265068011676],[6.710589809444533,49.782649308051042],[6.710587690827311,49.782694244074619],[6.710518277844012,49.782692871965189],[6.710448864866041,49.78269149981422],[6.710379451893395,49.782690127621677],[6.710377333078554,49.782735063638341],[6.710307920047137,49.782733691402079],[6.710238507021049,49.782732319124293],[6.710236388072688,49.782777255136189],[6.710166974987826,49.782775882814676],[6.710097561908292,49.782774510451603],[6.71009544282641,49.782819446458745],[6.710026029688105,49.782818074051953],[6.709956616555128,49.782816701603615],[6.709954497339724,49.782861637606004],[6.709885084147976,49.782860265113953],[6.709746257780465,49.782857520005166],[6.709744138367439,49.782902456000642],[6.709674725127577,49.782901083381752],[6.709605311893043,49.782899710721324],[6.709535898663838,49.782898338019336],[6.709538018269158,49.782853402030369],[6.709607431434264,49.782854774730183],[6.709609550970161,49.782809838738629],[6.709678964076497,49.78281121139473],[6.709681083542968,49.782766275400604],[6.709750496590535,49.782767648012978],[6.709752615987583,49.782722712016252],[6.709822028976379,49.782724084584906],[6.709891441970506,49.782725457112015],[6.70989356123403,49.782680521110549],[6.709962974169386,49.782681893593931],[6.709965093363487,49.78263695758988],[6.710034506240073,49.782638330029542],[6.710036625364752,49.782593394022904],[6.710106038182568,49.782594766418839],[6.710108157237824,49.782549830409614],[6.71017756999687,49.782551202761823],[6.710246982761242,49.782552575072515],[6.710316395530942,49.782553947341626],[6.710318514388581,49.78250901132548],[6.710387927099509,49.782510383550893],[6.710390045887727,49.782465447532147],[6.710392164670619,49.782420511512996],[6.710394283448188,49.782375575493425],[6.71032487092955,49.782374203274514],[6.710326989765891,49.782329267256706],[6.710257577316676,49.782327894998417],[6.710188164872787,49.782326522698582],[6.710190283831997,49.782281586684682],[6.710120871457533,49.782280214345462],[6.710051459088394,49.782278841964697],[6.709982046724583,49.782277469542379],[6.709979927573086,49.782322405549777],[6.709977808416262,49.782367341556764],[6.709975689254113,49.782412277563324],[6.709906276703341,49.782410905092945],[6.709836864157897,49.782409532581021],[6.709767451617782,49.782408160027543],[6.709698039082992,49.782406787432521],[6.709628626553533,49.782405414795953],[6.709626507065574,49.782450350791244],[6.709557094477345,49.782448978110949],[6.709487681894445,49.782447605389095],[6.709418269316874,49.782446232625709],[6.709348856744632,49.782444859820764],[6.709346736994959,49.782489795806974],[6.709277324363948,49.782488422958309],[6.709207911738267,49.782487050068084],[6.709138499117915,49.782485677136329],[6.709069086502894,49.782484304162992],[6.708999673893201,49.782482931148124],[6.708930261288838,49.782481558091703],[6.708928141149256,49.782526494064477],[6.708858728486127,49.782525120964337],[6.708860848689805,49.782480184993737],[6.708791436096102,49.782478811854219],[6.708722023507729,49.782477438673141],[6.708652610924688,49.782476065450524],[6.708583198346976,49.782474692186355],[6.708581077886912,49.782519628148265],[6.708578957421516,49.782564564109776],[6.708648370127422,49.782565937378287],[6.708717782838658,49.782567310605252],[6.708715662496129,49.782612246570679],[6.708646249720796,49.782610873341547],[6.708644129308842,49.782655809304387],[6.708642008891559,49.782700745266816],[6.708639888468947,49.782745681228818],[6.708709301436573,49.782747054464458],[6.708707181072731,49.782791990428215],[6.708705060703561,49.782836926391568],[6.708774473804712,49.78283829958999],[6.708772353494311,49.782883235555097],[6.708841766664891,49.782884608714149],[6.708911179840802,49.782885981831647],[6.708980593022045,49.782887354907594],[6.709050006208615,49.782888727941987],[6.709119419400516,49.782890100934836],[6.709117299405279,49.782935036910359],[6.709115179404714,49.782979972885471],[6.709045766084616,49.782978599888288],[6.708976352769848,49.782977226849546],[6.708974232635758,49.783022162819904],[6.708972112496341,49.783067098789836],[6.708902699058704,49.783065725705221],[6.70890057884986,49.783110661672566],[6.708831165353455,49.783109288544217],[6.708761751862381,49.783107915374316],[6.70875963152001,49.783152851336929],[6.708757511172311,49.783197787299102],[6.70868809755837,49.783196414083307],[6.708685977141242,49.7832413500429],[6.708616563468532,49.783239976783392],[6.708614442981975,49.783284912740392],[6.708545029250496,49.78328353943715],[6.708475615524349,49.78328216609237],[6.708406201803531,49.78328079270603],[6.708404081119348,49.783325728656109],[6.708334667339763,49.783324355226036],[6.708265253565511,49.783322981754431],[6.708263132747798,49.783367917699756],[6.708261011924755,49.783412853644656],[6.708258891096382,49.78345778958915],[6.708328305062937,49.783459163067263],[6.708326184293335,49.783504099013506],[6.708395598329321,49.783505472452248],[6.70839347761849,49.783550408400252],[6.708324063518404,49.783549034959336],[6.708321942738143,49.783593970904739],[6.70825252857929,49.783592597420103],[6.708183114425766,49.783591223893907],[6.708185235334228,49.783546287952852],[6.708115821250138,49.783544914387278],[6.708046407171379,49.783543540780165],[6.708048528202713,49.783498604843018],[6.708050649228715,49.783453668905452],[6.708052770249388,49.783408732967487],[6.707983356368262,49.783407359325331],[6.707985477447704,49.7833624233891],[6.707987598521815,49.783317487452464],[6.707918184774224,49.78331611377309],[6.707920305907104,49.783271177838216],[6.707850892228944,49.783269804119463],[6.707853013420594,49.783224868186331],[6.707922427034655,49.783226241902909],[6.707924548156876,49.783181305967197],[6.707855134606914,49.783179932252786],[6.707857255787902,49.783134996318822],[6.707787842307371,49.783133622565039],[6.707718428832174,49.783132248769689],[6.707649015362309,49.783130874932802],[6.707651136730265,49.78308593900492],[6.707581723329833,49.78308456512864],[6.707512309934733,49.783083191210821],[6.707442896544968,49.78308181725145],[6.707373483160536,49.783080443250512],[6.707375604779554,49.783035507330915],[6.707236778154889,49.783032759208751],[6.707234656407674,49.783077695124007],[6.707165243039242,49.783076320998426],[6.707167364850558,49.783031385085337],[6.707169486656539,49.782986449171851],[6.70710007342164,49.782985075009051],[6.707102195286389,49.782940139097299],[6.707032782120923,49.78293876489515],[6.706963368960791,49.782937390651419],[6.706965490948404,49.782892454743596],[6.706896077857705,49.782891080460494],[6.706826664772341,49.782889706135848],[6.706757251692311,49.782888331769641],[6.706687838617617,49.782886957361882],[6.706618425548258,49.782885582912584],[6.706549012484234,49.782884208421727],[6.706479599425546,49.782882833889325],[6.706410186372194,49.782881459315362],[6.706340773324179,49.782880084699855],[6.706338650759685,49.782925020588131],[6.706269237652906,49.782923645928904],[6.70626711501898,49.782968581814593],[6.706197701853441,49.782967207111632],[6.706195579150082,49.783012142994721],[6.706126165925781,49.783010768248033],[6.706056752706816,49.783009393459814],[6.706054629869927,49.783054329338142],[6.7059852165922,49.783052954506182],[6.705915803319812,49.783051579632676],[6.705913680349389,49.783096515506259],[6.705983093685878,49.783097890381931],[6.70598097077422,49.783142826257254],[6.705911557373633,49.783141451379414],[6.705842143978385,49.783140076460008],[6.705844267018239,49.783095140589033],[6.705774853692426,49.783093765630262],[6.705776976791045,49.783048829761022],[6.705707563534668,49.783047454762865],[6.705709686692049,49.783002518895394],[6.705640273505107,49.783001143857859],[6.70564239672125,49.782956207992164],[6.705572983603745,49.782954832915244],[6.705575106878651,49.782909897051283],[6.705505693830581,49.782908521934985],[6.70543628078785,49.782907146777156],[6.705366867750457,49.782905771577759],[6.705297454718401,49.782904396336811],[6.705295331187104,49.782949332192082],[6.70529320765047,49.782994268046913],[6.705362620810721,49.78299564329221],[6.705360497332849,49.783040579148818],[6.705429910562537,49.783041954354729],[6.705427787143426,49.783086890213092],[6.70549720044255,49.783088265379625],[6.705566613747012,49.783089640504613],[6.705564490450763,49.783134576366898],[6.705633903824662,49.7831359514525],[6.705631780587176,49.78318088731654],[6.705627534096196,49.783270759043376],[6.70569694766773,49.783272134093949],[6.705694824478335,49.783317069958912],[6.705764238119306,49.783318444970114],[6.705762114988675,49.783363380836846],[6.705759991852709,49.783408316703145],[6.705690578083541,49.783406941687609],[6.70568845487814,49.783451877551315],[6.705549627227615,49.783449127391243],[6.705551750561217,49.783404191531865],[6.70555387388948,49.783359255672089],[6.705484460200425,49.783357880534062],[6.705486583587452,49.783312944676027],[6.705555997212409,49.783314319811879],[6.705558120530002,49.78326938395125],[6.705560243842258,49.783224448090223],[6.705490830345499,49.783223072958712],[6.70542141685408,49.783221697785663],[6.705352003367998,49.783220322571069],[6.705354126867215,49.783175386716124],[6.705284713450571,49.78317401146213],[6.705286837008551,49.783129075608962],[6.705288960561194,49.783084139755367],[6.705219547278085,49.783082764464183],[6.705221670889491,49.783037828612336],[6.705152257675819,49.783036453281767],[6.705154381345985,49.782991517431689],[6.705084968201751,49.782990142061735],[6.705087091930678,49.782945206213419],[6.70501767885588,49.782943830804101],[6.705019802643569,49.782898894957526],[6.704950389638208,49.782897519508822],[6.704880976638186,49.782896144018586],[6.704878852722303,49.782941079860805],[6.704809439663522,49.782939704326822],[6.704807315678205,49.782984640166447],[6.704737902560667,49.782983264588751],[6.704668489448469,49.782981888969502],[6.704666365329618,49.783026824804374],[6.704596952158663,49.783025449141405],[6.704594827970372,49.783070384973684],[6.704525414740659,49.783069009266981],[6.704456001516285,49.783067633518741],[6.704453877194463,49.783112569346237],[6.704384463911333,49.783111193554262],[6.704386588297252,49.783066257728933],[6.704388712677836,49.783021321903178],[6.704319299528242,49.783019946073992],[6.704321423967584,49.782975010249999],[6.704252010887429,49.782973634381435],[6.70425413538553,49.782928698559203],[6.704184722374813,49.782927322651268],[6.704186846931673,49.782882386830792],[6.704188971483194,49.78283745100989],[6.704119558606013,49.782836075064758],[6.704121683216292,49.78279113924561],[6.70405227040855,49.782789763261107],[6.704054395077587,49.782744827443715],[6.704056519741284,49.78269989162591],[6.703987107067078,49.782698515604203],[6.703989231789532,49.782653579788168],[6.703919819184764,49.782652203727075],[6.703921943965976,49.782607267912788],[6.703852531430647,49.782605891812317],[6.703854656270614,49.782560955999799],[6.703856781105244,49.782516020186854],[6.703787368703447,49.782514644049193],[6.703789493596833,49.782469708238004],[6.703720081264475,49.782468332060958],[6.703722206216617,49.782423396251517],[6.703652793953697,49.782422020035106],[6.703654918964594,49.782377084227434],[6.703585506771111,49.782375707971646],[6.703587631840764,49.782330772165736],[6.703589756905076,49.782285836359407],[6.703520344845126,49.782284460066407],[6.703522469968192,49.78223952426184],[6.703453057977681,49.782238147929476],[6.703455183159503,49.782193212126657],[6.703385771238429,49.782191835754915],[6.703387896479005,49.782146899953858],[6.703318484627369,49.782145523542745],[6.703320609926698,49.782100587743436],[6.703322735220689,49.782055651943722],[6.703253323502583,49.782054275495405],[6.703255448855327,49.782009339697446],[6.703186037206658,49.782007963209765],[6.703188162618154,49.78196302741356],[6.703118751038923,49.781961650886494],[6.703120876509172,49.781916715092052],[6.70305146499938,49.781915338525614],[6.703053590528381,49.781870402732935],[6.702984179088024,49.781869026127119],[6.702986304675778,49.781824090336194],[6.70291689330486,49.781822713691007],[6.702919018951365,49.78177777790183],[6.702921144592528,49.781732842112255],[6.702851733355139,49.781731465429871],[6.702853859055055,49.781686529642045],[6.702784447887104,49.781685152920282],[6.70278657364577,49.781640217134211],[6.702717162547254,49.781638840373091],[6.702719288364671,49.781593904588782],[6.702649877335594,49.781592527788277],[6.702652003211761,49.781547592005722],[6.702582592252119,49.781546215165847],[6.702584718187037,49.781501279385061],[6.702515307296832,49.781499902505814],[6.7025174332905,49.78145496672677],[6.70244802246973,49.781453589808159],[6.702450148522148,49.781408654030876],[6.702380737770817,49.78140727707288],[6.702382863881983,49.781362341297367],[6.702384989987806,49.781317405521442],[6.702315579370003,49.781316028526255],[6.702317705534576,49.781271092752064],[6.702248294986209,49.781269715717507],[6.702250421209529,49.781224779945084],[6.702181010730599,49.781223402871156],[6.702183137012667,49.781178467100503],[6.702113726603173,49.781177089987196],[6.70211585294399,49.781132154218298],[6.702046442603931,49.78113077706562],[6.702048569003495,49.781085841298484],[6.701979158732874,49.781084464106428],[6.701981285191184,49.781039528341061],[6.70191187499,49.781038151109641],[6.701914001507057,49.780993215346001],[6.701844591375308,49.780991838075209],[6.701846717951112,49.78094690231336],[6.701777307888799,49.780945525003197],[6.70177943452335,49.780900589243096],[6.701710024530473,49.780899211893555],[6.701712151223768,49.780854276135209],[6.701642741300329,49.780852898746303],[6.701644868052369,49.780807962989741],[6.701575458198365,49.78080658556145],[6.701577585009152,49.780761649806628],[6.701508175224584,49.780760272338981],[6.701510302094116,49.780715336585907],[6.701512428958302,49.780670400832427],[6.701443019307258,49.78066902332759],[6.70144514623019,49.780624087575866],[6.701375736648581,49.780622710031658],[6.701377863630256,49.780577774281696],[6.701308454118085,49.780576396698109],[6.701310581158504,49.780531460949902],[6.701241171715767,49.780530083326965],[6.70124329881493,49.780485147580514],[6.70117388944163,49.780483769918199],[6.701176016599536,49.780438834173509],[6.701106607295671,49.780437456471816],[6.70110873451232,49.780392520728888],[6.70103932527789,49.780391142987838],[6.700969916048809,49.780389765205214],[6.700972043388287,49.78034482946623],[6.70097417072242,49.780299893726827],[6.700904761626862,49.780298515907035],[6.700906889019737,49.780253580169401],[6.700837479993614,49.780252202310223],[6.700839607445229,49.780207266574337],[6.700770198488542,49.780205888675802],[6.700700789537205,49.780204510735707],[6.700702917111649,49.780159575003765],[6.700633508229746,49.780158197024306],[6.700635635862931,49.780113261294133],[6.700566227050464,49.780111883275303],[6.700568354742389,49.780066947546871],[6.700498945999358,49.780065569488691],[6.700501073750022,49.780020633762021],[6.700431665076427,49.780019255664456],[6.700433792885831,49.779974319939562],[6.700364384281669,49.779972941802626],[6.700366512149815,49.77992800607948],[6.700297103615088,49.779926627903194],[6.700299231541972,49.779881692181803],[6.700229823076682,49.779880313966139],[6.700231951062304,49.779835378246517],[6.700162542666449,49.779833999991475],[6.70016467071081,49.779789064273622],[6.70009526238439,49.779787685979215],[6.700097390487488,49.779742750263111],[6.700027982230504,49.77974137192934],[6.700030110392341,49.779696436215012],[6.699960702204792,49.77969505784187],[6.699891294022593,49.77969367942719],[6.699893422307252,49.779648743716784],[6.699824014194489,49.779647365262726],[6.699826142537884,49.779602429554096],[6.699756734494556,49.779601051060681],[6.699758862896689,49.779556115353799],[6.699689454922795,49.779554736821019],[6.699691583383665,49.779509801115893],[6.699622175479208,49.779508422543735],[6.699624303998811,49.779463486840392],[6.699554896163789,49.77946210822887],[6.699485488334117,49.779460729575803],[6.699487616976542,49.779415793876382],[6.699418209216306,49.77941441518395],[6.699420337917466,49.779369479486299],[6.699350930226665,49.779368100754503],[6.69935305898656,49.779323165058607],[6.699283651365193,49.779321786287447],[6.699214243749179,49.779320407474735],[6.699216372631892,49.779275471782782],[6.699146965085313,49.779274092930706],[6.69914909402676,49.779229157240501],[6.699079686549616,49.77922777834906],[6.699081815549797,49.779182842660646],[6.699012408142089,49.779181463729827],[6.698943000739733,49.779180084757478],[6.69894512986273,49.779135149072992],[6.698875722529809,49.779133770061279],[6.69887785171154,49.779088834378548],[6.698808444448054,49.779087455327449],[6.69873903718992,49.779086076234833],[6.698741166494465,49.77904114055606],[6.698671759305769,49.779039761424052],[6.698673888669046,49.778994825747027],[6.698604481549784,49.778993446575669],[6.698535074435875,49.778992067362765],[6.698537203921967,49.778947131689677],[6.698467796877494,49.778945752437401],[6.698469926422317,49.778900816766082],[6.698400519447279,49.778899437474458],[6.698331112477593,49.778898058141273],[6.69833324214523,49.778853122473897],[6.698263835244981,49.778851743101363],[6.698265964971347,49.778806807435735],[6.698196558140533,49.778805428023823],[6.698127151315074,49.778804048570372],[6.698129281164252,49.778759112908702],[6.698059874408227,49.778757733415894],[6.697990467657557,49.778756353881526],[6.697992597629547,49.7787114182238],[6.697923190948313,49.778710038650068],[6.697925320979032,49.778665102994097],[6.697855914367233,49.778663723381023],[6.697786507760791,49.778662343726374],[6.697788637914319,49.778617408074346],[6.69771923137731,49.778616028380362],[6.697649824845658,49.778614648644819],[6.697651955121996,49.778569712996728],[6.697582548659779,49.77856833322182],[6.697513142202917,49.778566953405374],[6.697515272602063,49.77852201776124],[6.697445866214638,49.778520637905423],[6.697376459832568,49.778519258008075],[6.697378590354522,49.778474322367877],[6.697309184041887,49.778472942431158],[6.69723977773461,49.778471562452893],[6.69724190837937,49.778426626816646],[6.697172502141529,49.778425246799017],[6.697103095909044,49.778423866739857],[6.69710522667661,49.778378931107532],[6.697035820513562,49.778377551009008],[6.696966414355869,49.778376170868931],[6.696968545246243,49.778331235240564],[6.696899139157987,49.778329855061124],[6.696829733075086,49.778328474840144],[6.696831864088264,49.778283539215735],[6.696762458074802,49.778282158955385],[6.696693052066697,49.778280778653496],[6.69669518320268,49.778235843033023],[6.69662577726401,49.778234462691778],[6.696556371330699,49.778233082308979],[6.696558502589484,49.778188146692464],[6.69648909672561,49.778186766270302],[6.696419690867093,49.778185385806609],[6.696421822248682,49.778140450194016],[6.696352416459601,49.778139069690965],[6.69628301067588,49.778137689146348],[6.696213604897516,49.778136308560214],[6.696215736465986,49.778091372953746],[6.696146330757059,49.778089992328255],[6.69607692505349,49.778088611661197],[6.696079056744762,49.77804367605868],[6.696009651110631,49.778042295352265],[6.69594024548186,49.778040914604304],[6.695870839858446,49.778039533814805],[6.695872971736597,49.777994598218427],[6.695803566182621,49.777993217389572],[6.695734160634005,49.77799183651917],[6.695736292634955,49.777946900926736],[6.695666887155776,49.777945520016971],[6.695597481681957,49.777944139065674],[6.695528076213497,49.777942758072825],[6.695530208401324,49.777897822486509],[6.695460803002303,49.77789644145431],[6.695391397608641,49.777895060380551],[6.69532199222034,49.777893679265262],[6.695324124595044,49.777848743685084],[6.69525471927618,49.777847362530423],[6.695185313962678,49.777845981334224],[6.695187446460178,49.777801045757997],[6.695118041216112,49.777799664522448],[6.695048635977409,49.777798283245346],[6.694979230744066,49.777796901926699],[6.694981363428441,49.777751966356604],[6.694911958264536,49.7777505849986],[6.694842553105993,49.777749203599058],[6.694773147952811,49.77774782215797],[6.69477528082406,49.777702886593993],[6.694705875740317,49.777701505113548],[6.694636470661936,49.777700123591558],[6.694567065588916,49.777698742028029],[6.694569198647035,49.777653806470191],[6.694499793643455,49.777652424867313],[6.694430388645237,49.777651043222882],[6.694360983652381,49.777649661536898],[6.694291578664887,49.777648279809391],[6.694293711973955,49.777603344259859],[6.694224307055901,49.77760196249298],[6.69415490214321,49.777600580684563],[6.69408549723588,49.777599198834608],[6.694087630731818,49.777554263291215],[6.694018225893929,49.777552881401895],[6.693948821061403,49.777551499471038],[6.693879416234241,49.777550117498635],[6.693881549917045,49.777505181961395],[6.693812145159323,49.777503799949613],[6.693742740406965,49.777502417896322],[6.69367333565997,49.777501035801478],[6.693675469529643,49.777456100270349],[6.693606064852089,49.777454718136156],[6.693536660179898,49.777453335960409],[6.693467255513072,49.777451953743117],[6.693397850851611,49.777450571484295],[6.693399984972226,49.777405635961486],[6.693330580380206,49.777404253663292],[6.69326117579355,49.777402871323559],[6.693191771212258,49.777401488942296],[6.693122366636334,49.77740010651948],[6.693124501007888,49.777355171005006],[6.693055096501403,49.777353788542833],[6.692985692000283,49.777352406039121],[6.692916287504528,49.777351023493878],[6.692918422062947,49.777306087985522],[6.692849017636633,49.777304705400923],[6.692779613215686,49.777303322774763],[6.692710208800106,49.777301940107073],[6.692640804389892,49.777300557397837],[6.692642939199247,49.777255621897815],[6.692573534858474,49.777254239149215],[6.692504130523069,49.777252856359084],[6.692434726193029,49.777251473527414],[6.692365321868357,49.777250090654199],[6.692367456928649,49.777205155162491],[6.692298052673418,49.777203772249926],[6.692228648423553,49.777202389295809],[6.692159244179057,49.77720100630016],[6.692089839939928,49.777199623262952],[6.692091975251154,49.777154687779586],[6.692022571081467,49.777153304703027],[6.691953166917149,49.777151921584938],[6.69195530235116,49.777106986105508],[6.691885898256284,49.777105602948055],[6.691747090082636,49.777102836508526],[6.691677686003863,49.777101453226457],[6.691679821688806,49.777056517755362],[6.691610417679477,49.777055134433937],[6.691471609676925,49.77705236766645],[6.691402205683703,49.777050984220388],[6.69133280169585,49.777049600732816],[6.691263397713366,49.777048217203678],[6.691193993736253,49.777046833632994],[6.691124589764509,49.777045450020772],[6.691055185798135,49.777044066367026],[6.69098578183713,49.777042682671713],[6.690987918157447,49.776997747222062],[6.690918514265885,49.77699636348742],[6.690779706498876,49.776993595893479],[6.690710302623426,49.776992212034209],[6.690640898753347,49.776990828133385],[6.690571494888641,49.776989444191031],[6.690502091029304,49.776988060207131],[6.690504227792769,49.776943124772359],[6.690434824002878,49.776941740749109],[6.690365420218359,49.776940356684307],[6.690296016439209,49.776938972577966],[6.690226612665433,49.776937588430094],[6.690157208897029,49.77693620424067],[6.690087805133995,49.776934820009721],[6.690018401376335,49.77693343573722],[6.689948997624047,49.776932051423181],[6.689951134894732,49.776887116005497],[6.689881731211888,49.776885731652101],[6.689812327534419,49.776884347257166],[6.689742923862322,49.776882962820686],[6.689534712878269,49.776878809262023],[6.689465309227666,49.776877424659382],[6.689395905582435,49.776876040015203],[6.689326501942579,49.776874655329479],[6.689328639784552,49.776829719931065],[6.689259236214142,49.776828335206005],[6.689120429089447,49.776825565631228],[6.689051025535159,49.776824180781531],[6.688912218442709,49.776821410957524],[6.688842814904548,49.776820025983199],[6.688704007844347,49.776817255909947],[6.68863460432231,49.776815870811006],[6.688565200805647,49.776814485670521],[6.688495797294362,49.776813100488503],[6.688426393788452,49.776811715264955],[6.688356990287918,49.776810329999847],[6.688287586792761,49.776808944693201],[6.688218183302978,49.776807559345023],[6.688148779818574,49.7768061739553],[6.688079376339545,49.776804788524046],[6.688081515329458,49.776759853164613],[6.688012111919879,49.776758467694009],[6.687873305116853,49.776755696628143],[6.687803901723405,49.77675431103291],[6.687734498335335,49.776752925396131],[6.687665094952643,49.776751539717822],[6.687526288203392,49.776748768236558],[6.687456884836832,49.776747382433619],[6.687387481475652,49.776745996589142],[6.68731807811985,49.776744610703126],[6.687248674769427,49.776743224775558],[6.687179271424381,49.776741838806458],[6.687109868084716,49.776740452795821],[6.686832254779844,49.776734908337858],[6.686693448159686,49.776732135859632],[6.686624044857677,49.776730749558212],[6.6864852382698,49.776727976830735],[6.68641583498393,49.776726590404699],[6.686346431703443,49.776725203937112],[6.686207625158611,49.776722430877321],[6.686138221894266,49.776721044285125],[6.686068818635302,49.776719657651377],[6.685999415381722,49.77671827097609],[6.685930012133521,49.776716884259265],[6.685860608890702,49.776715497500895],[6.685721802421211,49.776712723859546],[6.685652399194539,49.776711336976568],[6.685513592757342,49.776708563085968],[6.685444189546818,49.776707176078361],[6.685374786341677,49.776705789029215],[6.685235979947542,49.776703014806301],[6.68516657675855,49.776701627632526],[6.685097173574942,49.776700240417227],[6.685027770396718,49.776698853160369],[6.68475015773766,49.776693303717586],[6.684611351440437,49.77669052874694],[6.684472545164754,49.776687753610148],[6.68440314203499,49.77668636597943],[6.684333738910611,49.776684978307188],[6.684194932678009,49.776682202838067],[6.684125529569787,49.776680815041196],[6.684056126466952,49.776679427202787],[6.683917320277438,49.776676651401353],[6.683847917190762,49.776675263438321],[6.683639707963051,49.776671099299989],[6.683570304897922,49.776669711170811],[6.683500901838178,49.776668323000074],[6.683431498783824,49.776666934787805],[6.683362095734856,49.776665546534005],[6.683292692691277,49.776664158238646],[6.683223289653085,49.776662769901762],[6.683153886620279,49.776661381523326],[6.683084483592864,49.776659993103365],[6.683015080570837,49.776658604641845],[6.682945677554199,49.776657216138808],[6.682876274542949,49.776655827594205],[6.682806871537087,49.776654439008091],[6.682737468536614,49.776653050380411],[6.682668065541532,49.776651661711213],[6.682670209523673,49.776606726522317],[6.682531403677817,49.77660394906367],[6.682462000762974,49.776602560272032],[6.682323194949457,49.776599782564148],[6.682253792050783,49.776598393647895],[6.682184389157499,49.776597004690103],[6.682114986269607,49.776595615690773],[6.682045583387104,49.776594226649898],[6.681976180509992,49.776592837567485],[6.681837374771941,49.776590059278043],[6.681767971911004,49.776588670071014],[6.681698569055457,49.77658728082244],[6.681700713929202,49.776542345663856],[6.681631311143117,49.776540956375953],[6.681561908362425,49.776539567046498],[6.681492505587123,49.776538177675505],[6.681423102817214,49.776536788262959],[6.681353700052697,49.776535398808896],[6.681214894539842,49.776532619776127],[6.681217039856691,49.776487684632514],[6.681147637172421,49.77648629505601],[6.681078234493546,49.776484905437982],[6.681008831820061,49.776483515778402],[6.680939429151972,49.776482126077283],[6.680870026489275,49.776480736334626],[6.680800623831971,49.776479346550438],[6.680802769527851,49.776434411419565],[6.680733366940012,49.776433021596027],[6.680663964357566,49.776431631730944],[6.680594561780516,49.776430241824343],[6.680525159208857,49.776428851876176],[6.680386354081724,49.776426071855255],[6.680388500156634,49.776381136737136],[6.680319097665229,49.776379746666571],[6.68024969517922,49.776378356554446],[6.680180292698605,49.776376966400797],[6.680110890223384,49.776375576205602],[6.68004148775356,49.776374185968862],[6.679972085289131,49.776372795690591],[6.679974231743064,49.776327860585241],[6.679904829348099,49.776326470267634],[6.679835426958531,49.776325079908482],[6.679766024574358,49.776323689507791],[6.679696622195581,49.776322299065562],[6.6796987689004,49.776277363968575],[6.679629366591089,49.776275973486996],[6.679631513354583,49.776231038391799],[6.679562111114739,49.776229647870885],[6.679492708880288,49.776228257308425],[6.679490561988656,49.776273192399223],[6.679421159695533,49.776271801793044],[6.679423306651236,49.776226866704434],[6.67935390442758,49.776225476058897],[6.67928450220932,49.776224085371823],[6.679215099996457,49.776222694643216],[6.679145697788994,49.776221303873065],[6.679147844995577,49.776176368792832],[6.679078442857578,49.776174977983331],[6.679009040724977,49.776173587132313],[6.678939638597774,49.776172196239742],[6.678941785991169,49.776127261165684],[6.678872383933431,49.77612587023377],[6.678802981881092,49.776124479260325],[6.678733579834152,49.776123088245335],[6.678664177792609,49.776121697188806],[6.678666325436883,49.776076762123111],[6.678596923464807,49.776075371027254],[6.67852752149813,49.776073979889844],[6.678458119536852,49.776072588710903],[6.678460267367933,49.776027653651397],[6.678390865476123,49.776026262433106],[6.678321463589711,49.776024871173291],[6.678252061708699,49.776023479871924],[6.678254209726589,49.775978544818585],[6.678184807915043,49.775977153477882],[6.678115406108898,49.775975762095641],[6.678046004308152,49.775974370671868],[6.678048152512849,49.775929435624711],[6.677978750781571,49.775928044161589],[6.677909349055692,49.775926652656935],[6.677839947335215,49.775925261110736],[6.677842095726716,49.77588032606976],[6.677772694075706,49.775878934484226],[6.677703292430096,49.775877542857152],[6.677705440944334,49.775832607820156],[6.677636039368194,49.77583121615374],[6.677566637797453,49.775829824445793],[6.677497236232114,49.775828432696301],[6.677499384933155,49.775783497665479],[6.677429983437284,49.775782105876651],[6.677360581946814,49.775780714046292],[6.67736273077059,49.775735779019456],[6.677293329349588,49.775734387149754],[6.677223927933989,49.775732995238513],[6.67715452652379,49.775731603285728],[6.677156675534369,49.77568666826506],[6.677087274193639,49.775685276272938],[6.677017872858312,49.775683884239278],[6.676948471528386,49.77568249216408],[6.676950620725765,49.775637557149608],[6.676881219465309,49.775636165035067],[6.676811818210255,49.775634772879002],[6.676813967530364,49.775589837868509],[6.67674456634478,49.775588445673094],[6.676675165164597,49.775587053436148],[6.676677314607441,49.77554211842962],[6.676607913496729,49.775540726153352],[6.676538512391417,49.775539333835525],[6.676469111291511,49.775537941476166],[6.676399710197008,49.775536549075269],[6.676401859890715,49.775491614077126],[6.676332458865681,49.775490221636886],[6.676263057846051,49.775488829155115],[6.676193656831825,49.775487436631799],[6.676124255823003,49.775486044066959],[6.675985453821571,49.775483258812649],[6.675987603894271,49.775438323827302],[6.675918202965728,49.775436931140042],[6.675848802042589,49.775435538411237],[6.675850952238019,49.775390603429869],[6.675781551384349,49.775389210661736],[6.675712150536087,49.775387817852064],[6.675642749693228,49.77538642500086],[6.675644900075451,49.77534149002566],[6.675575499302062,49.775340097135121],[6.67550609853408,49.77533870420303],[6.67550824903903,49.775293769231837],[6.675438848340518,49.775292376260417],[6.675369447647412,49.775290983247459],[6.675371598275088,49.775246048280245],[6.675302197651453,49.775244655227951],[6.675232797033225,49.775243262134119],[6.675163396420402,49.775241868998748],[6.675165547234868,49.775196934037716],[6.675096146691517,49.775195540863017],[6.675026746153572,49.775194147646765],[6.675028897090763,49.775149212689719],[6.674959496622288,49.775147819434153],[6.674890096159221,49.775146426137042],[6.674892247219137,49.775101491183982],[6.674822846825542,49.77510009784752],[6.674753446437354,49.775098704469535],[6.674755597619992,49.775053769520468],[6.674686197301274,49.77505237610314],[6.674616796987965,49.775050982644281],[6.674618948293327,49.775006047699193],[6.674549548049488,49.775004654200998],[6.674480147811057,49.775003260661265],[6.674410747578033,49.775001867080007],[6.674412899070182,49.774956932141095],[6.674343498906631,49.774955538520494],[6.674274098748487,49.774954144858349],[6.674276250363357,49.774909209923443],[6.674206850274686,49.774907816221969],[6.674137450191423,49.774906422478971],[6.674135298448427,49.774951357409471],[6.674065898306509,49.774949963622731],[6.674068050113568,49.77490502869442],[6.673998650041123,49.77490363486833],[6.673929249974086,49.774902241000717],[6.673859849912459,49.774900847091565],[6.67385769791321,49.774945782013262],[6.673855545908552,49.774990716934546],[6.673786145724207,49.774989322979451],[6.673783993650078,49.77503425789812],[6.673714593407079,49.775032863899277],[6.673645193169491,49.775031469858909],[6.67357579293731,49.775030075776996],[6.673573640665583,49.775075010688631],[6.673504240374749,49.775073616562985],[6.673502088033549,49.775118551472005],[6.673432687684062,49.775117157302617],[6.673363287339985,49.775115763091684],[6.673365439809311,49.775070828187083],[6.673296039534709,49.775069433936821],[6.673226639265517,49.775068039645021],[6.673157239001735,49.775066645311689],[6.673159391657845,49.77502171041327],[6.673089991463539,49.775020316040603],[6.672951191091159,49.775017527170668],[6.672881790913086,49.775016132673379],[6.672812390740424,49.775014738134566],[6.672814543711445,49.774969803246741],[6.672675743510483,49.774967014048919],[6.672677896604219,49.774922079165087],[6.672608496575921,49.774920684506071],[6.672539096553034,49.774919289805517],[6.672469696535559,49.774917895063425],[6.672471849816076,49.774872960185789],[6.672402449868076,49.774871565404368],[6.67233304992549,49.774870170581416],[6.672263649988316,49.774868775716918],[6.672194250056556,49.774867380810882],[6.672196403587912,49.774822445941638],[6.672127003725628,49.77482105099628],[6.672057603868756,49.774819656009377],[6.671988204017299,49.77481826098095],[6.671918804171255,49.774816865910971],[6.671849404330624,49.774815470799474],[6.671851558176884,49.774770535940824],[6.67178215840573,49.774769140789992],[6.671712758639989,49.774767745597607],[6.671573959124752,49.774764955088251],[6.671576113221851,49.774720020238014],[6.671506713536417,49.774718624923224],[6.671437313856397,49.774717229566924],[6.671367914181792,49.774715834169058],[6.671298514512602,49.774714438729681],[6.671229114848828,49.774713043248752],[6.671231269260822,49.774668108409109],[6.671161869666524,49.774666712888859],[6.671092470077643,49.774665317327077],[6.671023070494178,49.774663921723743],[6.670953670916127,49.774662526078878],[6.670951516247883,49.774707460909696],[6.670882116611186,49.774706065221089],[6.670812716979907,49.774704669490951],[6.670810562178126,49.774749604316938],[6.670741162488199,49.774748208543052],[6.670739007616941,49.774793143366416],[6.670600208125214,49.774790351689617],[6.670530808387475,49.774788955788921],[6.670461408655155,49.774787559846693],[6.67039200892825,49.774786163862927],[6.670322609206762,49.774784767837623],[6.670253209490693,49.774783371770781],[6.670183809780041,49.774781975662407],[6.670114410074806,49.774780579512495],[6.67004501037499,49.774779183321037],[6.670047165886871,49.774734248519742],[6.669977766256535,49.774732852288963],[6.669908366631617,49.774731456016646],[6.669838967012118,49.774730059702797],[6.669769567398037,49.77472866334741],[6.669771723160749,49.774683728554514],[6.669702323616148,49.774682332159799],[6.669632924076968,49.774680935723545],[6.669563524543205,49.774679539245753],[6.669494125014862,49.774678142726437],[6.669424725491938,49.774676746165568],[6.669426881569542,49.774631811383294],[6.6693574821161,49.774630414783111],[6.669288082668077,49.774629018141383],[6.669218683225473,49.77462762145813],[6.66914928378829,49.774626224733332],[6.669079884356526,49.774624827966996],[6.669082040749021,49.774579893195337],[6.66901264138674,49.774578496389672],[6.668943242029878,49.774577099542462],[6.668873842678439,49.774575702653742],[6.668804443332418,49.774574305723469],[6.66873504399182,49.774572908751665],[6.668737200699201,49.774527973990622],[6.668667801428084,49.774526576979497],[6.668598402162389,49.774525179926833],[6.668529002902115,49.774523782832631],[6.668459603647263,49.774522385696891],[6.668390204397833,49.774520988519619],[6.668392361420101,49.774476053769192],[6.668322962240152,49.774474656552592],[6.668253563065627,49.774473259294453],[6.668184163896523,49.774471861994769],[6.668045365574582,49.774469067270822],[6.668047522911734,49.774424132531024],[6.667978123822958,49.774422735108935],[6.667839325661676,49.774419940140206],[6.667769926589168,49.774418542593523],[6.667700527522085,49.774417145005309],[6.667631128460425,49.774415747375556],[6.667633286176518,49.774370812648598],[6.667563887184342,49.77436941497951],[6.66749448819759,49.774368017268912],[6.667425089216262,49.774366619516762],[6.667286291269877,49.774363823887867],[6.667288449300852,49.774318889171504],[6.667219050399856,49.774317491296969],[6.667149651504285,49.774316093380882],[6.667080252614139,49.774314695423271],[6.66708241083187,49.774269760713132],[6.667013012011208,49.774268362716192],[6.66694361319597,49.774266964677714],[6.666874214386159,49.774265566597713],[6.666804815581773,49.774264168476165],[6.666735416782812,49.774262770313086],[6.666666017989277,49.774261372108469],[6.666668176585944,49.77421643741117],[6.666598777861894,49.774215039167231],[6.666529379143269,49.774213640881754],[6.666459980430072,49.774212242554746],[6.666462139213492,49.774167307863657],[6.666392740569782,49.774165909497306],[6.666323341931496,49.774164511089445],[6.666325500837613,49.774119576402349],[6.666327659738304,49.774074641714833],[6.666329818633572,49.774029707026891],[6.666331977523416,49.773984772338537],[6.666334136407834,49.773939837649763],[6.666336295286829,49.773894902960578],[6.666266897038324,49.773893504524423],[6.666269055975952,49.773848569837028],[6.66619965779693,49.773847171361545],[6.666130259623337,49.773845772844552],[6.666128100557592,49.773890707527535],[6.666058702325366,49.77388930896678],[6.66606086145517,49.773844374286007],[6.665991463292429,49.773842975685938],[6.665922065135116,49.773841577044323],[6.66585266698323,49.773840178361176],[6.665854826299782,49.773795243686628],[6.665785428217381,49.773793844964153],[6.66571603014041,49.773792446200162],[6.665646632068864,49.773791047394617],[6.665577234002748,49.773789648547549],[6.665579393570106,49.773744713881413],[6.665509995573476,49.773743314995009],[6.665440597582274,49.773741916067088],[6.665371199596501,49.773740517097622],[6.665301801616154,49.773739118086631],[6.665232403641238,49.773737719034095],[6.665234563523459,49.773692784378596],[6.665165165618029,49.773691385286739],[6.665026369823456,49.773688586978423],[6.665024209749063,49.773733521627307],[6.665022049669243,49.773778456275764],[6.664952651651985,49.773777057054879],[6.664950491502681,49.7738219917007],[6.664948331347948,49.773866926346109],[6.664878933208004,49.773865527079273],[6.664809535073491,49.773864127770914],[6.66481169535634,49.773819193129924],[6.664742297291314,49.773817793782236],[6.664744457632792,49.773772859143051],[6.664605661647147,49.773770060327486],[6.664536263662469,49.773768660857399],[6.664466865683223,49.773767261345782],[6.664397467709407,49.773765861792633],[6.664399628365746,49.773720927164071],[6.664330230461418,49.773719527571593],[6.664332391176386,49.773674592944836],[6.664334551885924,49.77362965831766],[6.664403949662137,49.773631057905703],[6.664406110302189,49.773586123275898],[6.664336712590033,49.77358472369005],[6.664267314883308,49.773583324062677],[6.664265154115141,49.773628258688071],[6.664195756349791,49.77362685901695],[6.664197917182014,49.773581924393788],[6.664128519486152,49.773580524683339],[6.664130680377003,49.773535590061954],[6.664061282750628,49.773534190312191],[6.663991885129686,49.773532790520896],[6.663922487514175,49.773531390688063],[6.663924648591766,49.773486456072895],[6.663855251045744,49.773485056200748],[6.663785853505154,49.77348365628707],[6.663716455969995,49.773482256331839],[6.663647058440269,49.773480856335091],[6.663649219768657,49.773435921728343],[6.663579822308421,49.773434521692273],[6.663510424853617,49.773433121614666],[6.663441027404245,49.77343172149552],[6.663371629960307,49.77343032133485],[6.663369468375694,49.773475255932745],[6.663367306785651,49.773520190530206],[6.663365145190178,49.773565125127256],[6.663295747559503,49.773563724918411],[6.663226349934263,49.773562324668028],[6.663156952314456,49.77356092437612],[6.663087554700083,49.773559524042668],[6.663089716551783,49.773514589454471],[6.6630203190069,49.773513189081697],[6.662950921467451,49.773511788667399],[6.662881523933437,49.773510388211562],[6.662812126404856,49.773508987714195],[6.66274272888171,49.773507587175295],[6.66274489104826,49.773462652597736],[6.662675493594605,49.773461252019523],[6.662606096146384,49.773459851399757],[6.6625366987036,49.77345845073846],[6.66246730126625,49.773457050035638],[6.662397903834336,49.773455649291279],[6.662400066315733,49.773410714724378],[6.662330668953309,49.773409313940704],[6.662261271596322,49.773407913115484],[6.662191874244771,49.773406512248741],[6.662122476898655,49.773405111340466],[6.662124639630842,49.773360176781985],[6.662055242354218,49.773358775834389],[6.66198584508303,49.773357374845261],[6.661988007937896,49.773312440290795],[6.661918610736199,49.773311039262339],[6.661849213539941,49.773309638192366],[6.661851376517482,49.773264703641907],[6.661781979390715,49.773263302532598],[6.661643185153491,49.773260500189394],[6.661573788043035,49.773259098955492],[6.661504390938014,49.773257697680059],[6.661506554230398,49.773212763140251],[6.661437157194872,49.773211361825489],[6.661367760164782,49.773209960469217],[6.661298363140131,49.773208559071392],[6.661228966120918,49.773207157632037],[6.661231129664086,49.77316222310067],[6.661161732714366,49.773160821621993],[6.661163896316153,49.773115887092423],[6.661094499435925,49.773114485574425],[6.660955705691786,49.773111682413848],[6.660886308827875,49.773110280771263],[6.660888472680444,49.773065346250114],[6.660890636527575,49.773020411728567],[6.660821239797213,49.77301901004887],[6.660751843072286,49.773017608327649],[6.660682446352801,49.773016206564883],[6.660613049638755,49.773014804760606],[6.660543652930148,49.773013402914771],[6.660545817092114,49.772968468403882],[6.660476420453,49.772967066518731],[6.660407023819327,49.772965664592057],[6.660337627191094,49.772964262623852],[6.660339791539783,49.772919328119194],[6.660270394981044,49.772917926111667],[6.660200998427745,49.772916524062602],[6.660203162899104,49.772871589561944],[6.660133766415299,49.772870187473572],[6.659994973464011,49.772867383172226],[6.659997138122092,49.772822448677793],[6.659927741718663,49.77282104646703],[6.659858345320673,49.772819644214742],[6.659788948928127,49.77281824192093],[6.659719552541021,49.77281683958558],[6.659650156159357,49.772815437208692],[6.659652321132266,49.772770502724917],[6.659582924820096,49.772769100308714],[6.659513528513369,49.772767697850988],[6.659444132212083,49.772766295351715],[6.659374735916238,49.772764892810912],[6.659372570687116,49.772809827285833],[6.659303174332661,49.772808424701289],[6.659233777983649,49.772807022075206],[6.659235943340877,49.772762087604725],[6.659166547061361,49.772760684939335],[6.659097150787288,49.772759282232407],[6.659099316267181,49.772714347765948],[6.659029920062603,49.772712945019698],[6.658960523863468,49.772711542231924],[6.658891127669778,49.772710139402626],[6.658893293336388,49.772665204942385],[6.658823897212192,49.772663802073758],[6.65875450109344,49.772662399163607],[6.658685104980132,49.772660996211926],[6.658687270833459,49.77261606175793],[6.658617874789647,49.772614658766926],[6.658548478751279,49.772613255734385],[6.658479082718356,49.772611852660312],[6.658481248758398,49.77256691821254],[6.658411852794972,49.772565515099174],[6.658342456836988,49.772564111944263],[6.65827306088445,49.77256270874782],[6.658203664937355,49.772561305509832],[6.658205831228164,49.772516371070516],[6.658136435350569,49.772514967793221],[6.658067039478417,49.772513564474409],[6.657997643611711,49.772512161114058],[6.657999810089231,49.772467226680959],[6.657930414292023,49.772465823281287],[6.65786101850026,49.772464419840091],[6.657791622713942,49.772463016357364],[6.65772222693307,49.772461612833105],[6.657724393661355,49.772416678408447],[6.657654997949981,49.772415274844882],[6.657585602244054,49.772413871239763],[6.657516206543573,49.772412467593128],[6.657446810848536,49.772411063904954],[6.657448977827583,49.772366129488766],[6.657379582202046,49.772364725761278],[6.657310186581956,49.772363321992273],[6.657240790967311,49.772361918181723],[6.657242958133067,49.772316983771773],[6.657173562587921,49.772315579921909],[6.657104167048223,49.772314176030513],[6.657034771513973,49.7723127720976],[6.65696537598517,49.772311368123134],[6.656967543401684,49.77226643372164],[6.65689814794238,49.772265029707867],[6.656828752488524,49.772263625652563],[6.656759357040116,49.772262221555742],[6.656689961597156,49.772260817417369],[6.656692129264428,49.77221588302433],[6.656622733890967,49.772214478846657],[6.656553338522954,49.772213074627444],[6.656483943160389,49.772211670366715],[6.656414547803275,49.772210266064448],[6.656345152451609,49.77220886172065],[6.656347320433686,49.772163927338276],[6.65627792515152,49.772162522955163],[6.656208529874803,49.772161118530533],[6.656139134603534,49.772159714064351],[6.656069739337716,49.772158309556644],[6.656000344077349,49.772156905007414],[6.655930948822429,49.772155500416638],[6.655933117183362,49.772110566047168],[6.655863721997944,49.772109161417092],[6.655794326817976,49.77210775674547],[6.655724931643459,49.772106352032331],[6.655727100191092,49.7720614176691],[6.655657705086075,49.772060012916654],[6.655588309986509,49.77205860812267],[6.655590478656794,49.772013673763446],[6.65552108362673,49.772012268930155],[6.655451688602114,49.772010864055325],[6.655382293582951,49.772009459138978],[6.655312898569239,49.772008054181086],[6.655243503560978,49.77200664918167],[6.655245672546062,49.771961714833132],[6.655176277607302,49.771960309794409],[6.655106882673995,49.771958904714154],[6.655037487746139,49.771957499592354],[6.654968092823735,49.771956094429051],[6.654898697906784,49.771954689224181],[6.654900867206665,49.771909754886337],[6.654831472359215,49.771908349642175],[6.654762077517218,49.771906944356481],[6.654692682680674,49.771905539029262],[6.654623287849581,49.771904133660513],[6.654553893023944,49.771902728250225],[6.65455606263862,49.771857793923054],[6.654486667882484,49.771856388473459],[6.654417273131802,49.771854982982333],[6.654347878386572,49.771853577449683],[6.654278483646796,49.771852171875501],[6.654280653512217,49.771807237556786],[6.654211258841944,49.77180583194329],[6.654141864177126,49.771804426288263],[6.654072469517761,49.771803020591705],[6.654003074863848,49.771801614853622],[6.653933680215392,49.771800209074009],[6.653935850395604,49.771755274765979],[6.653866455816651,49.771753868947059],[6.653797061243153,49.771752463086607],[6.653658272112521,49.771749651241109],[6.653588877555388,49.77174824525607],[6.653519483003712,49.771746839229486],[6.65352165356276,49.771701904934382],[6.653452259080586,49.771700498868491],[6.653382864603869,49.771699092761075],[6.653244075666801,49.771696280421651],[6.653174681206451,49.771694874189656],[6.653105286751557,49.771693467916108],[6.653035892302121,49.771692061601044],[6.653038063304052,49.771647127321067],[6.65296866892412,49.771645720966688],[6.652899274549643,49.771644314570786],[6.652829880180626,49.771642908133352],[6.652760485817065,49.771641501654386],[6.652691091458959,49.771640095133897],[6.652693262775676,49.771595160864614],[6.652623868487078,49.771593754304817],[6.652554474203936,49.771592347703482],[6.652485079926253,49.771590941060616],[6.652415685654027,49.771589534376226],[6.652417857221478,49.771544600115405],[6.652348463018758,49.771543193391707],[6.652209674629693,49.771540379819719],[6.652140280443348,49.771538972971435],[6.652070886262463,49.771537566081619],[6.652073058144694,49.771492631831492],[6.652003664033314,49.771491224902363],[6.651934269927393,49.771489817931723],[6.651864875826932,49.771488410919531],[6.651795481731929,49.771487003865808],[6.651726087642386,49.771485596770574],[6.651728259839396,49.771440662531141],[6.65165886581936,49.771439255396587],[6.651589471804782,49.771437848220515],[6.651520077795666,49.771436441002905],[6.65152225017936,49.771391506769731],[6.65145285623975,49.771390099512807],[6.651383462305601,49.771388692214373],[6.651314068376913,49.771387284874393],[6.651244674453684,49.771385877492882],[6.651175280535916,49.771384470069847],[6.651177453234385,49.771339535847375],[6.651108059386124,49.77133812838504],[6.651038665543325,49.771336720881166],[6.650969271705987,49.771335313335769],[6.650899877874111,49.77133390574884],[6.650902050823306,49.771288971534844],[6.650832657060938,49.771287563908608],[6.650763263304029,49.771286156240848],[6.650693869552585,49.771284748531556],[6.650624475806602,49.771283340780734],[6.650626649006521,49.771238406575208],[6.650557255330046,49.771236998785071],[6.650487861659033,49.771235590953424],[6.650418467993482,49.771234183080246],[6.650349074333395,49.771232775165529],[6.650279680678771,49.771231367209282],[6.65028185419346,49.771186433014464],[6.650212460608344,49.771185025018916],[6.650143067028691,49.771183616981844],[6.650073673454502,49.771182208903227],[6.650004279885775,49.771180800783107],[6.650006453651185,49.771135866596765],[6.649937060151969,49.771134458437309],[6.649867666658216,49.771133050236344],[6.649798273169926,49.771131641993854],[6.649728879687101,49.771130233709819],[6.649659486209739,49.771128825384274],[6.649661660289915,49.77108389120864],[6.649592266882063,49.771082482843767],[6.649522873479676,49.771081074437383],[6.649453480082754,49.771079665989468],[6.649384086691296,49.771078257500015],[6.649386261022191,49.771033323332865],[6.649316867700245,49.771031914804112],[6.649247474383762,49.771030506233835],[6.649178081072744,49.771029097622034],[6.649108687767193,49.771027688968687],[6.649039294467106,49.771026280273823],[6.649041469112763,49.770981346117388],[6.648972075882187,49.770979937383217],[6.648902682657077,49.770978528607522],[6.648833289437434,49.770977119790295],[6.648763896223257,49.770975710931545],[6.648766071119629,49.770930776783587],[6.648696677974963,49.770929367885522],[6.648627284835761,49.77092795894594],[6.648557891702028,49.770926549964827],[6.648488498573762,49.770925140942182],[6.648419105450963,49.770923731878014],[6.648421280662093,49.770878797740757],[6.648351887608805,49.770877388637288],[6.648282494560984,49.770875979492281],[6.648213101518631,49.77087457030575],[6.648143708481746,49.770873161077688],[6.648145883943587,49.770828226948922],[6.648076490976214,49.770826817681574],[6.648007098014308,49.77082540837268],[6.648004922424379,49.770870342496998],[6.647935529403899,49.770868933144349],[6.647937705057871,49.770823999022269],[6.647868312106902,49.77082258963032],[6.64772952622137,49.77081977072185],[6.647660133286807,49.770818361205308],[6.64766230919149,49.770773427091711],[6.64759291632644,49.770772017535876],[6.647523523466857,49.770770607938516],[6.647454130612745,49.770769198299625],[6.647384737764102,49.770767788619217],[6.647315344920929,49.770766378897271],[6.647245952083225,49.770764969133801],[6.647248128366704,49.770720035033136],[6.647178735598513,49.770718625230366],[6.647109342835793,49.770717215386064],[6.647039950078543,49.770715805500231],[6.647042126548683,49.770670871405848],[6.646972733860946,49.770669461480722],[6.646903341178682,49.770668051514043],[6.646905517771439,49.770623117423696],[6.646836125158688,49.770621707417725],[6.646766732551407,49.77062029737025],[6.646697339949596,49.770618887281231],[6.646699516729016,49.77057395319715],[6.64663012419672,49.77057254306883],[6.646560731669894,49.770571132898979],[6.64649133914854,49.770569722687611],[6.64649351611462,49.770524788609784],[6.646424123662778,49.770523378359115],[6.646354731216412,49.770521968066923],[6.646356908305107,49.770477033993117],[6.646287515928253,49.770475623661618],[6.646218123556872,49.770474213288587],[6.646220300768181,49.770429279218845],[6.646150908466315,49.770427868806514],[6.646153085736198,49.770382934738571],[6.646083693503845,49.770381524286947],[6.646085870832299,49.770336590220815],[6.646016478669461,49.770335179729884],[6.646018656056487,49.770290245665556],[6.645949263963162,49.770288835135347],[6.645879871875311,49.770287424563591],[6.645882049384952,49.770242490503293],[6.645812657366614,49.770241079892244],[6.645743265353751,49.770239669239672],[6.645745442986002,49.770194735183409],[6.645676051042653,49.770193324491537],[6.645606659104779,49.770191913758133],[6.64560883685964,49.770146979705913],[6.645539444991281,49.770145568933216],[6.645470053128392,49.770144158118995],[6.645472231005866,49.770099224070805],[6.645402839212492,49.770097813217284],[6.645333447424594,49.770096402322231],[6.645335625424678,49.770051468278098],[6.645266233706294,49.770050057343745],[6.645196841993385,49.770048646367869],[6.645199020116078,49.770003712327764],[6.645129628472684,49.770002301312587],[6.645060236834764,49.770000890255893],[6.644990845202319,49.769999479157661],[6.644921453575349,49.769998068017905],[6.644852061953853,49.769996656836625],[6.644854240391276,49.769951722807242],[6.644784848839297,49.769950311586676],[6.644715457292793,49.769948900324565],[6.644717635852824,49.769903966299218],[6.644648244375835,49.769902554997813],[6.644578852904322,49.769901143654891],[6.644509461438286,49.769899732270424],[6.644511640184962,49.769854798251359],[6.644442248788441,49.769853386827606],[6.644372857397396,49.769851975362322],[6.644375036266679,49.769807041347299],[6.64430564494515,49.769805629842722],[6.644236253629098,49.769804218296613],[6.644166862318521,49.769802806708988],[6.644169041374449,49.769757872700232],[6.644099650133389,49.769756461073314],[6.644030258897806,49.769755049404857],[6.644032438076338,49.769710115400144],[6.643963046910271,49.769708703692395],[6.643893655749682,49.769707291943121],[6.643895835050818,49.769662357942437],[6.643826443959745,49.76966094615387],[6.64375705287415,49.769659534323772],[6.643687661794032,49.769658122452149],[6.64368984128181,49.76961318845774],[6.643620450271209,49.769611776546832],[6.643551059266085,49.769610364594378],[6.64348166826644,49.769608952600407],[6.64348384794086,49.769564018612272],[6.643414457010731,49.769562606579008],[6.643345066086082,49.769561194504213],[6.643347245883101,49.769516260520128],[6.643277855027968,49.76951484840604],[6.643208464178314,49.769513436250421],[6.643210644097933,49.769468502270378],[6.643141253317797,49.769467090075473],[6.64307186254314,49.769465677839037],[6.643002471773961,49.769464265561069],[6.643004651880219,49.769419331587308],[6.642935261180558,49.769417919270047],[6.642865870486376,49.76941650691127],[6.642868050715233,49.769371572941537],[6.642798660090569,49.76937016054346],[6.642729269471385,49.769368748103858],[6.64273144982284,49.769323814138161],[6.642662059273174,49.769322401659274],[6.642592668728986,49.769320989138848],[6.642523278190281,49.769319576576898],[6.642525458728371,49.769274642617489],[6.642456068259182,49.769273230016239],[6.642386677795475,49.769271817373479],[6.642388858456162,49.769226883418106],[6.642319468061971,49.769225470736046],[6.642250077673262,49.769224058012462],[6.642252258456545,49.769179124061139],[6.642182868137353,49.769177711298262],[6.642113477823643,49.769176298493846],[6.642115658729521,49.769131364546574],[6.64204626848533,49.769129951702872],[6.64197687824662,49.769128538817647],[6.641907488013391,49.769127125890904],[6.641909669105901,49.769082191949899],[6.64184027894219,49.769080778983863],[6.641770888783962,49.769079365976289],[6.641773069999065,49.769034432039334],[6.641703679910355,49.769033018992474],[6.641634289827127,49.769031605904082],[6.641636471164824,49.768986671971163],[6.641567081151115,49.768985258843486],[6.64149769114289,49.768983845674285],[6.641499872603177,49.768938911745416],[6.641430482664469,49.768937498536921],[6.641361092731245,49.768936085286896],[6.641363274314124,49.768891151362077],[6.641293884450419,49.768889738072765],[6.641224494592197,49.76888832474193],[6.641226676297665,49.768843390821146],[6.641157286508963,49.768841977451018],[6.641087896725742,49.768840564039358],[6.641090078553802,49.768795630122625],[6.641020688840102,49.768794216671679],[6.640951299131885,49.76879280317921],[6.640953481082533,49.768747869266527],[6.640884091443837,49.768746455734764],[6.640814701810623,49.768745042161477],[6.64081688388386,49.76870010825283],[6.640747494320167,49.768698694640257],[6.640678104761956,49.768697280986153],[6.640680286957783,49.768652347081542],[6.640610897469092,49.768650933388159],[6.640613079723471,49.768605999485381],[6.640543690304298,49.768604585752705],[6.640474300890612,49.768603171978484],[6.640476483267578,49.768558238079748],[6.640407093923412,49.768556824266255],[6.64033770458473,49.768555410411231],[6.640339887084281,49.768510476516539],[6.640270497815119,49.768509062622222],[6.640272680373222,49.768464128729349],[6.640203291173579,49.768462714795746],[6.640133901979421,49.768461300820626],[6.64013608466011,49.768416366931788],[6.640066695535472,49.768414952917375],[6.63999730641632,49.768413538861424],[6.639999489219592,49.768368604976629],[6.639930100169961,49.768367190881406],[6.639932283031782,49.768322256998452],[6.639862894051671,49.768320842863922],[6.639793505077045,49.768319428687867],[6.639795688061449,49.768274494808956],[6.639726299156345,49.768273080593616],[6.639728482199298,49.768228146716517],[6.639659093363712,49.768226732461883],[6.639589704533614,49.76822531816574],[6.639591887699148,49.768180384292684],[6.639522498938569,49.768178969957241],[6.639524682162653,49.768134036086003],[6.639455293471594,49.768132621711274],[6.639385904786022,49.768131207295021],[6.639388088132688,49.768086273427819],[6.639318699516635,49.768084858972287],[6.639320882921847,49.768039925106905],[6.639251494375315,49.768038510612087],[6.63918210583427,49.76803709607573],[6.639184289362063,49.767992162214398],[6.639114900890538,49.767990747638756],[6.639045512424501,49.767989333021582],[6.639047696074871,49.7679443991643],[6.638978307678356,49.767942984507847],[6.638908919287327,49.767941569809864],[6.638911103060274,49.767896635956653],[6.638841714738767,49.767895221219383],[6.638843898570261,49.767850287367963],[6.638774510318274,49.767848872591415],[6.638776694208312,49.767803938741814],[6.638707306025846,49.767802523925958],[6.638709489974429,49.767757590078183],[6.638640101861484,49.767756175223056],[6.638642285868612,49.767711241377079],[6.638572897825186,49.767709826482665],[6.638575081890858,49.767664892638514],[6.638505693916952,49.767663477704801],[6.638507878041169,49.767618543862469],[6.638438490136783,49.767617128889476],[6.638369102237886,49.767615713874953],[6.638371286484677,49.767570780036657],[6.638301898655301,49.767569364982862],[6.638304082960635,49.767524431146398],[6.638234695200778,49.767523016053303],[6.638236879564655,49.767478082218631],[6.638167491874319,49.76747666708625],[6.638169676296739,49.76743173325341],[6.638100288675923,49.76743031808175],[6.638030901060597,49.767428902868566],[6.638033085605588,49.767383969039784],[6.638035270145093,49.767339035210561],[6.637965882663316,49.767337619960323],[6.637968067261363,49.767292686132933],[6.637898679849105,49.767291270843401],[6.637900864505691,49.767246337017816],[6.637831477162956,49.76724492168902],[6.637833661878084,49.76719998786524],[6.637764274604868,49.767198572497144],[6.637766459378536,49.76715363867519],[6.63769707217484,49.767152223267807],[6.637699257007048,49.767107289447679],[6.637629869872872,49.767105874001011],[6.63763205476362,49.767060940182688],[6.637562667698964,49.767059524696734],[6.637564852648253,49.76701459088023],[6.637495465653115,49.76701317535499],[6.637497650660943,49.766968241540312],[6.637428263735326,49.766966825975786],[6.637430448801692,49.766921892162898],[6.637361061945594,49.766920476559093],[6.6373632470705,49.766875542748032],[6.637293860283922,49.766874127104948],[6.637296045467366,49.766829193295699],[6.637226658750308,49.766827777613322],[6.63722884399229,49.766782843805899],[6.637159457344751,49.766781428084229],[6.63716164264527,49.766736494278618],[6.637092256067251,49.766735078517669],[6.637094441426308,49.766690144713884],[6.637096626779876,49.766645210909672],[6.637027240335403,49.766643795111662],[6.637029425747508,49.766598861309255],[6.636960039372554,49.766597445471987],[6.636962224843195,49.766552511671406],[6.63689283853776,49.766551095794846],[6.636895024066937,49.766506161996077],[6.636825637831022,49.766504746080223],[6.636827823418734,49.766459812283273],[6.636758437252339,49.766458396328154],[6.636760622898588,49.766413462533009],[6.636691236801712,49.766412046538591],[6.636693422506497,49.766367112745279],[6.636624036479138,49.766365696711574],[6.636626222242458,49.766320762920074],[6.636556836284619,49.766319346847091],[6.636559022106473,49.766274413057396],[6.636489636218154,49.766272996945148],[6.636491822098543,49.766228063157264],[6.63649400797344,49.766183129368976],[6.636424622218665,49.766181713219673],[6.636426808152095,49.766136779433197],[6.636357422466839,49.766135363244601],[6.636359608458803,49.766090429459943],[6.636361794445277,49.766045495674852],[6.636292408893564,49.766044079449223],[6.636294594938571,49.765999145665958],[6.636225209456377,49.765997729401036],[6.636227395559915,49.76595279561959],[6.636158010147241,49.765951379315389],[6.636160196309311,49.765906445535762],[6.636090810966155,49.765905029192275],[6.636092997186758,49.765860095414467],[6.63602361191312,49.765858679031695],[6.636025798192255,49.765813745255699],[6.635956412988135,49.765812328833647],[6.635958599325803,49.76576739505947],[6.635889214191201,49.765765978598132],[6.6358914005874,49.765721044825767],[6.635822015522316,49.765719628325158],[6.635824201977044,49.765674694554619],[6.63575481698148,49.765673278014717],[6.635757003494739,49.765628344245989],[6.635687618568692,49.765626927666816],[6.635689805140482,49.7655819938999],[6.635620420283954,49.765580577281447],[6.635622606914274,49.765535643516351],[6.635553222127264,49.765534226858612],[6.635555408816113,49.765489293095342],[6.63548602409862,49.765487876398311],[6.635488210846,49.765442942636852],[6.635418826198026,49.765441525900556],[6.635421013003934,49.765396592140902],[6.635351628425478,49.76539517536532],[6.635353815289914,49.7653502416075],[6.635284430780977,49.765348824792632],[6.635286617703941,49.765303891036645],[6.635217233264521,49.765302474182484],[6.635219420246014,49.765257540428301],[6.635150035876112,49.765256123534868],[6.635152222916132,49.765211189782505],[6.635082838615749,49.765209772849794],[6.635085025714297,49.765164839099235],[6.63508721280735,49.765119905348271],[6.635017828640505,49.765118488378526],[6.635020015792086,49.765073554629367],[6.634950631694759,49.765072137620336],[6.634952818904866,49.765027203872997],[6.634883434877056,49.765025786824687],[6.634885622145689,49.764980853079173],[6.634816238187399,49.764979435991592],[6.634818425514558,49.76493450224789],[6.634820612836221,49.764889568503762],[6.634751229011467,49.764888151379125],[6.634753416391656,49.764843217636823],[6.634684032636422,49.764841800472915],[6.634686220075136,49.764796866732425],[6.634616836389418,49.764795449529245],[6.634619023886657,49.764750515790574],[6.634621211378402,49.764705582051484],[6.63455182782622,49.764704164811256],[6.634554015376488,49.764659231073978],[6.634484631893824,49.764657813794479],[6.634486819502617,49.764612880059033],[6.634489007105914,49.76456794632314],[6.634419623756785,49.764566529006601],[6.634421811418608,49.764521595272541],[6.634423999074933,49.764476661538069],[6.63435461585934,49.764475244184474],[6.634356803574188,49.764430310451822],[6.63435899128354,49.764385376718749],[6.634361178987398,49.764340442985237],[6.634291795969358,49.764339025596854],[6.634293983731738,49.764294091865175],[6.634224600783216,49.764292674437513],[6.634226788604117,49.764247740707646],[6.634228976419522,49.764202806977352],[6.634159593604535,49.764201389512657],[6.634161781478462,49.764156455784189],[6.634163969346893,49.764111522055302],[6.634094586665438,49.764110104553559],[6.634096774592391,49.764065170826484],[6.634098962513846,49.764020237099004],[6.634029579965925,49.764018819560228],[6.634031767945902,49.763973885834545],[6.634033955920383,49.763928952108444],[6.634036143889368,49.763884018381944],[6.634038331852856,49.763839084655004],[6.6339689495665,49.763837667083671],[6.633971137588508,49.763792733358564],[6.633973325605019,49.763747799633023],[6.633903943452194,49.763746382024642],[6.633906131527226,49.763701448300914],[6.633836749443915,49.763700030653261],[6.633838937577465,49.763655096931366],[6.633769555563668,49.763653679244449],[6.633700173555371,49.763652261516],[6.633702361811457,49.763607327798148],[6.633704550062045,49.763562394079898],[6.633706738307136,49.763517460361207],[6.633637356496385,49.763516042597971],[6.633639544799994,49.763471108881113],[6.633570163058757,49.763469691078583],[6.633572351420885,49.763424757363538],[6.633502969749163,49.763423339521736],[6.633505158169807,49.763378405808524],[6.633507346584954,49.763333472094871],[6.633437965046761,49.763332054216043],[6.633440153520425,49.763287120504209],[6.633442341988593,49.763242186791963],[6.633372960583928,49.763240768876102],[6.633375149110612,49.763195835165661],[6.63330576777546,49.763194417210528],[6.633307956360661,49.763149483501905],[6.633310144940362,49.763104549792878],[6.633240763738739,49.763103131800705],[6.633242952376957,49.763058198093489],[6.633245141009677,49.763013264385847],[6.633247329636898,49.762968330677793],[6.633177948632816,49.762966912650825],[6.633180137318553,49.76292197894459],[6.633182325998793,49.762877045237929],[6.633112945128235,49.762875627173926],[6.633115133866989,49.762830693469084],[6.633117322600245,49.76278575976383],[6.633119511328004,49.762740826058142],[6.633121700050262,49.762695892352042],[6.633052319441257,49.762694474255483],[6.63305450822203,49.762649540551195],[6.633058885767083,49.762559673141375],[6.632989505355612,49.762558255010013],[6.632991694183902,49.762513321306706],[6.632993883006694,49.762468387602972],[6.632924502728748,49.762466969434598],[6.632926691610053,49.762422035732691],[6.63292888048586,49.762377102030364],[6.632931069356168,49.762332168327625],[6.632861689275754,49.762330750124434],[6.632863878204575,49.762285816423507],[6.632866067127898,49.762240882722153],[6.632868256045721,49.762195949020388],[6.632870444958045,49.762151015318189],[6.632872633864872,49.76210608161557],[6.6328748227662,49.762061147912547],[6.632877011662029,49.762016214209076],[6.632946391294371,49.762017632396578],[6.632948580120693,49.761972698690442],[6.632950768941515,49.761927764983902],[6.632881389437193,49.761926346800884],[6.632812009938372,49.76192492857637],[6.632814198881715,49.76187999487388],[6.63281638781956,49.761835061170984],[6.632818576751906,49.76179012746767],[6.632749197450612,49.761788709208354],[6.632751386441468,49.761743775506844],[6.632753575426827,49.761698841804915],[6.632755764406685,49.761653908102573],[6.632757953381045,49.761608974399799],[6.632688574341288,49.761607556107926],[6.632690763374158,49.761562622406984],[6.632692952401529,49.761517688705617],[6.632695141423401,49.761472755003837],[6.632697330439775,49.761427821301609],[6.63262795166155,49.761426402977186],[6.632630140736432,49.761381469276813],[6.632632329805816,49.761336535576],[6.632562951161106,49.76133511721455],[6.632565140288999,49.761290183515548],[6.63256732941139,49.761245249816135],[6.632497950900197,49.761243831417659],[6.632500140081097,49.761198897720064],[6.6325023292565,49.76115396402205],[6.632504518426401,49.76110903032361],[6.632435140112729,49.761107611890345],[6.632437329341139,49.761062678193724],[6.632439518564048,49.761017744496691],[6.632370140383889,49.761016326026386],[6.632372329665308,49.760971392331172],[6.632374518941225,49.760926458635531],[6.632305140894578,49.7609250401282],[6.632307330229002,49.760880106434385],[6.632309519557928,49.76083517274013],[6.632240141644794,49.760833754195779],[6.632242331032226,49.76078882050335],[6.632244520414157,49.760743886810523],[6.632175142634535,49.760742468229132],[6.632177332074972,49.760697534538103],[6.632179521509908,49.760652600846662],[6.632181710939346,49.760607667154801],[6.632112333357241,49.760606248538629],[6.632114522845184,49.760561314848566],[6.632116712327625,49.760516381158105],[6.63204733487903,49.760514962504899],[6.632049524419977,49.760470028816258],[6.632051713955422,49.760425095127189],[6.631982336640339,49.760423676436965],[6.63198452623429,49.760378742749708],[6.63198671582274,49.76033380906204],[6.631917338641165,49.760332390334774],[6.631919528288119,49.760287456648932],[6.63185015117605,49.760286037882388],[6.631852340881506,49.760241104198357],[6.631854530581464,49.760196170513915],[6.631785153602904,49.760194751710344],[6.631787343361362,49.76014981802772],[6.63178953311432,49.76010488434467],[6.631720156269268,49.760103465504081],[6.631722346080728,49.760058531822857],[6.631724535886689,49.760013598141207],[6.631655159175144,49.76001217926359],[6.631657349039607,49.759967245583752],[6.631659538898567,49.759922311903509],[6.63159016232053,49.759920892988859],[6.631592352237993,49.759875959310421],[6.631522975729461,49.759874540356513],[6.631525165705423,49.759829606679894],[6.631527355675887,49.759784673002869],[6.631457979300861,49.759783254011921],[6.631460169329824,49.759738320336723],[6.631462359353285,49.759693386661077],[6.631392983111765,49.759691967633117],[6.631395173193727,49.759647033959304],[6.631397363270188,49.759602100285065],[6.631327987162174,49.759600681220071],[6.631330177297133,49.759555747547665],[6.631332367426591,49.759510813874826],[6.631262991452082,49.759509394772806],[6.631265181640039,49.759464461101793],[6.631195805735034,49.759463041960508],[6.63119799598149,49.759418108291314],[6.631200186222444,49.7593731746217],[6.631130810450944,49.759371755443382],[6.631133000750396,49.759326821775581],[6.631135191044347,49.759281888107381],[6.631065815406349,49.759280468892037],[6.631068005758799,49.759235535225642],[6.630998630190303,49.75923411597104],[6.631000820601249,49.759189182306464],[6.631003011006693,49.759144248641476],[6.630933635571703,49.759142829349834],[6.630935826035644,49.759097895686658],[6.630938016494083,49.75905296202307],[6.630868641192595,49.759051542694408],[6.630870831709529,49.759006609032646],[6.630873022220962,49.75896167537045],[6.630803647052975,49.758960256004762],[6.630805837622904,49.758915322344393],[6.630736462524419,49.758913902939433],[6.630738653152844,49.758868969280897],[6.630740843775768,49.758824035621913],[6.630671468810783,49.758822616179941],[6.6306736594922,49.758777682522791],[6.630675850168116,49.758732748865221],[6.630606475336632,49.758731329386222],[6.630608666071041,49.758686395730471],[6.630610856799949,49.758641462074301],[6.630541482101966,49.758640042558277],[6.630543672889367,49.758595108903933],[6.630474298260885,49.758593689348629],[6.630476489106781,49.758548755696118],[6.630478679947173,49.75850382204316],[6.63040930545219,49.758502402450837],[6.630411496351076,49.758457468799719],[6.63041368724446,49.758412535148167],[6.630344312882975,49.758411115518832],[6.630346503834851,49.758366181869107],[6.630277129542868,49.758364762200507],[6.630279320553238,49.758319828552594],[6.630281511558104,49.758274894904268],[6.630212137399618,49.758273475198642],[6.630214328462976,49.758228541552135],[6.630216519520831,49.75818360790521],[6.630147145495844,49.758182188162564],[6.630149336612189,49.75813725451745],[6.630151527723032,49.758092320871931],[6.63008215383154,49.758090901092267],[6.630084345000874,49.758045967448552],[6.630086536164704,49.758001033804426],[6.630017162406709,49.757999613987735],[6.630019353629031,49.757954680345435],[6.630021544845848,49.757909746702701],[6.629952171221347,49.757908326848991],[6.629954362496655,49.75786339320809],[6.629956553766458,49.757818459566778],[6.629887180275453,49.757817039676034],[6.629889371603746,49.757772106036533],[6.629891562926536,49.757727172396599],[6.629822189569025,49.757725752468843],[6.629824380950304,49.757680818830742],[6.629826572326079,49.757635885192222],[6.629757199102063,49.757634465227433],[6.629759390536327,49.757589531590746],[6.629761581965085,49.757544597953625],[6.629692208874561,49.757543177951831],[6.629694400361808,49.757498244316523],[6.629696591843552,49.757453310680795],[6.629698783319791,49.757408377044662],[6.629629410426752,49.757406957008087],[6.62963160196148,49.757362023373759],[6.629633793490701,49.757317089739011],[6.629564420731155,49.757315669665417],[6.629566612318864,49.757270736032503],[6.62956880390107,49.757225802399162],[6.629499431275014,49.757224382288548],[6.629501622915705,49.75717944865702],[6.629506006180576,49.757089581392719],[6.629508197804753,49.75704464775994],[6.629510389423427,49.756999714126728],[6.629441017122836,49.756998293985838],[6.629443208799993,49.756953360354451],[6.629445400471648,49.756908426722646],[6.629447592137797,49.756863493090414],[6.629378220034686,49.756862072914743],[6.629380411759321,49.756817139284323],[6.62938260347845,49.756772205653505],[6.629384795192075,49.756727272022253],[6.629386986900195,49.75668233839059],[6.629389178602809,49.7566374047585],[6.629319806825155,49.756635984552538],[6.629321998586255,49.756591050922282],[6.629324190341848,49.756546117291585],[6.629254818697682,49.756544697048611],[6.62925701051176,49.75649976341974],[6.629259202320333,49.756454829790449],[6.629261394123401,49.756409896160733],[6.629263585920963,49.756364962530625],[6.629194214538261,49.756363542255102],[6.629196406394307,49.756318608626799],[6.629198598244848,49.756273674998063],[6.62912922699563,49.756272254685541],[6.629131418904653,49.756227321058624],[6.629133610808172,49.756182387431302],[6.629064239692439,49.756180967081754],[6.629066431654439,49.756136033456244],[6.629068623610934,49.756091099830321],[6.628999252628685,49.756089679443754],[6.629001444643662,49.756044745819658],[6.629003636653134,49.755999812195121],[6.6290058286571,49.755954878570179],[6.62893645787232,49.755953458148845],[6.628938649934767,49.755908524525715],[6.628940841991709,49.755863590902166],[6.628943034043144,49.755818657278205],[6.628873663455834,49.755817236822104],[6.628875855565751,49.755772303199954],[6.628806485047936,49.755770882704581],[6.628808677216333,49.755725949084258],[6.628739306768013,49.755724528549635],[6.62874149899489,49.755679594931131],[6.628743691216262,49.755634661312214],[6.628745883432127,49.755589727692872],[6.628748075642485,49.75554479407311],[6.628678705455617,49.755543373505944],[6.628680897724456,49.755498439888001],[6.628683089987788,49.755453506269646],[6.628685282245613,49.755408572650872],[6.628687474497933,49.75536363903165],[6.628689666744745,49.75531870541203],[6.628620296883313,49.755317284814588],[6.62862468148839,49.75522741757856],[6.628626873782669,49.755182483959921],[6.628629066071442,49.755137550340855],[6.628559696471457,49.755136129710898],[6.628561888818708,49.75509119609363],[6.628564081160451,49.755046262475972],[6.628566273496689,49.75500132885788],[6.62856846582742,49.754956395239375],[6.62849909648888,49.75495497457689],[6.628501288878087,49.754910040960205],[6.628503481261789,49.754865107343093],[6.628505673639983,49.754820173725562],[6.628436304498902,49.75481875302831],[6.628440689366738,49.754728885796482],[6.628442881792398,49.754683952179917],[6.628445074212548,49.754639018562955],[6.628375705332908,49.754637597833167],[6.628377897811534,49.754592664218023],[6.628380090284655,49.754547730602447],[6.628382282752268,49.754502796986465],[6.628384475214375,49.75445786337005],[6.628315106596173,49.754456442607733],[6.628317299116754,49.754411508993158],[6.628319491631829,49.754366575378143],[6.628321684141397,49.754321641762708],[6.628323876645458,49.754276708146861],[6.62825450828869,49.75427528735203],[6.628256700851226,49.754230353737988],[6.628258893408256,49.754185420123541],[6.628261085959777,49.754140486508682],[6.62819171780046,49.75413906567907],[6.628196103014945,49.754049198452549],[6.628198295613926,49.754004264838656],[6.628200488207401,49.753959331224344],[6.628131120309514,49.753957910362232],[6.628133312961462,49.753912976749731],[6.628063945133065,49.75391155584834],[6.628066137843486,49.75386662223768],[6.628068330548397,49.753821688626594],[6.628070523247803,49.753776755015089],[6.628072715941701,49.753731821403164],[6.628074908630093,49.753686887790799],[6.628005541127102,49.753685466859139],[6.628007733873965,49.7536405332486],[6.628009926615321,49.753595599637656],[6.628012119351169,49.753550666026285],[6.62801431208151,49.753505732414496],[6.628016504806343,49.75346079880228],[6.628018697525669,49.753415865189645],[6.628020890239489,49.753370931576576],[6.627951523189856,49.75336951061913],[6.627953715962146,49.753324577007909],[6.627955908728928,49.753279643396233],[6.627958101490202,49.753234709784167],[6.627888734638014,49.753233288791947],[6.627890927457758,49.753188355181706],[6.627893120271994,49.753143421571025],[6.627895313080725,49.753098487959939],[6.627897505883947,49.753053554348405],[6.627901891473869,49.752963687124115],[6.627904084260568,49.752918753511331],[6.627834717861726,49.752917332493325],[6.627836910706895,49.75287239888236],[6.627906277041761,49.75287381989812],[6.627908469817447,49.752828886284497],[6.627910662587625,49.752783952670441],[6.627912855352296,49.752739019055966],[6.627915048111458,49.752694085441092],[6.627984414195931,49.752695506406354],[6.627986606885612,49.752650572788795],[6.627988799569784,49.75260563917081],[6.628058165531817,49.752607060090099],[6.628060358146508,49.752562126469456],[6.628062550755693,49.752517192848387],[6.62806474335937,49.752472259226892],[6.628066935957539,49.752427325604984],[6.628069128550204,49.752382391982657],[6.627999762908046,49.752380971074594],[6.628001955559177,49.752336037454093],[6.628004148204801,49.752291103833159],[6.62807351371901,49.752292524736745],[6.628075706295154,49.752247591113132],[6.628077898865791,49.752202657489114],[6.628008533479528,49.752201236590039],[6.628010726108632,49.75215630296784],[6.628015111350318,49.752066435722192],[6.6280173039629,49.752021502098742],[6.628019496569976,49.751976568474859],[6.628021689171545,49.751931634850543],[6.628023881767607,49.751886701225828],[6.627954516834667,49.751885280300961],[6.627956709489195,49.751840346678073],[6.627887344625734,49.751838925713948],[6.627889537338728,49.751793992092864],[6.627891730046214,49.751749058471383],[6.627893922748192,49.751704124849461],[6.627896115444664,49.751659191227112],[6.627904886175481,49.751479456733541],[6.627907078844419,49.75143452310909],[6.627909271507848,49.751389589484212],[6.627913656818187,49.75129972223322],[6.627915849465096,49.751254788607078],[6.627918042106498,49.75120985498053],[6.627920234742394,49.751164921353542],[6.627850870844011,49.751163500381601],[6.627853063538367,49.75111856675646],[6.627855256227221,49.751073633130872],[6.627857448910565,49.751028699504879],[6.627859641588402,49.750983765878466],[6.627864026927555,49.750893898624369],[6.627866219588872,49.750848964996678],[6.627868412244683,49.750804031368574],[6.627870604894986,49.750759097740044],[6.627872797539782,49.750714164111102],[6.6278034342866,49.750712743120118],[6.627805626989858,49.750667809492988],[6.627807819687607,49.750622875865446],[6.627810012379851,49.750577942237484],[6.627740649324084,49.750576521211734],[6.627745034819986,49.750486653959015],[6.627747227559676,49.750441720332027],[6.627677864701319,49.750440299271524],[6.627680057499469,49.750395365646362],[6.627682250292112,49.750350432020781],[6.627684443079248,49.750305498394773],[6.627686635860878,49.75026056476834],[6.627688828636999,49.750215631141494],[6.627619466103988,49.750214210050714],[6.62762604459121,49.750079409174376],[6.627628237409268,49.750034475548077],[6.627632623028866,49.749944608294228],[6.627634815830405,49.749899674666672],[6.627637008626436,49.749854741038696],[6.627567646610658,49.749853319924384],[6.627569839465147,49.749808386298234],[6.62757203231413,49.749763452671665],[6.627576417995571,49.749673585417248],[6.627578610828031,49.749628651789415],[6.627580803654983,49.749583718161148],[6.627582996476429,49.749538784532469],[6.627585189292367,49.749493850903363],[6.627515827793817,49.74949242976551],[6.6275202135371,49.749402562510546],[6.627524599258354,49.749312695253863],[6.627526792110721,49.7492677616249],[6.627531177798931,49.749177894365701],[6.627535563465113,49.749088027104818],[6.627542141923081,49.74895322621034],[6.62754433473139,49.748908292578008],[6.627474974069866,49.748906871427856],[6.62747716693663,49.748861937797329],[6.627479359797886,49.748817004166398],[6.627481552653634,49.74877207053504],[6.627483745503876,49.748727136903263],[6.627485938348611,49.748682203271052],[6.627488131187839,49.748637269638444],[6.627492516849773,49.748547402371933],[6.627494709672479,49.748502468738046],[6.627499095301371,49.748412601469006],[6.62750786649307,49.748232866925875],[6.627510059277227,49.748187933289032],[6.62751444482902,49.748098066014101],[6.627516637596655,49.748053132376],[6.627521023115408,49.747963265098527],[6.627525408612133,49.747873397819369],[6.627456049427198,49.747871976679363],[6.627458242231257,49.747827043041397],[6.627460435029811,49.747782109403012],[6.627471398939973,49.747557441204762],[6.627473591705485,49.747512507563847],[6.62747578446549,49.747467573922513],[6.627477977219987,49.747422640280753],[6.627482362712463,49.747332772995968],[6.627551721129914,49.747334194109037],[6.627553913803935,49.747289260463766],[6.627558299135457,49.747199393171989],[6.62756049179296,49.74715445952544],[6.627562684444956,49.747109525878479],[6.627564877091443,49.747064592231119],[6.627567069732426,49.747019658583305],[6.627569262367904,49.746974724935093],[6.627573647622336,49.746884857637397],[6.627575840241293,49.746839923987906],[6.627578032854742,49.74679499033801],[6.627580225462686,49.746750056687681],[6.627584610662055,49.746660189385771],[6.62758680325348,49.746615255734177],[6.627588995839399,49.746570322082157],[6.627593380994716,49.746480454776872],[6.627662738202536,49.746481875805792],[6.627664930707982,49.746436942150275],[6.627595573564116,49.746435521123587],[6.627597766128009,49.746390587469897],[6.627599958686396,49.74634565381578],[6.627669315702357,49.746347074837963],[6.627671508191285,49.746302141181175],[6.627602151239277,49.746300720161237],[6.62760653632852,49.746210852850879],[6.627608728864882,49.746165919195086],[6.627610921395739,49.746120985538852],[6.62761311392109,49.746076051882198],[6.627682470553336,49.74607747289091],[6.627684663009229,49.746032539231607],[6.627686855459616,49.745987605571869],[6.627689047904497,49.745942671911706],[6.627619691464104,49.745941250909723],[6.627621883967429,49.745896317251393],[6.627691240343871,49.745897738251116],[6.62769343277774,49.745852804590136],[6.627695625206103,49.745807870928701],[6.62769781762896,49.745762937266868],[6.62770001004631,49.745718003604601],[6.627702202458156,49.745673069941901],[6.627771558520353,49.745674490888923],[6.627773750862742,49.745629557223573],[6.627775943199626,49.745584623557797],[6.627778135531004,49.745539689891594],[6.627708779660658,49.745538268951307],[6.627710972050481,49.745493335286938],[6.627780327856877,49.745494756224986],[6.627782520177243,49.745449822557944],[6.627784712492106,49.745404888890469],[6.627786904801462,49.74535995522259],[6.627789097105313,49.745315021554291],[6.627791289403658,49.745270087885558],[6.627793481696497,49.745225154216413],[6.627795673983832,49.74518022054685],[6.627797866265661,49.745135286876859],[6.627728510970857,49.745133865956767],[6.627730703311129,49.745088932288603],[6.627800058541984,49.745090353206443],[6.627802250812802,49.745045419535607],[6.627804443078115,49.74500048586436],[6.627806635337922,49.744955552192685],[6.627811019841021,49.744865684848065],[6.627813212084313,49.744820751175119],[6.627815404322099,49.744775817501754],[6.62781759655438,49.74473088382797],[6.627819788781156,49.744685950153766],[6.627824173218191,49.744596082804094],[6.627826365428451,49.744551149128611],[6.627828557633206,49.744506215452724],[6.627897912038256,49.744507636299886],[6.627902296303358,49.744417768942341],[6.627904488427652,49.744372835262944],[6.627906680546441,49.744327901583127],[6.627908872659725,49.744282967902876],[6.627911064767503,49.744238034222214],[6.627913256869777,49.744193100541132],[6.627915448966546,49.744148166859624],[6.627917641057811,49.74410323317769],[6.62791983314357,49.744058299495343],[6.627922025223825,49.744013365812563],[6.627924217298576,49.743968432129364],[6.627926409367821,49.743923498445753],[6.62792860143156,49.743878564761722],[6.627932985542527,49.743788697392375],[6.628002338929965,49.743790118162146],[6.628004530913249,49.743745184474598],[6.628006722891027,49.743700250786624],[6.627937369631475,49.743698830021351],[6.627939561667691,49.743653896335211],[6.627941753698403,49.743608962648644],[6.628011106830069,49.743610383409425],[6.628013298791333,49.743565449720201],[6.628015490747094,49.743520516030543],[6.62801768269735,49.743475582340459],[6.628019874642101,49.743430648649962],[6.627950521766206,49.743429227898147],[6.62795490576708,49.74333936052038],[6.62802425851509,49.743340781267705],[6.628026450443329,49.743295847575951],[6.628028642366062,49.743250913883756],[6.628033026195016,49.74316104649813],[6.628035218101238,49.743116112804678],[6.628037410001955,49.743071179110807],[6.628039601897166,49.743026245416523],[6.628041793786875,49.742981311721813],[6.628043985671079,49.74293637802667],[6.628046177549778,49.742891444331121],[6.628050561290665,49.742801576938739],[6.628052753152852,49.742756643241925],[6.628054945009535,49.742711709544679],[6.628057136860714,49.74266677584702],[6.628059328706389,49.742621842148935],[6.628061520546559,49.742576908450424],[6.628063712381226,49.742531974751508],[6.628065904210389,49.742487041052151],[6.628070287852202,49.742397173652186],[6.628072479664852,49.742352239951586],[6.628074671472,49.742307306250545],[6.628081246860416,49.7421725051449],[6.628083438645546,49.74212757144219],[6.628085630425174,49.742082637739045],[6.628087822199297,49.742037704035468],[6.628090013967916,49.7419927703315],[6.628092205731031,49.741947836627084],[6.628094397488643,49.741902902922256],[6.628163748196098,49.74190432355627],[6.628165939884268,49.741859389848777],[6.628168131566936,49.741814456140858],[6.628170323244101,49.74176952243252],[6.62817251491576,49.741724588723763],[6.628103164464052,49.741723168098723],[6.628105356194145,49.741678234391792],[6.628109739637819,49.741588366976657],[6.62817908989772,49.741589787594954],[6.628181281547366,49.741544853884513],[6.628183473191508,49.741499920173659],[6.628185664830147,49.741454986462372],[6.628187856463283,49.741410052750645],[6.628190048090914,49.74136511903852],[6.628192239713044,49.741320185325968],[6.628194431329669,49.741275251612997],[6.628196622940791,49.7412303178996],[6.628201006146526,49.741140450471534],[6.628203197741137,49.741095516756886],[6.628205389330246,49.74105058304179],[6.628207580913852,49.741005649326297],[6.628209772491953,49.740960715610377],[6.628211964064552,49.740915781894032],[6.628214155631649,49.740870848177252],[6.62821634719324,49.740825914460075],[6.628218538749329,49.740780980742464],[6.628220730299916,49.740736047024427],[6.628222921844999,49.740691113305985],[6.628153572863781,49.740689692732566],[6.628155764467294,49.740644759015943],[6.628157956065302,49.740599825298879],[6.628160147657808,49.740554891581418],[6.628162339244811,49.740509957863516],[6.62816453082631,49.740465024145195],[6.628166722402305,49.740420090426461],[6.628168913972798,49.740375156707309],[6.628171105537787,49.74033022298773],[6.628173297097275,49.740285289267717],[6.628175488651257,49.7402403555473],[6.628179871742714,49.740150488105193],[6.628182063280189,49.74010555438349],[6.628184254812159,49.740060620661389],[6.628186446338626,49.740015686938854],[6.628188637859592,49.7399707532159],[6.628190829375054,49.739925819492527],[6.628121481486173,49.73992439891579],[6.62812367306006,49.739879465194235],[6.628193020885011,49.739880885768734],[6.628195212389468,49.739835952044515],[6.62819740388842,49.739791018319877],[6.628266751591017,49.739792438848418],[6.628268943020537,49.739747505121102],[6.62819959538187,49.739746084594813],[6.628201786869816,49.73970115086933],[6.62820397835226,49.739656217143441],[6.628206169829201,49.739611283417105],[6.62820836130064,49.73956634969035],[6.628210552766575,49.739521415963203],[6.628212744227007,49.739476482235602],[6.628214935681937,49.739431548507596],[6.628217127131363,49.739386614779164],[6.628221510013709,49.739296747321028],[6.628223701446626,49.739251813591345],[6.628225892874043,49.739206879861214],[6.628228084295956,49.739161946130679],[6.628230275712366,49.739117012399717],[6.628160928974196,49.739115591863367],[6.628163120449031,49.739070658134224],[6.628165311918362,49.739025724404662],[6.628169694840517,49.738935856944295],[6.628171886293341,49.738890923213461],[6.628174077740661,49.738845989482215],[6.628178460618794,49.738756122018451],[6.628180652049606,49.738711188285954],[6.628182843474915,49.738666254553017],[6.628185034894723,49.738621320819668],[6.628187226309027,49.738576387085885],[6.628189417717828,49.738531453351698],[6.6281200718162,49.738530032803041],[6.628122263283425,49.738485099070672],[6.628124454745146,49.73844016533787],[6.628126646201364,49.738395231604649],[6.628131029097293,49.738305364136956],[6.628133220537002,49.738260430402484],[6.628137603399916,49.738170562932254],[6.628139794823118,49.738125629196496],[6.628141986240817,49.738080695460333],[6.628144177653015,49.738035761723744],[6.62814636905971,49.737990827986735],[6.628077023930672,49.737989407423534],[6.628079215395788,49.737944473688351],[6.628081406855399,49.73789953995275],[6.628085789758115,49.73780967248026],[6.62808798120122,49.737764738743387],[6.628090172638822,49.737719805006087],[6.62809236407092,49.737674871268375],[6.628094555497516,49.73762993753023],[6.628096746918611,49.737585003791679],[6.628098938334202,49.737540070052702],[6.628101129744291,49.737495136313299],[6.628103321148877,49.737450202573463],[6.628105512547959,49.737405268833228],[6.628107703941541,49.737360335092553],[6.628038359712914,49.737358914519291],[6.628040551164914,49.737313980780442],[6.62804274261141,49.737269047041181],[6.628044934052403,49.737224113301501],[6.628047125487896,49.737179179561387],[6.628049316917886,49.737134245820847],[6.628051508342372,49.737089312079902],[6.628055891174836,49.736999444596741],[6.627986547463075,49.736998023999959],[6.627988738934973,49.736953090259973],[6.627990930401368,49.736908156519597],[6.627995313317651,49.736818289037529],[6.627997504767539,49.736773355295881],[6.627999696211925,49.736728421553792],[6.628001887650806,49.736683487811298],[6.628004079084187,49.736638554068378],[6.628006270512066,49.736593620325031],[6.62800846193444,49.736548686581266],[6.627939118867368,49.736547265965442],[6.627943501823447,49.736457398481136],[6.627945693293232,49.736412464738343],[6.627947884757514,49.736367530995153],[6.627950076216295,49.736322597251508],[6.627880733474314,49.736321176605436],[6.627882924991509,49.736276242863624],[6.6278851165032,49.736231309121401],[6.62788730800939,49.73618637537875],[6.627889499510076,49.736141441635681],[6.627820157029268,49.736140020957109],[6.627822348588367,49.736095087215865],[6.627824540141964,49.736050153474189],[6.627826731690059,49.736005219732093],[6.627828923232651,49.735960285989592],[6.62775958101301,49.735958865278512],[6.627761772614014,49.735913931537823],[6.62783111476974,49.735915352246657],[6.627833306301325,49.735870418503303],[6.627763964209516,49.735868997796722],[6.627766155799515,49.735824064055187],[6.627768347384011,49.735779130313233],[6.627770538963004,49.735734196570853],[6.627772730536495,49.73568926282806],[6.62770338870585,49.735687842088964],[6.627705580337753,49.735642908347998],[6.627707771964152,49.735597974606605],[6.627709963585048,49.735553040864794],[6.627779305223949,49.735554461597147],[6.627781496775429,49.735509527852663],[6.627712155200442,49.735508107122556],[6.627714346810333,49.735463173379891],[6.62771653841472,49.7354182396368],[6.627718730013606,49.735373305893305],[6.627720921606988,49.735328372149382],[6.627723113194867,49.735283438405034],[6.627725304777243,49.735238504660266],[6.627655963591242,49.735237083902149],[6.627658155232029,49.735192150159214],[6.627660346867313,49.735147216415839],[6.627662538497095,49.735102282672045],[6.627593197508337,49.735100861879197],[6.627595389196527,49.735055928137243],[6.627597580879215,49.735010994394855],[6.62760196422808,49.734921126908816],[6.62760415589426,49.73487619316515],[6.627606347554935,49.734831259421085],[6.627610730859779,49.734741391931671],[6.627612922503946,49.734696458186342],[6.627615114142611,49.734651524440594],[6.627617305775773,49.734606590694405],[6.627547965495546,49.734605169884759],[6.627552348873182,49.734515302395629],[6.627554540553746,49.734470368650427],[6.627556732228806,49.734425434904821],[6.627558923898363,49.734380501158775],[6.627489583943196,49.734379080318867],[6.62749177567116,49.734334146574653],[6.627493967393622,49.734289212830006],[6.627498350822036,49.734199345339455],[6.627500542527988,49.734154411593565],[6.627502734228438,49.734109477847234],[6.627433394662233,49.734108056979323],[6.627435586421088,49.734063123234826],[6.627439969922289,49.733973255744552],[6.627442161664636,49.733928321998782],[6.627444353401479,49.733883388252586],[6.627375014160321,49.733881967354456],[6.627377205955568,49.733837033610087],[6.627379397745313,49.73379209986529],[6.627381589529556,49.733747166120082],[6.627383781308295,49.733702232374441],[6.627385973081532,49.733657298628401],[6.627316634165417,49.733655877699995],[6.627318825997056,49.733610943955775],[6.627321017823194,49.733566010211113],[6.627323209643826,49.733521076466047],[6.627325401458958,49.733476142720548],[6.627327593268585,49.733431208974636],[6.62725825467751,49.733429788015982],[6.627262638408067,49.733339920527378],[6.627264830265091,49.73329498678244],[6.627267022116611,49.733250053037089],[6.627269213962628,49.733205119291313],[6.62719987569659,49.733203698302411],[6.627202067601011,49.733158764558446],[6.627204259499926,49.733113830814077],[6.62720645139334,49.733068897069273],[6.627208643281249,49.733023963324058],[6.627139305276336,49.733022542302677],[6.627141497222648,49.732977608559274],[6.627145881098761,49.732887741071202],[6.627148073028561,49.732842807326556],[6.62715026495286,49.732797873581461],[6.627080927272975,49.732796452529833],[6.627083119255674,49.732751518786571],[6.627085311232869,49.732706585042898],[6.62708750320456,49.732661651298798],[6.627089695170748,49.732616717554265],[6.627020357751986,49.732615296470136],[6.627024741795657,49.73252542898431],[6.62702693380924,49.732480495240765],[6.627029125817316,49.732435561496807],[6.626959788659671,49.732434140380199],[6.626961980726147,49.732389206638054],[6.626964172787121,49.732344272895482],[6.62696636484259,49.732299339152497],[6.626968556892556,49.732254405409087],[6.626899219996026,49.732252984259986],[6.626901412104392,49.732208050518395],[6.62690360420725,49.732163116776398],[6.626905796304607,49.732118183033968],[6.62690798839646,49.732073249291119],[6.626838651761045,49.732071828109518],[6.626840843911294,49.732026894368495],[6.626843036056042,49.731981960627046],[6.626845228195284,49.731937026885177],[6.626847420329022,49.731892093142889],[6.626778083954719,49.731890671928809],[6.626782468333487,49.731800804447452],[6.626784660514614,49.731755870706138],[6.626786852690238,49.731710936964419],[6.626717516577044,49.731709515717824],[6.626719708811063,49.731664581977931],[6.62672190103958,49.731619648237604],[6.626724093262592,49.731574714496851],[6.626726285480099,49.731529780755679],[6.626656949628011,49.731528359476613],[6.626659141903914,49.731483425737274],[6.626661334174313,49.731438491997494],[6.626663526439208,49.731393558257309],[6.626665718698599,49.731348624516684],[6.626596383107612,49.731347203205139],[6.626600767737679,49.731257335727143],[6.626602960044457,49.731212401987506],[6.626533624650675,49.731210980641222],[6.626535817015846,49.731166046903411],[6.626538009375513,49.731121113165187],[6.626540201729676,49.73107617942653],[6.626542394078334,49.731031245687454],[6.62647305894565,49.731029824308685],[6.626475251352701,49.730984890571442],[6.62647744375425,49.730939956833772],[6.626479636150293,49.73089502309567],[6.626410301214808,49.730893601682155],[6.626412493669243,49.730848667945892],[6.626414686118175,49.730803734209204],[6.626416878561602,49.730758800472088],[6.626347543823314,49.730757379023856],[6.626349736325134,49.730712445288574],[6.626351928821448,49.730667511552866],[6.626282594216461,49.73066609006765],[6.626284786771167,49.730621156333761],[6.626286979320369,49.730576222599453],[6.62621764484868,49.730574801077275],[6.626219837456273,49.730529867344785],[6.626222030058361,49.730484933611876],[6.626224222654944,49.730439999878548],[6.62615488838045,49.730438578321625],[6.626157081035424,49.73039364459013],[6.626159273684892,49.730348710858202],[6.626089939543697,49.730347289264309],[6.626092132251556,49.730302355534199],[6.62609432495391,49.730257421803678],[6.626024990946012,49.730256000172808],[6.626027183706756,49.730211066444113],[6.626029376461993,49.730166132714984],[6.626031569211727,49.730121198985451],[6.62596223540102,49.73011977731985],[6.625964428209143,49.730074843592135],[6.625966621011759,49.730029909863987],[6.625897287334349,49.730028488161409],[6.625899480195354,49.729983554435101],[6.625901673050854,49.72993862070836],[6.625903865900849,49.7298936869812],[6.625834532420629,49.729892265243897],[6.625836725329012,49.729847331518563],[6.625838918231888,49.729802397792817],[6.625769584884961,49.729800976018538],[6.625771777846226,49.729756042294603],[6.625773970801985,49.729711108570235],[6.625776163752239,49.729666174845477],[6.625706830602499,49.729664753036467],[6.625709023611139,49.72961981931352],[6.625711216614274,49.729574885590146],[6.625641883597826,49.72957346374416],[6.625644076659347,49.729528530022613],[6.625646269715363,49.729483596300646],[6.625648462765872,49.729438662578247],[6.62557912994661,49.729437240697536],[6.625581323055505,49.729392306976976],[6.625583516158895,49.729347373255983],[6.625514183472924,49.729345951338303],[6.625516376634698,49.729301017619136],[6.625518569790967,49.729256083899564],[6.625522956086986,49.72916621645912],[6.625525149226736,49.729121282738276],[6.62545581686573,49.729119860790355],[6.625458010063864,49.729074927071331],[6.625460203256493,49.729029993351887],[6.62546678280134,49.728895192191018],[6.625468975971945,49.72885025846989],[6.625473362296634,49.728760391026356],[6.625475555450718,49.728715457303963],[6.625477748599297,49.728670523581137],[6.625479941742372,49.728625589857899],[6.625482134879938,49.728580656134234],[6.625412803291118,49.728579234171796],[6.625414996487068,49.728534300449965],[6.625417189677512,49.7284893667277],[6.625347858221978,49.7284879447283],[6.625350051470803,49.728443011007862],[6.625352244714123,49.728398077287011],[6.625282913391874,49.728396655250634],[6.625285106693575,49.72835172153161],[6.62528729998977,49.728306787812144],[6.625217968800805,49.728305365738805],[6.625220162155381,49.728260432021166],[6.625150831035813,49.728259009908605],[6.62515302444877,49.728214076192813],[6.625155217856221,49.728169142476581],[6.625085886869936,49.728167720327043],[6.625088080335767,49.728122786612644],[6.625090273796092,49.728077852897826],[6.62502094294309,49.728076430711326],[6.625023136461795,49.728031496998319],[6.625025329974993,49.727986563284894],[6.624955999255274,49.727985141061417],[6.624958192826852,49.727940207349825],[6.624888862176529,49.72793878508714],[6.624819531531715,49.727937362782974],[6.624817337832365,49.727982296490076],[6.624748007129176,49.727980874142197],[6.624678676431495,49.727979451752873],[6.624676482598865,49.728024385455051],[6.624607151842807,49.728022963022013],[6.62453782109226,49.728021540547502],[6.624535627126347,49.728066474244784],[6.624466296317425,49.72806505172656],[6.624396965514012,49.728063629166883],[6.624394771414819,49.728108562859227],[6.624325440553029,49.728107140255837],[6.62425610969675,49.728105717610973],[6.624186778845983,49.728104294924641],[6.624188973136837,49.728059361239048],[6.624191167422183,49.728014427553006],[6.624121836704701,49.728013004829712],[6.624124031048424,49.727968071145497],[6.62419336170202,49.727969493866546],[6.624262692361127,49.727970916546127],[6.624332023025745,49.727972339184241],[6.6243342171723,49.727927405492878],[6.624403547778543,49.727928828087293],[6.624472878390296,49.72793025064022],[6.62447507240357,49.72788531694394],[6.624544402956948,49.727886739453176],[6.624613733515836,49.72788816192093],[6.624615927395829,49.72784322821974],[6.624685257896341,49.727844650643796],[6.624687451706941,49.72779971693992],[6.624756782149076,49.727801139320256],[6.624758975890281,49.727756205613723],[6.624689645512033,49.727754783235618],[6.624620315139293,49.727753360816067],[6.624622509002762,49.727708427113598],[6.624626896713181,49.727618559707395],[6.624629090560127,49.727573626003668],[6.624631284401566,49.727528692299515],[6.624633478237498,49.727483758594929],[6.62456414825358,49.727482336147382],[6.624566342147888,49.727437402444636],[6.62456853603669,49.727392468741463],[6.62449920618605,49.727391046256948],[6.624501400133227,49.727346112555601],[6.624432070351983,49.72734469003187],[6.624434264357536,49.727299756332343],[6.624364934645686,49.727298333769404],[6.624367128709615,49.72725340007171],[6.624297799067159,49.72725197746955],[6.624299993189465,49.727207043773682],[6.624230663616403,49.727205621132299],[6.624232857797083,49.727160687438257],[6.624163528293417,49.727159264757667],[6.624165722532472,49.727114331065451],[6.624096393098199,49.727112908345639],[6.624098587395629,49.727067974655235],[6.62402925803075,49.727066551896215],[6.624031452386554,49.727021618207658],[6.623962123091069,49.727020195409423],[6.623964317505248,49.726975261722679],[6.623894988279157,49.726973838885222],[6.623897182751709,49.726928905200317],[6.623827853595015,49.726927482323646],[6.623830048125938,49.72688254864056],[6.623760719038637,49.726881125724681],[6.623762913627935,49.726836192043407],[6.623693584610027,49.726834769088313],[6.623695779257698,49.726789835408866],[6.623626450309184,49.726788412414564],[6.623628645015228,49.72674347873695],[6.623630839715761,49.726698545058916],[6.623561510900523,49.726697122027637],[6.623563705659428,49.726652188351437],[6.623494376913584,49.726650765280944],[6.62349657173086,49.72660583160657],[6.623498766542626,49.726560897931755],[6.623500961348883,49.726515964256542],[6.623431632800195,49.726514541151325],[6.623433827664824,49.726469607477931],[6.623436022523941,49.726424673804104],[6.623366694108526,49.726423250661931],[6.623368889026015,49.726378316989944],[6.623371083937992,49.726333383317524],[6.623301755655852,49.726331960138396],[6.623303950626201,49.726287026467794],[6.623306145591037,49.726242092796788],[6.623236817442171,49.726240669580683],[6.623239012465378,49.726195735911496],[6.623241207483074,49.726150802241889],[6.62317187946748,49.726149378988822],[6.623174074543545,49.726104445321042],[6.623104746597344,49.726103022028774],[6.623106941731777,49.726058088362812],[6.623109136860701,49.726013154696432],[6.623111331984114,49.725968221029632],[6.623042004235064,49.725966797702647],[6.623044199416844,49.725921864037666],[6.622974871737186,49.725920440671452],[6.622977066977335,49.725875507008311],[6.622979262211972,49.725830573344759],[6.622909934665585,49.725829149941575],[6.622912129958589,49.725784216279841],[6.622914325246082,49.725739282617681],[6.622844997832965,49.725737859177542],[6.622847193178827,49.725692925517208],[6.622777865835101,49.725691502037854],[6.622780061239327,49.725646568379346],[6.622782256638045,49.725601634720419],[6.622784452031248,49.725556701061066],[6.62271512488467,49.725555277547009],[6.62271732033624,49.725510343889482],[6.622647993259052,49.725508920336217],[6.622650188768989,49.725463986680509],[6.622580861761191,49.725462563088023],[6.622583057329493,49.725417629434148],[6.622585252892283,49.725372695779861],[6.622515926017755,49.725371272150419],[6.622518121638909,49.725326338497943],[6.622448794833772,49.725324914829294],[6.622450990513292,49.725279981178652],[6.622453186187299,49.72523504752759],[6.622383859515429,49.725233623821978],[6.6223860552478,49.725188690172743],[6.62231672864532,49.725187266427916],[6.622318924436055,49.725142332780514],[6.622249597902966,49.725140908996472],[6.622251793752065,49.725095975350897],[6.622182467288368,49.725094551527626],[6.62218466319583,49.72504961788389],[6.622115336801521,49.725048194021419],[6.622117532767346,49.725003260379495],[6.622119728727657,49.724958326737159],[6.622050402466616,49.724956902837732],[6.62205259848529,49.724911969197215],[6.621983272293639,49.724910545258581],[6.621985468370675,49.724865611619904],[6.621916142248415,49.724864187642055],[6.621918338383814,49.724819254005176],[6.621849012330943,49.724817829988126],[6.621851208524702,49.724772896353095],[6.621781882541222,49.72477147229683],[6.621784078793342,49.724726538663631],[6.621714752879251,49.724725114568159],[6.621716949189732,49.724680180936772],[6.621719145494701,49.724635247304974],[6.621649819713875,49.724633823172539],[6.621652016077204,49.724588889542574],[6.621582690365767,49.724587465370931],[6.621584886787456,49.72454253174277],[6.621515561145409,49.724541107531934],[6.621517757625456,49.724496173905621],[6.6214484320528,49.724494749655555],[6.621450628591207,49.724449816031068],[6.621381303087941,49.724448391741802],[6.621383499684708,49.724403458119127],[6.621314174250831,49.724402033790668],[6.621316370905955,49.724357100169833],[6.621247045541469,49.724355675802144],[6.621249242254953,49.724310742183143],[6.621179916959855,49.724309317776246],[6.621182113731697,49.724264384159071],[6.621112788505989,49.724262959712966],[6.62111498533619,49.72421802609761],[6.62104566017987,49.724216601612312],[6.621047857068428,49.724171667998796],[6.6209785319815,49.724170243474269],[6.620980728928414,49.724125309862572],[6.620911403910875,49.724123885298859],[6.620913600916146,49.724078951688995],[6.620844275967997,49.724077527086067],[6.620846473031624,49.724032593478029],[6.620777148152865,49.724031168835879],[6.620779345274849,49.723986235229681],[6.620710020465478,49.72398481054833],[6.620712217645817,49.723939876943959],[6.620642892905837,49.723938452223393],[6.620645090144532,49.723893518620841],[6.620575765473941,49.723892093861082],[6.620577962770991,49.723847160260362],[6.620508638169788,49.723845735461403],[6.620510835525194,49.72380080186251],[6.620441510993381,49.723799377024335],[6.62044370840714,49.723754443427275],[6.620374383944717,49.723753018549885],[6.62037658141683,49.723708084954659],[6.620307257023796,49.723706660038069],[6.620309454554264,49.723661726444654],[6.62024013023062,49.72366030148887],[6.620242327819441,49.723615367897288],[6.620173003565186,49.723613942902283],[6.620103679316449,49.723612517865824],[6.620105877027493,49.723567584278335],[6.620036552848146,49.723566159202676],[6.620038750617544,49.723521225616999],[6.619969426507585,49.723519800502132],[6.619971624335337,49.723474866918295],[6.619902300294767,49.72347344176422],[6.619832976259718,49.723472016568685],[6.619835174209689,49.723427082988934],[6.619837372154144,49.723382149408749],[6.619768048252354,49.723380724176273],[6.619698724356083,49.723379298902316],[6.619700922422758,49.723334365326217],[6.619631598595877,49.723332940013073],[6.619633796720903,49.7232880064388],[6.619564472963411,49.723286581086448],[6.619566671146788,49.723241647514008],[6.619497347458685,49.723240222122449],[6.619499545700411,49.723195288551835],[6.619430222081697,49.723193863121068],[6.619432420381774,49.723148929552302],[6.619363096832449,49.723147504082327],[6.619365295190876,49.723102570515373],[6.61929597171094,49.723101145006211],[6.619298170127718,49.723056211441076],[6.619300368538974,49.723011277875536],[6.619231045192296,49.723009852329412],[6.619233243661903,49.72296491876569],[6.619163920384612,49.722963493180366],[6.619166118912569,49.722918559618485],[6.619168317435005,49.722873626056177],[6.619098994290971,49.722872200433891],[6.619101192871756,49.722827266873416],[6.61903186979711,49.722825841211943],[6.619034068436243,49.722780907653281],[6.618964745430985,49.722779481952593],[6.618966944128466,49.722734548395785],[6.618897621192598,49.722733122655882],[6.618899819948425,49.7226881891009],[6.618830497081944,49.722686763321811],[6.61883269589612,49.722641829768641],[6.618763373099028,49.722640403950351],[6.618765571971548,49.722595470399028],[6.61876777083855,49.722550536847272],[6.618698448174713,49.72254911099202],[6.618700647100059,49.722504177442097],[6.618631324505611,49.722502751547651],[6.618633523489303,49.722457817999562],[6.618564200964244,49.722456392065901],[6.618566400006282,49.722411458519652],[6.618497077550609,49.722410032546783],[6.618499276650993,49.722365099002367],[6.618429954264708,49.722363672990305],[6.618432153423437,49.722318739447715],[6.618362831106539,49.722317313396438],[6.618365030323613,49.722272379855674],[6.618295708076105,49.722270953765211],[6.618297907351521,49.722226020226273],[6.618228585173401,49.722224594096609],[6.618230784507163,49.722179660559497],[6.61816146239843,49.722178234390618],[6.618163661790534,49.722133300855347],[6.618094339751189,49.722131874647275],[6.618096539201637,49.722086941113837],[6.61802721723168,49.722085514866571],[6.618029416740471,49.722040581334952],[6.617960094839902,49.722039155048471],[6.617890772944858,49.722037728720537],[6.617892972575856,49.72199279519301],[6.61789517220133,49.721947861665065],[6.617825850439537,49.721946435300183],[6.617756528683268,49.721945008893847],[6.61775872843095,49.72190007536998],[6.617689406744068,49.721898648924437],[6.617691606550092,49.721853715402403],[6.617622284932597,49.72185228891766],[6.617624484796961,49.721807355397473],[6.617555163248855,49.721805928873529],[6.61755736317156,49.721760995355169],[6.617488041692842,49.721759568792017],[6.617490241673886,49.721714635275482],[6.617420920264557,49.72171320867313],[6.617423120303942,49.721668275158429],[6.617353798963999,49.72166684851689],[6.617284477629582,49.72166542183389],[6.61728667779117,49.721620488323261],[6.617217356526139,49.721619061601068],[6.617219556746067,49.721574128092278],[6.617221756960471,49.721529194583063],[6.617152435828691,49.721527767823922],[6.617154636101434,49.721482834316539],[6.617085315039041,49.721481407518198],[6.617087515370123,49.721436474012648],[6.617018194377119,49.721435047175099],[6.617020394766538,49.72139011367139],[6.61695107384292,49.721388686794647],[6.61688175292483,49.721387259876451],[6.616883953436449,49.721342326376814],[6.616814632587745,49.721340899419417],[6.616816833157702,49.721295965921612],[6.616747512378387,49.721294538925015],[6.61674971300668,49.721249605429058],[6.616680392296751,49.721248178393253],[6.616682592983381,49.721203244899122],[6.616613272342841,49.721201817824124],[6.616615473087808,49.721156884331819],[6.616546152516653,49.721155457217641],[6.616548353319957,49.721110523727155],[6.61647903281819,49.721109096573763],[6.61648123367983,49.721064163085117],[6.616411913247451,49.721062735892531],[6.616414114167426,49.721017802405726],[6.616344793804434,49.721016375173924],[6.616346994782744,49.720971441688953],[6.616277674489139,49.720970014417965],[6.616279875525784,49.720925080934826],[6.616210555301567,49.720923653624624],[6.616141235082877,49.72092222627299],[6.616143436241716,49.720877292793936],[6.616074116092413,49.720875865403109],[6.616076317309587,49.720830931925875],[6.616078518521235,49.720785998448228],[6.616009198505178,49.720784571020445],[6.61593987849465,49.720783143551216],[6.615942079828491,49.720738210077656],[6.615944281156806,49.720693276603676],[6.615874961279525,49.720691849097499],[6.615877162666172,49.720646915625352],[6.615807842858278,49.720645488079981],[6.615738523055911,49.720644060493157],[6.615740724564749,49.720599127025103],[6.61567140483177,49.720597699399079],[6.615673606398942,49.720552765932844],[6.61560428673535,49.720551338267626],[6.615606488360853,49.720506404803231],[6.615537168766648,49.720504977098805],[6.615539370450483,49.720460043636251],[6.615470050925664,49.720458615892639],[6.615472252667831,49.720413682431897],[6.615402933212399,49.720412254649084],[6.615405135012896,49.720367321190182],[6.615335815626852,49.720365893368182],[6.615338017485679,49.72032095991112],[6.615268698169022,49.720319532049928],[6.61527090008618,49.720274598594685],[6.615201580838908,49.720273170694284],[6.615203782814397,49.720228237240882],[6.615134463636513,49.720226809301295],[6.615065144464159,49.720225381320247],[6.615067346561833,49.720180447870945],[6.615069548653979,49.720135514421202],[6.615000229614869,49.720134086403213],[6.615002431765345,49.720089152955303],[6.614933112795621,49.720087724898129],[6.614935315004427,49.720042791452073],[6.614865996104089,49.720041363355683],[6.614796677209283,49.720039935217862],[6.614798879540272,49.719995001775871],[6.614729560714853,49.719993573598863],[6.614731763104169,49.719948640158719],[6.614662444348136,49.719947211942497],[6.614664646795781,49.719902278504193],[6.614595328109135,49.719900850248777],[6.614597530615105,49.719855916812293],[6.614528211997848,49.719854488517676],[6.614530414562146,49.719809555083046],[6.614461096014273,49.719808126749228],[6.614463298636897,49.719763193316432],[6.614393980158411,49.719761764943435],[6.614396182839362,49.719716831512457],[6.614326864430263,49.71971540310026],[6.61432906716954,49.719670469671129],[6.614259748829827,49.719669041219731],[6.614190430495646,49.719667612726887],[6.614192633357103,49.719622679301835],[6.614123315092309,49.719621250769798],[6.614125518012091,49.719576317346586],[6.614127720926343,49.719531383922948],[6.61405840279479,49.71952995535397],[6.614060605767367,49.719485021932172],[6.613991287705201,49.719483593324],[6.613921969648566,49.719482164674389],[6.613924172743323,49.71943723125667],[6.613854854756074,49.719435802567858],[6.613857057909153,49.719390869151987],[6.613787739991292,49.719389440423981],[6.613789943202694,49.719344507009936],[6.613720625354221,49.71934307824273],[6.613651307511278,49.719341649434085],[6.613653510844857,49.719296716024139],[6.613655714172906,49.719251782613753],[6.613586396463204,49.719250353768174],[6.613588599849576,49.719205420359629],[6.613519282209261,49.719203991474856],[6.613521485653952,49.719159058068151],[6.613452168083024,49.719157629144171],[6.613454371586039,49.719112695739312],[6.613385054084496,49.719111266776146],[6.613315736588487,49.719109837771533],[6.613317940213676,49.719064904370747],[6.613248622787053,49.719063475326948],[6.613250826470565,49.719018541928001],[6.613181509113327,49.719017112844995],[6.613183712855158,49.718972179447896],[6.613114395567307,49.718970750325695],[6.613116599367459,49.71892581693043],[6.613047282148994,49.718924387769036],[6.613049486007467,49.718879454375603],[6.61298016885839,49.718878025175016],[6.612910851714845,49.718876595932997],[6.612913055695489,49.71883166254365],[6.612843738621331,49.71883023326243],[6.612845942660295,49.718785299874924],[6.612776625655524,49.718783870554518],[6.612778829752807,49.718738937168837],[6.612709512817421,49.718737507809244],[6.612640195887571,49.718736078408178],[6.612642400107022,49.718691145026604],[6.612573083246559,49.718689715586365],[6.61250376639163,49.718688286104666],[6.612505970733253,49.71864335272717],[6.61250817506934,49.71859841934927],[6.61243885834765,49.718596989830637],[6.612369541631495,49.718595560270558],[6.61237174608975,49.718550626896743],[6.612302429442981,49.718549197297484],[6.612304633959555,49.718504263925503],[6.612235317382172,49.718502834287037],[6.612166000810325,49.718501404607139],[6.612168205449066,49.718456471239257],[6.612098888946605,49.718455041520166],[6.612101093643663,49.718410108154103],[6.612031777210588,49.718408678395818],[6.612033981965961,49.718363745031596],[6.611964665602273,49.718362315234124],[6.611966870415961,49.718317381871749],[6.61189755412166,49.718315952035077],[6.611828237832897,49.718314522156952],[6.611830442768749,49.718269588798684],[6.611761126549371,49.718268158881372],[6.611763331543539,49.718223225524923],[6.611694015393548,49.718221795568425],[6.611624699249095,49.718220365570474],[6.611626904365426,49.718175432218132],[6.611557588290358,49.718174002181001],[6.611488272220828,49.718172572102411],[6.611490477459322,49.718127638754162],[6.611421161459178,49.718126208636384],[6.611423366755987,49.718081275289954],[6.61135405082523,49.718079845132991],[6.611284734900011,49.718078414934574],[6.61128694031898,49.718033481592265],[6.611217624463148,49.718032051354655],[6.611148308612854,49.71803062107562],[6.611150514153985,49.717985687737375],[6.611081198373078,49.717984257419147],[6.61108340397252,49.717939324082749],[6.611014088261001,49.71793789372532],[6.611016293918754,49.717892960390778],[6.610946978276621,49.717891529994148],[6.610949183992687,49.717846596661438],[6.61087986841994,49.717845166225629],[6.610810552852731,49.717843735748382],[6.610812758690956,49.717798802419765],[6.610743443193136,49.717797371903316],[6.610674127700854,49.717795941345429],[6.610676333661237,49.717751008020905],[6.610607018238341,49.717749577423831],[6.610609224257035,49.71770464410114],[6.610539908903528,49.717703213464873],[6.61047059355556,49.717701782787167],[6.61047279969641,49.717656849468582],[6.610403484417828,49.717655418751676],[6.610334169144787,49.71765398799333],[6.610336375407794,49.717609054678839],[6.61026706020414,49.717607623881307],[6.610269266525455,49.717562690568649],[6.610199951391188,49.717561259731916],[6.610202157770812,49.717516326421105],[6.610132842705933,49.717514895545193],[6.610063527646592,49.717513464627828],[6.610065734148371,49.717468531321117],[6.60999641915842,49.717467100364573],[6.609927104174007,49.717465669366582],[6.60992931079794,49.717420736063957],[6.609859995882916,49.71741930502678],[6.609862202565155,49.717374371725995],[6.609792887719518,49.717372940649625],[6.609723572879423,49.717371509531823],[6.609725779683814,49.717326576235145],[6.609656464913106,49.717325145078135],[6.60958715014794,49.717323713879686],[6.609589357074483,49.717278780587101],[6.609520042378706,49.717277349349473],[6.609450727688468,49.717275918070399],[6.609452934737164,49.717230984781906],[6.609383620116314,49.717229553463639],[6.609385827223316,49.717184620176987],[6.609316512671853,49.717183188819533],[6.609247198125933,49.717181757420633],[6.609177883585557,49.717180325980287],[6.609180090878553,49.717135392699994],[6.609110776407564,49.717133961220469],[6.609041461942116,49.717132529699491],[6.609043669357263,49.717087596423305],[6.608974354961203,49.717086164863133],[6.608905040570688,49.717084733261515],[6.608907248107982,49.717039799989436],[6.608837933786853,49.717038368348639],[6.608768619471269,49.717036936666403],[6.608770827130711,49.71699200339841],[6.608701512884515,49.716990571676988],[6.608632198643863,49.716989139914112],[6.608634406425452,49.716944206650233],[6.608565092254187,49.716942774848171],[6.608495778088468,49.716941343004656],[6.608426463928291,49.716939911119702],[6.608428671895871,49.716894977862182],[6.608359357805083,49.716893545938049],[6.60829004371984,49.716892113972463],[6.608292251809566,49.716847180719036],[6.608222937793712,49.716845748714263],[6.608153623783402,49.716844316668052],[6.608155831995272,49.716799383418739],[6.608086518054352,49.716797951333334],[6.607947890189145,49.716795087038193],[6.607950098587003,49.716750153795239],[6.607880784726561,49.71674872158777],[6.607811470871664,49.716747289338848],[6.607813679391666,49.716702356099994],[6.607744365606158,49.716700923811885],[6.607675051826196,49.716699491482331],[6.60767726046834,49.716654558247583],[6.607607946757769,49.716653125878842],[6.607538633052743,49.71665169346867],[6.607540841817029,49.716606760238008],[6.607471528181391,49.716605327788649],[6.607402214551301,49.716603895297837],[6.607332900926758,49.716602462765586],[6.607335109877027,49.716557529541298],[6.607265796321872,49.716556096969853],[6.607196482772265,49.71655466435697],[6.607198691844675,49.716509731136796],[6.607129378364458,49.716508298484726],[6.607060064889787,49.71650686579121],[6.607062274084337,49.716461932575136],[6.606992960679055,49.716460499842434],[6.606923647279323,49.716459067068293],[6.606925856596011,49.716414133856318],[6.606856543265668,49.716412701042991],[6.606787229940872,49.716411268188217],[6.606789439379698,49.716366334980364],[6.606720126124292,49.716364902086411],[6.606650812874435,49.716363469151005],[6.606581499630125,49.716362036174168],[6.606583709254931,49.71631710297266],[6.606514396080012,49.716315669956636],[6.606445082910641,49.716314236899173],[6.606447292657585,49.716269303701772],[6.606377979557604,49.716267870605115],[6.606308666463173,49.716266437467013],[6.606239353374289,49.716265004287479],[6.60624156330721,49.716220071096444],[6.606172250287718,49.716218637877724],[6.606102937273775,49.71621720461755],[6.60610514732883,49.716172271430622],[6.606035834384279,49.716170838131276],[6.605966521445276,49.716169404790485],[6.605968731622466,49.716124471607657],[6.605899418752854,49.716123038227686],[6.605830105888792,49.716121604806261],[6.605760793030282,49.716120171343405],[6.605763003393445,49.716075238166958],[6.605693690604324,49.716073804664909],[6.605624377820753,49.71607237112142],[6.60562658830605,49.716027437949066],[6.60555727559187,49.716026004366398],[6.605559486135459,49.715981071195884],[6.605490173490672,49.715979637574037],[6.605420860851434,49.715978203910737],[6.605351548217748,49.715976770205991],[6.605353758947309,49.715931837041865],[6.605284446383014,49.715930403297946],[6.60521513382427,49.715928969512582],[6.605217344675961,49.715884036352548],[6.605148032186609,49.715882602527998],[6.605078719702808,49.715881168662015],[6.605080930676628,49.715836235506096],[6.60501161826222,49.71583480160092],[6.604942305853363,49.715833367654305],[6.604944516949313,49.7157884345025],[6.604875204609847,49.715787000516706],[6.604805892275934,49.715785566489465],[6.604736579947573,49.715784132420787],[6.604738791229492,49.715739199275333],[6.604669478970522,49.715737765167482],[6.604600166717105,49.715736331018171],[6.604602378121151,49.715691397876832],[6.604533065937126,49.715689963688348],[6.604463753758656,49.715688529458411],[6.604465965284829,49.715643596321186],[6.604396653175749,49.715642162052077],[6.604327341072223,49.715640727741537],[6.604329552720523,49.715595794608404],[6.604260240686389,49.715594360258677],[6.604190928657808,49.715592925867504],[6.604193140428234,49.715547992738507],[6.604123828469045,49.715546558308155],[6.604054516515411,49.715545123836357],[6.603985204567331,49.715543689323113],[6.60398741652372,49.715498756200475],[6.603918104645031,49.715497321648058],[6.603848792771899,49.715495887054182],[6.603851004850412,49.715450953935658],[6.603781693046671,49.715449519302624],[6.603712381248484,49.715448084628129],[6.60371459344912,49.715403151513719],[6.603645281720327,49.715401716800059],[6.603575969997088,49.715400282044961],[6.603578182319848,49.715355348934636],[6.603508870666001,49.715353914140351],[6.603439559017712,49.715352479304627],[6.603370247374976,49.715351044427457],[6.603372459883696,49.715306111323521],[6.603303148310353,49.715304676407179],[6.603233836742567,49.715303241449377],[6.603236049373407,49.715258308349561],[6.603166737875014,49.715256873352594],[6.603097426382178,49.715255438314173],[6.603099639135137,49.715210505218472],[6.603030327711694,49.715209070140872],[6.602961016293807,49.715207635021855],[6.602891704881475,49.71520619986137],[6.602893917820392,49.715161266772036],[6.602824606477455,49.715159831572379],[6.602755295140075,49.715158396331283],[6.602757508201109,49.71511346324607],[6.602688196933124,49.715112027965795],[6.602618885670693,49.715110592644088],[6.602621098853848,49.715065659562967],[6.602551787660812,49.715064224202081],[6.602482476473332,49.715062788799742],[6.602484689778604,49.715017855722728],[6.602415378660519,49.715016420281223],[6.602346067547992,49.715014984798273],[6.60234828097538,49.714970051725402],[6.602278969932247,49.714968616203258],[6.602209658894671,49.71496718063969],[6.602140347862655,49.714965745034668],[6.602142561475993,49.714920811968163],[6.602073250513372,49.714919376323969],[6.602075464184991,49.714874443259305],[6.602006153291763,49.714873007575932],[6.601936842404093,49.714871571851127],[6.601939056197827,49.714826638790584],[6.601869745379551,49.714825203026592],[6.601800434566834,49.714823767221169],[6.601802648482682,49.71477883416474],[6.60173333773936,49.71477739832013],[6.601664027001598,49.714775962434075],[6.60166624103956,49.714731029381753],[6.601596930371191,49.714729593456525],[6.601527619708381,49.714728157489873],[6.601529833868454,49.714683224441657],[6.601460523275041,49.714681788435826],[6.601391212687185,49.714680352388555],[6.60132190210489,49.714678916299832],[6.601252591528155,49.714677480169662],[6.60125480593801,49.714632547130101],[6.601185495430671,49.714631110960759],[6.601116184928892,49.714629674749979],[6.601118399460858,49.714584741714532],[6.601049089028473,49.714583305464586],[6.60097977860165,49.714581869173188],[6.600981993255727,49.714536936141862],[6.600912682898298,49.714535499811284],[6.60084337254643,49.714534063439274],[6.600845587322617,49.714489130412048],[6.600776277040145,49.714487694000866],[6.600706966763235,49.714486257548245],[6.60070918166153,49.71444132452514],[6.600639871454014,49.714439888033326],[6.60057056125206,49.714438451500087],[6.600501251055668,49.714437014925402],[6.600503466139905,49.714392081908692],[6.600434156012908,49.714390645294827],[6.600436371155419,49.714345712279943],[6.600367061097819,49.714344275626921],[6.60029775104578,49.714342838932446],[6.600299966310396,49.714297905921683],[6.600230656327753,49.714296469188035],[6.600161346350673,49.714295032412949],[6.600092036379156,49.714293595596423],[6.600094251829711,49.714248662592055],[6.600024941927591,49.714247225736344],[6.599955632031032,49.7142457888392],[6.599957847603693,49.714200855838946],[6.59988853777653,49.714199418902631],[6.599819227954932,49.714197981924876],[6.599821443649698,49.714153048928729],[6.599752133897494,49.714151611911802],[6.599682824150856,49.71415017485343],[6.599613514409779,49.714148737753618],[6.599615730290481,49.714103804763866],[6.599546420618802,49.714102367624875],[6.599477110952687,49.714100930444452],[6.599479326955493,49.714055997458814],[6.599410017358774,49.714054560239227],[6.599340707767619,49.714053122978179],[6.599342923892526,49.714008189996655],[6.599273614370768,49.714006752696449],[6.599204304854575,49.714005315354797],[6.599134995343946,49.714003877971706],[6.599137211654787,49.713958944996577],[6.599067902213556,49.713957507574314],[6.59899859277789,49.713956070110598],[6.598929283347789,49.713954632605457],[6.598931499844561,49.713909699636716],[6.59893371633577,49.713864766667555],[6.598864407038898,49.713863329125502],[6.598795097747591,49.713861891542017],[6.59872578846185,49.7138604539171],[6.598656479181676,49.713859016250716],[6.598658695922648,49.71381408329021],[6.59858938671187,49.71381264558466],[6.598520077506659,49.713811207837679],[6.598522294369728,49.713766274881287],[6.598452985233915,49.713764837095148],[6.598383676103667,49.713763399267549],[6.598385893088833,49.713718466315285],[6.598316584027983,49.713717028448528],[6.5982472749727,49.713715590540318],[6.598249492079964,49.713670657592168],[6.598180183094078,49.7136692196448],[6.598110874113759,49.713667781655985],[6.598113091343119,49.713622848711957],[6.598043782432199,49.713621410683977],[6.597974473526846,49.713619972614552],[6.59790516462706,49.713618534503681],[6.597907382042346,49.713573601566047],[6.597838073211958,49.713572163416025],[6.597768764387139,49.713570725224542],[6.597770981924519,49.713525792291009],[6.597701673169099,49.713524354060368],[6.597632364419245,49.713522915788289],[6.597634582078719,49.71347798285889],[6.597565273398263,49.713476544547646],[6.597495964723377,49.713475106194956],[6.597426656054059,49.713473667800812],[6.597428873899455,49.713428734877816],[6.597359565299537,49.713427296444507],[6.597290256705185,49.713425857969767],[6.597292474672676,49.713380925050878],[6.597223166147723,49.713379486536972],[6.597225384173475,49.71333455361993],[6.597156075717921,49.713333115066852],[6.597086767267936,49.713331676472336],[6.597017458823522,49.713330237836381],[6.597019677035193,49.713285304925741],[6.596950368660177,49.713283866250613],[6.596881060290731,49.713282427534047],[6.596883278624494,49.713237494627514],[6.596813970324447,49.713236055871782],[6.596744662029971,49.713234617074619],[6.596746880485822,49.713189684172207],[6.596677572260744,49.713188245335864],[6.596608264041236,49.71318680645809],[6.5965389558273,49.71318536753887],[6.596541174469069,49.713140434642867],[6.596471866324531,49.713138995684474],[6.596402558185564,49.713137556684657],[6.596404776949422,49.713092623792768],[6.596335468879854,49.713091184753758],[6.596266160815857,49.713089745673336],[6.596268379701802,49.713044812785576],[6.596199071707205,49.713043373665968],[6.596129763718181,49.713041934504929],[6.59613198272621,49.712997001621297],[6.596062674806585,49.712995562421085],[6.595993366892531,49.712994123179449],[6.595995586022647,49.712949190299931],[6.595926278177993,49.712947751019129],[6.595856970338911,49.712946311696868],[6.595859189591113,49.712901378821471],[6.595789881821431,49.712899939460037],[6.595720574057321,49.712898500057186],[6.595651266298783,49.712897060612896],[6.595653485736897,49.712852127743908],[6.595584178047759,49.712850688260431],[6.595586397544131,49.71280575539329],[6.595517089924392,49.71280431587067],[6.595447782310228,49.712802876306604],[6.595450001928682,49.712757943443584],[6.595380694383917,49.712756503840353],[6.595311386844727,49.712755064195676],[6.595313606585262,49.71271013133677],[6.595244299115471,49.712708691652935],[6.595174991651255,49.712707251927661],[6.595105684192611,49.712705812160948],[6.595107904119055,49.712660879308444],[6.595038596729812,49.712659439502559],[6.594969289346142,49.712657999655242],[6.594971509394667,49.712613066806874],[6.594902202080399,49.712611626920392],[6.594832894771706,49.712610186992464],[6.594763587468586,49.712608747023104],[6.594765807703017,49.712563814181131],[6.594696500469299,49.712562374172599],[6.594627193241156,49.712560934122635],[6.594629413597665,49.71251600128479],[6.594560106438923,49.712514561195668],[6.594562326853685,49.712469628359671],[6.594493019764343,49.712468188231377],[6.594423712680577,49.712466748061637],[6.594354405602386,49.712465307850465],[6.594356626203052,49.712420375020869],[6.594287319194263,49.71241893477054],[6.594218012191048,49.712417494478757],[6.594220232913792,49.712372561653289],[6.594150925979979,49.712371121322349],[6.594081619051742,49.712369680949976],[6.594083839896562,49.712324748128644],[6.594014533037726,49.712323307717099],[6.593945226184467,49.712321867264123],[6.593875919336783,49.712320426769701],[6.593878140367504,49.712275493954763],[6.593808833589224,49.712274053421183],[6.593739526816519,49.712272612846164],[6.593670220049391,49.712271172229705],[6.59360091328784,49.712269731571816],[6.593603134568287,49.712224798765547],[6.593533827876137,49.712223358068492],[6.593464521189566,49.712221917329998],[6.593466742592086,49.712176984527865],[6.593397435974917,49.712175543750206],[6.593328129363325,49.712174102931108],[6.593258822757312,49.712172662070579],[6.593261044345729,49.712127729274847],[6.593191737809117,49.712126288375153],[6.593193959455783,49.712081355581262],[6.593124652988573,49.712079914642402],[6.593055346526943,49.712078473662118],[6.592986040070891,49.712077032640373],[6.592988261903452,49.712032099852905],[6.592918955516802,49.71203065879201],[6.59284964913573,49.712029217689683],[6.592851871090363,49.711984284906322],[6.592782564778694,49.711982843764837],[6.592713258472606,49.711981402581884],[6.592715480549306,49.711936469802673],[6.59264617431262,49.711935028580584],[6.592576868081514,49.711933587317041],[6.592507561855986,49.711932146012074],[6.59250978411858,49.711887213239272],[6.592440477962456,49.711885771895133],[6.592371171811911,49.711884330509569],[6.592373394196573,49.711839397740889],[6.592304088115434,49.711837956316153],[6.592306310558341,49.711793023549326],[6.592237004546602,49.711791582085432],[6.592167698540444,49.711790140580106],[6.592169921105419,49.711745207817415],[6.592100615168664,49.711743766272917],[6.59203130923749,49.711742324686995],[6.592033531924532,49.711697391928418],[6.59196422606276,49.71169595030333],[6.591894920206571,49.711694508636803],[6.59189714301568,49.711649575882376],[6.591827837228892,49.711648134176691],[6.591758531447686,49.711646692429561],[6.591760754378859,49.711601759679262],[6.591691448667057,49.711600317892973],[6.591622142960836,49.71159887606526],[6.591624366014075,49.711553943319082],[6.591555060377257,49.711552501452204],[6.591485754746022,49.711551059543886],[6.591487977921324,49.711506126801837],[6.591418672359492,49.711504684854368],[6.591349366803243,49.711503242865447],[6.591351590100608,49.71145831012754],[6.591282284613762,49.711456868099468],[6.591212979132499,49.711455426029964],[6.591143673656818,49.711453983919021],[6.591145897140067,49.711409051187509],[6.59107659173379,49.711407609037401],[6.591007286333097,49.711406166845855],[6.591009509938407,49.711361234118499],[6.590940204607118,49.711359791887794],[6.590870899281411,49.711358349615651],[6.590873123008782,49.711313416892416],[6.59080381775248,49.711311974581108],[6.590734512501761,49.711310532228381],[6.590736736351194,49.711265599509275],[6.590667431169878,49.711264157117384],[6.590669655077549,49.711219224400132],[6.590600349965638,49.711217781969083],[6.590602573931547,49.711172849253686],[6.590533268889042,49.711171406783471],[6.59046396385212,49.711169964271832],[6.590466187940089,49.71112503156057],[6.590396882972571,49.711123589009773],[6.590399107118777,49.711078656300359],[6.590329802220664,49.711077213710404],[6.590327578010638,49.71112214641753],[6.590258273054289,49.711120703783848],[6.590260497328135,49.711075771078995],[6.590191192441192,49.71107432840617],[6.590121887559833,49.711072885691891],[6.590052582684058,49.711071442936195],[6.589983277813871,49.711070000139038],[6.589985502337412,49.71102506744289],[6.589916197536628,49.711023624606582],[6.589846892741429,49.71102218172885],[6.589777587951817,49.711020738809673],[6.589779812661234,49.710975806119933],[6.589710507941027,49.710974363161597],[6.589641203226405,49.710972920161829],[6.589571898517369,49.71097147712063],[6.58957412341266,49.710926544437307],[6.589576348302368,49.710881611753543],[6.589578573186492,49.710836679069359],[6.5895092686745,49.710835235993571],[6.589439964168095,49.710833792876329],[6.589370659667275,49.710832349717656],[6.589301355172044,49.710830906517543],[6.589303580305858,49.710785973842057],[6.589234275880031,49.710784530602801],[6.589164971459791,49.710783087322092],[6.589095667045139,49.710781643999958],[6.589097892364824,49.710736711330888],[6.589100117678925,49.710691778661399],[6.589030813397496,49.710690335302388],[6.588961509121654,49.710688891901938],[6.588963734557806,49.710643959236585],[6.588894430351371,49.71064251579697],[6.588825126150523,49.710641072315937],[6.588755821955262,49.710639628793459],[6.588753596327656,49.710684561451977],[6.588684292074166,49.710683117885786],[6.588614987826265,49.710681674278156],[6.588617213581506,49.710636741624207],[6.58854790940301,49.710635297977426],[6.588550135216485,49.710590365325331],[6.588480831107396,49.710588921639385],[6.588411527003895,49.710587477912014],[6.588342222905983,49.710586034143212],[6.588272918813661,49.710584590332957],[6.58827514487682,49.710539657689559],[6.588205840853903,49.710538213840159],[6.588136536836577,49.710536769949329],[6.588138763021783,49.710491837310059],[6.588069459073863,49.710490393380063],[6.588000155131533,49.710488949408649],[6.588002381438787,49.710444016773522],[6.587933077565863,49.710442572762936],[6.587863773698531,49.710441128710926],[6.587794469836788,49.710439684617484],[6.587796696329905,49.710394751988765],[6.587727392537569,49.710393307856158],[6.587658088750823,49.710391863682126],[6.587660315365985,49.710346931057558],[6.587591011648647,49.710345486844361],[6.587521707936899,49.710344042589739],[6.587523934674107,49.710299109969306],[6.587454631031766,49.710297665675519],[6.587385327395016,49.7102962213403],[6.587387554254269,49.710251288724002],[6.587318250686927,49.71024984434964],[6.587248947125176,49.710248399933839],[6.587179643569018,49.710246955476606],[6.58718187061413,49.710202022866724],[6.587112567127378,49.710200578370326],[6.587043263646219,49.710199133832504],[6.587045490813374,49.710154201226764],[6.586976187401621,49.710152756649798],[6.586906883995462,49.710151312031378],[6.586909111284659,49.710106379429774],[6.586839807947907,49.710104934772211],[6.586770504616747,49.710103490073202],[6.586701201291181,49.710102045332782],[6.586703428766233,49.710057112737609],[6.586634125510076,49.710055667958002],[6.586564822259509,49.710054223136986],[6.586567049856603,49.710009290545962],[6.586497746675446,49.71000784568578],[6.58642844349988,49.710006400784167],[6.586430671219014,49.709961468197278],[6.586361368112858,49.709960023256514],[6.586292065012294,49.709958578274318],[6.586222761917326,49.70995713325069],[6.586224989822314,49.709912200670225],[6.586155686796753,49.709910755607432],[6.586157914759966,49.709865823028807],[6.586088611803814,49.709864377926877],[6.586019308853255,49.709862932783501],[6.586021536938505,49.70981800020904],[6.585952234057356,49.709816555026528],[6.585882931181801,49.709815109802577],[6.58581362831184,49.709813664537172],[6.585815856582941,49.709768731969135],[6.585746553782389,49.709767286664587],[6.585677250987432,49.709765841318607],[6.585679479380569,49.709720908754704],[6.585610176655022,49.709719463369574],[6.585540873935069,49.709718017943018],[6.585471571220712,49.709716572475024],[6.585402268511951,49.709715126965598],[6.585332965808783,49.709713681414733],[6.585263663111212,49.709712235822444],[6.58526589188164,49.709667303271807],[6.58519658925348,49.709665857640374],[6.585127286630914,49.709664411967495],[6.585057984013946,49.70966296625317],[6.58506021297022,49.709618033708971],[6.584990910422662,49.709616587955509],[6.5849216078807,49.709615142160608],[6.58492383695901,49.709570209620544],[6.584854534486457,49.709568763786486],[6.584856763622984,49.709523831248291],[6.584787461219842,49.709522385375109],[6.584718158822297,49.709520939460468],[6.584648856430348,49.709519493504409],[6.584651085752721,49.709474560972637],[6.584581783430184,49.709473114977413],[6.584512481113244,49.709471668940772],[6.584514710557647,49.709426736413128],[6.584445408310117,49.709425290337329],[6.584376106068184,49.709423844220105],[6.584378335634618,49.709378911696625],[6.584309033462096,49.709377465540236],[6.584239731295172,49.709376019342436],[6.584170429133846,49.709374573103183],[6.584172658886122,49.709329640586127],[6.584103356794208,49.709328194307723],[6.584034054707891,49.709326747987902],[6.584036284582195,49.709281815474988],[6.58396698256529,49.709280369115994],[6.583897680553983,49.70927892271559],[6.583899910550316,49.709233990206826],[6.58383060860842,49.709232543767271],[6.583761306672122,49.709231097286278],[6.583692004741425,49.709229650763845],[6.583694234923597,49.709184718261504],[6.583624933062311,49.709183271699935],[6.583555631206623,49.709181825096934],[6.583557861510822,49.709136892598735],[6.583488559724547,49.709135445956576],[6.583419257943871,49.709133999272993],[6.583421488370095,49.709089066778951],[6.58335218665883,49.709087620056202],[6.583282884953165,49.709086173292043],[6.583285115501415,49.709041240802151],[6.583215813865162,49.709039793998819],[6.58314651223451,49.709038347154078],[6.583148742904783,49.708993414668328],[6.583079441343543,49.708991967784428],[6.583010139787903,49.708990520859096],[6.582940838237864,49.708989073892333],[6.582943069093972,49.708944141413014],[6.582873767613344,49.708942694407099],[6.582804466138318,49.708941247359753],[6.58280669711645,49.708896314884583],[6.582737395710835,49.708894867798094],[6.582668094310822,49.708893420670172],[6.582670325410976,49.708848488199145],[6.582601024080375,49.708847041032072],[6.582531722755378,49.708845593823575],[6.58246242143598,49.708844146573647],[6.582464652721964,49.70879921410905],[6.58239535147198,49.70879776681997],[6.582326050227597,49.708796319489458],[6.582328281635602,49.708751387029004],[6.582258980460633,49.708749939659349],[6.582189679291266,49.708748492248255],[6.58219191082129,49.708703559791964],[6.582122609721336,49.708702112341733],[6.582053308626984,49.708700664850056],[6.581984007538235,49.708699217316962],[6.581986239254088,49.708654284867087],[6.581916938234753,49.708652837294842],[6.581919170008814,49.708607904846843],[6.581849869058891,49.708606457235454],[6.581780568114572,49.708605009582627],[6.581711267175855,49.708603561888374],[6.581713499135745,49.708558629446806],[6.581644198266441,49.708557181713402],[6.581574897402741,49.708555733938574],[6.581577129484648,49.708510801501156],[6.581507828690362,49.70850935368717],[6.58143852790168,49.708507905831759],[6.581369227118604,49.708506457934917],[6.581371459386334,49.708461525503942],[6.58130215867267,49.708460077567949],[6.58123285796461,49.708458629590538],[6.581163557262156,49.708457181571681],[6.58116578971571,49.708412249147145],[6.58109648908267,49.708410801089158],[6.581027188455232,49.708409352989726],[6.580957887833402,49.708407904848876],[6.58096012047278,49.708362972430741],[6.580890819920364,49.708361524250755],[6.580821519373552,49.708360076029315],[6.580823752134944,49.708315143615351],[6.580754451657547,49.708313695354782],[6.580685151185755,49.708312247052767],[6.580687384069159,49.708267314642967],[6.580618083666781,49.708265866301815],[6.580548783270011,49.708264417919231],[6.580551016275426,49.708219485513567],[6.58048171594807,49.708218037091839],[6.580412415626319,49.70821658862868],[6.580414648753747,49.708171656227179],[6.58034534850141,49.708170207724876],[6.580276048254682,49.708168759181142],[6.580206748013558,49.708167310595975],[6.580208981326805,49.708122378200912],[6.580139681155096,49.708120929576609],[6.580070380988997,49.708119480910867],[6.580072614424251,49.708074548519953],[6.580003314327564,49.708073099815067],[6.579934014236486,49.708071651068757],[6.579936247793751,49.708026718681985],[6.579866947772087,49.708025269896531],[6.579797647756031,49.708023821069638],[6.579799881435304,49.707978888687045],[6.579730581488663,49.707977439821008],[6.57966128154763,49.707975990913546],[6.579591981612206,49.707974541964653],[6.579594215477293,49.707929609588476],[6.579524915611284,49.707928160600446],[6.579455615750883,49.707926711570984],[6.579457849737977,49.707881779198971],[6.579388549946992,49.707880330130358],[6.579319250161615,49.707878881020328],[6.579321484270715,49.707833948652464],[6.579252184554753,49.70783249950329],[6.579182884844402,49.70783105031267],[6.579185119075507,49.707786117948963],[6.57911581943457,49.707784668719206],[6.579046519799244,49.707783219448025],[6.579048754152354,49.707738287088461],[6.578979454586443,49.707736837778135],[6.578910155026139,49.707735388426386],[6.578912389501253,49.707690456070992],[6.578843090010367,49.707689006680091],[6.578845324543678,49.707644074326559],[6.578776025122209,49.707642624896515],[6.578706725706348,49.707641175425053],[6.578708960361664,49.707596243075663],[6.578639661015219,49.707594793565065],[6.578570361674386,49.70759334401302],[6.578572596451702,49.707548411667794],[6.578503297180284,49.70754696207662],[6.578505532015797,49.707502029733263],[6.578436232813794,49.707500580102938],[6.578366933617404,49.707499130431188],[6.578369168574918,49.707454198091973],[6.578299869447942,49.707452748381073],[6.578230570326578,49.707451298628754],[6.578232805406092,49.707406366293718],[6.578163506354144,49.707404916502249],[6.578165741491855,49.707359984169052],[6.578096442509322,49.707358534338461],[6.578027143532402,49.70735708446643],[6.57802937879211,49.707312152137405],[6.577960079884606,49.707310702226231],[6.577890780982714,49.707309252273632],[6.577893016364421,49.707264319948756],[6.577823717531944,49.707262869957013],[6.577825952971845,49.707217937633999],[6.577828188406135,49.70717300531058],[6.57775888970688,49.707171555281995],[6.577689591013235,49.707170105211972],[6.577691826569524,49.707125172892688],[6.577622527945295,49.707123722783528],[6.577624763559776,49.707078790466113],[6.577555465004965,49.707077340317809],[6.577486166455765,49.707075890128095],[6.57741686791218,49.707074439896942],[6.57741910371246,49.707029507585979],[6.577349805238289,49.707028057315682],[6.577352041096762,49.70698312500658],[6.577282742692009,49.70698167469714],[6.577284978608672,49.706936742389907],[6.577215680273333,49.706935292041344],[6.57714638194361,49.706933841651342],[6.577148617982266,49.706888909348272],[6.577079319721959,49.706887458919127],[6.577081555818808,49.706842526617905],[6.577012257627917,49.70684107614963],[6.57694295944264,49.70683962563993],[6.57694519566148,49.706794693342879],[6.57687589754562,49.706793242794028],[6.576878133822651,49.706748310498845],[6.576808835776206,49.706746859910872],[6.576811072111426,49.706701927617544],[6.576741774134398,49.706700476990427],[6.576744010527808,49.706655544698975],[6.576674712620195,49.706654094032722],[6.576676949071794,49.706609161743145],[6.576607651233598,49.706607711037741],[6.576538353401018,49.706606260290918],[6.576540589974607,49.706561328005485],[6.576471292211442,49.706559877219519],[6.576473528843219,49.706514944935961],[6.576404231149471,49.706513494110865],[6.576406467839435,49.706468561829176],[6.576337170215104,49.706467110964937],[6.576339406963256,49.706422178685116],[6.576270109408341,49.70642072778174],[6.57627234621468,49.706375795503781],[6.576203048729181,49.706374344561269],[6.576133751249298,49.706372893577331],[6.576135988177623,49.706327961303536],[6.576066690767156,49.706326510280469],[6.57606892775367,49.706281578008536],[6.575999630412619,49.706280126946325],[6.576001867457318,49.706235194676246],[6.575932570185684,49.706233743574906],[6.575934807288569,49.70618881130671],[6.575865510086349,49.706187360166226],[6.575867747247421,49.706142427899898],[6.575798450114619,49.706140976720278],[6.575800687333874,49.706096044455812],[6.575731390270487,49.706094593237054],[6.575733627547928,49.706049660974458],[6.575664330553957,49.70604820971657],[6.575666567889582,49.706003277455842],[6.575597270965028,49.706001826158825],[6.575527974046091,49.706000374820363],[6.5755302115037,49.705955442563784],[6.575460914654179,49.705953991186206],[6.57546315216997,49.705909058931503],[6.575393855389866,49.705907607514781],[6.575396092963841,49.705862675261947],[6.575326796253152,49.705861223806096],[6.57532903388531,49.705816291555124],[6.575259737244037,49.705814840060135],[6.575261974934378,49.705769907811039],[6.575192678362521,49.705768456276907],[6.575194916111045,49.705723524029679],[6.575125619608604,49.705722072456417],[6.57512785741531,49.705677140211051],[6.575058560982285,49.70567568859866],[6.575060798847173,49.705630756355163],[6.574991502483564,49.705629304703635],[6.574993740406633,49.705584372462006],[6.574924444112439,49.705582920771342],[6.57492668209369,49.705537988531574],[6.574857385868912,49.705536536801787],[6.574859623908343,49.705491604563896],[6.574790327752981,49.705490152794965],[6.574792565850593,49.705445220558943],[6.574723269764647,49.705443768750868],[6.574725507920438,49.705398836516721],[6.574656211903908,49.705397384669517],[6.574658450117879,49.705352452437232],[6.574589154170765,49.705351000550898],[6.574591392442915,49.705306068320482],[6.574522096565216,49.705304616395011],[6.574524334895547,49.705259684166471],[6.574455039087264,49.705258232201864],[6.574457277475773,49.705213299975185],[6.574387981736906,49.705211847971455],[6.574390220183592,49.705166915746638],[6.574320924514141,49.705165463703779],[6.574323163019007,49.705120531480837],[6.574253867418969,49.705119079398841],[6.574256105982013,49.705074147177754],[6.574186810451392,49.705072695056629],[6.574189049072615,49.705027762837418],[6.574119753611408,49.705026310677155],[6.574121992290808,49.70498137845982],[6.574124230964588,49.704936446242058],[6.574054935636592,49.704934994044962],[6.574057174368551,49.704890061829062],[6.57398787910997,49.704888609592828],[6.573990117900105,49.704843677378804],[6.573920822710939,49.704842225103441],[6.57392306155925,49.704797292891278],[6.5738537664395,49.704795840576779],[6.573856005345987,49.704750908366492],[6.573786710295651,49.70474945601287],[6.573788949260313,49.704704523804445],[6.573719654279393,49.704703071411693],[6.57372189330223,49.704658139205144],[6.573724132319449,49.704613206998168],[6.573654837471737,49.70461175456856],[6.573657076547129,49.704566822363461],[6.573587781768833,49.704565369894738],[6.5735900209024,49.704520437691507],[6.57352072619352,49.704518985183633],[6.573522965385262,49.704474052982263],[6.573525204571384,49.704429120780489],[6.57345590999571,49.704427668235788],[6.573458149240007,49.704382736035868],[6.573388854733746,49.704381283452037],[6.573391094036216,49.704336351253986],[6.573321799599372,49.704334898631018],[6.573324038960014,49.70428996643485],[6.573254744592584,49.704288513772752],[6.573256984011398,49.704243581578439],[6.573187689713382,49.704242128877212],[6.57318992919037,49.704197196684767],[6.573192168661738,49.704152264491903],[6.573122874496928,49.704150811753848],[6.573125114026469,49.704105879562846],[6.573055819931072,49.704104426785662],[6.573058059518784,49.704059494596542],[6.572988765492802,49.704058041780215],[6.572991005138685,49.704013109592964],[6.572993244778949,49.703968177405272],[6.572923950886171,49.703966724552124],[6.572926190584606,49.703921792366302],[6.572856896761243,49.703920339474024],[6.572859136517847,49.703875407290084],[6.572789842763898,49.703873954358663],[6.572792082578672,49.703829022176599],[6.572722788894137,49.703827569206062],[6.57272502876708,49.70378263702586],[6.572727268634405,49.703737704845238],[6.572657975083073,49.703736251837846],[6.572660215008566,49.703691319659093],[6.572590921526649,49.703689866612585],[6.572593161510309,49.703644934435694],[6.572523868097806,49.703643481350056],[6.572526108139637,49.703598549175041],[6.572456814796546,49.703597096050281],[6.572459054896545,49.703552163877134],[6.572461294990924,49.703507231703576],[6.572392001781035,49.70350577854196],[6.572394241933583,49.703460846370263],[6.572324948793106,49.703459393169531],[6.572327189003821,49.703414460999717],[6.572329429208913,49.703369528829462],[6.572260136201641,49.703368075591904],[6.5722623764649,49.703323143423503],[6.57219308352704,49.703321690146815],[6.572195323848466,49.703276757980298],[6.572197564164271,49.703231825813376],[6.572128271359612,49.703230372499853],[6.572130511733583,49.703185440334778],[6.571991926268717,49.703182533588055],[6.571989685767169,49.70322746574854],[6.571920392979385,49.703226012310736],[6.571851100197224,49.703224558831529],[6.571853340826348,49.703179626675634],[6.571784048113602,49.703178173157291],[6.571786288800892,49.703133241003286],[6.571716996157559,49.703131787445813],[6.571719236903013,49.703086855293677],[6.571649944329092,49.703085401697081],[6.571652185132713,49.703040469546799],[6.571582892628204,49.703039015911074],[6.571585133489989,49.702994083762675],[6.571515841054894,49.702992630087827],[6.571446548625425,49.702991176371548],[6.571448789609161,49.702946244227313],[6.571451030587273,49.702901312082652],[6.571381738291005,49.702899858329552],[6.571312446000364,49.70289840453502],[6.571314687100426,49.70285347239453],[6.571245394879196,49.70285201856089],[6.571247636037421,49.702807086422261],[6.571178343885607,49.702805632549477],[6.571180585101994,49.702760700412718],[6.571111293019593,49.702759246500804],[6.571113534294143,49.702714314365934],[6.571044242281152,49.702712860414898],[6.571046483613865,49.702667928281898],[6.570977191670288,49.702666474291746],[6.570979433061162,49.7026215421606],[6.570910141186999,49.702620088131319],[6.570840849318462,49.702618634060606],[6.570843090831284,49.702573701933645],[6.57077379903216,49.702572247823809],[6.570776040603143,49.702527315698717],[6.570706748873432,49.702525861549759],[6.570708990502575,49.702480929426535],[6.570639698842277,49.702479475238448],[6.570641940529582,49.702434543117093],[6.570572648938697,49.702433088889883],[6.57057489068416,49.702388156770397],[6.570505599162687,49.702386702504072],[6.570507840966311,49.702341770386454],[6.57043854951425,49.702340316080999],[6.570369258067821,49.70233886173412],[6.570371499993387,49.70229392962068],[6.570302208616369,49.702292475234671],[6.570232917244978,49.702291020807252],[6.570163625879217,49.702289566338393],[6.570161383762295,49.702334498444934],[6.570092092338378,49.70233304393237],[6.570089850152044,49.702377976036196],[6.570020558669971,49.702376521479913],[6.570018316414227,49.702421453581017],[6.569949024873996,49.702419998981007],[6.569879733339396,49.702418544339587],[6.569877490950454,49.702463476435653],[6.569808199357697,49.702462021750513],[6.569805956899343,49.702506953843873],[6.569736665248429,49.702505499115006],[6.569667373603147,49.702504044344714],[6.569665131011594,49.70254897643305],[6.569595839308155,49.702547521619046]],[[6.571644938261536,49.707358315355485],[6.571642697109423,49.707403247471859],[6.57157339839988,49.707401793737709],[6.571575639615796,49.70735686162363],[6.571644938261536,49.707358315355485]],[[6.596707480959135,49.715392834798251],[6.596776792323146,49.71539427366308],[6.596846103692728,49.715395712486455],[6.596843885155528,49.715440645374926],[6.596774573722111,49.71543920654927],[6.596705262294262,49.715437767682182],[6.596635950871985,49.715436328773649],[6.596638169600694,49.715391395891999],[6.596707480959135,49.715392834798251]],[[6.596913196594517,49.715442084159143],[6.596982508039078,49.7154435229019],[6.596980289623984,49.7154884557945],[6.597049601137951,49.715489894498091],[6.597118912657489,49.715491333160237],[6.597188224182596,49.715492771780951],[6.597186005953445,49.715537704679932],[6.597255317547958,49.715539143261466],[6.597324629148043,49.715540581801555],[6.597322411040997,49.715585514704678],[6.597391722710488,49.715586953205595],[6.59746103438555,49.715588391665072],[6.597458816400611,49.715633324572309],[6.597528128145078,49.715634762992607],[6.597597439895114,49.715636201371474],[6.597666751650719,49.715637639708895],[6.597664533851728,49.715682572622505],[6.597733845676739,49.715684010920754],[6.59780315750732,49.715685449177563],[6.597800939830436,49.715730382095295],[6.597870251730423,49.715731820312939],[6.597868034111809,49.715776753232532],[6.597937346081204,49.71577819141099],[6.598006658056166,49.715779629548003],[6.598004440559664,49.71582456247171],[6.598073752604031,49.715826000569557],[6.598143064653969,49.715827438625958],[6.598140847279576,49.715872371553793],[6.598071535165801,49.715870933495125],[6.598002223057595,49.715869495395012],[6.597932910954956,49.715868057253445],[6.597863598857887,49.715866619070454],[6.597865816487633,49.715821686151699],[6.597727192437874,49.715818809665912],[6.597724974680453,49.715863742580119],[6.597655662600089,49.71586230427279],[6.597586350525295,49.715860865924007],[6.597517038456069,49.715859427533786],[6.597447726392413,49.715857989102119],[6.597449944405187,49.715813056196993],[6.597452162412394,49.715768123291454],[6.597382850481983,49.715766684822903],[6.597313538557141,49.715765246312884],[6.59724422663787,49.715763807761427],[6.597246444831024,49.71571887486229],[6.597107821136866,49.715715997639592],[6.597105602816037,49.715760930534195],[6.597036290913476,49.715759491858407],[6.597038509298143,49.715714558966084],[6.596969197464988,49.715713120251124],[6.596971415907924,49.715668187360642],[6.596902104144179,49.715666748606509],[6.596904322645384,49.715621815717888],[6.59697363434529,49.715623254469747],[6.59697585277709,49.71557832157842],[6.596978071203321,49.715533388686666],[6.596908759631087,49.715531949939354],[6.596910978115587,49.715487017049462],[6.59684166661276,49.715485578262985],[6.596843885155528,49.715440645374926],[6.596913196594517,49.715442084159143]],[[6.598210159398918,49.715873809571029],[6.598279471523828,49.715875247546798],[6.598348783654305,49.715876685481135],[6.598346566465864,49.715921618415372],[6.598277254271547,49.715920180478754],[6.5982079420828,49.715918742500705],[6.598138629899618,49.715917304481209],[6.598140847279576,49.715872371553793],[6.598210159398918,49.715873809571029]],[[6.606895748063681,49.718437560850461],[6.606965064278171,49.718438993682732],[6.60703438049821,49.718440426473563],[6.607032171123504,49.718485359673309],[6.606962854839617,49.718483926880211],[6.606893538561278,49.718482494045659],[6.606824222288486,49.71848106116969],[6.606826431854739,49.71843612797673],[6.606895748063681,49.718437560850461]],[[6.60710148741294,49.71848679242494],[6.607170803707924,49.71848822513514],[6.607168594455373,49.718533158338978],[6.607099278096539,49.718531725626526],[6.607029961743254,49.718530292872622],[6.607032171123504,49.718485359673309],[6.60710148741294,49.71848679242494]],[[6.607237910819753,49.718534591009991],[6.607235701625505,49.718579524215684],[6.607166385197274,49.718578091542412],[6.607168594455373,49.718533158338978],[6.607237910819753,49.718534591009991]],[[6.621753612928543,49.728189275599249],[6.621755809471968,49.728144341993612],[6.621825140257525,49.728145766135661],[6.621822943777986,49.728190699743557],[6.621753612928543,49.728189275599249]],[[6.689265929888888,49.805884228981263],[6.68912703969941,49.805881458240911],[6.689129179918806,49.805836523074852],[6.689198624946677,49.80583790846363],[6.68926806997993,49.805839293810806],[6.689265929888888,49.805884228981263]],[[6.743096538476739,49.815716167788082],[6.743098629465003,49.815671231008565],[6.74316809117818,49.815672584252425],[6.743166000254137,49.815717521034074],[6.743096538476739,49.815716167788082]],[[6.712152886720285,49.781915570623106],[6.712150769603667,49.781960506701445],[6.712220181619779,49.781961877818368],[6.712218064561935,49.782006813898469],[6.712287476647467,49.782008184976],[6.712285359648399,49.782053121057849],[6.712354771803348,49.782054492096009],[6.712424183963618,49.782055863092602],[6.712493596129211,49.782057234047649],[6.712563008300125,49.782058604961144],[6.712560891552121,49.782103541051242],[6.712558774798797,49.782148477140929],[6.712556658040154,49.782193413230189],[6.712554541276193,49.78223834931903],[6.712485128848893,49.782236978396867],[6.712415716426915,49.782235607433158],[6.712417833319072,49.782190671348644],[6.712348420966511,49.782189300345543],[6.712350537917444,49.782144364262777],[6.712281125634303,49.78214299322029],[6.712283242644011,49.782098057139279],[6.712213830430287,49.782096686057415],[6.712144418221888,49.78209531493399],[6.712146535354467,49.782050378856894],[6.712148652481727,49.782005442779386],[6.71207924040684,49.782004071618744],[6.712081357592876,49.781959135542984],[6.712083474773591,49.781914199466804],[6.712152886720285,49.781915570623106]],[[6.711845595259221,49.782539190686187],[6.711843477811725,49.782584126750038],[6.711774064924874,49.782582755395033],[6.711776182436465,49.782537819333363],[6.711845595259221,49.782539190686187]],[[6.711912890703901,49.78258549806349],[6.711982303601398,49.782586869335404],[6.711980186276778,49.78263180540317],[6.711978068946837,49.782676741470532],[6.711908655921142,49.782675370194283],[6.711910773315181,49.782630434129111],[6.711841360358909,49.782629062813484],[6.711843477811725,49.782584126750038],[6.711912890703901,49.78258549806349]],[[6.629127035081102,49.756317188312018],[6.629057663773402,49.756315767955755],[6.629059855751921,49.756270834331495],[6.62912922699563,49.756272254685541],[6.629127035081102,49.756317188312018]],[[6.588224236945869,49.712967463757906],[6.588226463241331,49.712922531134687],[6.58829577065798,49.712923975022086],[6.588293544426343,49.712968907647586],[6.588224236945869,49.712967463757906]],[[6.590214135896789,49.713413713919202],[6.59021191139646,49.713458646604288],[6.590142603121255,49.713457203852116],[6.590073294851638,49.713455761058512],[6.590075519479623,49.713410828377967],[6.590144827685412,49.713412271169304],[6.590214135896789,49.713413713919202]],[[6.590551780279196,49.713600657830469],[6.590482471784581,49.713599215278656],[6.590484696046345,49.713554282585719],[6.590415387621144,49.713552839994755],[6.590417611941154,49.713507907303672],[6.590486920302527,49.713509349892355],[6.590556228669485,49.713510792439614],[6.590554004477132,49.713555725135258],[6.590623312913504,49.713557167643344],[6.590692621355458,49.713558610109985],[6.590761929803,49.7135600525352],[6.590831238256123,49.71356149491897],[6.590829014313504,49.713606427623297],[6.590898322836041,49.713607869967902],[6.590896098951668,49.713652802674083],[6.590826790365302,49.713651360327198],[6.590618864639708,49.713647033037901],[6.590621088779398,49.713602100340829],[6.590551780279196,49.713600657830469]],[[6.590940945149247,49.714148504744657],[6.590943169031189,49.714103572040848],[6.591012478267023,49.714105014327636],[6.591010254448911,49.714149947033718],[6.590940945149247,49.714148504744657]],[[6.598415878665747,49.715923056310537],[6.598485190871196,49.715924494164248],[6.598482973804868,49.715969427102586],[6.598413661535578,49.7159679892466],[6.598415878665747,49.715923056310537]],[[6.598818451415676,49.716201280503036],[6.598887764037562,49.716202718121714],[6.598885547320882,49.716247651071143],[6.598816234635156,49.716246213450198],[6.598818451415676,49.716201280503036]],[[6.601220036179528,49.716745835766623],[6.601289349698391,49.716747271959697],[6.601287135154971,49.716792204983904],[6.601217821572266,49.71679076878857],[6.601148507995123,49.716789332551784],[6.601150722666227,49.716744399532111],[6.601220036179528,49.716745835766623]],[[6.601354234258099,49.716838574163859],[6.601356448743236,49.716793641137798],[6.601425762337061,49.716795077250254],[6.601495075936448,49.716796513321263],[6.601492861578997,49.716841446351843],[6.601423547915767,49.716840010278574],[6.601354234258099,49.716838574163859]],[[6.601562175247786,49.716842882383666],[6.601631488922135,49.716844318374051],[6.60162927468681,49.716889251408759],[6.601559960948618,49.716887815416108],[6.601490647215987,49.716886379382018],[6.601492861578997,49.716841446351843],[6.601562175247786,49.716842882383666]],[[6.601141863948456,49.716924131608259],[6.601072550185346,49.716922695323234],[6.601074764936971,49.716877762307085],[6.601005451243266,49.716876325982888],[6.601007666053172,49.716831392968594],[6.601076979683036,49.716832829290539],[6.601146293318459,49.716834265571038],[6.601144078636237,49.716879198589865],[6.601213392341065,49.716880634831185],[6.601282706051454,49.716882071031058],[6.601280491491358,49.716927004054],[6.601349805271151,49.716928440214708],[6.601419119056504,49.716929876333957],[6.601416904618535,49.716974809361012],[6.60134759076934,49.71697337323949],[6.601278276925703,49.716971937076522],[6.601208963087629,49.716970500872108],[6.601211177717127,49.71692556785186],[6.601141863948456,49.716924131608259]],[[6.601765688066677,49.716937056308531],[6.601696374253523,49.716935620396505],[6.601698588430562,49.716890687359964],[6.601767902179874,49.716892123269716],[6.601765688066677,49.716937056308531]],[[6.625141265924275,49.736984677467184],[6.625071922379936,49.736983255126113],[6.625074116541937,49.736938321480885],[6.625143460022357,49.736939743819711],[6.625212803508289,49.736941166117056],[6.625210609474125,49.736986099766789],[6.625206221389271,49.737075967064982],[6.625204027338579,49.737120900713442],[6.62520183328238,49.737165834361484],[6.625132489476854,49.737164412052884],[6.625134683596972,49.737119478407109],[6.625141265924275,49.736984677467184]],[[6.624760295430466,49.743363828467949],[6.624762490374979,49.743318894882599],[6.624831842933455,49.743320317540551],[6.624829648052883,49.743365251128147],[6.6248274531668,49.74341018471533],[6.624758100480441,49.743408762052901],[6.624760295430466,49.743363828467949]],[[6.624753710563855,49.743498629221492],[6.624823063378097,49.743500051888425],[6.624892416197854,49.74350147451387],[6.624890221359178,49.743546408102027],[6.624888026514989,49.743591341689779],[6.624818673567348,49.743589919059836],[6.624816478653705,49.743634852644909],[6.624747125647636,49.743633429971226],[6.624749320625222,49.743588496388405],[6.624751515597294,49.743543562805158],[6.624753710563855,49.743498629221492]],[[6.627260867808289,49.751871068769908],[6.627263061102542,49.751826135169452],[6.627332425916411,49.751827556507052],[6.627330232686131,49.751872490109747],[6.627328039450344,49.751917423712023],[6.627258674508529,49.751916002369917],[6.627260867808289,49.751871068769908]],[[6.626493466503358,49.751945298442813],[6.626495660512323,49.751900364867907],[6.626565025393511,49.751901786666487],[6.626562831448515,49.751946720243645],[6.626493466503358,49.751945298442813]],[[6.633277315667556,49.763778555384164],[6.633279504324228,49.763733621681034],[6.633348886427559,49.763735039663054],[6.633346697834902,49.763779973368429],[6.633277315667556,49.763778555384164]],[[6.633413891473611,49.763826325018371],[6.633411702933975,49.763871258725146],[6.633342320633096,49.763869840777915],[6.633344509236748,49.763824907073385],[6.633413891473611,49.763826325018371]],[[6.683811487187147,49.777439162219402],[6.683809344197296,49.777484097438062],[6.683739939962693,49.777482709394],[6.683742083016618,49.77743777417755],[6.683811487187147,49.777439162219402]],[[6.697153519682332,49.802263168126622],[6.697222959991081,49.80226454863535],[6.697292400305193,49.802265929102497],[6.697290267911255,49.802310864554585],[6.697359708294894,49.802312244982332],[6.697357575959763,49.802357180436182],[6.697288135511957,49.802355800006254],[6.6972860031073,49.802400735457482],[6.69721656260069,49.802399354983791],[6.697147122099444,49.802397974468519],[6.697144989561092,49.802442909914987],[6.697075549001042,49.80244152935596],[6.697006108446355,49.802440148755338],[6.697008241113038,49.802395213313233],[6.697077681603559,49.802396593911666],[6.697079814200714,49.802351658466975],[6.697010373774361,49.802350277870715],[6.696940933353369,49.802348897232889],[6.696943066073497,49.802303961792134],[6.696873625722034,49.802302581114915],[6.696875758500967,49.80225764567593],[6.696945198788263,49.802259026350967],[6.697014639080924,49.802260406984431],[6.697016771726163,49.802215471540656],[6.697018904366042,49.802170536096469],[6.696949464201712,49.802169155467368],[6.696951596900395,49.802124220024943],[6.697021037000559,49.802125600651863],[6.697090477106086,49.802126981237194],[6.697088344535733,49.802171916683982],[6.69708621196002,49.80221685213035],[6.697155652199241,49.802218232678484],[6.697153519682332,49.802263168126622]],[[6.697774519822277,49.805289027117723],[6.697776651992448,49.805244091673572],[6.697846096595476,49.805245471868886],[6.697915541203867,49.805246852022634],[6.697913409162048,49.805291787471155],[6.697982853839977,49.805293167585496],[6.697978589868615,49.805383038485665],[6.697976457874895,49.805427973935117],[6.697907013004436,49.805426593814239],[6.697837568139337,49.805425213651759],[6.697768123279601,49.805423833447719],[6.697698678425227,49.805422453202084],[6.697700810675657,49.80537751776135],[6.697702942920725,49.805332582320212],[6.697705075160434,49.805287646878632],[6.697774519822277,49.805289027117723]],[[6.695059777934089,49.805369973054923],[6.695061912623233,49.805325037697131],[6.695064047307011,49.805280102338919],[6.695133491829146,49.805281484160346],[6.695131357209544,49.805326419520739],[6.695129222584577,49.805371354880705],[6.695059777934089,49.805369973054923]],[[6.692180491438144,49.805987311367431],[6.692178354031812,49.806032246628931],[6.692108908580113,49.806030863021682],[6.692111046050622,49.805985927762364],[6.692180491438144,49.805987311367431]],[[6.69210677110423,49.806075798280581],[6.692037325593727,49.806074414629563],[6.692039463133789,49.806029479372846],[6.692108908580113,49.806030863021682],[6.69210677110423,49.806075798280581]],[[6.682522716259149,49.808808011566825],[6.682520569699038,49.808852946500096],[6.682451120685151,49.808851557048825],[6.682453267309449,49.808806622117743],[6.682522716259149,49.808808011566825]],[[6.682448974055457,49.808896491979496],[6.682379524982782,49.808895102484449],[6.682381671676663,49.808850167555988],[6.682451120685151,49.808851557048825],[6.682448974055457,49.808896491979496]],[[6.681891234476656,49.808930309767369],[6.681960683575721,49.808931699555721],[6.681958536485923,49.808976634470177],[6.681889087322672,49.808975244679623],[6.681891234476656,49.808930309767369]],[[6.682027985654575,49.808978024219137],[6.682025838623566,49.809022959135369],[6.682095287861805,49.809024348844936],[6.682093140889587,49.809069283762952],[6.68209099391197,49.809114218680556],[6.682021544545357,49.80911282896659],[6.68202369158716,49.809067894051189],[6.681954242290135,49.809066504297839],[6.681956389390728,49.809021569384221],[6.681958536485923,49.808976634470177],[6.682027985654575,49.808978024219137]],[[6.682375231578828,49.808984972340134],[6.682305782383178,49.808983582799108],[6.682307929152041,49.808938647873667],[6.682377378283502,49.808940037412505],[6.682375231578828,49.808984972340134]],[[6.682227745806757,49.809161932905283],[6.682158296365158,49.809160543272291],[6.682160443283983,49.809115608352926],[6.682229892661396,49.809116997983722],[6.682227745806757,49.809161932905283]],[[6.680190077959839,49.809615900073005],[6.680259527956259,49.809617290894614],[6.68025737923955,49.809662225749634],[6.680187929178941,49.809660834925829],[6.680190077959839,49.809615900073005]],[[6.680326829305563,49.809663616531843],[6.680328977958083,49.809618681674628],[6.68039842796531,49.809620072413061],[6.680400576548239,49.809575137553225],[6.680470026496682,49.809576528247874],[6.680539476450529,49.809577918900921],[6.680541624899679,49.809532984036267],[6.680611074794739,49.809534374645537],[6.680680524695203,49.809535765213226],[6.680682673010574,49.809490830343762],[6.680684821320544,49.809445895473871],[6.680754271098035,49.809447285995574],[6.680756419338416,49.809402351123076],[6.680825869057119,49.809403741600981],[6.680828017227912,49.809358806725868],[6.68089746688783,49.809360197160011],[6.680966916553151,49.809361587552551],[6.680969064590167,49.809316652672621],[6.681038514196703,49.809318043021371],[6.681040662164129,49.809273108138818],[6.68111011171188,49.809274498443791],[6.681179561265033,49.809275888707177],[6.681177413425981,49.809320823594128],[6.681246863048724,49.809322213818128],[6.681249010823587,49.809277278928974],[6.681251158593049,49.80923234403943],[6.681320608092817,49.809233734217429],[6.681390057597987,49.809235124353862],[6.681459507108558,49.809236514448699],[6.681457359531659,49.809281449344837],[6.681526809111819,49.809282839400296],[6.68152895662453,49.809237904501948],[6.681531104131842,49.809192969603188],[6.681533251633756,49.809148034704009],[6.68153539913027,49.80910309980441],[6.681537546621385,49.809058164904386],[6.681606995886009,49.809059554907257],[6.681609143307537,49.809014620004611],[6.681678592513376,49.809016009963706],[6.681676445156034,49.809060944868556],[6.681674297793292,49.809105879772972],[6.681743747132905,49.809107269694863],[6.681741599828952,49.809152204601048],[6.681811049238153,49.809153594483561],[6.681808901992991,49.809198529391537],[6.681739452519603,49.809197139506828],[6.681737305204853,49.80924207441219],[6.681806754742429,49.809243464299087],[6.681804607486471,49.809288399206224],[6.681802460225112,49.809333334112942],[6.681800312958358,49.809378269019234],[6.681798165686203,49.809423203925121],[6.681867615485933,49.809424593779212],[6.681865468272569,49.809469528686876],[6.681796018408651,49.809468138830574],[6.681793871125699,49.809513073735623],[6.681791723837351,49.809558008640238],[6.681722273850455,49.809556618737957],[6.68165282386896,49.809555228794103],[6.681650676446835,49.809600163693915],[6.681581226406551,49.809598773706263],[6.681579078914837,49.809643708603453],[6.681509628815766,49.809642318572024],[6.681507481254465,49.809687253466592],[6.681438031096604,49.80968586339138],[6.681435883465713,49.80973079828334],[6.681366433249067,49.809729408164337],[6.681364285548586,49.809774343053675],[6.68129483527315,49.809772952890889],[6.681292687503082,49.809817887777626],[6.681290539727613,49.809862822663938],[6.681221089329199,49.809861432455172],[6.68121894148414,49.809906367338876],[6.681149491026938,49.809904977086319],[6.681147343112289,49.809949911967401],[6.681077892596299,49.809948521671053],[6.68107574461206,49.809993456549527],[6.68107359662242,49.810038391427568],[6.681004145983453,49.810037001085227],[6.681001997924221,49.810081935960667],[6.680932547226465,49.810080545574557],[6.680930399097643,49.810125480447383],[6.68092825096342,49.810170415319782],[6.680858800142685,49.810169024887685],[6.680856651938869,49.810213959757469],[6.680787201059346,49.810212569281575],[6.680785052785939,49.810257504148751],[6.680782904507132,49.810302439015494],[6.680713453504628,49.810301048493628],[6.680711305156229,49.81034598335777],[6.680641854094937,49.810344592792099],[6.680639705676944,49.810389527653626],[6.680570254556863,49.810388137044178],[6.680568106069277,49.810433071903084],[6.680565957576289,49.810478006761564],[6.680496506333228,49.810476616106136],[6.680494357770645,49.810521550962015],[6.680424906468796,49.810520160262797],[6.680422757836621,49.81056509511604],[6.680420609199043,49.810610029968871],[6.680351157774213,49.810608639223673],[6.680349009067041,49.810653574073882],[6.680346860354467,49.810698508923686],[6.680277408806655,49.810697118132502],[6.680275260024486,49.810742052979684],[6.680205808417886,49.810740662144703],[6.680203659566122,49.810785596989277],[6.680201510708955,49.81083053183341],[6.680132058979374,49.810829140952443],[6.680129910052609,49.81087407579399],[6.680127761120445,49.810919010635089],[6.68005830926788,49.810917619708142],[6.680056160266118,49.810962554546634],[6.680054011258954,49.811007489384714],[6.679984559283407,49.811006098411781],[6.679982410206645,49.811051033247246],[6.679912958172309,49.811049642230515],[6.679910809025951,49.811094577063358],[6.679841356932826,49.81109318600285],[6.679839207716871,49.811138120833071],[6.679769755564958,49.811136729728773],[6.679767606279403,49.811181664556379],[6.679765456988445,49.811226599383559],[6.679696004713549,49.811225208233282],[6.679626552444058,49.811223817041395],[6.679624403019307,49.811268751863778],[6.679554950691028,49.811267360628115],[6.679485498368155,49.811265969350856],[6.679416046050688,49.811264578032009],[6.679413896427949,49.811309512847359],[6.679344444051694,49.811308121484721],[6.679274991680846,49.811306730080496],[6.679205539315404,49.811305338634689],[6.679203389494675,49.811350273443026],[6.679133937070447,49.811348881953414],[6.679064484651626,49.811347490422222],[6.678995032238212,49.811346098849427],[6.678992882219491,49.811391033650764],[6.67892342974729,49.811389642034179],[6.678853977280497,49.811388250376027],[6.678784524819111,49.811386858676265],[6.678782374602401,49.811431793470561],[6.678712922082227,49.811430401727016],[6.678715072363133,49.811385466934901],[6.678717222638634,49.811340532142374],[6.678647770252258,49.811339140361646],[6.678645619912563,49.81138407515197],[6.678576167467402,49.811382683327437],[6.678574017058107,49.81142761811514],[6.678504564554159,49.811426226246823],[6.678502414075261,49.811471161031925],[6.678432961512527,49.811469769119803],[6.678430810964026,49.811514703902297],[6.678361358342506,49.811513311946392],[6.678291905726394,49.811511919948906],[6.678289755044096,49.81155685472654],[6.678220302369199,49.81155546268527],[6.67815084969971,49.811554070602398],[6.678081397035632,49.811552678477938],[6.678011944376962,49.811551286311882],[6.678009793432475,49.811596221080315],[6.67794034071502,49.811594828870476],[6.677870888002976,49.811593436619034],[6.677868736924689,49.811638371382649],[6.677799284153859,49.811636979087432],[6.67772983138844,49.811635586750612],[6.67766037862843,49.811634194372211],[6.677662529899305,49.811589259615189],[6.677664681164771,49.811544324857763],[6.677595228538563,49.811542932442173],[6.677456323302383,49.811540147486205],[6.677458474755026,49.811495212734961],[6.677389022209248,49.811493820196795],[6.677391173720677,49.811448885447319],[6.677252268773746,49.81144610025062],[6.677250117133926,49.81149103499569],[6.677247965488696,49.811535969740333],[6.677178512894957,49.811534577075193],[6.677109060306631,49.811533184368457],[6.6771069085276,49.811578119108283],[6.677104756743161,49.81162305384769],[6.677174209459879,49.811624446558824],[6.677172057734226,49.811669381300007],[6.677102604953311,49.811667988586677],[6.677100453158053,49.811712923325246],[6.676961547484069,49.811710137769396],[6.676959395555007,49.811755072503153],[6.676889942661939,49.811753679660647],[6.676892094655195,49.811708744929099],[6.676894246643043,49.811663810197139],[6.676896398625479,49.81161887546476],[6.676898550602504,49.811573940731954],[6.67690070257412,49.811529005998736],[6.676970155146211,49.811530398830236],[6.676972307048222,49.81148546409441],[6.67704175956153,49.811486856882105],[6.677043911393936,49.811441922143644],[6.677046063220931,49.811396987404763],[6.677115515611259,49.811398380146478],[6.677184968007002,49.811399772846606],[6.677187119700198,49.811354838102908],[6.677256572037156,49.811356230759245],[6.677326024379526,49.811357623373986],[6.677328175938923,49.811312688625463],[6.677397628222511,49.811314081196414],[6.67746708051151,49.811315473725784],[6.677469231937108,49.811270538972437],[6.677538684167323,49.811271931458023],[6.677540835523318,49.811226996702054],[6.677610287694749,49.811228389143842],[6.677679739871592,49.811229781544021],[6.67768189109379,49.811184846783242],[6.677751343211849,49.811186239139644],[6.677820795335317,49.811187631454452],[6.677822946423719,49.811142696688854],[6.677892398488405,49.811144088959871],[6.6779618505585,49.811145481189293],[6.677964001513105,49.811100546418885],[6.678033453524415,49.811101938604523],[6.678035604409419,49.811057003831486],[6.678105056361948,49.811058395973333],[6.67810720717735,49.811013461197675],[6.678176659071092,49.811014853295738],[6.678178809816893,49.810969918517472],[6.678248261651853,49.810971310571738],[6.678250412328053,49.810926375790842],[6.678252562998846,49.810881441009528],[6.678322014710828,49.8108828330178],[6.678324165312021,49.810837898233871],[6.678326315907809,49.810792963449522],[6.678395767496814,49.810794355411808],[6.678397918022999,49.810749420624852],[6.67846736955322,49.810750812543347],[6.678469520009807,49.810705877753755],[6.678538971481244,49.810707269628466],[6.678541121868233,49.810662334836259],[6.678543272249815,49.81061740004364],[6.678612723598274,49.810618791872365],[6.678610573280885,49.810663726667173],[6.678680024698945,49.810665118456512],[6.678682174952143,49.810620183659488],[6.678751626311419,49.81062157540503],[6.678753776495018,49.81057664060539],[6.678755926673212,49.810531705805325],[6.678758076845998,49.810486771004854],[6.678827528018107,49.810488162702221],[6.678829678121296,49.810443227899114],[6.67889912923462,49.810444619552683],[6.678968580353352,49.810446011164665],[6.678970730322753,49.810401076356747],[6.678972880286749,49.810356141548411],[6.679042331282504,49.810357533114406],[6.679044481176904,49.810312598303454],[6.679113932113875,49.810313989825652],[6.679116081938679,49.810269055012078],[6.679185532816866,49.810270446490492],[6.679187682572072,49.810225511674318],[6.679257133391475,49.810226903108941],[6.679259283077086,49.810181968290131],[6.679261432757294,49.810137033470909],[6.679330883453722,49.810138424859545],[6.679333033064334,49.810093490037715],[6.679402483701979,49.810094881382554],[6.679404633242997,49.810049946558102],[6.679474083821856,49.810051337859164],[6.679543534406121,49.810052729118645],[6.679612984995792,49.810054120336524],[6.679615134338835,49.810009185505052],[6.679617283676472,49.809964250673168],[6.67968673414317,49.809965641845068],[6.679688883411214,49.809920707010562],[6.679758333819126,49.809922098138671],[6.679760483017577,49.809877163301543],[6.679829933366705,49.809878554385868],[6.679899383721238,49.809879945428619],[6.679968834081175,49.809881336429768],[6.679970983081654,49.809836401585628],[6.679973132076731,49.809791466741061],[6.680042582313694,49.809792857696223],[6.680040433382807,49.809837792542986],[6.680109883689364,49.809839183458763],[6.680112032556061,49.809794248609798],[6.680181482803834,49.809795639481791],[6.680183631600938,49.809750704630218],[6.680253081789925,49.809752095458428],[6.680255230517439,49.809707160604233],[6.68025737923955,49.809662225749634],[6.680326829305563,49.809663616531843]],[[6.67744771743772,49.811719886487012],[6.67744556595803,49.811764821236153],[6.677376113027077,49.811763428684792],[6.677378264570963,49.811718493937832],[6.677380416109438,49.81167355919046],[6.677310963312289,49.811672166601902],[6.677313114909551,49.811627231856313],[6.677452020380869,49.811630016987429],[6.677521473124645,49.811631409490623],[6.677519321719972,49.811676344242805],[6.677517170309887,49.81172127899459],[6.67744771743772,49.811719886487012]],[[6.677306660101537,49.811762036091821],[6.677237207181407,49.811760643457269],[6.677239358853685,49.811715708714715],[6.677308811709617,49.811717101347071],[6.677306660101537,49.811762036091821]],[[6.71256512504281,49.782013668870633],[6.712567241780175,49.781968732779696],[6.712636653828219,49.781970103647325],[6.712638770496169,49.781925167553801],[6.712708182485439,49.781926538377711],[6.712706065881584,49.78197147447338],[6.71270394927241,49.782016410568652],[6.712634537154949,49.782015039740415],[6.71256512504281,49.782013668870633]],[[6.713084445457062,49.78278854844217],[6.713082329136737,49.78283348454292],[6.713012915833598,49.782832113925011],[6.713015032218023,49.7827871778264],[6.712945618984303,49.782785807169105],[6.712806792532828,49.782783065729845],[6.712737379315072,49.782781694947886],[6.712667966102638,49.782780324124374],[6.712598552895524,49.782778953259317],[6.712529139693733,49.782777582352701],[6.712527022860618,49.782822518436134],[6.712457609600048,49.782821147485805],[6.712388196344802,49.782819776493923],[6.712318783094877,49.782818405460503],[6.712316666064146,49.782863341537009],[6.712247252755445,49.782861970459855],[6.712177839452065,49.782860599341149],[6.712108426154009,49.782859228180904],[6.712110543377035,49.782814292110892],[6.712179956610993,49.782815663268977],[6.712182073764602,49.782770727196372],[6.712251486939784,49.782772098310751],[6.712320900120288,49.782773469383564],[6.712323017140378,49.782728533306212],[6.712392430262107,49.782729904335312],[6.712394547212779,49.782684968255388],[6.712463960275731,49.782686339240776],[6.712533373344003,49.782687710184589],[6.71253549016116,49.782642774099905],[6.712604903170656,49.782644145000027],[6.712607019918396,49.782599208912757],[6.712609136660816,49.782554272825074],[6.712747962439383,49.782557014491985],[6.712750079048288,49.782512078399549],[6.712680666220441,49.78251070758904],[6.712682782888125,49.782465771498366],[6.712752195651873,49.782467142306714],[6.712754312250141,49.782422206213447],[6.712756428843089,49.782377270119767],[6.712825841483963,49.782378640882229],[6.712827958007496,49.782333704785962],[6.712830074525709,49.782288768689277],[6.712899487043711,49.782290139405866],[6.712901603492509,49.782245203306601],[6.712903719935987,49.782200267206917],[6.712973132331117,49.78220163787762],[6.712971015951734,49.782246573979464],[6.712968899567032,49.782291510080896],[6.713038312095676,49.782292880714365],[6.713036195769755,49.782337816817545],[6.713105608367814,49.782339187411644],[6.713103492100671,49.782384123516572],[6.713172904768149,49.782385494071278],[6.713170788559785,49.782430430177953],[6.713168672346103,49.782475366284217],[6.713238085147096,49.782476736801698],[6.713235968992194,49.782521672909709],[6.713305381862605,49.782523043387812],[6.713303265766482,49.782567979497571],[6.71337267870631,49.782569349936288],[6.713370562668969,49.782614286047782],[6.713439975678215,49.782615656447121],[6.713437859699653,49.78266059256039],[6.713368446626308,49.782659222158891],[6.713366330578332,49.78270415826956],[6.713296917446208,49.782702787824341],[6.713294801328815,49.782747723932438],[6.713225388137912,49.782746353443507],[6.713223271951103,49.78279128954901],[6.713153858701422,49.782789919016366],[6.713084445457062,49.78278854844217]],[[6.709325539205254,49.782939155646091],[6.709327659008196,49.782894219664065],[6.709397072221414,49.782895592490718],[6.709466485439961,49.782896965275796],[6.709464365765217,49.78294190126217],[6.709325539205254,49.782939155646091]],[[6.706544767734498,49.782974080210899],[6.706614180926718,49.782975454706097],[6.706612058607949,49.783020390602211],[6.706609936283847,49.783065326497926],[6.706540522963429,49.783063951998386],[6.706538400569896,49.783108887891515],[6.706468987190716,49.783107513348241],[6.706399573816872,49.783106138763429],[6.706401696338605,49.783061202874634],[6.70647110964835,49.783062577457287],[6.706473232100649,49.78301764156592],[6.706542645351632,49.783019016104831],[6.706544767734498,49.782974080210899]],[[6.7070937077954,49.783119882741786],[6.70702429437354,49.78311850853094],[6.707026416318386,49.783073572622612],[6.707095829676146,49.783074946831292],[6.7070937077954,49.783119882741786]],[[6.706809687696549,49.783249193351992],[6.706740274103732,49.783247818968412],[6.706742396320969,49.783202883070018],[6.706811809849689,49.783204257451423],[6.706809687696549,49.783249193351992]],[[6.707571116116251,49.783309244752964],[6.707640529837178,49.783310618640094],[6.707638408442568,49.783355554565873],[6.70756899465754,49.783354180676575],[6.707571116116251,49.783309244752964]],[[6.705969712019713,49.784851764129513],[6.705967588964088,49.784896699990753],[6.705965465903127,49.784941635851574],[6.705896049933127,49.784940260928366],[6.705893926802726,49.7849851967866],[6.705824510773958,49.784983821819658],[6.705822387574115,49.785028757675299],[6.705752971486581,49.785027382664644],[6.705683555404385,49.785026007612423],[6.705685678732439,49.784981071761131],[6.705687802055156,49.784936135909426],[6.705689925372537,49.784891200057288],[6.705620509487995,49.784889824970044],[6.705622632864145,49.784844889119668],[6.705624756234958,49.784799953268895],[6.705626879600436,49.78475501741768],[6.705557463913546,49.784753642295392],[6.705559587337791,49.78470870644594],[6.705561710756701,49.784663770596083],[6.705492295203357,49.784662395436591],[6.705494418681035,49.784617459588475],[6.705496542153376,49.784572523739946],[6.705498665620381,49.784527587890999],[6.705429250264686,49.784526212696477],[6.705431373790458,49.784481276849277],[6.705433497310893,49.78443634100168],[6.705435620825993,49.78439140515367],[6.705366205667947,49.784390029924104],[6.705368329241812,49.784345094077842],[6.705370452810341,49.784300158231154],[6.705372576373532,49.784255222384061],[6.705303161413134,49.784253847119466],[6.705305285035092,49.784208911274121],[6.705307408651714,49.784163975428342],[6.705237993824858,49.784162600126557],[6.705240117500245,49.784117664282562],[6.705242241170295,49.784072728438133],[6.705172826476984,49.784071353099137],[6.705174950205799,49.784026417256456],[6.705177073929275,49.783981481413385],[6.705107659369507,49.783980106037177],[6.705109783151749,49.783935170195846],[6.705111906928654,49.783890234354104],[6.705042492502429,49.783888858940685],[6.705044616338098,49.783843923100704],[6.705046740168429,49.783798987260298],[6.704977325875744,49.783797611809682],[6.70497944976484,49.78375267597103],[6.704981573648597,49.783707740131973],[6.704912159489454,49.783706364644146],[6.704914283431973,49.783661428806838],[6.704916407369158,49.783616492969117],[6.704846993343555,49.783615117444093],[6.7048491173395,49.783570181608127],[6.704851241330108,49.783525245771735],[6.704781827438045,49.783523870209514],[6.704783951487415,49.783478934374884],[6.704714537664791,49.783477558773278],[6.704716661772923,49.783432622940403],[6.704718785875718,49.783387687107115],[6.704649372186632,49.783386311468298],[6.704651496348188,49.78334137563678],[6.704653620504406,49.783296439804822],[6.70458420694886,49.783295064128794],[6.704586331163839,49.783250128298612],[6.70458845537348,49.783205192468003],[6.704657868800829,49.783206568139676],[6.704659992941033,49.783161632306474],[6.704729406309624,49.783163007934412],[6.704798819683554,49.78316438352082],[6.704800943690223,49.78311944768285],[6.704870357005395,49.783120823225524],[6.704872480942628,49.783075887384967],[6.70494189419904,49.783077262883914],[6.704939770325906,49.783122198726637],[6.705009183651757,49.783123574186206],[6.705007059837383,49.783168510030691],[6.705076473232671,49.783169885450874],[6.705074349477059,49.783214821297115],[6.705072225716111,49.783259757142936],[6.705141639244936,49.783261132525922],[6.705139515542748,49.783306068373513],[6.705208929141011,49.783307443717113],[6.705206805497587,49.783352379566452],[6.705204681848826,49.783397315415371],[6.705274095580626,49.783398690721775],[6.705271971990628,49.783443626572449],[6.705341385791866,49.783445001839475],[6.705339262260631,49.783489937691911],[6.70533713872406,49.783534873543914],[6.705406552658837,49.783536248773743],[6.705404429181029,49.783581184627508],[6.705473843185245,49.783582559817944],[6.7054717197662,49.783627495673485],[6.705541133839854,49.783628870824536],[6.705610547918847,49.783630245934056],[6.705679962003179,49.783631621002002],[6.705749376092847,49.783632996028409],[6.705745129751554,49.783722867755614],[6.705743006572904,49.783767803618574],[6.705740883388919,49.783812739481121],[6.705738760199597,49.783857675343263],[6.70573663700494,49.783902611204972],[6.705806051484552,49.783903986202859],[6.705803928348661,49.783948922066351],[6.705801805207434,49.78399385792941],[6.705799682060872,49.784038793792043],[6.705797558908974,49.784083729654263],[6.70586697365033,49.784085104619294],[6.705864850557199,49.784130040483277],[6.705862727458733,49.784174976346833],[6.705932142333631,49.78417635127466],[6.705930019293931,49.784221287139971],[6.705927896248896,49.784266223004884],[6.705925773198526,49.784311158869357],[6.70599518827107,49.784312533762147],[6.705993065279467,49.784357469628389],[6.705990942282529,49.78440240549422],[6.705988819280257,49.784447341359616],[6.706058234550447,49.784448716217369],[6.706056111606942,49.784493652084542],[6.706053988658103,49.784538587951282],[6.706051865703928,49.784583523817609],[6.706049742744418,49.784628459683518],[6.70611915827636,49.784629834508408],[6.70611703537562,49.784674770376085],[6.706114912469543,49.78471970624333],[6.706112789558132,49.784764642110162],[6.706110666641385,49.784809577976581],[6.705971835070004,49.784806828267875],[6.705969712019713,49.784851764129513]],[[6.706180082435083,49.784810952768602],[6.706177959577107,49.784855888636777],[6.706175836713795,49.784900824504525],[6.706106420791889,49.784899449708156],[6.706108543719305,49.784854513842575],[6.706110666641385,49.784809577976581],[6.706180082435083,49.784810952768602]],[[6.702052483788258,49.789811637126569],[6.701983061048944,49.789810259761587],[6.70191363831498,49.789808882355075],[6.701844215586362,49.789807504906996],[6.70184634282517,49.789762569213828],[6.701915765489664,49.789763946659733],[6.701985188159507,49.789765324064092],[6.702054610834699,49.789766701426885],[6.702052483788258,49.789811637126569]],[[6.730974169643446,49.810306938782453],[6.731043623097929,49.810308299186183],[6.731041521345125,49.810353235633436],[6.731039419587034,49.810398172080276],[6.73096996600415,49.810396811672241],[6.730972067826439,49.81035187522756],[6.730974169643446,49.810306938782453]],[[6.730900512426549,49.810395451222618],[6.730831058854237,49.810394090731393],[6.730833160804929,49.810349154291018],[6.730902614313041,49.810350514780076],[6.730900512426549,49.810395451222618]],[[6.742535329174029,49.811342412073998],[6.742537420358656,49.811297475277769],[6.742606875785203,49.811298828771704],[6.742676331217008,49.811300182224066],[6.742674240160794,49.81134511902458],[6.74260478466478,49.811343765570079],[6.742535329174029,49.811342412073998]],[[6.742813151168597,49.811347825808788],[6.742882606680387,49.811349179138489],[6.742880515811535,49.811394115945006],[6.742811060235538,49.811392762613153],[6.742813151168597,49.811347825808788]],[[6.740586391588469,49.81139437076709],[6.740655847060297,49.811395725432128],[6.74065375412632,49.811440662169332],[6.740584298590285,49.811439307502141],[6.740586391588469,49.81139437076709]],[[6.740721116792584,49.811486953533837],[6.740723209667617,49.811442016794913],[6.740792665214179,49.811443371378914],[6.740790572403353,49.811488308119976],[6.740721116792584,49.811486953533837]],[[6.744574043473623,49.815340145782898],[6.744504582169061,49.815338793388179],[6.74450667182559,49.815293856562171],[6.744645594311531,49.815296561305736],[6.744715055562384,49.815297913615105],[6.744712966098517,49.815342850447536],[6.744643504783443,49.815341498136014],[6.744574043473623,49.815340145782898]],[[6.744782427418849,49.815344202717455],[6.744851888744434,49.815345554945765],[6.744849799403756,49.815390491782068],[6.744780338013949,49.81538913955162],[6.744710876629395,49.815387787279562],[6.744712966098517,49.815342850447536],[6.744782427418849,49.815344202717455]]],[[[6.697288135511957,49.802355800006254],[6.697290267911255,49.802310864554585],[6.697220827532978,49.802309484085249],[6.697218695069514,49.80235441953473],[6.697288135511957,49.802355800006254]]]]}}
]
}
