{
"type": "FeatureCollection",
"name": "Pegel_10_90m_AUTO",
"crs": { "type": "name", "properties": { "name": "urn:ogc:def:crs:EPSG::4258" } },
"features": [
{"type":"Feature","properties":{"fid":1,"DN":5},"geometry":{"type":"MultiPolygon","coordinates":[[[[6.599248229875773,49.717334666912841],[6.599250446342932,49.717289733959952],[6.59918113215545,49.717288296535436],[6.599178915624448,49.717333229486059],[6.599248229875773,49.717334666912841]]],[[[6.620951650620911,49.731816075450439],[6.620949453050136,49.731861009001221],[6.620947255473844,49.731905942551606],[6.621016591576767,49.731907367255886],[6.621018789089161,49.731862433703242],[6.621020986596035,49.7318175001502],[6.620951650620911,49.731816075450439]]],[[[6.621354483347438,49.732094224406502],[6.621285146961317,49.732092799900563],[6.62128294967694,49.732137733460085],[6.62135228612696,49.73213915796827],[6.621354483347438,49.732094224406502]]],[[[6.621934577115566,49.733005714653963],[6.622003914834915,49.733007138790178],[6.622006111521172,49.73296220521393],[6.621936773865726,49.73296078107996],[6.621934577115566,49.733005714653963]]],[[[6.622408959669993,49.733240350679075],[6.62233962159802,49.733238926780423],[6.622270283531562,49.733237502840311],[6.62220094547062,49.733236078858717],[6.622198748942987,49.733281012439186],[6.622129410823659,49.733279588413879],[6.622127214226604,49.733324521991683],[6.622125017624035,49.733369455569061],[6.622194355871173,49.733370879598873],[6.62226369412383,49.733372303587203],[6.622265890598589,49.733327370005327],[6.622335228792857,49.733328793949937],[6.622337425198197,49.733283860365397],[6.622406763334075,49.733285284266294],[6.622408959669993,49.733240350679075]]],[[[6.62201174489468,49.734266702911775],[6.622081084414439,49.734268127028052],[6.622083281127315,49.734223193459108],[6.622152620588684,49.734224617531652],[6.622154817232135,49.734179683960051],[6.622157013870074,49.734134750388016],[6.62208767453652,49.734133326319956],[6.622085477834675,49.734178259889745],[6.622016138442733,49.734176835777966],[6.621946799056309,49.734175411624726],[6.621944602221132,49.734220345189577],[6.621942405380438,49.73426527875403],[6.62201174489468,49.734266702911775]]],[[[6.622330835965635,49.733418661117781],[6.622328639543752,49.733463594701064],[6.622397977935252,49.733465018610957],[6.622467316332271,49.733466442479376],[6.622469512626343,49.733421508891603],[6.622400174293229,49.733420085025429],[6.622330835965635,49.733418661117781]]],[[[6.622259301157768,49.733462170749696],[6.622257104666464,49.733507104330315],[6.622326443116354,49.733508528283927],[6.622328639543752,49.733463594701064],[6.622259301157768,49.733462170749696]]],[[[6.622521590688457,49.736616064404686],[6.622452247801095,49.736614640503234],[6.622450051243291,49.736659574065555],[6.62251939419457,49.736660997969274],[6.622588737151366,49.736662421831497],[6.622590933581337,49.736617488264663],[6.622521590688457,49.736616064404686]]],[[[6.568882732691399,49.702937359749164],[6.568813440475825,49.702935904458826],[6.568744148265883,49.702934449127063],[6.568741904788824,49.702979381181279],[6.568672612520726,49.702977925805804],[6.56867036897425,49.703022857857292],[6.568601076647999,49.703021402438083],[6.568598833032106,49.703066334486849],[6.568529540647699,49.70306487902392],[6.568527296962388,49.703109811069972],[6.568596589410583,49.703111266535188],[6.568594345783429,49.703156198583116],[6.568663638301044,49.70315765400921],[6.568661394732048,49.703202586059],[6.568730687319082,49.703204041445971],[6.568728443808243,49.703248973497637],[6.568797736464697,49.7032504288455],[6.568795493012017,49.703295360899041],[6.568864785737889,49.703296816207754],[6.568862542343369,49.703341748263178],[6.568931835138662,49.703343203532775],[6.5689295918023,49.70338813559006],[6.568998884667013,49.703389590820542],[6.568996641388809,49.703434522879704],[6.569065934322944,49.703435978071049],[6.569063691102899,49.703480910132079],[6.569132984106452,49.703482365284309],[6.569130740944567,49.703527297347215],[6.569200034017541,49.703528752460322],[6.569197790913817,49.703573684525104],[6.569267084056212,49.703575139599074],[6.569264841010646,49.703620071665732],[6.569334134222461,49.70362152670058],[6.569331891235056,49.703666458769106],[6.569401184516292,49.703667913764825],[6.569398941587049,49.703712845835227],[6.569468234937704,49.703714300791837],[6.569465992066622,49.703759232864101],[6.569535285486698,49.703760687781582],[6.569533042673777,49.703805619855721],[6.569602336163273,49.703807074734065],[6.569600093408514,49.703852006810088],[6.569669386967432,49.703853461649302],[6.569667144270834,49.703898393727201],[6.569736437899172,49.703899848527293],[6.569734195260737,49.703944780607053],[6.569803488958494,49.703946235368022],[6.569801246378224,49.703991167449665],[6.569870540145402,49.703992622171498],[6.569868297623294,49.704037554254995],[6.569937591459892,49.70403900893772],[6.569935348995948,49.7040839410231],[6.570004642901966,49.704085395666695],[6.570002400496185,49.704130327753944],[6.570000158084778,49.704175259840774],[6.569930864051176,49.704173805192596],[6.569928621570349,49.704218737276697],[6.569859327478586,49.704217282584793],[6.569857084928339,49.704262214666173],[6.569787790778413,49.704260759930541],[6.569785548158749,49.7043056920092],[6.569716253950662,49.704304237229849],[6.569714011261577,49.704349169305786],[6.569644716995328,49.704347714482708],[6.569642474236823,49.704392646555924],[6.569573179912413,49.704391191689126],[6.569503885593633,49.704389736780897],[6.569501642701916,49.704434668849103],[6.569432348324974,49.704433213897161],[6.569430105363836,49.704478145962632],[6.569360810928734,49.704476690966963],[6.569358567898174,49.70452162302972],[6.56928927340491,49.704520167990324],[6.569287030304929,49.704565100050353],[6.569217735753504,49.704563644967237],[6.569215492584102,49.704608577024537],[6.569146197974516,49.704607121897702],[6.56907690337056,49.704605666729442],[6.569074660067944,49.704650598781718],[6.569005365405828,49.704649143569732],[6.568936070749344,49.704647688316314],[6.568933827313511,49.704692620363581],[6.568864532598866,49.704691165066457],[6.568862289093611,49.704736097110988],[6.568792994320805,49.704734641770123],[6.568790750746126,49.70477957381194],[6.568721455915161,49.704778118427356],[6.568719212271057,49.704823050466452],[6.56864991738193,49.70482159503814],[6.568580622498437,49.704820139568405],[6.568578378721115,49.704865071602477],[6.568509083779461,49.704863616089028],[6.568506839932717,49.704908548120365],[6.568437544932902,49.704907092563175],[6.568435301016732,49.704952024591798],[6.568504596080341,49.704953480151268],[6.568502352222334,49.704998412181773],[6.568500108358697,49.70504334421183],[6.568569403555527,49.705044799734488],[6.56863869875799,49.705046255215706],[6.568707993966087,49.705047710655506],[6.568777289179816,49.705049166053882],[6.568775045565725,49.705094098092715],[6.568844340848881,49.705095553451955],[6.568913636137669,49.705097008769783],[6.568911392645536,49.705141940812794],[6.568980688003752,49.705143396091486],[6.569049983367599,49.705144851328754],[6.569047739997426,49.705189783375921],[6.569117035430701,49.705191238574059],[6.569114792118693,49.70523617062311],[6.569112548801056,49.705281102671748],[6.569110305477788,49.705326034719953],[6.569108062148893,49.705370966767731],[6.569177357842979,49.705372421933625],[6.569246653542698,49.705373877058108],[6.569244410335762,49.705418809110064],[6.569313706104908,49.705420264195418],[6.56931146295614,49.705465196249236],[6.569380758794714,49.70546665129546],[6.569378515704112,49.705511583351154],[6.569447811612112,49.705513038358255],[6.569445568579678,49.705557970415818],[6.569443325541613,49.705602902472968],[6.569512621582837,49.705604357443228],[6.569581917629693,49.70560581237207],[6.569579674713593,49.705650744433392],[6.569648970829875,49.705652199323097],[6.569718266951788,49.705653654171378],[6.569716024157653,49.705698586236863],[6.569785320348994,49.705700041046015],[6.569854616545964,49.705701495813749],[6.569852373873796,49.705746427883398],[6.569921670140193,49.705747882611995],[6.569990966412221,49.705749337299167],[6.569988723862017,49.705794269373001],[6.570058020203474,49.705795724021044],[6.570127316550558,49.705797178627662],[6.570125074122322,49.705842110705646],[6.570194370538834,49.705843565273135],[6.570263666960976,49.705845019799192],[6.570261424654706,49.705889951881367],[6.570330721146275,49.705891406368302],[6.570400017643474,49.705892860813798],[6.570469314146301,49.705894315217876],[6.570467072025797,49.705939247306517],[6.570536368598051,49.705940701671459],[6.570534126535719,49.705985633761955],[6.5706034231774,49.705987088087767],[6.570601181173239,49.706032020180146],[6.570670477884345,49.706033474466835],[6.570668235938356,49.706078406561083],[6.570737532718891,49.706079860808636],[6.570735290831074,49.706124792904752],[6.570804587681034,49.706126247113176],[6.57080234585139,49.706171179211168],[6.570871642770777,49.706172633380469],[6.570869400999305,49.706217565480337],[6.570867159222209,49.706262497579765],[6.570936456274822,49.706263951712224],[6.571005753333063,49.706265405803265],[6.571075050396932,49.706266859852867],[6.571144347466428,49.706268313861052],[6.57114658898833,49.706223381752423],[6.571215885999656,49.706224835716874],[6.571285183016608,49.706226289639901],[6.571287424405286,49.706181357526255],[6.571356721364068,49.706182811405561],[6.571358962683323,49.706137879289187],[6.571428259583933,49.70613933312476],[6.571497556490169,49.706140786918915],[6.571499797676202,49.706095854797532],[6.571569094524266,49.706097308547967],[6.571638391377956,49.706098762256957],[6.571640632430768,49.706053830130564],[6.571709929226286,49.706055283795827],[6.571779226027431,49.706056737419686],[6.571848522834201,49.706058191002107],[6.571846281972785,49.706103123135385],[6.571915578848978,49.706104576678676],[6.571913338045737,49.706149508813837],[6.571908856422383,49.70623937308288],[6.571839559354792,49.706237919532711],[6.571837318470883,49.706282851664284],[6.571768021345117,49.706281398070388],[6.571765780391783,49.706326330199261],[6.571696483207846,49.706324876561624],[6.571694242185089,49.706369808687775],[6.571624944942979,49.706368355006433],[6.571622703850799,49.706413287129848],[6.571553406550515,49.706411833404786],[6.571551165388909,49.706456765525488],[6.57154892422168,49.70650169764577],[6.571479626799422,49.706500243874672],[6.571477385562771,49.706545175992233],[6.57140808808234,49.706543722177422],[6.571405846776261,49.706588654292254],[6.571336549237657,49.706587200433709],[6.571334307862155,49.706632132545835],[6.571332066481026,49.706677064657512],[6.571329825094273,49.706721996768785],[6.571260527369896,49.70672054286193],[6.571258285913717,49.706765474970474],[6.571256044451913,49.706810407078599],[6.57118674660556,49.706808953125716],[6.571184505074332,49.706853885231119],[6.571182263537475,49.706898817336096],[6.571180021994995,49.70694374944064],[6.571110723962867,49.706942295439433],[6.57110848235096,49.706987227541262],[6.571106240733426,49.707032159642672],[6.571036942579322,49.707030705595464],[6.571034700892363,49.707075637694132],[6.571032459199777,49.707120569792387],[6.570963160923696,49.707119115699143],[6.570960919161683,49.707164047794684],[6.570958677394043,49.707208979889799],[6.570889378995988,49.707207525750526],[6.57088713715892,49.70725245784292],[6.570884895316226,49.70729738993488],[6.570882653467905,49.70734232202642],[6.570813354884069,49.707340867838845],[6.57081111296632,49.707385799927657],[6.570808871042944,49.70743073201605],[6.570806629113942,49.70747566410401],[6.570875927889188,49.707477118298485],[6.570873686018362,49.70752205038832],[6.570942984863039,49.707523504543659],[6.570940743050391,49.70756843663537],[6.5710100419645,49.707569890751579],[6.57100780021003,49.707614822845159],[6.57107709919357,49.707616276922238],[6.571074857497278,49.707661209017694],[6.57114415655025,49.707662663055636],[6.571141914912137,49.707707595152954],[6.571211214034541,49.707709049151759],[6.571208972454607,49.70775398125096],[6.571278271646444,49.707755435210636],[6.571276030124687,49.707800367311698],[6.571345329385957,49.707801821232231],[6.571414628652853,49.707803275111345],[6.571483927925377,49.707804728949036],[6.571481686589409,49.707849661056564],[6.571550985931364,49.707851114855117],[6.571620285278946,49.707852568612232],[6.571618044064964,49.707897500723938],[6.571615802845356,49.70794243283521],[6.571685102326176,49.707943886555483],[6.571682861164749,49.707988818668625],[6.571752160715001,49.707990272349775],[6.571821460270879,49.707991725989494],[6.571823701304694,49.707946793871763],[6.571893000802393,49.707948247467733],[6.571962300305718,49.707949701022308],[6.572031599814669,49.707951154535429],[6.572029358972269,49.70799608666006],[6.572027118124246,49.708041018784265],[6.571957818487683,49.708039565266532],[6.57195557757023,49.708084497388015],[6.572024877270598,49.708085950908028],[6.572022636411328,49.708130883031373],[6.572091936181126,49.708132336512257],[6.572089695380037,49.708177268637478],[6.572087454573325,49.708222200762286],[6.572085213760989,49.708267132886654],[6.572154513727832,49.708268586332991],[6.572152272973678,49.708313518459235],[6.572150032213901,49.708358450585052],[6.572147791448502,49.708403382710443],[6.572145550677479,49.708448314835415],[6.572214850905174,49.708449768249501],[6.572212610192333,49.708494700376342],[6.57221036947387,49.708539632502763],[6.572208128749783,49.708584564628751],[6.572205888020072,49.708629496754305],[6.572203647284739,49.708674428879455],[6.572201406543781,49.708719361004164],[6.572270707159948,49.708720814390595],[6.572268466477175,49.708765746517173],[6.572337767162776,49.708767199864482],[6.572335526538189,49.708812131992943],[6.572404827293224,49.708813585301101],[6.572402586726821,49.708858517431423],[6.57247188755129,49.708859970700452],[6.572541188381383,49.708861423928042],[6.572679790058445,49.708864330258933],[6.572749090905413,49.708865783362221],[6.572818391758005,49.708867236424091],[6.572820631941558,49.708822304279998],[6.572889932735966,49.708823757298134],[6.572887692616223,49.708868689444529],[6.572956993480064,49.708870142423521],[6.572954753418507,49.708915074571792],[6.573024054351783,49.708916527511647],[6.573093355290681,49.708917980410085],[6.573095595224618,49.708873048257239],[6.573164896105332,49.708874501111943],[6.57316713596984,49.708829568956368],[6.573236436792368,49.708831021767352],[6.573238676587447,49.708786089609063],[6.57330797735179,49.708787542376314],[6.573377278121756,49.708788995102132],[6.573379517783596,49.708744062938841],[6.573381757439817,49.708699130775088],[6.573451058087789,49.708700583454906],[6.573520358741385,49.708702036093278],[6.573589659400603,49.708703488690212],[6.573591898859778,49.708658556519183],[6.573594138313331,49.70861362434772],[6.573663438850557,49.708615076898639],[6.573665678234684,49.708570144724447],[6.57366791761319,49.708525212549851],[6.573670156986076,49.708480280374815],[6.573739457337501,49.708481732877416],[6.573741696640959,49.708436800699666],[6.573810996934197,49.708438253158548],[6.573880297233059,49.708439705575998],[6.573949597537541,49.708441157952016],[6.574018897847644,49.708442610286603],[6.574088198163369,49.708444062579758],[6.574090437142172,49.70839913039012],[6.57415973739971,49.708400582639555],[6.574161976309089,49.708355650447189],[6.574231276508441,49.708357102652897],[6.574233515348393,49.708312170457809],[6.57430281548956,49.708313622619798],[6.574305054260084,49.708268690422003],[6.574374354343066,49.708270142540258],[6.574443654431668,49.708271594617081],[6.574512954525889,49.708273046652486],[6.574582254625733,49.708274498646446],[6.574584493135413,49.708229566439044],[6.574653793177069,49.708231018389284],[6.574651554731195,49.708275950598988],[6.574720854842278,49.708277402510085],[6.574718616454594,49.708322334721636],[6.574649316279705,49.708320882808238],[6.57464483935987,49.708410747225507],[6.574714139662374,49.708412199143488],[6.574783439970498,49.708413651020045],[6.57478120162977,49.70845858323262],[6.57485050200732,49.708460035070026],[6.574848263724781,49.708504967284483],[6.57491756417176,49.708506419082752],[6.574986864624357,49.708507870839604],[6.574984626463817,49.708552803058204],[6.575053926985841,49.708554254775926],[6.575123227513484,49.708555706452195],[6.57526182858563,49.708558609680445],[6.575259590674704,49.708603541907806],[6.575255114836005,49.708693406361242],[6.575324415571929,49.708694857920108],[6.575393716313473,49.708696309437535],[6.575391478513316,49.708741241668207],[6.575389240707543,49.70878617389846],[6.575458541582322,49.708787625379024],[6.575527842462719,49.708789076818178],[6.575525604778948,49.708834009052588],[6.575594905728773,49.708835460452597],[6.575664206684215,49.708836911811169],[6.575661969122446,49.708881844049742],[6.575731270147315,49.708883295369176],[6.575800571177804,49.708884746647186],[6.575869872213908,49.70888619788375],[6.575939173255629,49.708887649078903],[6.575941410562162,49.708842716831171],[6.576010711545693,49.708844167982583],[6.57600847430297,49.708889100232611],[6.576077775355926,49.708890551344886],[6.576147076414498,49.708892002415745],[6.576216377478689,49.708893453445157],[6.576214140421779,49.708938385701636],[6.576283441555395,49.708939836691904],[6.576352742694628,49.708941287640741],[6.576350505759722,49.708986219901384],[6.576419806968381,49.708987670811091],[6.576417570091671,49.709032603073581],[6.576486871369756,49.709034053944144],[6.576556172653455,49.709035504773276],[6.576553935898753,49.709080437039937],[6.576623237251878,49.709081887829932],[6.576692538610621,49.70908333857848],[6.576690301977925,49.709128270849291],[6.576759603406093,49.709129721558725],[6.576828904839875,49.709131172226705],[6.576898206279273,49.709132622853247],[6.576895969832394,49.70917755513053],[6.576965271341217,49.709179005717949],[6.576963034952538,49.709223937997074],[6.576960798558246,49.709268870275778],[6.576958562158341,49.709313802554078],[6.577027863864211,49.709315253106922],[6.577025627522505,49.709360185387077],[6.577023391175186,49.709405117666797],[6.576954089341693,49.709403667109356],[6.57695185292495,49.709448599386377],[6.57688255103326,49.709447148785223],[6.576880314547092,49.709492081059516],[6.576878078055313,49.709537013333389],[6.57687584155792,49.709581945606836],[6.57680653948041,49.709580494957372],[6.576804302913592,49.709625427228104],[6.576802066341162,49.709670359498404],[6.576732764141643,49.709668908802918],[6.576730527499786,49.709713841070524],[6.576728290852317,49.709758773337683],[6.576658988530787,49.709757322596197],[6.576656751813892,49.709802254860641],[6.576654515091382,49.709847187124666],[6.576585212647847,49.709845736337144],[6.57658297585591,49.709890668598455],[6.576513673354175,49.709889217767213],[6.576511436492813,49.709934150025809],[6.576509199625836,49.709979082283986],[6.576439897002091,49.70997763140673],[6.576437660065688,49.710022563662186],[6.576368357383746,49.710021112741202],[6.576370594383964,49.709976180488042],[6.576301291771452,49.709974729527929],[6.576299054707421,49.710019661778801],[6.576229752036713,49.710018210774948],[6.576227514903255,49.710063143023092],[6.576225277764181,49.710108075270831],[6.576294580562517,49.710109526279254],[6.576363883366469,49.710110977246252],[6.576361646349409,49.710155909498141],[6.576359409326734,49.710200841749597],[6.576357172298446,49.71024577400064],[6.576426475299456,49.710247224933077],[6.576424238329366,49.710292157185982],[6.576493541399808,49.710293608079276],[6.57649130448792,49.71033854033405],[6.576560607627792,49.710339991188199],[6.57662991077328,49.710341442000924],[6.576627673983407,49.710386374259848],[6.576696977198326,49.710387825033429],[6.576694740466654,49.710432757294228],[6.576764043751004,49.710434208028659],[6.576761807077533,49.710479140291319],[6.576831110431313,49.710480590986606],[6.576900413790709,49.710482041640475],[6.576898177239256,49.710526973907299],[6.576967480668083,49.710528424522003],[6.577036784102524,49.710529875095283],[6.577034547673088,49.710574807366264],[6.577103851176961,49.710576257900399],[6.577101614805728,49.710621190173249],[6.577170918379031,49.710622640668248],[6.57724022195795,49.710624091121794],[6.577237985708734,49.710669023398793],[6.577307289357083,49.710670473813209],[6.577376593011046,49.710671924186194],[6.577445896670624,49.710673374517732],[6.577515200335815,49.710674824807853],[6.577584504006621,49.710676275056521],[6.577586739936755,49.71063134276806],[6.577588975861278,49.710586410479173],[6.577658279410066,49.710587860681841],[6.577660515265163,49.71054292839024],[6.577729818755748,49.71054437854918],[6.577732054541418,49.710499446254865],[6.577734290321475,49.710454513960116],[6.577803593690043,49.710455964073034],[6.577805829400676,49.710411031775593],[6.577808065105696,49.710366099477717],[6.577877368352248,49.710367549544621],[6.577879603987842,49.710322617244024],[6.577948907176191,49.710324067267209],[6.577951142742361,49.710279134963898],[6.578020445872509,49.710280584943355],[6.578022681369252,49.71023565263733],[6.578091984441198,49.710237102573053],[6.578094219868518,49.710192170264321],[6.578163522882262,49.710193620156332],[6.578165758240155,49.710148687844885],[6.57816799359244,49.710103755533005],[6.578237296484169,49.710105205379001],[6.578239531767028,49.710060273064414],[6.578308834600555,49.710061722866676],[6.578311069813991,49.710016790549375],[6.578313305021818,49.709971858231654],[6.578382607733329,49.709973307987902],[6.578384842871731,49.709928375667459],[6.578454145525041,49.709929825379994],[6.578456380594021,49.709884893056838],[6.578525683189127,49.709886342725646],[6.578527918188686,49.709841410399768],[6.578666523268108,49.709844309608513],[6.578664288396177,49.709889241938953],[6.578733591008118,49.709890691483466],[6.578731356194393,49.709935623815781],[6.578800658875758,49.70993707332115],[6.578798424120236,49.709982005655327],[6.578867726871028,49.709983455121538],[6.578937029627428,49.709984904546332],[6.579006332389439,49.709986353929679],[6.579004097819752,49.710031286270308],[6.579001863244455,49.710076218610503],[6.578999628663549,49.710121150950279],[6.578997394077037,49.710166083289629],[6.579066697099916,49.71016753264071],[6.579059993498171,49.710302329663072],[6.579129296718104,49.710303778979586],[6.579127062236788,49.710348711321814],[6.579124827749864,49.710393643663615],[6.579122593257331,49.710438576005004],[6.579120358759193,49.710483508345959],[6.579118124255444,49.710528440686502],[6.579115889746089,49.710573373026598],[6.579185193354524,49.710574822315408],[6.579182958903377,49.710619754657387],[6.57918072444662,49.710664686998939],[6.579250028188299,49.710666136250893],[6.579319331935587,49.710667585461415],[6.579317097600857,49.710712517807103],[6.579314863260517,49.710757450152379],[6.57938416714105,49.710758899326038],[6.57938193285892,49.710803831673182],[6.579451236808876,49.710805280807705],[6.579520540764444,49.710806729900781],[6.57958984472562,49.710808178952419],[6.579659148692407,49.710809627962632],[6.579661382719269,49.710764695606329],[6.579730686627848,49.710766144572816],[6.579732920585286,49.710721212213819],[6.579802224435658,49.710722661136579],[6.579804458323673,49.710677728774847],[6.579873762115836,49.710679177653887],[6.579875995934429,49.710634245289448],[6.579878229747416,49.710589312924583],[6.579947533417555,49.710590761757615],[6.57994976716112,49.710545829390043],[6.580019070773051,49.710547278179355],[6.580021304447193,49.710502345809061],[6.580090608000916,49.710503794554633],[6.580092841605638,49.710458862181646],[6.580095075204753,49.710413929808219],[6.580164378636453,49.71041537850779],[6.580166612166147,49.710370446131655],[6.580235915539639,49.710371894787492],[6.580238148999912,49.710326962408651],[6.580307452315195,49.710328411020768],[6.580309685706049,49.710283478639219],[6.580311919091296,49.710238546257223],[6.580381222284558,49.710239994823333],[6.580383455600384,49.71019506243865],[6.580452758735438,49.71019651096104],[6.5805220618761,49.710197959441984],[6.580519828687904,49.710242891831264],[6.580589131897986,49.710244340273086],[6.580658435113677,49.710245788673447],[6.580656202047506,49.710290721066876],[6.580725505332618,49.710292169428115],[6.580794808623336,49.710293617747901],[6.58079257567919,49.71033855014548],[6.58086187903933,49.710339998426129],[6.580857413261858,49.710429863224583],[6.580855180364717,49.710474795623178],[6.580924483921909,49.710476243869252],[6.580926716755235,49.710431311468376],[6.58099602025422,49.710432759670731],[6.580998253018127,49.710387827267141],[6.5810675564589,49.710389275425783],[6.58106532375881,49.710434207831661],[6.581134627269006,49.710435655951137],[6.581203930784806,49.710437104029182],[6.581201698206743,49.710482036439224],[6.581271001791966,49.710483484478118],[6.581340305382794,49.710484932475595],[6.581338072926759,49.710529864889764],[6.581407376587009,49.710531312848083],[6.581476680252861,49.710532760764977],[6.581474447918858,49.710577693183296],[6.581543751654134,49.710579141061032],[6.581613055395014,49.710580588897344],[6.581610823183039,49.71062552131982],[6.58168012699334,49.71062696911698],[6.581749430809245,49.710628416872702],[6.581818734630755,49.710629864586984],[6.58181650260463,49.710674797015898],[6.581885806495559,49.710676244691037],[6.581883574527647,49.710721177121812],[6.581952878487999,49.7107226247578],[6.582022182453954,49.710724072352356],[6.582019950608076,49.710769004787281],[6.582089254643452,49.710770452342679],[6.582158558684431,49.710771899856645],[6.582156326960586,49.71081683229572],[6.582225631070986,49.710818279770535],[6.582223399405357,49.710863212211471],[6.582221167734127,49.710908144651988],[6.582218936057296,49.710953077092071],[6.582288240364751,49.710954524532326],[6.58235754467781,49.710955971931121],[6.582426848996473,49.710957419288505],[6.582424617505494,49.711002351735019],[6.582493921893577,49.711003799053238],[6.582563226287262,49.711005246330039],[6.58256099491832,49.71105017878071],[6.582630299381425,49.711051626018339],[6.582699603850134,49.711053073214543],[6.582697372603228,49.711098005669356],[6.582766677141358,49.711099452826403],[6.582905286234421,49.711102347016215],[6.582974590789355,49.711103794048952],[6.582972359792124,49.711148726512491],[6.58304166441648,49.711150173506084],[6.583110969046435,49.711151620458239],[6.583108738171243,49.711196552925927],[6.583178042870619,49.711197999838937],[6.583247347575596,49.711199446710509],[6.583245116822443,49.711244379182325],[6.58331442159684,49.711245826014746],[6.583383726376837,49.71124727280575],[6.583381495745723,49.711292205281715],[6.58345080059514,49.711293652033561],[6.583520105450159,49.71129509874396],[6.583517874941085,49.711340031224069],[6.583587179865523,49.711341477895324],[6.583584949414671,49.711386410377301],[6.583654254408528,49.711387857009399],[6.583723559407987,49.711389303600065],[6.583721329079176,49.711434236086191],[6.583790634148054,49.711435682637706],[6.583788403877465,49.71148061512568],[6.583857709015763,49.711482061638044],[6.583927014159659,49.711483508108962],[6.583924784011113,49.7115284406011],[6.58399408922443,49.711529887032853],[6.583991859134106,49.711574819526867],[6.58392255385697,49.711573373092811],[6.58392032369723,49.711618305584082],[6.583918093531892,49.711663238074948],[6.583915863360957,49.711708170565387],[6.583913633184426,49.711753103055386],[6.583909172814569,49.711842968034141],[6.583839867160107,49.711841521544947],[6.583837636902961,49.711886454031387],[6.583835406640218,49.711931386517428],[6.583904712422324,49.711932833011197],[6.583902482217805,49.711977765499086],[6.583971788069332,49.711979211953697],[6.584041093926459,49.711980658366876],[6.584179705657511,49.711983551068933],[6.584249011531434,49.711984997357803],[6.584318317410957,49.711986443605234],[6.584387623296079,49.711987889811226],[6.584456929186798,49.711989335975787],[6.584526235083118,49.711990782098901],[6.584595540985034,49.711992228180591],[6.584593311413138,49.712037160690898],[6.584662617384475,49.712038606733422],[6.58473192336141,49.712040052734515],[6.584729693911563,49.712084985248978],[6.584798999957918,49.712086431210913],[6.584796770566297,49.712131363727217],[6.584866076682072,49.712132809650008],[6.584935382803445,49.71213425553136],[6.585004688930414,49.712135701371267],[6.585002459724666,49.712180633894015],[6.585071765921055,49.712182079694763],[6.585069536773536,49.712227012219373],[6.585138843039345,49.712228457980977],[6.585136613950054,49.712273390507434],[6.585205920285282,49.712274836229881],[6.585203691254219,49.712319768758199],[6.585272997658869,49.712321214441495],[6.58527522662611,49.712276281910889],[6.585344532972532,49.712277727550465],[6.585342304069115,49.712322660083345],[6.585340075160105,49.712367592615806],[6.585409381639771,49.712369038218512],[6.585407152788989,49.712413970752827],[6.585476459338074,49.712415416316382],[6.585474230545523,49.712460348852566],[6.585543537164029,49.712461794376964],[6.585541308429707,49.712506726915009],[6.585610615117631,49.712508172400234],[6.58560838644154,49.712553104940142],[6.585677693198886,49.712554550386223],[6.585746999961827,49.712555995790872],[6.585744771407791,49.712600928334915],[6.585814078240152,49.712602373700392],[6.585811849744347,49.712647306246296],[6.585881156646129,49.712648751572637],[6.585878928208555,49.712693684120381],[6.585948235179756,49.712695129407571],[6.586017542156552,49.712696574653322],[6.586015313841035,49.712741507205223],[6.586084620887251,49.712742952411801],[6.586153927939061,49.712744397576955],[6.586151699745601,49.712789330132992],[6.586221006866832,49.712790775258988],[6.586218778731605,49.712835707816886],[6.586288085922255,49.712837152903717],[6.586285857845262,49.712882085463477],[6.586355165105332,49.712883530511149],[6.586352937086573,49.712928463072785],[6.586422244416063,49.7129299080813],[6.586491551751147,49.71293135304839],[6.586489323854446,49.71297628561414],[6.586558631258949,49.712977730542065],[6.586556403420484,49.713022663109683],[6.586625710894407,49.713024107998457],[6.586623483114175,49.713069040567937],[6.586554175576424,49.71306759567689],[6.586551947726776,49.713112528243641],[6.586549719871535,49.713157460809988],[6.586547492010701,49.713202393375909],[6.586616799739931,49.713203838273813],[6.586614571937333,49.713248770841588],[6.586683879735983,49.713250215700334],[6.586681651991621,49.713295148269971],[6.586750959859692,49.713296593089559],[6.586748732173564,49.713341525661065],[6.586746504481846,49.713386458232122],[6.586677196486122,49.713385013407979],[6.586674968724986,49.713429945976337],[6.586672740958257,49.713474878544282],[6.586603432840471,49.713473433674132],[6.58653412472828,49.713471988762528],[6.586531896828305,49.713516921325478],[6.586462588657879,49.713515476370162],[6.586460360688484,49.713560408930412],[6.586391052459824,49.713558963931376],[6.58638882442101,49.71360389648892],[6.586386596376603,49.713648829046029],[6.586317288025882,49.713647384000993],[6.586315059912055,49.713692316555402],[6.586245751503099,49.713690871466625],[6.586176443099738,49.71368942633643],[6.586178671341221,49.713644493786582],[6.586109363007284,49.713643048617215],[6.586107134701972,49.713687981164782],[6.586104906391068,49.713732913711929],[6.586102678074571,49.71377784625863],[6.586100449752481,49.713822778804925],[6.586098221424797,49.713867711350787],[6.586095993091521,49.713912643896229],[6.586093764752651,49.713957576441253],[6.58609153640819,49.714002508985843],[6.586160845252758,49.714003954173457],[6.586158616966533,49.714048886719915],[6.586089308058136,49.71404744153002],[6.586087079702488,49.714092374073751],[6.586017770735855,49.714090928840122],[6.586015542310786,49.714135861381159],[6.585946233285919,49.714134416103811],[6.585944004791425,49.714179348642148],[6.585941776291338,49.714224281180051],[6.585939547785657,49.714269213717543],[6.585870238574896,49.714267768391899],[6.585868009999792,49.714312700926669],[6.585937319274384,49.714314146254594],[6.585935090757518,49.714359078791226],[6.585932862235056,49.714404011327439],[6.585863552832804,49.714402565994945],[6.585861324240919,49.714447498528465],[6.585859095643441,49.714492431061544],[6.585856867040369,49.714537363594197],[6.585787557452218,49.714535918213414],[6.585785328779721,49.714580850743367],[6.585716019133335,49.714579405318858],[6.585713790391413,49.714624337846111],[6.585711561643897,49.714669270372916],[6.585642251875444,49.714667824902406],[6.585640023058501,49.714712757426526],[6.585637794235965,49.714757689950218],[6.585568484345444,49.714756244433694],[6.585566255453482,49.71480117695468],[6.585496945504726,49.714799731394429],[6.585494716543337,49.7148446639127],[6.585492487576353,49.714889596430559],[6.585423177505529,49.714888150824301],[6.585420948469118,49.714933083339439],[6.585418719427113,49.714978015854157],[6.585416490379512,49.715022948368457],[6.585485800641834,49.715024393981558],[6.585555110909753,49.715025839553221],[6.585557339829688,49.714980907034352],[6.58562665003937,49.714982352562288],[6.58569596025465,49.714983798048777],[6.585698189041325,49.714938865524935],[6.585700417822405,49.71489393300066],[6.585769727915615,49.714895378441149],[6.585839038014421,49.714896823840185],[6.585841266662242,49.714851891310929],[6.58584349530447,49.714806958781224],[6.585912805281208,49.714808404134274],[6.585915033854009,49.714763471601884],[6.585917262421218,49.714718539069054],[6.585986572275887,49.714719984376075],[6.585991029265859,49.714630119304609],[6.585993257752454,49.714585186768232],[6.586062567421224,49.714586632026972],[6.586064795838396,49.714541699487896],[6.586067024249973,49.714496766948386],[6.586136333796675,49.714498212161125],[6.586138562138829,49.714453279618915],[6.586207871627295,49.714454724787927],[6.586210099900025,49.714409792242989],[6.586212328167163,49.714364859697646],[6.586281637533562,49.714366304820658],[6.586283865731275,49.714321372272614],[6.586353175039439,49.714322817351892],[6.586422484353196,49.714324262389724],[6.586424712417656,49.714279329836693],[6.586426940476525,49.714234397283228],[6.586496249668216,49.714235842275066],[6.586498477657662,49.714190909718901],[6.586500705641515,49.714145977162296],[6.586570014711141,49.714147422108127],[6.586639323786359,49.714148867012511],[6.58664155163696,49.714103934450939],[6.586710860653943,49.714105379311604],[6.586780169676521,49.714106824130823],[6.586849478704692,49.71410826890861],[6.586918787738455,49.714109713644952],[6.586921015328145,49.714064781073823],[6.586923242912244,49.714019848502268],[6.586925470490751,49.713974915930287],[6.586927698063669,49.713929983357872],[6.586858389285224,49.713928538630668],[6.586860616916379,49.713883606060115],[6.586791308207356,49.713882161293739],[6.586789080512371,49.713927093862011],[6.586719771745113,49.713925649051909],[6.586721999503927,49.713880716485932],[6.586724227257148,49.713835783919507],[6.586793535896749,49.713837228725048],[6.586795763580551,49.713792296155937],[6.586797991258761,49.713747363586407],[6.586800218931382,49.713702431016443],[6.586869527385089,49.713703875773689],[6.586871754988288,49.713658943201018],[6.586802446598409,49.713657498446054],[6.586804674259846,49.713612565875259],[6.586873982585897,49.713614010627929],[6.58694329091754,49.71361545533918],[6.586945518445731,49.713570522763376],[6.58701482671914,49.713571967430887],[6.587017054177911,49.71352703485239],[6.587086362393084,49.713528479476189],[6.587088589782437,49.713483546894977],[6.587157897939375,49.713484991475063],[6.587227206101907,49.713486436013703],[6.587296514270029,49.713487880510897],[6.587294287072162,49.713532813098951],[6.587292059868703,49.713577745686578],[6.587361368170076,49.713579190146902],[6.58743067647704,49.71358063456578],[6.587428449395647,49.713625567157564],[6.587497757772032,49.713627011537284],[6.587495530748878,49.713671944130901],[6.587564839194682,49.71367338847147],[6.58763414764608,49.7136748327706],[6.587631920744994,49.713719765368367],[6.58770122926581,49.713721209628332],[6.587699002422965,49.713766142227954],[6.587629693838319,49.713764697965708],[6.587491076685803,49.713761809316885],[6.587488849645881,49.713806741909252],[6.587486622600369,49.713851674501171],[6.587484395549267,49.713896607092678],[6.587553704314217,49.713898051444652],[6.587623013084759,49.713899495755179],[6.587620786155726,49.713944428350835],[6.587618559221104,49.713989360946059],[6.587687868124896,49.713990805219716],[6.58775717703428,49.713992249451927],[6.587826485949254,49.713993693642699],[6.587824259200532,49.714038626244331],[6.587822032446222,49.714083558845552],[6.587891341494448,49.714085002999447],[6.587889114798378,49.714129935602529],[6.587958423916025,49.714131379717266],[6.587956197278198,49.714176312322181],[6.588025506465266,49.714177756397767],[6.588094815657925,49.7141792004319],[6.58809258914217,49.714224133040979],[6.58816189840425,49.714225577035954],[6.58823120767192,49.714227020989497],[6.588300516945182,49.714228464901588],[6.588369826224032,49.714229908772239],[6.588439135508474,49.714231352601459],[6.588508444798505,49.714232796389233],[6.588577754094126,49.714234240135561],[6.588575528019597,49.714279172760172],[6.588644837384638,49.714280616467335],[6.588714146755268,49.714282060133065],[6.588711920802814,49.714326992761819],[6.588781230242865,49.714328436388385],[6.588919849139733,49.7143313235172],[6.588917623373186,49.71437625615237],[6.588848313858127,49.714374812606387],[6.588846088022161,49.714419745238857],[6.58884386218061,49.714464677870886],[6.588913171823332,49.714466121421424],[6.588910946040027,49.714511054055315],[6.588908720251133,49.714555986688787],[6.588978030027108,49.71455743020244],[6.58898025575217,49.71451249756668],[6.5890495654699,49.714513941036614],[6.58918818492213,49.714516827852137],[6.589185959388565,49.714561760494718],[6.589255269186893,49.714563203842616],[6.58932457899081,49.714564647149054],[6.589322353579322,49.71460957979577],[6.589391663452661,49.714611023063043],[6.589460973331584,49.714612466288891],[6.589530283216098,49.714613909473293],[6.589528057990522,49.714658842126425],[6.589597367944453,49.714660285271663],[6.589735987869078,49.714663171437806],[6.589805297839772,49.714664614458712],[6.589803072863941,49.714709547120549],[6.589872382904054,49.714710990102297],[6.589941692949754,49.7147124330426],[6.590011003001039,49.71471387594147],[6.590080313057911,49.714715318798881],[6.590218933188413,49.714718204389406],[6.590288243262044,49.714719647122507],[6.59056548361242,49.714725417640473],[6.590704103821118,49.714728302650819],[6.590773413933844,49.714729745093813],[6.590842724052155,49.714731187495389],[6.590844948070495,49.714686254799375],[6.590847172083253,49.714641322102928],[6.590916482079483,49.714642764458503],[6.590918706022824,49.714597831759363],[6.590988015960805,49.714599274071212],[6.591057325904371,49.714600716341607],[6.591059549714467,49.714555783637493],[6.591128859599785,49.714557225864183],[6.591198169490684,49.714558668049428],[6.591267479387169,49.714560110193226],[6.591265255768571,49.714605042904175],[6.591334565734471,49.714606485008822],[6.591403875705954,49.714607927072016],[6.591473185683019,49.714609369093765],[6.591470962250338,49.71465430181113],[6.59154027229682,49.714655743793728],[6.591609582348886,49.714657185734872],[6.591678892406534,49.714658627634577],[6.591676669159771,49.714703560358359],[6.591745979286833,49.714705002218899],[6.591815289419477,49.714706444037994],[6.591813066294801,49.714751376765904],[6.59188237649686,49.714752818545847],[6.591884599557705,49.714707885815656],[6.591953909701514,49.71470932755188],[6.591951686704503,49.714754260284344],[6.592020996917727,49.714755701981396],[6.59201877397897,49.714800634715701],[6.59208808426161,49.714802076373587],[6.592157394549831,49.714803517990035],[6.59215517173316,49.714848450728489],[6.592224482090796,49.714849892305764],[6.592293792454013,49.714851333841615],[6.592291569759431,49.714896266584184],[6.592360880192063,49.714897708080862],[6.592430190630275,49.714899149536095],[6.59249950107407,49.714900590949881],[6.592497278565411,49.714945523698859],[6.592566589078619,49.714946965073487],[6.592635899597408,49.714948406406663],[6.59263367721084,49.714993339159783],[6.592702987799043,49.714994780453807],[6.592772298392827,49.714996221706379],[6.59284160899219,49.714997662917504],[6.592910919597133,49.714999104087198],[6.592908697460324,49.715044036849001],[6.59297800813468,49.715045477979523],[6.593047318814618,49.715046919068605],[6.593116629500134,49.715048360116249],[6.59311440754925,49.715093292884433],[6.59318371830418,49.715094733892911],[6.593322339830777,49.715097615785531],[6.593320118065822,49.715142548560131],[6.593389428901324,49.71514398944656],[6.593458739742403,49.715145430291543],[6.593456518099541,49.715190363070271],[6.593525829010034,49.715191803876088],[6.593595139926106,49.71519324464046],[6.593664450847757,49.715194685363386],[6.593662229390825,49.715239618148516],[6.593731540381887,49.715241058832277],[6.593800851378529,49.715242499474606],[6.593798630043691,49.715287432263871],[6.593937252181378,49.715290313428724],[6.594006563258588,49.715291753948982],[6.594004342109681,49.715336686744656],[6.594073653256303,49.715338127225756],[6.594142964408502,49.715339567665417],[6.594140743381693,49.715384500465198],[6.594210054603304,49.715385940865687],[6.594279365830495,49.71538738122473],[6.594348677063261,49.715388821542327],[6.594417988301601,49.715390261818492],[6.594415767524561,49.715435194626956],[6.594485078832316,49.715436634863948],[6.594554390145647,49.71543807505951],[6.594552169490705,49.715483007872095],[6.594621480873447,49.715484448028477],[6.594690792261767,49.715485888143412],[6.594688571728923,49.715530820960133],[6.594757883186654,49.715532261035897],[6.594827194649961,49.715533701070228],[6.594824974239217,49.715578633891077],[6.594894285771937,49.71558007388623],[6.594892065419457,49.715625006708926],[6.594961377021588,49.715626446664913],[6.594959156727373,49.71567137948945],[6.595097780076033,49.715674259281656],[6.595100000242575,49.715629326452557],[6.59516931186143,49.715630766284214],[6.595238623485862,49.715632206074424],[6.595236403446994,49.71567713890807],[6.595305715140835,49.715678578659123],[6.595375026840252,49.715680018368722],[6.595372806923486,49.715724951206489],[6.595442118692314,49.715726390876931],[6.595511430466717,49.715727830505912],[6.595509210672054,49.7157727633478],[6.595578522515868,49.715774202937617],[6.595647834365254,49.715775642485994],[6.595717146220215,49.715777081992933],[6.595714926611493,49.715822014841223],[6.595784238535866,49.715823454308975],[6.59578201898541,49.715868387159126],[6.595851330979193,49.715869826587721],[6.59592064297855,49.715871265974869],[6.5959184235502,49.715916198829127],[6.595987735618968,49.715917638177103],[6.595985516248885,49.715962571033224],[6.596054828387064,49.715964010342034],[6.596052609075247,49.716008943200002],[6.596121921282839,49.716010382469634],[6.596191233496,49.716011821697833],[6.596189014306293,49.716056754559915],[6.596258326588866,49.716058193748935],[6.596327638877011,49.71605963289651],[6.596325419809411,49.716104565762734],[6.596394732166967,49.716106004871143],[6.596533356898795,49.71610888296361],[6.59667198165291,49.716111760890321],[6.596741294038323,49.716113199791501],[6.596743512722892,49.716068266911641],[6.596812825050038,49.716069705769115],[6.596810606429311,49.716114638651241],[6.596879918825866,49.716116077469543],[6.596949231227994,49.716117516246399],[6.596947012729375,49.716162449132646],[6.596944794225188,49.71620738201846],[6.596942575715432,49.716252314903862],[6.596940357200106,49.716297247788845],[6.597009669863163,49.716298686533342],[6.59700745140611,49.716343619420151],[6.597076764138576,49.716345058125476],[6.597074545739794,49.716389991014168],[6.597143858541671,49.716391429680321],[6.59714164020116,49.716436362570846],[6.597210953072448,49.716437801197834],[6.597280265949304,49.716439239783362],[6.597349578831731,49.716440678327459],[6.597347360677176,49.716485611224364],[6.597416673629012,49.716487049729288],[6.597485986586419,49.716488488192773],[6.597555299549397,49.716489926614791],[6.597624612517942,49.716491364995385],[6.597693925492058,49.716492803334525],[6.597696143327411,49.716447870426251],[6.597765456243255,49.716449308721671],[6.597767674009203,49.716404375810697],[6.597769891769585,49.716359442899297],[6.597839204563317,49.716360881148731],[6.597908517362619,49.716362319356719],[6.597906299729917,49.716407252272667],[6.597975612598627,49.716408690441483],[6.598044925472905,49.71641012856886],[6.598114238352752,49.716411566654784],[6.598112020906006,49.71645649957712],[6.598181333855261,49.716457937623872],[6.598250646810083,49.716459375629178],[6.598248429485452,49.716504308555628],[6.598317742509685,49.716505746521769],[6.598387055539482,49.716507184446456],[6.598384838336969,49.716552117377027],[6.598454151436175,49.716553555262536],[6.59852346454095,49.716554993106612],[6.598592777651291,49.716556430909243],[6.598662090767199,49.716557868670428],[6.598659873814483,49.71660280160966],[6.598657656856203,49.716647734548467],[6.598726970105361,49.716649172272746],[6.598724753205356,49.716694105213413],[6.59879406652392,49.71669554289852],[6.598863379848054,49.716696980542174],[6.598861163070168,49.716741913486949],[6.598930476463709,49.716743351091424],[6.5989282597441,49.716788284038046],[6.598926043018928,49.716833216984249],[6.598995356545718,49.716834654551839],[6.598993139878825,49.716879587499875],[6.599062453475023,49.716881025028279],[6.599131767076789,49.716882462515237],[6.599201080684119,49.716883899960756],[6.599270394297014,49.716885337364836],[6.599268177879924,49.716930270321527],[6.599337491562229,49.716931707686427],[6.599406805250098,49.716933145009875],[6.599404588955131,49.716978077970694],[6.5994023726546,49.717023010931108],[6.599333058839046,49.717021573603112],[6.599330842469111,49.717066506560819],[6.599328626093611,49.717111439518099],[6.599259312155936,49.717110002144132],[6.59925709571103,49.717154935098712],[6.599254879260561,49.717199868052873],[6.599250446342932,49.717289733959952],[6.59931976053598,49.717291171343],[6.599389074734593,49.717292608684609],[6.599391291068502,49.717247675726746],[6.599460605208837,49.71724911302465],[6.599462821473341,49.717204180064094],[6.599465037732279,49.717159247103119],[6.599534351750493,49.717160684355022],[6.599536567940026,49.717115751391354],[6.599538784123996,49.717070818427267],[6.59960809802009,49.717072255633184],[6.599610314134654,49.717027322666397],[6.599679627972469,49.717028759828601],[6.599748941815848,49.717030196949359],[6.599746725828969,49.717075129920687],[6.599816039741754,49.717076567002273],[6.599885353660106,49.717078004042421],[6.59995466758402,49.717079441041115],[6.599952451783109,49.717124374018823],[6.600021765776431,49.717125810978345],[6.600091079775317,49.717127247896407],[6.600160393779767,49.717128684773037],[6.600158178164823,49.717173617757126],[6.600227492238681,49.717175054594577],[6.6002968063181,49.717176491390582],[6.600294590825282,49.717221424378806],[6.600363904974109,49.717222861135632],[6.600433219128499,49.717224297851011],[6.600502533288451,49.717225734524945],[6.600571847453967,49.717227171157433],[6.600641161625044,49.717228607748474],[6.600710475801686,49.717230044298056],[6.600712690911442,49.717185111296232],[6.600714906015639,49.717140178293981],[6.600784220070156,49.717141614797583],[6.600853534130233,49.717143051259754],[6.600922848195873,49.717144487680478],[6.600920633283208,49.717189420689529],[6.600918418364982,49.717234353698174],[6.600987732563871,49.717235790081986],[6.601057046768322,49.717237226424345],[6.601054831972224,49.717282159437097],[6.60112414624608,49.717283595740291],[6.601193460525497,49.717285032002025],[6.601262774810476,49.717286468222319],[6.601332089101016,49.717287904401168],[6.601401403397117,49.717289340538564],[6.601540032006,49.717292212689024],[6.601609346318782,49.717293648702082],[6.601678660637124,49.717295084673708],[6.601676446410065,49.717340017706455],[6.601745760797812,49.717341453638888],[6.601815075191118,49.717342889529888],[6.601884389589985,49.717344325379429],[6.6018821755489,49.717389258418557],[6.601879961502258,49.717434191457258],[6.601949276034373,49.7174356272699],[6.602018590572048,49.717437063041082],[6.602087905115282,49.717438498770825],[6.602157219664075,49.717439934459122],[6.602226534218428,49.717441370105973],[6.602295848778339,49.717442805711364],[6.602293635109208,49.717487738763253],[6.602362949738524,49.717489174329472],[6.602432264373398,49.717490609854245],[6.6024300508264,49.717535542910248],[6.602499365530678,49.717536978395849],[6.602497152041969,49.717581911453692],[6.60256646681565,49.717583346900113],[6.602635781594888,49.717584782305067],[6.602637994955905,49.717539849242698],[6.602640208311366,49.717494916179888],[6.602642421661272,49.71744998311668],[6.602573107073569,49.717448547718512],[6.602575320481765,49.71740361465713],[6.602644635005623,49.717405050053024],[6.602646848344419,49.717360116988957],[6.602649061677657,49.717315183924462],[6.602718376079384,49.717316619274371],[6.602787690486668,49.717318054582854],[6.602857004899511,49.717319489849871],[6.602854791757806,49.717364422921172],[6.602785477281119,49.717362987651882],[6.602783264070013,49.71740792072049],[6.602781050853352,49.717452853788672],[6.602850365457728,49.717454289062509],[6.602919680067663,49.717455724294872],[6.602917466973135,49.717500657367168],[6.602986781652472,49.717502092560366],[6.603056096337365,49.717503527712118],[6.603125411027816,49.717504962822424],[6.60312319811927,49.717549895901094],[6.603192512879122,49.717551330972228],[6.603261827644531,49.717552766001909],[6.603331142415496,49.717554200990136],[6.603328929692932,49.717599134075201],[6.6033982445333,49.717600569024249],[6.603396031869027,49.717645502111139],[6.603465346778796,49.717646937021009],[6.603534661694122,49.717648371889439],[6.60367329154144,49.717651241501954],[6.60374260647343,49.717652676246033],[6.603740394122833,49.717697609343844],[6.603809709124226,49.717699044048743],[6.603879024131175,49.71770047871221],[6.604017654161738,49.717703347914764],[6.604015442060972,49.717748281021215],[6.604084757148431,49.717749715562597],[6.604154072241445,49.717751150062533],[6.604151860262818,49.717796083173077],[6.604221175425234,49.717797517633834],[6.604290490593204,49.717798952053137],[6.604359805766728,49.717800386430987],[6.604357593974089,49.717845319547919],[6.604426909217013,49.717846753886597],[6.604496224465491,49.717848188183822],[6.604494012794994,49.717893121304861],[6.604563328112873,49.717894555562907],[6.604632643436305,49.717895989779507],[6.604701958765292,49.71789742395466],[6.604699747280781,49.717942357082059],[6.604769062679169,49.717943791218026],[6.604766851252956,49.717988724347293],[6.604836166720742,49.717990158444081],[6.604905482194081,49.717991592499409],[6.604974797672973,49.717993026513312],[6.60497258643275,49.718037959648932],[6.605041901981044,49.718039393623641],[6.605039690799118,49.718084326761108],[6.605037479611644,49.718129259898149],[6.605106795293183,49.718130693835938],[6.605176110980276,49.718132127732282],[6.605245426672919,49.71813356158718],[6.605243215671439,49.718178494730587],[6.605312531433482,49.718179928546306],[6.605381847201078,49.718181362320571],[6.605379636321744,49.718226295468092],[6.605448952158739,49.718227729203171],[6.605446741337701,49.71827266235254],[6.605516057244098,49.718274096048432],[6.605513846481361,49.718319029199648],[6.605583162457157,49.718320462856354],[6.605580951752719,49.718365396009403],[6.605650267797914,49.71836682962693],[6.605652478438505,49.718321896471629],[6.605721794425403,49.718323330045443],[6.605724004996595,49.718278396887449],[6.605793320925196,49.718279830417551],[6.605791110417851,49.718324763577812],[6.605788899904959,49.718369696737653],[6.605786689386519,49.718414629897069],[6.605784478862528,49.718459563056065],[6.605853795052075,49.718460996553766],[6.605851584586386,49.71850592971461],[6.605849374115148,49.718550862875027],[6.605847163638361,49.718595796035011],[6.605844953156026,49.718640729194583],[6.605842742668143,49.718685662353728],[6.60577342615935,49.718684228844694],[6.605771215602068,49.718729162001146],[6.605769005039237,49.718774095157173],[6.605766794470858,49.718819028312794],[6.605762373317452,49.71890889462275],[6.605693056494957,49.718907461060937],[6.60569084584608,49.718952394213026],[6.605760162732426,49.718953827777099],[6.60575795214185,49.718998760931008],[6.605827269097597,49.719000194455894],[6.605825058565324,49.719045127611658],[6.605894375590473,49.719046561097365],[6.605963692621173,49.719047994541619],[6.605961482211053,49.719092927701496],[6.606030799311156,49.719094361106556],[6.606100116416807,49.719095794470164],[6.606169433528009,49.719097227792339],[6.606167223303896,49.719142160958583],[6.606236540484501,49.719143594241565],[6.606305857670655,49.719145027483094],[6.606303647568696,49.719189960653445],[6.606372964824252,49.719191393855787],[6.606442282085359,49.719192827016684],[6.606440072105557,49.719237760191142],[6.606509389436063,49.719239193312852],[6.60657870677212,49.719240626393116],[6.606648024113727,49.719242059431927],[6.606645814319934,49.719286992612737],[6.606715131730941,49.719288425612362],[6.606784449147497,49.719289858570555],[6.606782239475861,49.719334791755465],[6.606851556961819,49.71933622467445],[6.606920874453325,49.719337657552003],[6.606918664903847,49.719382590741027],[6.606987982464754,49.719384023579373],[6.607057300031209,49.719385456376287],[6.607055090603891,49.719430389569418],[6.607124408239748,49.719431822327131],[6.607193725881153,49.719433255043398],[6.607263043528105,49.719434687718213],[6.607332361180606,49.719436120351588],[6.607330152003152,49.719481053553345],[6.607399469725054,49.71948248614752],[6.6074687874525,49.719483918700263],[6.607470996502249,49.719438985493966],[6.60754031417139,49.719440418002996],[6.607609631846081,49.719441850470552],[6.607678949526319,49.719443282896677],[6.607681158378962,49.719398349683182],[6.607750476000893,49.719399782065594],[6.607748267212102,49.719444715281355],[6.607817584903433,49.719446147624573],[6.60788690260031,49.719447579926339],[6.607956220302733,49.719449012186651],[6.608025538010702,49.719450444405524],[6.608023329471779,49.719495377629912],[6.608092647249148,49.719496809809591],[6.608090438768533,49.719541743035812],[6.608159756615301,49.719543175176305],[6.608229074467614,49.719544607275353],[6.608226866109165,49.71958954050568],[6.608296184030877,49.71959097256552],[6.608293975730737,49.719635905797688],[6.608363293721847,49.719637337818362],[6.608361085480018,49.719682271052363],[6.608358877232646,49.719727204285931],[6.60835666897973,49.719772137519108],[6.608354460721271,49.719817070751837],[6.608423778973345,49.719818502740097],[6.608421570773197,49.71986343597468],[6.608419362567505,49.719908369208831],[6.608417154356272,49.719953302442555],[6.608486472805455,49.719954734396147],[6.608555791260182,49.7199561663083],[6.608557999343706,49.71991123307005],[6.608627317740122,49.719912664938491],[6.60862952575425,49.719867731697541],[6.608698844092358,49.719869163522269],[6.608696636142086,49.719914096765471],[6.608765954549592,49.719915528550999],[6.608763746657634,49.719960461796028],[6.608833065134539,49.719961893542383],[6.608830857300894,49.720006826789266],[6.608900175847198,49.720008258496421],[6.608897968071864,49.72005319174513],[6.60889576029099,49.720098124993434],[6.608965078970551,49.720099556663655],[6.608962871247988,49.720144489913785],[6.609032189996947,49.720145921544834],[6.6090299823327,49.720190854796805],[6.609099301151059,49.720192286388652],[6.609097093545127,49.720237219642449],[6.609166412432885,49.720238651195118],[6.609164204885265,49.720283584450755],[6.609233523842425,49.720285015964222],[6.60923131635312,49.720329949221728],[6.609300635379679,49.720331380696003],[6.609369954411782,49.720332812128817],[6.609367747044648,49.720377745390408],[6.609437066146151,49.720379176784043],[6.609434858837333,49.720424110047468],[6.609504178008235,49.720425541401909],[6.609501970757734,49.720470474667174],[6.609499763501693,49.720515407932005],[6.609569082805851,49.720516839249527],[6.609638402115552,49.720518270525595],[6.609707721430796,49.72051970176021],[6.609705514360785,49.720564635031401],[6.609774833745429,49.72056606622683],[6.609844153135614,49.720567497380799],[6.609913472531342,49.7205689284933],[6.609911265647363,49.720613861770879],[6.609909058757844,49.720658795048003],[6.609978378286829,49.720660226123606],[6.610047697821356,49.720661657157734],[6.610045491054013,49.720706590438972],[6.610114810657938,49.720708021433907],[6.610112603948914,49.720752954716986],[6.61018192362224,49.720754385672741],[6.610179716971535,49.720799318957646],[6.61024903671426,49.720800749874208],[6.610246830121874,49.720845683160952],[6.610316149933998,49.720847114038328],[6.610313943399931,49.720892047326913],[6.610383263281456,49.720893478165088],[6.610381056805708,49.720938411455506],[6.610450376756632,49.720939842254502],[6.610448170339206,49.720984775546761],[6.610517490359529,49.720986206306542],[6.610515284000422,49.721031139600655],[6.610584604090145,49.721032570321249],[6.610653924185409,49.721034001000397],[6.610651717948482,49.721078934298582],[6.610721038113147,49.72108036493853],[6.61071883193454,49.721125298238569],[6.610788152168603,49.72112672883933],[6.61078594604832,49.721171662141195],[6.610855266351784,49.72117309270277],[6.610853060289822,49.721218026006483],[6.610922380662684,49.72121945652885],[6.610920174659044,49.721264389834403],[6.610989495101306,49.721265820317591],[6.610987289155989,49.721310753624955],[6.61105660966765,49.72131218406895],[6.611054403780656,49.721357117378169],[6.611052197888124,49.721402050686969],[6.611121518533046,49.721403481094029],[6.611119312698837,49.721448414404655],[6.61118863341316,49.721449844772515],[6.611257954133023,49.721451275098914],[6.611255748420997,49.72149620841364],[6.61132506921026,49.721497638700868],[6.611322863556559,49.721542572017434],[6.611392184415221,49.721544002265453],[6.611389978819845,49.72158893558386],[6.611459299747907,49.721590365792672],[6.611457094210856,49.721635299112918],[6.611526415208317,49.721636729282551],[6.61152420972959,49.721681662604631],[6.611593530796453,49.721683092735056],[6.611591325376053,49.721728026058976],[6.611660646512315,49.721729456150207],[6.61165844115024,49.721774389475968],[6.611727762355902,49.721775819528006],[6.611725557052153,49.721820752855606],[6.611794878327215,49.721822182868458],[6.611792673081792,49.72186711619787],[6.611861994426254,49.721868546171521],[6.611859789239159,49.721913479502788],[6.611857584046526,49.721958412833629],[6.611926905524253,49.721959842770346],[6.611924700389948,49.72200477610302],[6.611994021937075,49.722006206000543],[6.611991816861098,49.722051139335058],[6.611989611779585,49.722096072669146],[6.611987406692537,49.722141006002808],[6.61205672843679,49.722142435865656],[6.612054523408069,49.722187369201158],[6.612052318373815,49.722232302536241],[6.612121640251331,49.722233732362156],[6.612119435275405,49.722278665699058],[6.612117230293943,49.722323599035555],[6.612186552304726,49.722325028824528],[6.612184347381592,49.722369962162851],[6.612253669461777,49.722371391912624],[6.612251464596973,49.722416325252794],[6.612320786746559,49.722417754963359],[6.612318581940084,49.722462688305377],[6.61238790415907,49.722464117976756],[6.612385699410926,49.722509051320586],[6.612455021699314,49.722510480952771],[6.6124528170095,49.722555414298455],[6.612522139367291,49.722556843891439],[6.612519934735807,49.72260177723895],[6.61251773009879,49.722646710586019],[6.612587052589846,49.722648140142077],[6.612584848011159,49.722693073491008],[6.612654170571616,49.722694503007858],[6.612651966051262,49.722739436358616],[6.612721288681121,49.722740865836279],[6.612719084219098,49.72278579918887],[6.61278840691836,49.722787228627325],[6.612786202514668,49.722832161981749],[6.612855525283331,49.722833591381011],[6.612853320937972,49.722878524737283],[6.612922643776037,49.722879954097344],[6.612920439489011,49.722924887455434],[6.612989762396479,49.722926316776302],[6.613059085309482,49.722927746055717],[6.613128408228021,49.722929175293658],[6.61312620412706,49.722974108658129],[6.613195527114999,49.722975537856883],[6.613264850108473,49.722976967014183],[6.613262646129714,49.723021900382726],[6.613331969192591,49.723023329500826],[6.613329765272163,49.723068262871202],[6.613399088404442,49.723069691950116],[6.613396884542349,49.723114625322324],[6.61346620774403,49.723116054362031],[6.613464003940272,49.723160987736073],[6.613533327211353,49.723162416736585],[6.613531123465931,49.72320735011246],[6.613600446806414,49.723208779073772],[6.613598243119326,49.723253712451509],[6.613667566529212,49.723255141373606],[6.613665362900461,49.723300074753162],[6.613734686379747,49.72330150363608],[6.613732482809332,49.723346437017469],[6.61380180635802,49.723347865861165],[6.613799602845941,49.723392799244394],[6.613868926464032,49.723394228048903],[6.61386672301029,49.723439161433966],[6.613936046697781,49.723440590199274],[6.613933843302377,49.72348552358617],[6.613931639901439,49.723530456972647],[6.614000963722202,49.723531885701007],[6.613998760379603,49.723576819089317],[6.614068084269769,49.723578247778491],[6.614065880985508,49.723623181168627],[6.614135204945074,49.7236246098186],[6.614133001719151,49.723669543210569],[6.61420232574812,49.723670971821335],[6.614200122580535,49.723715905215151],[6.614269446678907,49.723717333786723],[6.614267243569662,49.723762267182359],[6.614336567737435,49.72376369571473],[6.614334364686527,49.723808629112206],[6.614403688923703,49.723810057605377],[6.614401485931135,49.723854991004686],[6.614399282933037,49.723899924403575],[6.614468607303486,49.723901352859812],[6.614466404363727,49.723946286260528],[6.614535728803578,49.723947714677557],[6.614533525922161,49.723992648080106],[6.614602850431414,49.72399407645792],[6.614600647608336,49.724039009862317],[6.614669972186993,49.724040438200937],[6.614667769422256,49.724085371607181],[6.614665566651988,49.724130305012977],[6.614734891363919,49.724131733314657],[6.614732688651993,49.724176666722293],[6.614802013433327,49.724178094984772],[6.614799810779743,49.724223028394235],[6.614869135630477,49.72422445661752],[6.614866933035237,49.724269390028809],[6.614864730434465,49.724314323439692],[6.614862527828164,49.724359256850157],[6.614860325216333,49.724404190260188],[6.614858122598973,49.724449123669807],[6.614855919976083,49.724494057079006],[6.614853717347666,49.724538990487765],[6.614923042651036,49.724540418685379],[6.61492084008096,49.724585352095986],[6.614990165453736,49.724586780254398],[6.615059490832042,49.724588208371344],[6.615057288384182,49.724633141786043],[6.615126613831893,49.724634569863781],[6.615124411442378,49.724679503280306],[6.615193736959491,49.724680931318844],[6.615195939285133,49.724635997900073],[6.615265264743906,49.724637425894898],[6.615334590208208,49.724638853848276],[6.615336792400576,49.724593920424553],[6.615406117806538,49.724595348334219],[6.615475443218028,49.724596776202425],[6.61554476863505,49.724598204029164],[6.615546970630272,49.72455327059825],[6.615549172619965,49.724508337166938],[6.615618497914772,49.724509764947712],[6.615616295988952,49.724554698381283],[6.61568562135316,49.724556126122856],[6.615683419485682,49.724601059558275],[6.615752744919294,49.724602487260633],[6.615754946722898,49.724557553822962],[6.615824272098166,49.724558981481621],[6.615893597478964,49.724560409098821],[6.615962922865291,49.724561836674553],[6.615965124471749,49.724516903229691],[6.61596732607268,49.724471969784425],[6.616036651336792,49.724473397314185],[6.616105976606431,49.724474824802499],[6.616108178074093,49.724429891352273],[6.616177503285389,49.724431318796874],[6.61617970468365,49.72438638534399],[6.616249029836603,49.72438781274488],[6.616251231165466,49.72434287928931],[6.616320556260075,49.724344306646486],[6.616322757519541,49.724299373188238],[6.616392082555806,49.724300800501688],[6.616394283745873,49.724255867040782],[6.616463608723794,49.724257294310533],[6.616465809844464,49.724212360846934],[6.616535134764042,49.724213788072966],[6.616537335815314,49.724168854606688],[6.616606660676549,49.724170281789007],[6.61667598554331,49.72417170892988],[6.616745310415598,49.724173136029286],[6.616814635293415,49.724174563087239],[6.616812434497629,49.72421949656254],[6.616881759444843,49.724220923581278],[6.616879558707402,49.724265857058406],[6.616877357964439,49.7243107905351],[6.616946683044924,49.724312217516903],[6.616944482360307,49.724357150995431],[6.617013807510192,49.724358577938027],[6.617011606883922,49.724403511418394],[6.617080932103205,49.724404938321783],[6.617078731535284,49.724449871803984],[6.617148056823965,49.724451298668171],[6.617145856314392,49.724496232152198],[6.617215181672474,49.724497658977178],[6.617212981221249,49.724542592463045],[6.617210780764502,49.724587525948472],[6.617280106255853,49.724588952736518],[6.617277905857455,49.724633886223778],[6.617208580302229,49.724632459433494],[6.617139254752528,49.724631032601749],[6.617137054220859,49.724675966084099],[6.617067728612812,49.72467453920865],[6.616998403010292,49.724673112291725],[6.616996202345351,49.72471804576913],[6.616926876684484,49.724716618808507],[6.616857551029145,49.724715191806425],[6.616855350230932,49.724760125278912],[6.616786024517246,49.72475869823311],[6.616716698809086,49.724757271145862],[6.616714497877601,49.724802204613411],[6.616645172111097,49.724800777482443],[6.616575846350121,49.724799350310015],[6.616573645285363,49.724844283772619],[6.61650431946604,49.724842856556485],[6.616502118331883,49.724887790016432],[6.616432792454213,49.724886362756578],[6.616363466582073,49.72488493545525],[6.616361265314642,49.724929868910266],[6.616291939384155,49.724928441565247],[6.616222613459197,49.72492701417876],[6.616220412058492,49.724971947628838],[6.616151086075187,49.724970520198639],[6.616148884605082,49.725015453646044],[6.616079558563431,49.725014026172133],[6.616077357023925,49.72505895961686],[6.616008030923931,49.725057532099228],[6.616005829315021,49.725102465541276],[6.616003627700587,49.725147398982905],[6.616001426080625,49.725192332424093],[6.616070752372244,49.725193759948489],[6.61606855081063,49.725238693391532],[6.616066349243488,49.725283626834155],[6.61606414767082,49.725328560276346],[6.616133474159596,49.725329987766031],[6.616131272645275,49.725374921210062],[6.61612907112543,49.725419854653666],[6.616198397747485,49.72542128210641],[6.616196196285988,49.725466215551847],[6.616193994818964,49.725511148996858],[6.616191793346414,49.725556082441443],[6.616261120165625,49.725557509859499],[6.616258918751426,49.725602443305924],[6.616256717331698,49.725647376751922],[6.616326044284191,49.72564880413303],[6.616323842922815,49.725693737580869],[6.616321641555912,49.725738671028267],[6.616319440183482,49.725783604475268],[6.616388767333135,49.725785031821665],[6.616386566019056,49.725829965270492],[6.616384364699451,49.725874898718892],[6.61638216337432,49.725919832166873],[6.616451490721133,49.725921259478582],[6.616449289454352,49.725966192928396],[6.616447088182047,49.726011126377777],[6.616444886904215,49.726056059826739],[6.616514214448189,49.726057487103752],[6.616512013228711,49.726102420554561],[6.616581340842091,49.726103847792359],[6.616650668461001,49.726105274988711],[6.616719996085438,49.726106702143596],[6.616789323715405,49.726108129257021],[6.616791524679371,49.726063195797209],[6.616860852250985,49.726064622866915],[6.616930179828129,49.726066049895174],[6.616932380658814,49.726021116430424],[6.617001708177606,49.726022543414963],[6.616999507410798,49.726067476881965],[6.617068834998996,49.726068903827283],[6.617066634290541,49.726113837296126],[6.617064433576562,49.726158770764535],[6.617133761298044,49.726160197672911],[6.617131560642419,49.726205131143153],[6.617129359981271,49.726250064612977],[6.617198687836035,49.726251491484405],[6.617268015696327,49.726252918314373],[6.617265815157412,49.726297851788267],[6.61733514308711,49.726299278579027],[6.617404471022333,49.726300705328313],[6.617406671433492,49.726255771849907],[6.617475999310363,49.726257198555494],[6.617478199652117,49.726212265074416],[6.617547527470635,49.72621369173627],[6.61761685529468,49.726215118356684],[6.617619055503154,49.726170184870654],[6.617688383268845,49.726171611447349],[6.617757711040062,49.726173037982576],[6.617759911115253,49.72612810449165],[6.617762111184923,49.726083171000262],[6.617764311249069,49.726038237508476],[6.617694983669488,49.726036810979998],[6.617697183791988,49.725991877490053],[6.617699383908966,49.725946943999666],[6.617630056462668,49.725945517434241],[6.617632256637999,49.725900583945688],[6.617562929261101,49.725899157341061],[6.617565129494789,49.725854223854341],[6.617569529945592,49.725764356879623],[6.617638857130856,49.725765783477485],[6.617708184321644,49.725767210033908],[6.617710384411005,49.725722276541411],[6.617779711543442,49.725723703054115],[6.617781911563402,49.725678769558947],[6.617784111577841,49.725633836063352],[6.617786311586755,49.725588902567338],[6.617790711588016,49.725499035574046],[6.617792911580363,49.725454102076775],[6.617723584831187,49.725452675577593],[6.617725784881885,49.72540774208214],[6.61765645820211,49.725406315543751],[6.617658658311163,49.725361382050139],[6.617660858414692,49.7253164485561],[6.617591531868194,49.725315021980769],[6.617593732030075,49.725270088488557],[6.617595932186433,49.725225154995925],[6.617526605773212,49.725223728383639],[6.617528805987922,49.725178794892841],[6.617598132337268,49.725180221502875],[6.61766745869214,49.725181648071455],[6.617665258605181,49.725226581566751],[6.617663058512697,49.725271515061642],[6.617732385000846,49.725272941593261],[6.617734585029453,49.725228008096117],[6.61780391145925,49.725229434584037],[6.617806111418458,49.725184501084229],[6.617808311372145,49.725139567583994],[6.617738985070099,49.72513814110058],[6.617741185082136,49.725093207602193],[6.617743385088652,49.725048274103365],[6.617812711262949,49.725049700582254],[6.617810511320307,49.725094634083341],[6.617879837564005,49.725096060523029],[6.617877637679717,49.725140994025935],[6.617946963992814,49.72514242042643],[6.617944764166879,49.725187353931155],[6.618014090549376,49.725188780292441],[6.618011890781792,49.725233713799014],[6.61808121723369,49.725235140121093],[6.61807901752446,49.725280073629492],[6.618076817809709,49.725325007137471],[6.618146144394882,49.725326433422595],[6.618143944738483,49.7253713669324],[6.618141745076563,49.725416300441793],[6.618139545409122,49.725461233950767],[6.618137345736157,49.725506167459301],[6.618275999434085,49.72550901992318],[6.618273799883352,49.725553953435821],[6.618271600327096,49.725598886948028],[6.61826940076532,49.725643820459815],[6.618267201198021,49.725688753971177],[6.618336528310778,49.725690180149932],[6.618334328801835,49.725735113663134],[6.618403655983993,49.725736539802696],[6.618472983171676,49.725737965900784],[6.618470783784966,49.725782899418057],[6.618468584392733,49.725827832934918],[6.618537911713695,49.725829258996058],[6.61853571237982,49.725874192514752],[6.618605039770182,49.725875618536676],[6.618602840494663,49.725920552057197],[6.618600641213622,49.725965485577291],[6.618669968737265,49.725966911562274],[6.618667769514582,49.726011845084201],[6.618665570286378,49.726056778605695],[6.618663371052653,49.726101712126777],[6.618732698773454,49.726103138077058],[6.618730499598087,49.726148071599965],[6.61879982738829,49.726149497511038],[6.618797628271281,49.726194431035772],[6.618795429148749,49.726239364560101],[6.618864757072234,49.726240790434211],[6.618862558008061,49.726285723960366],[6.618931886000947,49.726287149795262],[6.618929686995135,49.726332083323236],[6.618927487983801,49.726377016850797],[6.61899681610997,49.726378442648759],[6.618994617156996,49.726423376178133],[6.618992418198502,49.726468309707109],[6.619061746457952,49.726469735468093],[6.619059547557818,49.726514668998895],[6.619057348652161,49.726559602529257],[6.619126677044895,49.7265610282533],[6.619124478197601,49.726605961785502],[6.619193806659737,49.726607387470331],[6.619191607870803,49.726652321004366],[6.619189409076349,49.726697254537967],[6.619187210276373,49.726742188071171],[6.619256538935676,49.72674361372129],[6.619254340194061,49.726788547256312],[6.619252141446928,49.726833480790908],[6.619321470239515,49.726834906404072],[6.619319271550745,49.726879839940494],[6.619317072856452,49.726924773476505],[6.619386401782323,49.726926199052713],[6.619384203146393,49.726971132590535],[6.619382004504945,49.727016066127952],[6.619451333564102,49.727017491667198],[6.619449134981015,49.727062425206448],[6.619446936392408,49.727107358745272],[6.619377607205488,49.727105933201521],[6.619308278024087,49.727104507616311],[6.619306079302196,49.727149441150218],[6.619236750062436,49.72714801552128],[6.619167420828198,49.727146589850889],[6.619098091599483,49.727145164139053],[6.619095892680424,49.727190097665769],[6.618957234111796,49.727187246113175],[6.618959433158619,49.727142312590956],[6.618890103946471,49.727140886754711],[6.618887904835765,49.727185820274684],[6.61881857556526,49.727184394394733],[6.618749246300276,49.727182968473322],[6.618747047056284,49.72722790198835],[6.618677717732941,49.727226476023219],[6.618608388415121,49.727225050016635],[6.61861058778688,49.727180116506112],[6.618612787153117,49.727135182995156],[6.618543457968586,49.727133756951602],[6.618545657393184,49.727088823442479],[6.61847632827806,49.727087397359725],[6.618478527761018,49.727042463852442],[6.618480727238453,49.726997530344725],[6.618411398256619,49.726996104225002],[6.618413597792414,49.726951170719119],[6.618415797322688,49.726906237212816],[6.61834646847414,49.726904811056151],[6.618348668062773,49.726859877551689],[6.618279339283631,49.726858451355803],[6.618281538930622,49.726813517853167],[6.618212210220887,49.726812091618072],[6.618210010510013,49.72685702511847],[6.618140681741918,49.726855598839663],[6.618138481961641,49.726900532337375],[6.61806915313519,49.726899106014862],[6.618066953285509,49.726944039509888],[6.617997624400703,49.726942613143656],[6.617995424481616,49.726987546636025],[6.617993224557007,49.72703248012796],[6.618062553569577,49.727033906498704],[6.618060353703328,49.72707883999248],[6.618129682785304,49.727080266324002],[6.618199011872807,49.727081692614071],[6.618196812128798,49.727126626111932],[6.618194612379268,49.72717155960936],[6.618192412624214,49.727216493106383],[6.618261741908888,49.727217919361735],[6.618331071199086,49.727219345575641],[6.618328871566276,49.727264279076742],[6.618398200925881,49.727265705251433],[6.618396001351431,49.727310638754361],[6.618393801771459,49.727355572256869],[6.618463131264355,49.727356998394605],[6.618460931742745,49.727401931898939],[6.618530261305048,49.72740335799746],[6.618528061841798,49.727448291503634],[6.618597391473509,49.727449717562948],[6.618595192068621,49.727494651070948],[6.618592992658212,49.727539584578523],[6.618662322423215,49.727541010600881],[6.618660123071168,49.727585944110281],[6.618729452905576,49.727587370093431],[6.618727253611893,49.727632303604665],[6.618725054312686,49.727677237115486],[6.618794384280388,49.727678663061681],[6.618792185039545,49.727723596574329],[6.618789985793182,49.727768530086543],[6.618859315894175,49.727769955995768],[6.618857116706175,49.72781488950983],[6.618926446876577,49.727816315379862],[6.618924247746941,49.727861248895735],[6.618993577986751,49.727862674726552],[6.618991378915479,49.727907608244251],[6.619060709224697,49.727909034035861],[6.619058510211789,49.727953967555408],[6.619127840590417,49.727955393307802],[6.619125641635872,49.728000326829175],[6.619194972083908,49.728001752542355],[6.619192773187731,49.728046686065554],[6.619190574286031,49.728091619588334],[6.619188375378812,49.728136553110687],[6.619257706024028,49.728137978789164],[6.619255507175176,49.728182912313358],[6.6192533083208,49.728227845837139],[6.619322639099312,49.728229271478639],[6.619391969883345,49.728230697078686],[6.619389771151223,49.728275630606532],[6.619459102004665,49.728277056167371],[6.61945690333091,49.728321989697058],[6.619526234253761,49.728323415218675],[6.619524035638373,49.728368348750188],[6.619521837017467,49.728413282281274],[6.619591168073612,49.728414707765928],[6.619588969511073,49.728459641298862],[6.619658300636627,49.728461066744309],[6.619656102132456,49.728506000279062],[6.61972543332742,49.728507425685301],[6.619723234881617,49.728552359221872],[6.61979256614599,49.728553784588897],[6.619790367758554,49.728598718127309],[6.6197881693656,49.728643651665294],[6.619857500763271,49.728645076995363],[6.619855302428685,49.728690010535168],[6.61985310408858,49.72873494407456],[6.619783772563133,49.728733518739993],[6.61978157415362,49.728778452276721],[6.619712242569806,49.728777026898435],[6.619642910991514,49.728775601478695],[6.619640712448706,49.728820535010477],[6.619571380812046,49.728819109547018],[6.61956918219983,49.728864043076136],[6.619499850504804,49.72886261756895],[6.619497651823178,49.728907551095396],[6.619428320069786,49.728906125544505],[6.619426121318751,49.728951059068265],[6.619356789506992,49.728949633473647],[6.619354590686548,49.72899456699475],[6.619285258816424,49.728993141356419],[6.619283059926571,49.729038074874836],[6.619280861031196,49.729083008392841],[6.619278662130302,49.729127941910427],[6.619347994192095,49.729129367555515],[6.619417326259411,49.729130793159136],[6.61948665833225,49.729132218721304],[6.619484459617504,49.7291771522452],[6.619482260897239,49.729222085768704],[6.61941292869662,49.729220660202039],[6.619410729906944,49.729265593722857],[6.619341397647958,49.729264168112479],[6.619339198788873,49.729309101630619],[6.619269866471519,49.729307675976521],[6.619267667543022,49.729352609491997],[6.619198335167301,49.729351183794186],[6.619129002797101,49.729349758054902],[6.619059670432427,49.729348332274157],[6.618990338073275,49.729346906451951],[6.618988138883696,49.729391839957984],[6.618918806466177,49.729390414092059],[6.618849474054183,49.729388988184667],[6.618847274731301,49.729433921685768],[6.618845075402898,49.729478855186464],[6.618914407942673,49.729480281098361],[6.618912208672638,49.729525214600883],[6.618842876068972,49.729523788686734],[6.618840676729524,49.729568722186571],[6.618838477384556,49.729613655686002],[6.618907810116004,49.729615081604656],[6.618905610829405,49.729660015105921],[6.618903411537284,49.729704948606738],[6.618834078678052,49.729703522683586],[6.618831879316518,49.729748456181746],[6.618829679949462,49.729793389679486],[6.618760346967972,49.729791963710348],[6.618758147531501,49.729836897205395],[6.618688814491643,49.729835471192551],[6.618691013992005,49.729790537699749],[6.618621681021562,49.729789111647683],[6.618552348056643,49.72978768555415],[6.618483015097248,49.729786259419157],[6.618485214783764,49.729741325932679],[6.618487414464756,49.729696392445781],[6.61841808163867,49.729694966273819],[6.61834874881811,49.729693540060403],[6.618279416003073,49.729692113805505],[6.618210083193563,49.729690687509155],[6.618140750389578,49.729689261171337],[6.618071417591119,49.729687834792038],[6.618002084798184,49.7296864083713],[6.618004284920894,49.729641474899758],[6.617934952197377,49.729640048439791],[6.617865619479386,49.729638621938356],[6.617796286766922,49.729637195395462],[6.617726954059983,49.7296357688111],[6.617657621358572,49.729634342185271],[6.617655420916407,49.729679275645537],[6.61758608815663,49.729677848975996],[6.617516755402382,49.72967642226498],[6.617514554826909,49.729721355720336],[6.61758388764505,49.729722782433598],[6.617653220468717,49.729724209105399],[6.61772255329791,49.72972563573574],[6.617791886132632,49.729727062324599],[6.6177896858072,49.729771995788553],[6.617859018711338,49.729773422338198],[6.617928351621004,49.72977484884639],[6.617997684536195,49.729776275313121],[6.617995484396914,49.729821208783392],[6.618064817381524,49.729822635210901],[6.618062617300612,49.729867568683012],[6.618131950354639,49.729868995071321],[6.61820128341419,49.729870421418148],[6.618339949549871,49.729873273987415],[6.618337749719003,49.729918207468124],[6.618407082859024,49.729919633692823],[6.61847641600457,49.729921059876034],[6.61854574915564,49.729922486017799],[6.618543549510927,49.729967419504824],[6.618474216295963,49.729965993360821],[6.618404883086527,49.729964567175344],[6.618335549882613,49.729963140948406],[6.618266216684226,49.729961714679987],[6.618268416584508,49.729916781201972],[6.618199083455538,49.729915354894352],[6.618129750332094,49.729913928545258],[6.618060417214175,49.729912502154711],[6.617991084101782,49.729911075722697],[6.617921750994915,49.729909649249201],[6.617852417893575,49.729908222734252],[6.61778308479776,49.729906796177836],[6.617644418622712,49.729903942940609],[6.617575085543477,49.729902516259784],[6.61750575246977,49.729901089537492],[6.617503551866672,49.729946022990731],[6.617501351258051,49.729990956443544],[6.617499150643904,49.730035889895937],[6.617568483909288,49.730037316624987],[6.6176378171802,49.730038743312562],[6.617707150456638,49.730040169958677],[6.617776483738603,49.730041596563332],[6.617774283374503,49.730086530024302],[6.617843616725886,49.730087956589735],[6.617912950082797,49.730089383113693],[6.617982283445234,49.730090809596192],[6.618051616813197,49.73009223603723],[6.618049416699145,49.730137169506811],[6.618118750136526,49.73013859590862],[6.618257417027866,49.730141448587872],[6.618326750481824,49.730142874865294],[6.618324550617818,49.730187808343466],[6.618393884141196,49.730189234581665],[6.618463217670097,49.730190660778405],[6.618461017928357,49.730235594260655],[6.618458818181093,49.730280527742494],[6.618389484524403,49.730279101541242],[6.61832015087324,49.730277675298531],[6.618322350748291,49.730232741821204],[6.618253017166546,49.730231315539278],[6.618183683590327,49.730229889215884],[6.618045016454466,49.730227036444695],[6.618042816323841,49.730271969913005],[6.617973482700304,49.730270543462964],[6.617975682894822,49.730225609996907],[6.617906349340706,49.730224183507652],[6.617837015792118,49.730222756976914],[6.617767682249054,49.730221330404724],[6.617629015179507,49.730218477135942],[6.617559681653024,49.73021705043935],[6.617557481075147,49.730261983891886],[6.617626814665523,49.73026341059073],[6.617624614146012,49.730308344045106],[6.617693947805809,49.730309770704729],[6.617763281471134,49.730311197322898],[6.617761081073886,49.730356130781345],[6.61783041480863,49.730357557360307],[6.6178997485489,49.730358983897787],[6.617897548273916,49.73040391736032],[6.617966882083606,49.7304053438586],[6.618036215898824,49.730406770315412],[6.618174883545834,49.73040962310462],[6.618172683520903,49.730454556575758],[6.618242017416591,49.730455982910406],[6.618311351317805,49.730457409203609],[6.618380685224544,49.73045883545533],[6.618378485385771,49.730503768932792],[6.618309151415138,49.730502342678818],[6.61823981745003,49.73050091638337],[6.618170483490448,49.730499490046462],[6.618101149536392,49.730498063668072],[6.618031815587861,49.73049663724823],[6.617893147707377,49.730493784284143],[6.617823813775424,49.730492357739891],[6.617754479848998,49.730490931154186],[6.6176851459281,49.730489504526986],[6.617615812012727,49.73048807785834],[6.617613611465593,49.730533011310605],[6.617611410912936,49.73057794476243],[6.617680744956097,49.730579371435589],[6.617750079004785,49.730580798067272],[6.617819413058999,49.730582224657503],[6.6178172126925,49.730627158115674],[6.617886546816135,49.730628584666675],[6.617955880945297,49.730630011176231],[6.617953680701063,49.73067494463848],[6.618023014899648,49.730676371108814],[6.618092349103756,49.730677797537673],[6.618161683313392,49.730679223925058],[6.618231017528553,49.73068065027099],[6.61830035174924,49.730682076575441],[6.618298151818958,49.73072701004854],[6.618295951883151,49.730771943521226],[6.618293751941822,49.73081687699348],[6.61829155199497,49.730861810465321],[6.618360886476762,49.730863236737328],[6.618358686588282,49.730908170210988],[6.618428021139497,49.730909596443766],[6.618430220964082,49.730864662967853],[6.618499555456927,49.730866089156926],[6.618497355696237,49.730911022635091],[6.618566690258502,49.730912448784956],[6.618564490556185,49.730957382264954],[6.618495155930026,49.730955956112851],[6.618492956158291,49.73100088959017],[6.61842362147376,49.730999463394348],[6.618421421632606,49.731044396869009],[6.618419221785929,49.731089330343252],[6.618488556598254,49.731090756543573],[6.618557891416103,49.731092182702447],[6.618555691691697,49.731137116180747],[6.618486356809951,49.731135690019634],[6.618484157016124,49.731180623495277],[6.618481957216775,49.7312255569705],[6.618412622212761,49.731224130763415],[6.618410422343992,49.731269064235946],[6.618408222469698,49.731313997708071],[6.618406022589883,49.731358931179777],[6.61847535778559,49.731360357393633],[6.618544692986821,49.731361783566001],[6.618542493229278,49.731406717041786],[6.618540293466211,49.731451650517151],[6.618538093697622,49.73149658399209],[6.61853589392351,49.731541517466596],[6.618533694143874,49.731586450940704],[6.61860302967012,49.731587877082873],[6.618598630222078,49.731677744034307],[6.618667965881645,49.731679170139529],[6.618737301546738,49.731680596203276],[6.6187329023322,49.731770463162029],[6.618730702716646,49.731815396640762],[6.61872850309557,49.73186033011909],[6.618726303468972,49.731905263596978],[6.618795639459084,49.731906689630527],[6.618793439890863,49.731951623110255],[6.6188627759504,49.73195304910459],[6.618860576440555,49.731997982586144],[6.618858376925189,49.732042916067279],[6.618856177404299,49.732087849548002],[6.618851778345955,49.732177716508154],[6.618849578808499,49.732222649987612],[6.618918915256962,49.732224075953987],[6.618914516293284,49.732313942916129],[6.618907917806348,49.732448743356173],[6.618838581038382,49.732447317378536],[6.61883638146779,49.732492250855458],[6.618834181891677,49.732537184331953],[6.618831982310041,49.732582117808029],[6.618829782722883,49.732627051283679],[6.618827583130201,49.732671984758916],[6.618758246048249,49.732670558728543],[6.618760445704832,49.732625625255565],[6.618762645355893,49.732580691782161],[6.618693308407271,49.732579265714833],[6.618623971464173,49.732577839606023],[6.618626171237515,49.732532906136711],[6.618628371005332,49.732487972666981],[6.618630570767628,49.732443039196816],[6.618561234021762,49.732441613053297],[6.618563433842434,49.732396679584973],[6.618494097165994,49.732395253402245],[6.618496297045044,49.732350319935755],[6.618426960438032,49.732348893713791],[6.618357623836543,49.732347467450374],[6.618288287240579,49.73234604114549],[6.618286087169824,49.732390974605224],[6.618216750515487,49.73238954825662],[6.618147413866676,49.732388121866549],[6.618145213662594,49.732433055321351],[6.618075876955408,49.732431628887539],[6.618073676681901,49.732476562339691],[6.61800433991634,49.73247513586216],[6.618002139573409,49.732520069311619],[6.617932802749473,49.732518642790367],[6.617863465931062,49.732517216227649],[6.617861265454804,49.732562149672177],[6.617791928578019,49.732560723065724],[6.617789728032333,49.732605656507594],[6.617787527481124,49.732650589949017],[6.617785326924388,49.732695523390021],[6.617715989861425,49.732694096735351],[6.617713789235261,49.73273903017369],[6.617711588603573,49.732783963611602],[6.61770938796636,49.732828897049089],[6.617707187323621,49.732873830486163],[6.617704986675357,49.732918763922811],[6.617702786021568,49.732963697359025],[6.617772123467946,49.732965124027224],[6.61784146091985,49.732966550653941],[6.617839260388341,49.73301148409427],[6.617769922872534,49.733010057465279],[6.617765521665135,49.733099924340131],[6.61783485930875,49.733101350973612],[6.617904196957893,49.733102777565627],[6.617901996473714,49.733147711006922],[6.617899795984009,49.733192644447804],[6.617897595488779,49.733237577888247],[6.617895394988025,49.733282511328284],[6.617893194481746,49.733327444767895],[6.617890993969942,49.733372378207079],[6.617888793452612,49.733417311645844],[6.617886592929759,49.733462245084169],[6.61795593109566,49.73346367165275],[6.617953730631186,49.733508605092929],[6.617951530161187,49.733553538532689],[6.618020868460427,49.733554965064286],[6.618018668048808,49.733599898505872],[6.618016467631665,49.733644831947032],[6.618085806064241,49.733646258441688],[6.618083605705479,49.733691191884674],[6.618081405341192,49.733736125327248],[6.61807920497138,49.733781058769395],[6.618148543601203,49.733782485229327],[6.618217882236551,49.733783911647784],[6.618215681989025,49.733828845094024],[6.618213481735976,49.733873778539831],[6.618211281477404,49.733918711985218],[6.618209081213307,49.733963645430187],[6.618278420109807,49.733965071816186],[6.618347759011835,49.733966498160726],[6.618417097919387,49.733967924463784],[6.618414897841487,49.734012857915083],[6.618484236818473,49.734014284178926],[6.618482036798955,49.734059217632058],[6.618551375845373,49.734060643856687],[6.618549175884239,49.734105577311645],[6.618479836773913,49.734104151084765],[6.618477636743346,49.734149084537052],[6.618408297574639,49.734147658266458],[6.618338958411457,49.734146231954391],[6.618336758247553,49.734191165401754],[6.61826741902599,49.734189739045952],[6.618265218792653,49.734234672490643],[6.618195879512709,49.734233246091122],[6.618193679209941,49.734278179533128],[6.618124339871617,49.73427675308988],[6.618122139499416,49.734321686529213],[6.618119939121689,49.734366619968128],[6.618050599661077,49.734365193478901],[6.618048399213918,49.734410126915144],[6.618046198761235,49.73445506035096],[6.617976859178331,49.734453633815754],[6.617907519600956,49.734452207239066],[6.617838180029108,49.734450780620911],[6.617835979379174,49.734495714049544],[6.617766639748944,49.734494287387662],[6.617697300124243,49.734492860684298],[6.617695099340966,49.734537794108007],[6.617625759657884,49.734536367360931],[6.617623558805174,49.734581300781961],[6.617554219063711,49.734579873991152],[6.617552018141565,49.734624807409489],[6.617549817213893,49.734669740827428],[6.617480477350142,49.734668313990646],[6.617411137491919,49.734666887112375],[6.617408936430902,49.734711820525391],[6.61740673536436,49.734756753937951],[6.617337395383847,49.734755327013715],[6.617335194247867,49.734800260423626],[6.617265854208974,49.734798833455656],[6.617263653003558,49.734843766862873],[6.617194312906285,49.734842339851177],[6.617192111631434,49.734887273255708],[6.617122771475779,49.734885846200285],[6.617120570131491,49.734930779602166],[6.617051229917455,49.734929352503016],[6.61704902850373,49.734974285902211],[6.616979688231313,49.734972858759328],[6.616977486748151,49.73501779215583],[6.616908146417355,49.735016364969233],[6.616905944864754,49.735061298363078],[6.616836604475578,49.735059871132741],[6.61683440285354,49.735104804523907],[6.616765062405982,49.735103377249835],[6.616762860714505,49.735148310638323],[6.616693520208567,49.735146883320525],[6.616691318447653,49.735191816706333],[6.616621977883335,49.735190389344822],[6.616619776052978,49.735235322727952],[6.616550435430281,49.735233895322693],[6.616548233530485,49.735278828703152],[6.616478892849408,49.73527740125418],[6.616476690880174,49.73532233463196],[6.616407350140715,49.73532090713924],[6.61640514810204,49.735365840514355],[6.616402946057837,49.735410773889022],[6.616333605196089,49.73540934635033],[6.616331403082443,49.735454279722333],[6.616329200963269,49.73549921309391],[6.616326998838566,49.735544146465074],[6.616396339892051,49.73554557401053],[6.616394137825731,49.735590507383527],[6.616324796708335,49.735589079835805],[6.616322594572573,49.735634013206131],[6.616320392431283,49.735678946576016],[6.616251051191593,49.735677518982328],[6.61624884898086,49.735722452349528],[6.616179507682791,49.735721024712099],[6.616177305402616,49.735765958076634],[6.616107964046165,49.735764530395485],[6.616105761696548,49.735809463757342],[6.616036420281715,49.735808036032452],[6.616034217862656,49.735852969391637],[6.616029813007947,49.735942836108734],[6.616027610572297,49.735987769466647],[6.616025408131117,49.736032702824133],[6.616023205684407,49.7360776361812],[6.615953863891628,49.736076208401307],[6.615951661375473,49.73612114175571],[6.615882319524312,49.736119713932077],[6.615812977678683,49.736118286066983],[6.615810775029171,49.736163219416426],[6.615808572374128,49.736208152765464],[6.615806369713555,49.73625308611409],[6.615875711750927,49.736254513985955],[6.615873509148737,49.736299447336393],[6.615942851255556,49.736300875169043],[6.615940648711751,49.736345808521328],[6.615938446162415,49.736390741873201],[6.616007788402596,49.736392169668875],[6.616005585911645,49.736437103022567],[6.616003383415164,49.73648203637584],[6.616001180913153,49.736526969728686],[6.615998978405612,49.736571903081114],[6.615996775892539,49.736616836433107],[6.616066118457828,49.736618264198604],[6.61613546102865,49.73661969192262],[6.61613325863788,49.736664625278713],[6.61613105624158,49.736709558634374],[6.616128853839749,49.736754491989629],[6.616198196607852,49.736755919678927],[6.616195994264409,49.736800853036009],[6.616193791915435,49.736845786392671],[6.616263134816902,49.736847214045],[6.616260932526314,49.736892147403495],[6.616330275497231,49.736893575016616],[6.616328073265032,49.736938508376937],[6.616325871027301,49.736983441736839],[6.616256527928551,49.736982014119221],[6.616254325621375,49.737026947476444],[6.616252123308669,49.737071880833248],[6.616321466535253,49.737073308455379],[6.616319264280935,49.737118241814017],[6.616317062021086,49.737163175172228],[6.616386405381039,49.737164602757403],[6.616384203179579,49.737209536117447],[6.616382000972589,49.73725446947708],[6.616451344465909,49.737255897025278],[6.616520687964759,49.73725732453201],[6.616590031469143,49.737258751997267],[6.616587829448378,49.73730368536323],[6.61665717302221,49.737305112789272],[6.616726516601574,49.737306540173826],[6.616724314703117,49.737351473543868],[6.616793658351931,49.737352900889206],[6.616791456511863,49.737397834261088],[6.616789254666268,49.737442767632558],[6.616787052815144,49.737487701003602],[6.61678485095849,49.737532634374233],[6.61685419486851,49.737534061687107],[6.616851993070247,49.737578995059557],[6.616849791266455,49.737623928431574],[6.616919135309844,49.737625355707486],[6.616988479358764,49.737626782941916],[6.617057823413214,49.737628210134865],[6.617060025025247,49.737583276756077],[6.617129369021307,49.737584703905291],[6.617198713022899,49.737586131013032],[6.617196511538705,49.737631064396332],[6.617265855609745,49.737632491464858],[6.617263654183944,49.737677424849991],[6.617332998324434,49.737678851879281],[6.617335199686315,49.737633918491895],[6.617404543768416,49.737635345477457],[6.617473887856046,49.737636772421553],[6.617471686622003,49.737681705813451],[6.617402342470454,49.73768027886711],[6.617400141166963,49.737725212256336],[6.617330796957024,49.737723785266262],[6.617261452752614,49.737722358234713],[6.617259251315756,49.737767291619001],[6.617189907052958,49.737765864543725],[6.617187705546652,49.737810797925334],[6.617118361225462,49.737809370806325],[6.617116159649708,49.737854304185262],[6.617113958068427,49.737899237563781],[6.617183302517458,49.737900664687302],[6.61725264697202,49.737902091769357],[6.617250445513052,49.737947025151968],[6.617319790037063,49.737948452194786],[6.61732199143211,49.737903518809922],[6.617391335897731,49.737904945809014],[6.617389134566605,49.737949879196123],[6.617458479101676,49.737951306155992],[6.617456277828943,49.737996239544941],[6.61738693322995,49.737994812582819],[6.617384731887769,49.73803974596909],[6.617315387230386,49.738038318963234],[6.617313185818755,49.738083252346826],[6.617310984401597,49.738128185730005],[6.617380329186823,49.738129612740366],[6.617449673977579,49.738131039709252],[6.617447472682737,49.738175973096503],[6.617378127828061,49.738174546125357],[6.617375926463767,49.738219479509951],[6.617373725093949,49.738264412894111],[6.617304380116957,49.738262985876993],[6.617235035145497,49.73826155881838],[6.617232833642307,49.738306492197594],[6.617302178677689,49.73830791925846],[6.617299977232893,49.738352852639522],[6.617230632133588,49.738351425576404],[6.617228430619341,49.738396358954795],[6.617159085461645,49.738394931847942],[6.617089740309478,49.738393504699623],[6.617087538661858,49.738438438073089],[6.6170181934513,49.738437010881022],[6.617015991734229,49.738481944251802],[6.616946646465279,49.738480517016015],[6.616944444678758,49.738525450384103],[6.616875099351416,49.738524023104588],[6.616872897495443,49.738568956470019],[6.616942242886709,49.738570383751792],[6.61694004108913,49.738615317119041],[6.616937839286023,49.738660250485864],[6.616868493766912,49.738658823199579],[6.616866291894353,49.738703756563744],[6.616796946316849,49.738702329233725],[6.616794744374838,49.738747262595197],[6.616792542427297,49.738792195956265],[6.616861888132648,49.738793623290775],[6.616859686243501,49.738838556653675],[6.616929032018307,49.738839983948985],[6.616998377798643,49.738841411202813],[6.616996176031818,49.738886344569785],[6.616926830187556,49.738884917313705],[6.616924628351277,49.738929850678005],[6.616922426509467,49.738974784041886],[6.616991772481577,49.738976211302486],[6.616989570698165,49.739021144668186],[6.617058916739729,49.739022571889556],[6.617056715014712,49.73906750525709],[6.617054513284166,49.739112438624211],[6.61712385945911,49.739113865808612],[6.617121657786962,49.739158799177559],[6.617191004031362,49.739160226322738],[6.617188802417609,49.739205159693519],[6.617258148731465,49.739206586799462],[6.61725594717611,49.73925152017209],[6.617253745615227,49.739296453544277],[6.617323092062464,49.739297880613265],[6.617320890559978,49.739342813987292],[6.617390237076671,49.739344241017029],[6.617388035632582,49.739389174392905],[6.617457382218731,49.73939060138342],[6.617455180833041,49.739435534761128],[6.617524527488645,49.739436961712414],[6.617522326161355,49.739481895091934],[6.617591672886416,49.739483322004013],[6.617661019617006,49.739484748874609],[6.617730366353126,49.739486175703718],[6.617799713094775,49.739487602491351],[6.617869059841953,49.739489029237497],[6.617938406594661,49.739490455942175],[6.617940607538394,49.739445522549126],[6.618009954232702,49.73944694921007],[6.618079300932541,49.739448375829525],[6.618148647637907,49.739449802407513],[6.618217994348804,49.739451228944013],[6.618287341065226,49.739452655439024],[6.618285140441125,49.739497588843342],[6.618354487227004,49.739499015299131],[6.618352286661302,49.739543948705283],[6.618350086090074,49.739588882111015],[6.618347885513321,49.739633815516314],[6.618278538535664,49.73963238905376],[6.618276337889458,49.739677322456401],[6.618206990853402,49.739675895950107],[6.618137643822873,49.739674469402331],[6.618068296797873,49.739673042813095],[6.617998949778401,49.739671616182356],[6.617996748870961,49.739716549575554],[6.617994547957995,49.739761482968326],[6.618063895105321,49.739762909603556],[6.618061694250756,49.739807842998161],[6.618131041467538,49.739809269594168],[6.618128840671373,49.7398542029906],[6.618059493390663,49.739852776392347],[6.618057292525044,49.739897709786099],[6.6180550916539,49.73994264317944],[6.618052890777228,49.739987576572339],[6.618122238249723,49.739989003177364],[6.618120037431452,49.740033936572118],[6.618189384973403,49.74003536313792],[6.618187184213536,49.740080296534487],[6.618184983448142,49.740125229930648],[6.618254331123476,49.740126656459466],[6.618252130416487,49.740171589857454],[6.618249929703969,49.740216523255022],[6.618319277512691,49.740217949746871],[6.618317076858577,49.740262883146265],[6.618386424736756,49.740264309598871],[6.618384224141045,49.740309243000105],[6.618453572088682,49.740310669413503],[6.618451371551375,49.740355602816564],[6.618520719568469,49.740357029190719],[6.618518519089566,49.740401962595627],[6.618587867176117,49.740403388930552],[6.618657215268198,49.740404815224011],[6.618726563365804,49.740406241475981],[6.618795911468938,49.740407667686469],[6.618865259577599,49.740409093855483],[6.618934607691786,49.740410519983008],[6.619003955811501,49.740411946069059],[6.619073303936743,49.740413372113629],[6.619212000203804,49.740416224078317],[6.61921420004341,49.740371290650891],[6.619283548121301,49.740372716568764],[6.619352896204717,49.740374142445141],[6.619422244293659,49.740375568280051],[6.619424443935952,49.740330634845442],[6.61949379196649,49.740332060636618],[6.619563140002554,49.740333486386312],[6.619565339511464,49.740288552946787],[6.619634687489123,49.74028997865274],[6.619704035472308,49.740291404317219],[6.619706234847835,49.740246470872769],[6.619775582772616,49.740247896493507],[6.619777782078692,49.740202963046386],[6.619847129945067,49.740204388623383],[6.619849329181691,49.740159455173583],[6.619851528412793,49.740114521723356],[6.619920876156835,49.740115947254381],[6.619990223906401,49.740117372743917],[6.619988024803157,49.740162306198648],[6.620057372622177,49.740163731648963],[6.620059571661491,49.740118798191979],[6.620128919422106,49.740120223598552],[6.62013111839197,49.740075290138904],[6.62020046609418,49.740076715501743],[6.620269813801912,49.740078140823108],[6.62033916151517,49.740079566102992],[6.620341360287725,49.740034632636167],[6.620410707942576,49.74003605787231],[6.62048005560295,49.740037483066978],[6.620482254242128,49.739992549595236],[6.620551601844097,49.739993974746163],[6.620620949451589,49.739995399855616],[6.620623147957388,49.73995046637895],[6.620692495506474,49.739951891444662],[6.620694693942824,49.739906957965303],[6.620764041433503,49.739908382987295],[6.620833388929708,49.739909807967805],[6.620835587232681,49.73986487448353],[6.620904934670477,49.739866299420299],[6.620907132904002,49.739821365933345],[6.620976480283392,49.739822790826395],[6.62097867844747,49.739777857336769],[6.620980876606026,49.739732923846731],[6.620983074759064,49.739687990356266],[6.621052421952192,49.73968941520107],[6.621121769150844,49.7396908400044],[6.621123967170505,49.739645906509018],[6.621193314310751,49.739647331268614],[6.621195512260966,49.739602397770547],[6.621197710205663,49.739557464272053],[6.621199908144841,49.739512530773148],[6.621269255098824,49.739513955484519],[6.621271452968555,49.739469021982941],[6.621273650832769,49.739424088480938],[6.621204304006638,49.739422663774064],[6.621206501929258,49.739377730273908],[6.621137155172576,49.739376305527813],[6.621139353153604,49.739331372029469],[6.621141551129114,49.739286438530691],[6.621072204505806,49.739285013747626],[6.621074402539721,49.739240080250681],[6.621076600568117,49.739195146753318],[6.621078798590995,49.739150213255535],[6.621080996608351,49.739105279757354],[6.621083194620192,49.739060346258718],[6.621013848322034,49.73905892144542],[6.620944502029399,49.739057496590632],[6.620875155742284,49.739056071694385],[6.62087735394038,49.739011138202081],[6.620879552132956,49.738966204709364],[6.62094889829222,49.738967629601127],[6.620951096415351,49.738922696105732],[6.620881750320012,49.738921271216228],[6.620812404230196,49.738919846285242],[6.620743058145901,49.738918421312789],[6.620673712067128,49.73891699629884],[6.620671513688297,49.738961929785226],[6.620602167551123,49.738960504727551],[6.620532821419469,49.738959079628394],[6.62046347529334,49.73895765448777],[6.620394129172733,49.73895622930565],[6.620396327807264,49.73891129582826],[6.620465673863945,49.738912721008127],[6.620535019926151,49.738914146146513],[6.620604365993879,49.738915571243417],[6.620606564431114,49.738870637758858],[6.62067591044044,49.738872062812035],[6.62067810880823,49.738827129324804],[6.620747454759152,49.738828554334248],[6.620816800715598,49.738829979302203],[6.620818998950019,49.738785045810062],[6.620821197178922,49.738740112317473],[6.620751851350325,49.738738687354015],[6.620754049637632,49.738693753863274],[6.620756247919418,49.738648820372106],[6.620825593620166,49.738650245331065],[6.620823395402304,49.738695178824486],[6.620892741172499,49.738696603744209],[6.620890543013041,49.738741537239463],[6.620959888852681,49.738742962119957],[6.620957690751628,49.738787895617037],[6.620955492645054,49.738832829113697],[6.621024838618065,49.738834253957229],[6.621022640569898,49.738879187455694],[6.621020442516211,49.738924120953754],[6.621089788622593,49.738925545760303],[6.621087590627312,49.738970479260196],[6.621085392626511,49.739015412759663],[6.621154738866265,49.739016837529221],[6.621152540923871,49.739061771030528],[6.621150342975957,49.739106704531402],[6.621148145022524,49.739151638031856],[6.621217491459576,49.739153062766704],[6.62121529356455,49.739197996268985],[6.621213095664006,49.739242929770853],[6.62128244223443,49.73924435446871],[6.621280244392293,49.73928928797239],[6.621278046544636,49.739334221475673],[6.621347393248434,49.739335646136546],[6.621345195459186,49.739380579641661],[6.621342997664419,49.739425513146315],[6.621412344501591,49.739426937770226],[6.621410146765232,49.739471871276734],[6.621479493671852,49.739473295861409],[6.621548840583992,49.739474720404587],[6.621618187501653,49.739476144906313],[6.621687534424834,49.739477569366549],[6.621689731905485,49.739432635851038],[6.621759078770259,49.739434060267541],[6.621828425640554,49.739435484642556],[6.621897772516368,49.739436908976096],[6.621899969799721,49.739391975453429],[6.621969316617129,49.739393399743243],[6.622038663440055,49.739394823991567],[6.622040860590037,49.739349890463963],[6.622110207354556,49.739351314668561],[6.622179554124593,49.739352738831691],[6.622177357102465,49.739397672363786],[6.622246703941949,49.739399096487688],[6.622244506978231,49.739444030021602],[6.62231385388716,49.73944545410626],[6.622383200801608,49.739446878149437],[6.622385397637473,49.739401944611018],[6.622454744493512,49.739403368610468],[6.622524091355071,49.739404792568436],[6.622521894647061,49.73944972611136],[6.622591241578064,49.739451150030085],[6.622589044928465,49.739496083574849],[6.62258684827335,49.73954101711918],[6.622656195337727,49.739542441000935],[6.622653998741023,49.739587374547085],[6.622651802138804,49.739632308092823],[6.62264960553107,49.739677241638134],[6.622718952792745,49.739678665485165],[6.622716756243424,49.73972359903231],[6.622714559688585,49.739768532579035],[6.622712363128231,49.739813466125327],[6.622710166562362,49.739858399671206],[6.622640819044971,49.739856975815187],[6.622638622409657,49.739901909358402],[6.622636425768828,49.73994684290119],[6.622634229122482,49.739991776443546],[6.62263203247062,49.740036709985482],[6.622629835813242,49.740081643527006],[6.62262763915035,49.740126577068096],[6.622696987051314,49.740128000937624],[6.622694790446834,49.740172934480547],[6.622764138417247,49.740174358310831],[6.622833486393177,49.740175782099641],[6.622902834374623,49.740177205846969],[6.622905030787315,49.740132272297281],[6.622974378710351,49.740133696000875],[6.623043726638905,49.740135119662995],[6.623045922918221,49.74009018610839],[6.623048119192022,49.740045252553379],[6.623050315460308,49.740000318997943],[6.623119663202591,49.74000174261181],[6.623121859401433,49.739956809053716],[6.623124055594761,49.739911875495181],[6.623054707980337,49.739910451885798],[6.623056904232079,49.73986551832909],[6.6229875566871,49.739864094680478],[6.622989752997255,49.739819161125595],[6.622991949301896,49.739774227570301],[6.622994145601021,49.739729294014595],[6.622924798253345,49.739727870331244],[6.622926994610883,49.739682936777356],[6.622929190962907,49.739638003223035],[6.622931387309415,49.739593069668295],[6.622933583650409,49.739548136113143],[6.622864236563962,49.739546712397313],[6.622866432963368,49.73950177884398],[6.622935779985887,49.739503202557557],[6.62293797631585,49.73945826900156],[6.622940172640298,49.73941333544515],[6.622942368959231,49.739368401888299],[6.623011715795487,49.739369825553659],[6.623016108288955,49.739279958434203],[6.623085455002873,49.739281382053584],[6.623087651177409,49.739236448490978],[6.623156997832918,49.739237872066624],[6.623159193938012,49.73919293850134],[6.623228540535112,49.739194362033253],[6.623297887137728,49.739195785523698],[6.62336723374586,49.739197208972655],[6.623436580359509,49.739198632380138],[6.623438776203384,49.739153698805445],[6.623508122758623,49.739155122169201],[6.623577469319376,49.739156545491461],[6.623579665029885,49.739111611911845],[6.623649011532228,49.739113035190393],[6.623718358040088,49.739114458427451],[6.623787704553463,49.739115881623029],[6.62378990006668,49.739070948036236],[6.623859246521643,49.739072371188094],[6.623928592982122,49.739073794298463],[6.623997939448116,49.739075217367358],[6.624067285919624,49.739076640394771],[6.624069481171624,49.739031706798578],[6.624208174003332,49.739034552724469],[6.624205978879184,49.739079486325153],[6.624275325367236,49.739080909228122],[6.624273130301503,49.739125842830646],[6.624342476858994,49.739127265694393],[6.624340281851674,49.739172199298729],[6.624338086838843,49.739217132902652],[6.6244074335297,49.739218555729401],[6.624405238575284,49.739263489335151],[6.624400848649916,49.739353356545386],[6.624398653678965,49.739398290149872],[6.624329306732399,49.73939686731412],[6.624327111692009,49.739441800915941],[6.624257764687029,49.73944037803647],[6.624188417687563,49.739438955115517],[6.624186222513806,49.739483888712407],[6.624116875455928,49.739482465747727],[6.624114680212732,49.739527399341945],[6.624045333096439,49.739525976333539],[6.624043137783802,49.739570909925092],[6.624040942465654,49.739615843516219],[6.623971595227022,49.739614420461834],[6.623969399839432,49.739659354050296],[6.623967204446329,49.739704287638354],[6.623897857085355,49.739702864537989],[6.623895661622812,49.739747798123354],[6.623893466154755,49.739792731708313],[6.623891270681185,49.739837665292839],[6.623886879717507,49.739927532460626],[6.623956227398124,49.739928955572232],[6.624025575084256,49.739930378642363],[6.624023379722007,49.739975312230122],[6.624092727477583,49.739976735261017],[6.624090532173749,49.740021668850602],[6.624021184354244,49.740020245817462],[6.623951836540253,49.74001882274284],[6.623947445660331,49.74010868991175],[6.624016793602181,49.74011011299087],[6.62401459821788,49.740155046576952],[6.624012402828066,49.7401999801626],[6.624081750903292,49.740201403204743],[6.62415109898403,49.740202826205383],[6.624148903716563,49.74024775979511],[6.624218251866747,49.740249182756536],[6.624213861443139,49.740339049939216],[6.624211666223066,49.740383983529917],[6.624209470997481,49.740428917120219],[6.624278819408902,49.740430340049144],[6.624276624241736,49.740475273641252],[6.624274429069057,49.740520207232954],[6.624272233890865,49.740565140824224],[6.624270038707163,49.740610074415073],[6.624267843517947,49.740655008005497],[6.624265648323219,49.740699941595501],[6.624334997123743,49.740701364496438],[6.624332801987435,49.740746298088268],[6.624330606845615,49.740791231679673],[6.624328411698282,49.740836165270672],[6.624326216545437,49.740881098861237],[6.624395565607204,49.740882521729681],[6.62439337051278,49.740927455322065],[6.624391175412843,49.740972388914031],[6.624388980307395,49.741017322505584],[6.624386785196435,49.741062256096704],[6.624384590079962,49.741107189687419],[6.624453939466908,49.741108612525615],[6.624449549345292,49.741198479710263],[6.624447354276216,49.741243413301945],[6.62444515920163,49.741288346893207],[6.62444296412153,49.741333280484056],[6.62451231383366,49.741334703292011],[6.624507923784792,49.741424570476937],[6.624505728752092,49.74146950406876],[6.624503533713877,49.741514437660165],[6.624501338670153,49.741559371251149],[6.624570688707469,49.741560794028857],[6.624566298731352,49.741650661214059],[6.624564103735026,49.741695594806025],[6.624561908733188,49.741740528397564],[6.624559713725839,49.741785461988698],[6.624629064088346,49.74178688473615],[6.62462686913942,49.741831818329103],[6.624624674184982,49.74187675192163],[6.624622479225033,49.741921685513745],[6.624620284259572,49.741966619105433],[6.624618089288599,49.742011552696688],[6.6246874399763,49.742012975413914],[6.624685245063753,49.742057909006995],[6.624683050145693,49.742102842599657],[6.62468085522212,49.742147776191914],[6.624678660293037,49.74219270978373],[6.624676465358442,49.742237643375141],[6.624674270418334,49.742282576966112],[6.62460491934701,49.742281154235407],[6.624602724337453,49.742326087823727],[6.624533373207703,49.742324665049281],[6.624464022083469,49.742323242233368],[6.624394670964748,49.74232181937596],[6.624392475757867,49.742366752957103],[6.624323124580723,49.742365330055968],[6.624253773409096,49.742363907113322],[6.624251578068825,49.742408840689563],[6.624182226838774,49.742407417703205],[6.624112875614238,49.742405994675373],[6.624110680140578,49.742450928246676],[6.62404132885762,49.742449505175102],[6.623971977580178,49.742448082062047],[6.62390262630825,49.742446658907497],[6.623900430637263,49.742491592471637],[6.623831079306913,49.742490169273353],[6.623761727982079,49.742488746033601],[6.623759532177702,49.742533679592825],[6.623690180794447,49.742532256309332],[6.623620829416707,49.74253083298435],[6.623618633478939,49.74257576653865],[6.623549282042778,49.742574343169935],[6.623479930612135,49.742572919759731],[6.623477734540974,49.742617853309113],[6.62340838305191,49.742616429855183],[6.62333903156836,49.742615006359763],[6.623336835363809,49.742659939904236],[6.623267483821839,49.742658516365083],[6.623198132285387,49.742657092784441],[6.623128780754451,49.742655669162318],[6.623126584352568,49.742700602699607],[6.623057232763212,49.742699179033757],[6.622987881179374,49.742697755326418],[6.622985684644098,49.74274268885879],[6.622916333001839,49.742741265107711],[6.622846981365098,49.742739841315149],[6.622844784696428,49.742784774842612],[6.622842588022242,49.742829708369648],[6.622840391342541,49.74287464189625],[6.622909743171097,49.742876065695569],[6.622907546549819,49.742920999224012],[6.622976898447835,49.742922422984087],[6.62297470188498,49.742967356514356],[6.622972505316608,49.743012290044192],[6.623041857348023,49.743013713767283],[6.623111209384954,49.743015137448893],[6.623113405825444,49.742970203914545],[6.623182757803955,49.742971627552414],[6.623252109787983,49.742973051148795],[6.623321461777527,49.742974474703701],[6.623319265528854,49.743019408244784],[6.623249913475371,49.74301798468764],[6.623247717157243,49.743062918226073],[6.6232455208336,49.743107851764073],[6.623314873014965,49.7431092753257],[6.623312676749747,49.743154208865541],[6.62338202900057,49.743155632387946],[6.623379832793778,49.743200565929605],[6.62337763658147,49.743245499470831],[6.623446988965692,49.743246922956246],[6.62344479281181,49.743291856499312],[6.62351414526549,49.74329327994549],[6.623511949170034,49.743338213490375],[6.623442596652414,49.743336790041944],[6.623440400487501,49.743381723584172],[6.623371047911458,49.743380300091992],[6.62336885167709,49.743425233631555],[6.62329949904262,49.743423810095649],[6.623297302738796,49.743468743632519],[6.623227950045903,49.743467320052886],[6.623225753672622,49.743512253587092],[6.623156400921304,49.743510829963725],[6.623087048175506,49.743509406298855],[6.623084851668825,49.743554339828144],[6.623082655156629,49.743599273357006],[6.623152008030311,49.743600697026366],[6.623149811576541,49.743645630557054],[6.623147615117254,49.743690564087323],[6.62321696812434,49.743691987719693],[6.623286321136942,49.743693411310574],[6.623355674155063,49.743694834859966],[6.6234250271787,49.743696258367869],[6.623422830969668,49.743741191906715],[6.623420634755121,49.743786125445133],[6.623489987912161,49.743787548916053],[6.623559341074718,49.743788972345484],[6.623628694242793,49.743790395733427],[6.623698047416385,49.743791819079888],[6.623767400595492,49.743793242384854],[6.623769596490327,49.743748308835201],[6.623838949611009,49.74374973209644],[6.623836753780117,49.743794665648331],[6.623906106970259,49.74379608887034],[6.623903911197798,49.743841022424071],[6.623901715419822,49.743885955977397],[6.62389951963633,49.74393088953029],[6.623968873023817,49.743932312717547],[6.623966677298757,49.743977246272273],[6.623964481568182,49.744022179826565],[6.623962285832094,49.744067113380446],[6.62396009009049,49.744112046933907],[6.624029443739269,49.744113470088671],[6.624098797393562,49.744114893201939],[6.624096601774335,49.744159826759464],[6.624094406149592,49.744204760316585],[6.624163759937289,49.744206183392855],[6.624233113730504,49.744207606427651],[6.624302467529233,49.744209029420965],[6.624304662962143,49.744164095857109],[6.624374016702444,49.744165518806675],[6.624371821333479,49.744210452372776],[6.624369625959,49.744255385938473],[6.62436743057901,49.744300319503729],[6.624365235193506,49.744345253068566],[6.6244345891951,49.744346675985639],[6.624432393868028,49.744391609552309],[6.624430198535443,49.744436543118532],[6.624499552670443,49.744437965998628],[6.624501747939082,49.744393032430146],[6.62450394320221,49.744348098861231],[6.624573297214835,49.744349521695327],[6.624571102015652,49.744394455266502],[6.624568906810958,49.744439388837222],[6.624566711600751,49.744484322407537],[6.62456451638503,49.74452925597744],[6.624562321163797,49.744574189546917],[6.624557930704793,49.744664056684599],[6.624488576244549,49.744662633834764],[6.624419221789821,49.744661210943434],[6.624417026424157,49.744706144507148],[6.624347671910999,49.744704721572077],[6.624278317403355,49.744703298595532],[6.624208962901228,49.744701875577498],[6.624206767338212,49.744746809134043],[6.624137412777653,49.744745386072267],[6.624068058222611,49.744743962969018],[6.623998703673085,49.744742539824259],[6.623929349129074,49.744741116638018],[6.623931544947874,49.744696183090475],[6.624000899427938,49.744697606274457],[6.624003095177279,49.744652672724236],[6.623933740761161,49.744651249542493],[6.623935936568933,49.744606315994105],[6.623866582222278,49.744604892773111],[6.623864386350561,49.744649826319268],[6.623795031945475,49.744648403054548],[6.623792836004297,49.744693336598026],[6.623790640057605,49.744738270141077],[6.623859994590582,49.744739693410288],[6.623857798702319,49.74478462695518],[6.623855602808546,49.744829560499646],[6.623924957474931,49.744830983731866],[6.623922761639588,49.744875917278151],[6.623992116375438,49.744877340471135],[6.624061471116804,49.744878763622637],[6.624130825863685,49.744880186732644],[6.624200180616083,49.744881609801155],[6.62420237619564,49.744836676245868],[6.624271730889607,49.744838099270659],[6.62434108558909,49.744839522253947],[6.624410440294088,49.744840945195755],[6.624412635676291,49.744796011633319],[6.624481990322859,49.744797434531378],[6.624479795004602,49.744842368096073],[6.624477599680833,49.744887301660341],[6.624475404351551,49.744932235224198],[6.624544759195473,49.744933658087518],[6.624542563924625,49.744978591653187],[6.624540368648264,49.745023525218457],[6.624535978079003,49.745113392347697],[6.62446662297929,49.745111969475381],[6.624464427622443,49.745156903037127],[6.624462232260083,49.745201836598447],[6.62453158748769,49.745203259475254],[6.624529392183764,49.7452481930384],[6.624598747480835,49.745249615875977],[6.624668102783422,49.745251038672052],[6.624737458091523,49.745252461426652],[6.624806813405139,49.745253884139743],[6.62487616872427,49.745255306811359],[6.624945524048917,49.745256729441486],[6.624921379562511,49.745750998756613],[6.624852023534425,49.745749576101773],[6.624849828484091,49.745794509671093],[6.62478047239757,49.745793086972526],[6.624711116316564,49.745791664232435],[6.624708921132818,49.745836597796853],[6.624639564993377,49.745835175013035],[6.624641760241071,49.745790241450884],[6.624643955483255,49.745745307888299],[6.624574599477229,49.745743885067483],[6.624435887481721,49.7457410393014],[6.624297175508278,49.74573819336937],[6.624227819529829,49.745736770341104],[6.624225623903945,49.745781703890202],[6.624223428272549,49.745826637438881],[6.624221232635638,49.745871570987134],[6.624290588805938,49.745872994022122],[6.624359944981752,49.745874417015635],[6.624429301163083,49.74587583996766],[6.624498657349929,49.745877262878189],[6.624496461963306,49.745922196435004],[6.624565818219618,49.745923619306289],[6.624563622891432,49.745968552864944],[6.624494266571169,49.745967129991421],[6.62449207117352,49.74601206354739],[6.624487680361682,49.746101930658085],[6.624557036873797,49.746103353538359],[6.624626393391429,49.746104776377152],[6.624624198105142,49.746149709936354],[6.62469355469224,49.746151132735903],[6.624762911284853,49.746152555493957],[6.624756325776624,49.746287356182549],[6.62475413059619,49.746332289744558],[6.624751935410242,49.746377223306162],[6.624749740218781,49.746422156867325],[6.624747545021807,49.746467090428084],[6.624816902067599,49.74646851316038],[6.624814706929066,49.746513446722965],[6.62481251178502,49.746558380285116],[6.624743154611322,49.746556957548322],[6.62474095939781,49.746601891107822],[6.624671602165674,49.746600468327273],[6.62467379744314,49.746555534770039],[6.624604440280472,49.74655411195026],[6.624602244939053,49.746599045505263],[6.624600049592123,49.746643979059826],[6.624597854239679,49.746688912613969],[6.624528496890668,49.746687489745959],[6.624526301468757,49.746732423297438],[6.624524106041331,49.746777356848497],[6.624521910608393,49.74682229039913],[6.624519715169942,49.746867223949359],[6.624589072774768,49.74686864682635],[6.624658430385109,49.746870069661867],[6.624656235069052,49.746915003216145],[6.624586877394757,49.746913580378383],[6.624517519725977,49.746912157499132],[6.624378804404966,49.746909311616157],[6.624309446752733,49.746907888612434],[6.624240089106017,49.746906465567214],[6.624242284805798,49.746861532026422],[6.624244480500065,49.746816598485196],[6.624246676188818,49.746771664943559],[6.624248871872057,49.746726731401488],[6.624110157106804,49.746723885204574],[6.624107961295659,49.746768818742133],[6.624038603857353,49.746767395579184],[6.623969246424565,49.746765972374753],[6.623967050479997,49.746810905907395],[6.623962658574319,49.746900772971429],[6.623960462613207,49.746945706502814],[6.62395826664658,49.746990640033779],[6.623956070674439,49.747035573564311],[6.623953874696783,49.747080507094438],[6.623951678713612,49.747125440624146],[6.624021036658034,49.747126863846574],[6.624018840733303,49.747171797378087],[6.624016644803057,49.747216730909187],[6.624014448867297,49.747261664439868],[6.62394509073101,49.747260241210697],[6.62394289472578,49.747305174738706],[6.623940698715034,49.747350108266296],[6.624010056979232,49.747351531499966],[6.624007861026927,49.747396465029389],[6.624005665069108,49.747441398558372],[6.623936306676999,49.747439975320198],[6.623931914616902,49.747529842372437],[6.624001273136924,49.747531265615095],[6.623996881182681,49.747621132670133],[6.623994685197286,49.74766606619702],[6.623925326485396,49.747664642947626],[6.623923130430531,49.747709576471827],[6.623920934370149,49.747754509995616],[6.623851575535862,49.747753086700214],[6.6238537716602,49.747708153178678],[6.623784412895387,49.747706729844033],[6.623782216707093,49.747751663363339],[6.623780020513283,49.74779659688221],[6.62384937940601,49.747798020221339],[6.623847183270641,49.747842953742044],[6.623777824313957,49.747841530400649],[6.623775628109116,49.747886463918682],[6.623773431898758,49.747931397436297],[6.623771235682887,49.74797633095347],[6.623840594831444,49.747977754301623],[6.623838398674014,49.74802268782063],[6.623836202511069,49.74806762133921],[6.623827417804133,49.748247355409369],[6.62382522161361,49.748292288925853],[6.623894581215393,49.748293712248241],[6.623892385083314,49.748338645766545],[6.623961744754573,49.748340069049682],[6.624031104431351,49.748341492291324],[6.624100464113645,49.748342915491477],[6.624098268167928,49.748387849016112],[6.624028908421675,49.748386425813713],[6.624026712406484,49.748431359335676],[6.624024516385778,49.748476292857212],[6.624022320359556,49.748521226378344],[6.624091680297688,49.748522649587478],[6.624089484329911,49.748567583110436],[6.624087288356621,49.74861251663296],[6.624085092377814,49.748657450155058],[6.624080700403657,49.748747317197996],[6.624078504408304,49.74879225071885],[6.624076308407439,49.748837184239264],[6.624145668798811,49.748838607422648],[6.624143472856389,49.748883540944888],[6.624212833317238,49.748884964089036],[6.624210637433265,49.74892989761311],[6.624279997963593,49.748931320718],[6.624349358499438,49.748932743781403],[6.624351554255489,49.748887810252832],[6.624355945751049,49.748797943194447],[6.624425306100528,49.748799366209603],[6.624494666455524,49.748800789183278],[6.624564026816034,49.74880221211545],[6.624633387182063,49.748803635006119],[6.624702747553605,49.748805057855321],[6.624700552128386,49.748849991395971],[6.624631191692883,49.748848568544538],[6.624561831262894,49.748847145651609],[6.624559635704241,49.748892079187328],[6.62462899619819,49.748893502082502],[6.624698356697656,49.748894924936188],[6.624696161261411,49.748939858476],[6.624626800697984,49.748938435620069],[6.624557440140073,49.748937012722642],[6.62455524457039,49.74898194625753],[6.624553048995194,49.749026879791998],[6.624550853414484,49.749071813326047],[6.624620214164279,49.749073236230224],[6.624689574919592,49.749074659092891],[6.624687379461291,49.749119592631004],[6.624756740286082,49.749121015454435],[6.624826101116387,49.749122438236363],[6.624823905780498,49.749167371778562],[6.624754544886231,49.749165948994381],[6.624685183997478,49.749164526168705],[6.624615823114242,49.749163103301534],[6.624613627580952,49.749208036836571],[6.624544266639268,49.749206613925658],[6.624542071036504,49.749251547458009],[6.624539875428223,49.749296480989948],[6.624537679814427,49.749341414521474],[6.624607040947997,49.74934283743913],[6.624604845392652,49.749387770972469],[6.6246742065957,49.749389193850874],[6.624743567804266,49.749390616687791],[6.624741372371332,49.749435550225208],[6.624810733649376,49.749436973022874],[6.624808538274892,49.74948190656211],[6.624806342894894,49.749526840100934],[6.624804147509384,49.749571773639332],[6.624873508984834,49.749573196402245],[6.624871313657771,49.749618129942469],[6.624869118325197,49.749663063482274],[6.624866922987108,49.749707997021659],[6.624864727643507,49.749752930560632],[6.624862532294392,49.749797864099165],[6.624860336939763,49.749842797637278],[6.624929698804515,49.749844220372175],[6.624925308206646,49.749934087451649],[6.624923112899441,49.749979020990757],[6.624920917586723,49.750023954529432],[6.624918722268492,49.750068888067673],[6.624849360083917,49.750067465321536],[6.624779997904856,49.750066042533895],[6.624710635731311,49.750064619704759],[6.62470844021567,49.750109553235845],[6.624706244694514,49.750154486766519],[6.624704049167844,49.750199420296759],[6.624842773904244,49.75020226592703],[6.624844969302982,49.750157332392291],[6.624914331615489,49.750158755142927],[6.624909940940432,49.750248622216496],[6.624907745594633,49.750293555752641],[6.624905550243321,49.75033848928836],[6.624903354886494,49.750383422823667],[6.624972717524351,49.750384845544055],[6.624970522225977,49.750429779081173],[6.62496832692209,49.750474712617887],[6.624963936297778,49.750564579690042],[6.62496174097735,49.750609513225477],[6.624950764292512,49.750834180896376],[6.62481203774297,49.750831335369156],[6.624742674476475,49.750829912543303],[6.624740478931061,49.750874846069472],[6.624671115606112,49.750873423199877],[6.62460175228668,49.75087200028878],[6.624599556607816,49.750916933810018],[6.624597360923437,49.750961867330858],[6.624595165233544,49.751006800851265],[6.624664528744883,49.751008223769105],[6.624666724370807,49.750963290246446],[6.624736087823693,49.750964713120538],[6.624805451282095,49.750966135953149],[6.624807646774566,49.750921202425573],[6.624877010174517,49.750922625214422],[6.624874814746011,49.750967558744243],[6.624872619311994,49.751012492273638],[6.624803255784107,49.751011069480299],[6.624733892261737,49.75100964664545],[6.624731696694266,49.751054580169935],[6.624729501121283,49.751099513693994],[6.624868228427415,49.751102359331185],[6.624937592088757,49.751103782087526],[6.624935396702166,49.751148715617916],[6.624933201310061,49.751193649147879],[6.624931005912443,49.751238582677416],[6.624928810509311,49.751283516206534],[6.624926615100666,49.751328449735233],[6.624924419686507,49.751373383263505],[6.624922224266832,49.751418316791366],[6.624991588381478,49.75141973952195],[6.624989393020261,49.751464673051622],[6.624987197653531,49.751509606580875],[6.624985002281287,49.751554540109716],[6.624982806903529,49.75159947363813],[6.624980611520257,49.751644407166118],[6.624978416131471,49.751689340693687],[6.624976220737172,49.751734274220844],[6.624974025337359,49.75177920774756],[6.625043389969288,49.75178063045464],[6.625041194627932,49.751825563983196],[6.625038999281064,49.751870497511312],[6.625034608570783,49.75196036456633],[6.625103973464117,49.751961787240887],[6.625101778164679,49.752006720769991],[6.625099582859726,49.75205165429869],[6.625097387549261,49.752096587826962],[6.625028022464012,49.752095165145654],[6.62502582708406,49.752140098671248],[6.625023631698594,49.752185032196444],[6.625092996911791,49.752186454882235],[6.625090801584784,49.752231388409243],[6.625088606252265,49.752276321935824],[6.625086410914231,49.752321255461986],[6.625084215570684,49.752366188987736],[6.625082020221623,49.752411122513038],[6.625079824867048,49.752456056037943],[6.6251491904696,49.752457478695732],[6.625146995173487,49.752502412222462],[6.625144799871859,49.752547345748759],[6.625142604564716,49.752592279274637],[6.62507323877024,49.752590856610112],[6.62500387298128,49.752589433904078],[6.625001677540675,49.752634367425046],[6.624999482094556,49.752679300945587],[6.625068848011467,49.752680723656098],[6.625066652623809,49.75272565717848],[6.625064457230637,49.752770590700436],[6.625062261831951,49.752815524221944],[6.625131627946302,49.752816946897724],[6.625129432606077,49.752861880421072],[6.625127237260339,49.752906813944001],[6.625196603508157,49.752908236582762],[6.625194408220882,49.75295317010751],[6.625192212928092,49.752998103631839],[6.625190017629788,49.753043037155763],[6.625187822325971,49.753087970679246],[6.625257188835208,49.753089393285499],[6.625254993589854,49.753134326810809],[6.625252798338987,49.753179260335706],[6.625183431701796,49.753177837724962],[6.625181236381437,49.753222771247188],[6.625176845724179,49.753312638290353],[6.625174650387279,49.753357571811335],[6.625244017280377,49.753358994431068],[6.625241822001941,49.753403927953855],[6.625239626717992,49.753448861476208],[6.625237431428528,49.75349379499815],[6.625235236133551,49.753538728519672],[6.625230845527055,49.753628595561452],[6.625300212809536,49.753630018153174],[6.625298017561996,49.753674951675677],[6.625295822308942,49.753719885197754],[6.625293627050374,49.753764818719418],[6.625224259575957,49.753763396120952],[6.625154892107057,49.753761973480977],[6.625085524643672,49.753760550799512],[6.625087720094175,49.753715617284598],[6.625089915539164,49.753670683769272],[6.625020548209252,49.753669261050796],[6.624951180884858,49.753667838290816],[6.624948985311912,49.753712771801645],[6.624946789733451,49.753757705312076],[6.624944594149476,49.75380263882208],[6.625013961665806,49.753804061588809],[6.625011766140296,49.753848995100618],[6.625081133726122,49.753850417828083],[6.625078938259075,49.75389535134174],[6.625148305914398,49.753896774029947],[6.625150501317465,49.753851840514052],[6.625219868914324,49.753853263158504],[6.625289236516698,49.753854685761461],[6.62528704124159,49.753899619281867],[6.625284845960967,49.753944552801848],[6.625354213696816,49.753945975367799],[6.62535201847466,49.753990908889584],[6.625349823246991,49.754035842410964],[6.625347628013807,49.754080775931925],[6.625345432775109,49.75412570945246],[6.625343237530897,49.754170642972582],[6.625412605592163,49.754172065508257],[6.625410410406419,49.754216999030199],[6.62540821521516,49.754261932551721],[6.625406020018388,49.754306866072817],[6.625403824816103,49.754351799593486],[6.625334456498917,49.754350377048809],[6.625265088187246,49.754348954462628],[6.625267283517492,49.754304020946442],[6.625269478842225,49.754259087429844],[6.625271674161445,49.75421415391282],[6.625202306047231,49.754212731291894],[6.625132937938534,49.754211308629444],[6.625130742491354,49.754256242141963],[6.625128547038661,49.754301175654071],[6.625126351580453,49.754346109165759],[6.62512415611673,49.754391042677014],[6.625121960647493,49.75443597618785],[6.625191329076094,49.754437398861533],[6.625189133665325,49.754482332374195],[6.62518693824904,49.754527265886445],[6.625184742827242,49.754572199398268],[6.625254111453303,49.754573622037192],[6.62532348008488,49.754575044634606],[6.625392848721973,49.754576467190532],[6.625395043951826,49.754531533671958],[6.625464412530453,49.754532956184129],[6.625460022193198,49.754622823225326],[6.625457827016299,49.754667756745292],[6.625527195792389,49.754669179222702],[6.625525000673958,49.754714112744495],[6.625522805550015,49.754759046265875],[6.625520610420558,49.754803979786821],[6.625518415285588,49.754848913307349],[6.625587784323121,49.754850335752245],[6.62558558924662,49.754895269274606],[6.625583394164607,49.75494020279654],[6.625581199077078,49.754985136318041],[6.625579003984036,49.755030069839123],[6.625576808885483,49.755075003359806],[6.625507439528033,49.755073580903684],[6.625505244359982,49.755118514421675],[6.625574613781415,49.755119936880057],[6.625572418671834,49.755164870399881],[6.625641788162765,49.755166292818998],[6.625639593111655,49.755211226340649],[6.625637398055032,49.755256159861872],[6.625706767679447,49.755257582243992],[6.625704572681293,49.755302515767042],[6.625702377677627,49.75534744928968],[6.625700182668448,49.755392382811891],[6.625697987653755,49.755437316333676],[6.625767357539624,49.755438738683267],[6.625765162583403,49.755483672206893],[6.62576296762167,49.755528605730092],[6.625832337641024,49.755530028042671],[6.625830142737763,49.755574961567682],[6.625827947828987,49.755619895092295],[6.6258257529147,49.755664828616474],[6.6258235579949,49.755709762140221],[6.625892928275711,49.755711184420292],[6.625890733414384,49.755756117945872],[6.625960103764696,49.755757540186686],[6.625957908961841,49.755802473714084],[6.625888538547542,49.755801051471025],[6.625886343675189,49.755845984995766],[6.625884148797322,49.755890918520073],[6.625881953913943,49.755935852043969],[6.625951324520202,49.755937274293778],[6.625949129695295,49.7559822078195],[6.625946934864878,49.756027141344795],[6.625944740028946,49.756072074869671],[6.625942545187502,49.756117008394121],[6.625940350340546,49.756161941918158],[6.625938155488075,49.756206875441769],[6.626007526483771,49.756208297663555],[6.626005331689776,49.756253231188985],[6.626003136890268,49.756298164714003],[6.626000942085249,49.756343098238588],[6.626070313278423,49.756344520425607],[6.626068118531879,49.756389453952018],[6.625998747274716,49.756388031762761],[6.62599655245867,49.756432965286521],[6.626065923779821,49.756434387478016],[6.626063729022251,49.756479321003596],[6.625994357637111,49.756477898809848],[6.625992162810039,49.756522832332749],[6.625922791366427,49.756521410095246],[6.625853419928327,49.756519987816233],[6.625784048495745,49.756518565495711],[6.625781853471194,49.756563499011463],[6.625712481980137,49.756562076647185],[6.625643110494598,49.756560654241412],[6.625573739014573,49.756559231794121],[6.625504367540064,49.756557809305342],[6.625502172254046,49.756602742811658],[6.625432800721064,49.756601320279117],[6.625363429193599,49.756599897705073],[6.625365624607595,49.756554964203232],[6.625367820016079,49.75651003070098],[6.625370015419048,49.756465097198294],[6.625300644089067,49.756463674589483],[6.625302839550509,49.75641874108863],[6.625305035006439,49.756373807587352],[6.625235663809948,49.756372384941528],[6.625240054833239,49.756282517942203],[6.625242250336612,49.756237584441912],[6.625172879337604,49.756236161761329],[6.62517507489945,49.756191228262864],[6.625177270455781,49.756146294763973],[6.625179466006599,49.756101361264662],[6.625110095205069,49.756099938549319],[6.625112290814358,49.75605500505182],[6.625042920082333,49.75605358229722],[6.624973549355824,49.756052159501117],[6.62497135361856,49.756097092994104],[6.624969157875781,49.756142026486678],[6.624899787026816,49.756140603644567],[6.62483041618337,49.756139180760954],[6.624832612054122,49.756094247272877],[6.624834807919359,49.756049313784388],[6.624765437209403,49.756047890863769],[6.624696066504964,49.756046467901633],[6.624698262492659,49.75600153441723],[6.624628891857726,49.756000111415844],[6.624559521228309,49.755998688372948],[6.624557325112641,49.756043621852868],[6.624555128991457,49.756088555332362],[6.624552932864756,49.75613348881145],[6.624550736732537,49.756178422290105],[6.624548540594805,49.756223355768334],[6.624617911544156,49.756224778822471],[6.624615715464894,49.75626971230254],[6.624613519380117,49.756314645782176],[6.62468289046296,49.756316068799293],[6.624680694436655,49.756361002280762],[6.624678498404833,49.756405935761805],[6.624676302367495,49.756450869242428],[6.624674106324643,49.75649580272264],[6.624743477668956,49.75649722570725],[6.624741281684576,49.756542159189273],[6.624739085694681,49.756587092670877],[6.624736889699268,49.756632026152062],[6.624806261241067,49.756633449101905],[6.624804065304128,49.756678382584923],[6.624799673413702,49.75676824954968],[6.624797477460216,49.756813183031419],[6.624866849263491,49.756814605948755],[6.624864653368478,49.756859539432327],[6.624862457467952,49.75690447291548],[6.624860261561908,49.756949406398206],[6.624858065650349,49.756994339880514],[6.624855869733274,49.757039273362409],[6.624925241862017,49.757040696249469],[6.624923046003416,49.757085629733183],[6.624920850139302,49.757130563216471],[6.624918654269671,49.75717549669934],[6.624916458394526,49.757220430181782],[6.624914262513864,49.757265363663812],[6.624983634968078,49.75726678652061],[6.624981439145891,49.757311720004473],[6.62497924331819,49.757356653487903],[6.624977047484974,49.757401586970907],[6.625046420136679,49.757403009792938],[6.625044224361939,49.757447943277782],[6.625042028581683,49.757492876762193],[6.62511140136689,49.757494299547218],[6.625109205645112,49.757539233033455],[6.625107009917817,49.757584166519273],[6.625104814185009,49.757629100004678],[6.62517418716771,49.75763052275493],[6.625171991493378,49.757675456242175],[6.625169795813531,49.757720389728973],[6.625167600128169,49.757765323215338],[6.625165404437293,49.757810256701298],[6.625234777681483,49.757811679419049],[6.625232582049084,49.757856612906828],[6.62523038641117,49.757901546394201],[6.625228190767741,49.757946479881134],[6.625297564209429,49.757947902564119],[6.625295368624479,49.757992836052885],[6.625293173034015,49.758037769541232],[6.625362546609208,49.758039192187205],[6.625360351077221,49.758084125677371],[6.625358155539722,49.758129059167118],[6.62542752924842,49.758130481776085],[6.625425333769399,49.758175415267658],[6.625494707547609,49.758176837837368],[6.625564081331335,49.758178260365554],[6.625633455120577,49.758179682852237],[6.625702828915336,49.758181105297417],[6.625772202715611,49.758182527701074],[6.625841576521402,49.758183950063241],[6.625839381420836,49.758228883567874],[6.625837186314754,49.758273817072109],[6.625834991203161,49.758318750575889],[6.625904365206453,49.758320172903289],[6.625902170153339,49.758365106408903],[6.625971544226143,49.758366528697039],[6.626040918304462,49.758367950943658],[6.626043113229584,49.758323017433547],[6.626112487249423,49.758324439636411],[6.626181861274777,49.758325861797779],[6.626184056066396,49.758280928282758],[6.62625343003327,49.75828235040035],[6.626322804005659,49.758283772476453],[6.626392177983563,49.758285194511032],[6.626394372577683,49.758240260988849],[6.626463746497108,49.758241682979687],[6.626533120422046,49.758243104929001],[6.626530925955915,49.758288038455696],[6.626528731484272,49.758332971981957],[6.626526537007117,49.7583779055078],[6.626524342524451,49.758422839033202],[6.626593716710884,49.758424260950022],[6.6265915222867,49.758469194477264],[6.626589327857006,49.758514128004087],[6.626587133421798,49.758559061530491],[6.626656507805734,49.758560483412523],[6.626725882195184,49.758561905253046],[6.626723687882456,49.758606838783528],[6.626721493564218,49.758651772313577],[6.626719299240468,49.758696705843207],[6.626788673827421,49.758698127648955],[6.626786479562154,49.758743061180411],[6.626717104911205,49.75874163937241],[6.626714910576431,49.758786572901208],[6.626645535866998,49.758785151049445],[6.626643341462715,49.758830084575571],[6.62664114705292,49.758875018101257],[6.626571772221007,49.7588735962035],[6.626569577741703,49.758918529726529],[6.626638952637613,49.758919951626545],[6.626636758216795,49.758964885151393],[6.626634563790463,49.759009818675828],[6.626703938819883,49.759011240538818],[6.626701744452038,49.75905617406508],[6.62669955007868,49.759101107590901],[6.626697355699812,49.759146041116324],[6.626766730926739,49.759147462944547],[6.626764536606357,49.759192396471782],[6.626695161315431,49.759190974641314],[6.626692966925537,49.759235908165891],[6.626690772530132,49.759280841690043],[6.626688578129214,49.759325775213775],[6.626757953612136,49.759327197050979],[6.626827329100574,49.759328618846666],[6.626829523373494,49.759283685318451],[6.626898898803445,49.75928510707039],[6.626896704594524,49.759330040600865],[6.626894510380092,49.759374974130907],[6.626963885943555,49.759376395845827],[6.626961691787611,49.759421329377709],[6.627031067420587,49.759422751053357],[6.627028873323131,49.759467684587051],[6.627026679220164,49.759512618120326],[6.627024485111685,49.759557551653174],[6.627022290997694,49.759602485185603],[6.627091666892182,49.759603906828744],[6.627089472836682,49.759648840362992],[6.627087278775668,49.759693773896828],[6.627085084709144,49.759738707430245],[6.627082890637109,49.759783640963235],[6.627080696559562,49.759828574495806],[6.627150072779567,49.759829996108657],[6.62714787876051,49.759874929643047],[6.627145684735941,49.759919863177018],[6.62721506108946,49.759921284752856],[6.627212867123381,49.75996621828866],[6.627210673151794,49.760011151824024],[6.627208479174693,49.760056085358983],[6.62727785572573,49.76005750690004],[6.627275661807121,49.760102440436825],[6.627273467883001,49.760147373973176],[6.62727127395337,49.760192307509108],[6.627340650701924,49.760193729015413],[6.627338456830784,49.760238662553164],[6.627336262954134,49.760283596090495],[6.627334069071972,49.760328529627408],[6.627403446018048,49.760329951098939],[6.627401252194378,49.76037488463767],[6.627399058365198,49.76041981817599],[6.627468435444793,49.76042123961048],[6.627466241674105,49.760466173150633],[6.627464047897907,49.760511106690352],[6.62753342511102,49.760512528087837],[6.627531231393315,49.760557461629375],[6.627529037670098,49.760602395170501],[6.627526843941372,49.760647328711194],[6.627596221352008,49.760648750073898],[6.627594027681775,49.760693683616438],[6.627591834006032,49.76073861715853],[6.627522456467388,49.760737195791343],[6.62752026272213,49.760782129330792],[6.627450885124994,49.760780707919835],[6.627453078934257,49.760735774382631],[6.627383701406637,49.760734352932417],[6.62738150753337,49.760779286467375],[6.62731212994726,49.760777864973392],[6.627309936004479,49.760822798505671],[6.627307742056186,49.760867732037525],[6.627305548102384,49.760912665568966],[6.627374925880506,49.760914087069679],[6.627372731985197,49.760959020602932],[6.627370538084375,49.761003954135781],[6.627439915996023,49.761005375599467],[6.627437722153696,49.761050309134134],[6.627435528305859,49.761095242668375],[6.62750490635103,49.761096664095042],[6.627502712561687,49.761141597631109],[6.627433334452511,49.761140176202197],[6.627363956348848,49.761138754731761],[6.627366150266202,49.761093821200184],[6.627368344178044,49.761048887668203],[6.627298966207905,49.76104746616074],[6.627229588243281,49.761046044611774],[6.627227394203429,49.761090978139286],[6.627158016180313,49.761089556546558],[6.627155822070943,49.761134490071399],[6.627153627956061,49.761179423595806],[6.627151433835668,49.761224357119808],[6.627149239709764,49.761269290643376],[6.627147045578348,49.761314224166519],[6.627144851441421,49.761359157689249],[6.627142657298982,49.76140409121156],[6.62721203577014,49.761405512820005],[6.627281414246811,49.76140693438694],[6.627279220226874,49.761451867913308],[6.627348598773064,49.761453289440972],[6.627346404811624,49.761498222969173],[6.62734421084467,49.761543156496955],[6.627413589524389,49.761544577987607],[6.627411395615933,49.761589511517201],[6.627342016872206,49.761588090024311],[6.627272638133994,49.761586668489912],[6.627270444092011,49.76163160201461],[6.627268250044517,49.761676535538882],[6.627266055991512,49.761721469062721],[6.627196677066792,49.761720047480068],[6.627127298147585,49.761718625855899],[6.627125103961052,49.761763559374835],[6.627055724983352,49.761762137706903],[6.626986346011165,49.761760715997468],[6.626984151691106,49.76180564951148],[6.626914772660427,49.761804227758276],[6.626912578270847,49.76184916126963],[6.626908189475152,49.761939028291067],[6.626905995069037,49.761983961801164],[6.626903800657407,49.762028895310841],[6.626901606240266,49.762073828820078],[6.626899411817615,49.762118762328896],[6.626897217389448,49.762163695837295],[6.626966596932196,49.762165117608468],[6.627035976480459,49.762166539338125],[6.627038170780605,49.762121605825229],[6.627107550270373,49.762123027511123],[6.627105356034235,49.762167961026265],[6.627103161792585,49.762212894541001],[6.627172541415884,49.762214316189876],[6.627241921044698,49.762215737797227],[6.627311300679025,49.762217159363082],[6.627380680318868,49.762218580887421],[6.627382874304481,49.76217364736371],[6.627452253885827,49.762175068844279],[6.627521633472686,49.762176490283338],[6.627523827324769,49.762131556754717],[6.627593206853132,49.762132978150021],[6.627595400635695,49.762088044618736],[6.627664780105562,49.762089465970277],[6.627666973818604,49.762044532436327],[6.627736353229976,49.762045953744106],[6.627805732646858,49.762047375010376],[6.627803539061833,49.762092308548823],[6.627872918548237,49.76209372977582],[6.627868531489673,49.76218359685592],[6.627866337952126,49.762228530395348],[6.62793571763607,49.762229951587578],[6.628005097325527,49.762231372738285],[6.62800290391049,49.76227630628177],[6.628000710489941,49.762321239824843],[6.627931330672466,49.762319818669646],[6.627929137182399,49.76236475221004],[6.62792694368682,49.762409685750022],[6.627996323632316,49.762411106909724],[6.628065703583324,49.762412528027888],[6.628135083539845,49.762413949104555],[6.628132890230788,49.762458882650861],[6.628202270256831,49.762460303688229],[6.628200077006275,49.762505237236354],[6.628197883750209,49.76255017078406],[6.628267263909785,49.762551591784423],[6.628265070712221,49.762596525333947],[6.628262877509147,49.762641458883053],[6.628193497221551,49.762640037878192],[6.628195690488634,49.762595104331346],[6.62812631027056,49.762593683287207],[6.628124116939464,49.762638616831815],[6.628054736662891,49.762637195743935],[6.628052543262275,49.762682129285878],[6.627983162927202,49.762680708154235],[6.627980969457065,49.762725641693514],[6.627978775981417,49.762770575232366],[6.627976582500261,49.762815508770807],[6.628045963027367,49.762816929909192],[6.628115343559986,49.762818351006054],[6.628184724098118,49.762819772061398],[6.628182530803485,49.762864705606155],[6.62825191141114,49.762866126622235],[6.628321292024306,49.762867547596812],[6.628323485190914,49.762822614047565],[6.62825410464176,49.76282119307524],[6.628256297866871,49.762776259527826],[6.628325678352013,49.762777680497905],[6.628395058842669,49.762779101426453],[6.628392865745581,49.762824034978372],[6.628390672642984,49.762868968529851],[6.628460053267173,49.762870389421394],[6.62845786022308,49.762915322974685],[6.628527240916792,49.762916743826963],[6.628525047931201,49.762961677382094],[6.628522854940102,49.763006610936806],[6.62859223576735,49.763008031752037],[6.628590042834754,49.763052965308574],[6.62858784989665,49.763097898864693],[6.628657230857434,49.763099319642912],[6.628655037977834,49.763144253200849],[6.628652845092724,49.763189186758353],[6.628722226187046,49.763190607499538],[6.628720033360442,49.763235541058876],[6.628789414524286,49.763236961760789],[6.628787221756187,49.76328189532196],[6.62878502898258,49.76332682888269],[6.628854410279962,49.763328249547584],[6.628852217564859,49.763373183110154],[6.628850024844248,49.763418116672298],[6.62884783211813,49.763463050234009],[6.628845639386504,49.763507983795307],[6.628915020945453,49.763509404427673],[6.628912828272332,49.763554337990783],[6.628982209900804,49.76355575858387],[6.62898001728619,49.763600692148806],[6.629049398984188,49.763602112702614],[6.629118780687696,49.763603533214912],[6.62912097317428,49.763558599645485],[6.629123165655359,49.763513666075639],[6.629125358130928,49.763468732505359],[6.629127550600989,49.76342379893466],[6.629196932053949,49.76342521939646],[6.629199124454491,49.763380285823096],[6.629201316849524,49.763335352249307],[6.629270698179966,49.763336772665099],[6.629268505848946,49.763381706241141],[6.629337887248909,49.763383126617668],[6.629335694976398,49.763428060195515],[6.629405076445887,49.763429480532764],[6.629402884231881,49.763474414112437],[6.629400692012369,49.763519347691698],[6.629470073615395,49.76352076799192],[6.629467881454391,49.763565701573],[6.62953726312694,49.763567121833951],[6.629535071024444,49.763612055416836],[6.629532878916439,49.763656988999323],[6.629602260722527,49.763658409223254],[6.629600068673033,49.763703342807545],[6.629597876618031,49.763748276391425],[6.629667258557658,49.763749696578309],[6.629665066561164,49.763794630164014],[6.629662874559165,49.763839563749293],[6.629732256632333,49.763840983899158],[6.629730064688842,49.763885917486256],[6.629727872739845,49.763930851072949],[6.629797254946552,49.763932271185787],[6.629795063056065,49.763977204774285],[6.629792871160073,49.764022138362378],[6.62986225350032,49.764023558438176],[6.629860061662836,49.76406849202808],[6.629790679258573,49.764067071950031],[6.629721296859818,49.764065651830457],[6.629719104888797,49.764110585415445],[6.629649722431533,49.764109165252115],[6.629647530390988,49.764154098834453],[6.629578147875216,49.764152678627354],[6.629575955765149,49.76419761220702],[6.629573763649574,49.764242545786267],[6.629571571528492,49.764287479365088],[6.629640954236314,49.764288899578915],[6.629638762173743,49.764333833159554],[6.629636570105665,49.764378766739767],[6.629634378032081,49.764423700319576],[6.629703760937464,49.764425120498608],[6.629773143848356,49.764426540636137],[6.629770951897301,49.764471474219995],[6.629768759940739,49.764516407803455],[6.629766567978671,49.764561341386475],[6.629764376011097,49.764606274969076],[6.629833759183569,49.764607695074055],[6.629831567274506,49.764652628658474],[6.629829375359938,49.764697562242482],[6.629898758665957,49.764698982310428],[6.629968141977484,49.76470040233685],[6.629970333764016,49.764655468748359],[6.629972525545041,49.764610535159456],[6.630041908734038,49.764611955139884],[6.630039717017032,49.764656888731025],[6.630037525294519,49.764701822321769],[6.630106908617062,49.764703242265163],[6.630104716953062,49.764748175857711],[6.630174100345132,49.764749595761828],[6.630171908739645,49.764794529356216],[6.630241292201243,49.76479594922106],[6.630239100654269,49.764840882817261],[6.630308484185393,49.76484230264284],[6.630377867722024,49.764843722426882],[6.630447251264163,49.76484514216942],[6.630445059903744,49.764890075771923],[6.630514443515409,49.76489149547519],[6.630512252213505,49.764936429079512],[6.630510060906094,49.764981362683422],[6.630579444651305,49.764982782349648],[6.630577253402411,49.76502771595537],[6.630646637217149,49.765029135582331],[6.63064444602677,49.765074069189886],[6.630713829911034,49.765075488777555],[6.630711638779171,49.765120422386943],[6.630709447641803,49.765165355995883],[6.630778831659615,49.765166775546533],[6.630776640580764,49.765211709157306],[6.630774449496409,49.76525664276766],[6.630772258406548,49.765301576377595],[6.63084164262193,49.765302995893435],[6.630839451590587,49.765347929505189],[6.630908835875495,49.765349348981772],[6.63097822016591,49.76535076841683],[6.630976029257106,49.765395702032649],[6.631045413617048,49.765397121428435],[6.631043222766762,49.765442055046073],[6.631041031910971,49.765486988663298],[6.631110416404463,49.765488408022044],[6.631179800903459,49.765489827339273],[6.631181991631207,49.765444893717557],[6.631251376071689,49.765446312991024],[6.631320760517675,49.765447732222974],[6.631322951111875,49.765402798596369],[6.631325141700573,49.765357864969324],[6.631394526024022,49.765359284155267],[6.631392335499346,49.76540421778455],[6.631461719892321,49.76540563693122],[6.631459529426164,49.765450570562308],[6.631457338954504,49.765495504192984],[6.631526723481028,49.765496923302614],[6.631524533067887,49.765541856935108],[6.631593917663938,49.765543276005452],[6.631591727309318,49.765588209639766],[6.631661111974895,49.765589628670845],[6.631658921678794,49.765634562306985],[6.631728306413898,49.765635981298786],[6.631726116176317,49.765680914936752],[6.631795500980947,49.765682333889266],[6.631793310801886,49.765727267529044],[6.631862695676046,49.765728686442294],[6.631860505555505,49.765773620083891],[6.631929890499189,49.765775038957848],[6.631927700437172,49.765819972601278],[6.631997085450384,49.765821391435971],[6.631994895446887,49.765866325081191],[6.632064280529624,49.765867743876612],[6.632062090584649,49.765912677523666],[6.632059900634173,49.765957611170307],[6.632129285850463,49.765959029928688],[6.632127095958507,49.766003963577148],[6.632196481244325,49.766005382296235],[6.632194291410893,49.766050315946522],[6.63219210157196,49.766095249596376],[6.632261486991329,49.766096668278436],[6.632259297210918,49.766141601930116],[6.632328682699814,49.766143020572898],[6.632326492977927,49.766187954226396],[6.63239587853635,49.766189372829899],[6.632393688872988,49.766234306485202],[6.632463074500938,49.766235725049434],[6.6324608848961,49.766280658706577],[6.63253027059358,49.766282077231509],[6.632528081047264,49.766327010890478],[6.632458695285759,49.766325592363295],[6.632456505669919,49.766370526019593],[6.632387119849893,49.766369107448639],[6.63231773403537,49.766367688836183],[6.632315544285978,49.766412622487564],[6.632246158412933,49.766411203831339],[6.632243968594016,49.76645613748007],[6.632174582662448,49.766454718780082],[6.632172392774003,49.766499652426141],[6.632103006783914,49.766498233682391],[6.632100816825941,49.7665431673258],[6.63203143077733,49.766541748538273],[6.632029240749831,49.766586682179017],[6.631959854642699,49.766585263347743],[6.631957664545671,49.766630196985822],[6.631955474443142,49.766675130623469],[6.631953284335111,49.766720064260703],[6.632022670634323,49.766721483098713],[6.632092056939038,49.766722901895193],[6.632161443249258,49.766724320650155],[6.632163633165209,49.766679387006199],[6.632165823075661,49.76663445336181],[6.632235209263331,49.766635872070772],[6.632373981655181,49.76663870936413],[6.632371791936809,49.766683643015227],[6.632441178205015,49.766685061601869],[6.632579950757938,49.766687898650581],[6.632649337042653,49.766689317112643],[6.632653715961686,49.766599449792089],[6.632584329805025,49.766598031334496],[6.632586519320316,49.766553097675818],[6.632588708830109,49.766508164016734],[6.632519322806998,49.766506745522094],[6.632523701938132,49.766416878207131],[6.632593087833191,49.766418296697275],[6.632595277326481,49.766373363036926],[6.632664663163015,49.766374781483314],[6.63266247373375,49.766419715145908],[6.632731859639811,49.76642113355301],[6.632729670269073,49.766466067217429],[6.632799056244662,49.766467485585252],[6.632796866932448,49.766512419251491],[6.632866252977567,49.766513837580028],[6.632864063723877,49.766558771248107],[6.632933449838523,49.766560189537365],[6.63293126064336,49.766605123207249],[6.633000646827535,49.766606541457236],[6.632998457690899,49.766651475128924],[6.633067843944601,49.766652893339632],[6.633065654866491,49.766697827013154],[6.633135041189721,49.766699245184569],[6.63313285217014,49.766744178859916],[6.633202238562896,49.766745596992052],[6.633200049601844,49.766790530669205],[6.633269436064128,49.766791948762076],[6.633267247161601,49.766836882441048],[6.633336633693416,49.766838300494634],[6.633334444849418,49.766883234175438],[6.63340383145076,49.766884652189745],[6.633401642665291,49.76692958587234],[6.63347102933616,49.766931003847368],[6.633468840609219,49.766975937531811],[6.633538227349618,49.766977355467539],[6.633536038681206,49.767022289153793],[6.633605425491132,49.767023707050257],[6.63360323688125,49.76706864073833],[6.633672623760706,49.7670700585955],[6.633670435209353,49.7671149922854],[6.633739822158336,49.767116410103299],[6.633737633665514,49.76716134379501],[6.633807020684025,49.76716276157363],[6.633804832249734,49.767207695267153],[6.633874219337774,49.767209113006487],[6.633872030962013,49.767254046701837],[6.633869842580753,49.76729898039676],[6.63393922980235,49.767300398099053],[6.633937041479623,49.767345331795802],[6.634006428770748,49.767346749458802],[6.634004240506552,49.767391683157371],[6.634073627867207,49.767393100781099],[6.634071439661542,49.767438034481486],[6.634140827091725,49.767439452065929],[6.634138638944593,49.767484385768128],[6.634208026444305,49.767485803313292],[6.634205838355705,49.76753073701731],[6.634275225924946,49.767532154523188],[6.63427303789488,49.767577088229025],[6.634342425533648,49.767578505695639],[6.634340237562114,49.767623439403287],[6.634409625270412,49.767624856830601],[6.634407437357412,49.767669790540083],[6.634476825135239,49.76767120792811],[6.634474637280772,49.767716141639404],[6.634544025128128,49.767717558988146],[6.634541837332196,49.767762492701266],[6.63461122524908,49.767763910010729],[6.634680613171463,49.767765327278674],[6.634678425498097,49.767810260995837],[6.634747813490009,49.767811678224497],[6.634745625875176,49.767856611943486],[6.634815013936618,49.767858029132853],[6.634812826380321,49.767902962853668],[6.634882214511289,49.767904380003756],[6.634880027013528,49.767949313726383],[6.634949415214027,49.767950730837178],[6.634947227774802,49.767995664561624],[6.635016616044829,49.767997081633141],[6.63501442866414,49.76804201535942],[6.635083817003697,49.768043432391657],[6.635081629681544,49.768088366119734],[6.635151018090629,49.768089783112693],[6.635148830827013,49.768134716842589],[6.635218219305626,49.768136133796261],[6.635216032100549,49.768181067527955],[6.635285420648692,49.768182484442349],[6.63528323350215,49.76822741817589],[6.635352622119823,49.768228835050984],[6.635422010742993,49.76823025188456],[6.635419823719023,49.768275185622144],[6.635489212411721,49.768276602416428],[6.635487025446287,49.768321536155845],[6.635556414208515,49.768322952910857],[6.635554227301621,49.768367886652079],[6.635623616133379,49.768369303367805],[6.635621429285023,49.768414237110846],[6.635690818186309,49.768415653787272],[6.635688631396494,49.76846058753214],[6.635758020367309,49.76846200416928],[6.63582740934362,49.768463420764917],[6.635825222676377,49.768508354513827],[6.635894611722217,49.768509771070164],[6.635892425113515,49.768554704820893],[6.635961814228884,49.768556121337951],[6.635959627678721,49.768601055090492],[6.63602901686362,49.768602471568265],[6.636026830371999,49.768647405322632],[6.636096219626425,49.768648821761118],[6.636094033193345,49.768693755517305],[6.636163422517303,49.768695171916491],[6.636232811846753,49.768696588274167],[6.636230625536248,49.768741522034404],[6.63630001493523,49.76874293835278],[6.636297828683267,49.768787872114842],[6.636367218151777,49.76878928839394],[6.636365031958356,49.768834222157807],[6.636434421496396,49.768835638397618],[6.636432235361517,49.768880572163312],[6.636501624969085,49.768881988363837],[6.636571014582148,49.768883404522839],[6.636568828569847,49.768928338292582],[6.636638218252439,49.768929754412291],[6.636636032298682,49.768974688183853],[6.636705422050802,49.768976104264283],[6.636703236155589,49.76902103803765],[6.636772625977239,49.769022454078787],[6.63677044014057,49.769067387853987],[6.63683983003175,49.769068803855838],[6.636837644253625,49.769113737632843],[6.636907034214333,49.769115153595415],[6.636976424180536,49.769116569516434],[6.63697423852499,49.769161503297511],[6.637043628560722,49.769162919179259],[6.637041442963723,49.76920785296214],[6.637110833068983,49.769209268804602],[6.637108647530528,49.769254202589288],[6.637178037705318,49.769255618392471],[6.63717585222541,49.769300552178976],[6.637245242469728,49.769301967942866],[6.637314632719539,49.769303383665232],[6.637312447362214,49.769348317455787],[6.637381837681555,49.76934973313886],[6.637379652382775,49.769394666931248],[6.637449042771645,49.769396082575021],[6.637446857531413,49.769441016369228],[6.637516247989812,49.769442431973715],[6.637585638453704,49.769443847536678],[6.637583453336056,49.769488781334921],[6.637581268212918,49.769533715132773],[6.637650658810376,49.769535130658682],[6.637720049413326,49.769536546143065],[6.637717864412774,49.769581479944947],[6.637787255085251,49.769582895390052],[6.637856645763223,49.769584310793633],[6.637854460885257,49.769629244599557],[6.637923851632756,49.769630659963845],[6.63792166681334,49.769675593771595],[6.637991057630368,49.769677009096583],[6.637988872869499,49.769721942906159],[6.638058263756057,49.769723358191861],[6.638056079053739,49.769768292003235],[6.638125470009825,49.769769707249651],[6.638123285366057,49.769814641062851],[6.638192676391673,49.769816056269974],[6.638262067422779,49.769817471435587],[6.6382598829016,49.76986240525283],[6.638329274002234,49.769863820379143],[6.638327089539606,49.769908754198198],[6.638396480709771,49.769910169285218],[6.638465871885426,49.769911584330714],[6.638463687545387,49.769956518153826],[6.63853307879057,49.769957933160029],[6.638530894509083,49.770002866984953],[6.638600285823796,49.77000428195187],[6.638669677143999,49.770005696877256],[6.638667492985102,49.77005063070623],[6.638736884374834,49.77005204559233],[6.63873470027449,49.770096979423116],[6.63880409173375,49.770098394269922],[6.638801907691958,49.770143328102534],[6.638871299220749,49.770144742910041],[6.638940690755028,49.770146157676038],[6.638938506835831,49.770191091512679],[6.639007898439638,49.770192506239383],[6.639077290048935,49.770193920924548],[6.63907510625233,49.770238854765253],[6.639144497931155,49.77024026941114],[6.639142314193104,49.770285203253664],[6.639211705941458,49.770286617860251],[6.6392810976953,49.770288032425306],[6.639278914079845,49.770332966271873],[6.639348305903217,49.770334380797635],[6.639417697732076,49.770335795281873],[6.639415514239214,49.770380729132505],[6.639484906137603,49.77038214357745],[6.639482722703297,49.770427077429886],[6.639552114671213,49.770428491835546],[6.639621506644619,49.770429906199674],[6.63961932333291,49.770474840056146],[6.639688715375843,49.770476254380988],[6.639686532122691,49.770521188239286],[6.639755924235152,49.770522602524828],[6.6398253163531,49.770524016768846],[6.639823133222546,49.77056895063118],[6.639820950086506,49.770613884493109],[6.639890342338025,49.770615298700065],[6.639959734595031,49.770616712865497],[6.63995755158159,49.770661646731469],[6.640026943908126,49.770663060857622],[6.640024760953242,49.770707994725399],[6.640094153349305,49.770709408812237],[6.640163545750855,49.770710822857552],[6.64023293815789,49.77071223686135],[6.640230755389649,49.770757170735422],[6.640300147866214,49.770758584699919],[6.640369540348264,49.770759998622879],[6.6404389328358,49.770761412504321],[6.640436750254203,49.770806346384674],[6.640434567667121,49.770851280264594],[6.640503960288229,49.770852694108974],[6.640573352914822,49.770854107911823],[6.640642745546898,49.770855521673163],[6.640712138184461,49.770856935392956],[6.640709955848068,49.770901869281396],[6.640779348555159,49.770903282961903],[6.640848741267734,49.77090469660088],[6.640846559053944,49.770949630493362],[6.640915951836048,49.770951044093046],[6.640985344623636,49.770952457651212],[6.64098316253245,49.770997391547738],[6.641052555389567,49.770998805066597],[6.641050373356942,49.771043738964948],[6.641119766283585,49.771045152444515],[6.641189159215713,49.771046565882543],[6.641258552153325,49.771047979279061],[6.641256370307348,49.771092913183686],[6.641325763314486,49.771094326540897],[6.641323581527073,49.771139260447335],[6.641392974603741,49.771140673765252],[6.641462367685891,49.771142087041639],[6.641460186021083,49.771187020952127],[6.641529579172761,49.771188434189213],[6.641598972329922,49.77118984738479],[6.641596790787721,49.77123478129932],[6.64166618401441,49.771236194455597],[6.641735577246581,49.771237607570335],[6.641733395826988,49.771282541488908],[6.641802789128687,49.771283954564353],[6.641872182435868,49.771285367598274],[6.641870001138884,49.771330301520898],[6.641939394515592,49.771331714515526],[6.642008787897783,49.771333127468608],[6.642006606723409,49.771378061395275],[6.642076000175124,49.771379474309072],[6.642145393632324,49.771380887181344],[6.642143212580561,49.771425821112047],[6.642212606107288,49.771427233945019],[6.642281999639495,49.77142864673646],[6.642279818710342,49.771473580671206],[6.642349212312077,49.771474993423354],[6.642418605919293,49.771476406133978],[6.64241642511275,49.771521340072781],[6.642485818789493,49.771522752744097],[6.642555212471717,49.771524165373883],[6.642624606159422,49.771525577962151],[6.642622425539538,49.771570511907214],[6.642691819296768,49.771571924456183],[6.64276121305948,49.771573336963613],[6.642759032562209,49.771618270912747],[6.642828426394447,49.771619683380884],[6.642897820232166,49.771621095807483],[6.642895639857508,49.771666029760652],[6.642965033764752,49.771667442147958],[6.643034427677477,49.771668854493747],[6.643032247425434,49.771713788450946],[6.643101641407685,49.771715200757434],[6.643171035395416,49.771716613022377],[6.643168855265988,49.771761546983633],[6.643238249323244,49.77176295920929],[6.643307643385981,49.771764371393417],[6.643305463379168,49.771809305358708],[6.64337485751143,49.771810717503534],[6.64344425164917,49.771812129606829],[6.643513645792391,49.771813541668607],[6.643511465972242,49.771858475640158],[6.643580860184987,49.771859887662643],[6.643650254403211,49.771861299643582],[6.64364807470568,49.771906233619191],[6.64371746899343,49.771907645560837],[6.643786863286658,49.771909057460945],[6.643784683711743,49.771953991440583],[6.643854078074497,49.771955403301405],[6.643923472442729,49.771956815120689],[6.643992866816437,49.771958226898448],[6.64399068742819,49.77200316088436],[6.644060081871425,49.772004572622819],[6.644129476320137,49.772005984319755],[6.64412729705451,49.772050918309709],[6.644196691572747,49.77205232996733],[6.644266086096462,49.772053741583434],[6.644263906953455,49.772098675577432],[6.644333301546695,49.772100087154222],[6.644402696145411,49.772101498689494],[6.644472090749604,49.772102910183229],[6.644469911793266,49.7721478441835],[6.644539306466983,49.772149255637942],[6.644608701146178,49.772150667050852],[6.644606522312461,49.772195601055166],[6.64467591706118,49.772197012428769],[6.644745311815376,49.772198423760841],[6.644743133104281,49.772243357769192],[6.644812527928002,49.77224476906197],[6.644881922757198,49.772246180313225],[6.644879744168727,49.772291114325611],[6.644949139067448,49.772292525537559],[6.645018533971643,49.772293936707982],[6.645087928881313,49.772295347836867],[6.645085750479517,49.77234028185552],[6.645155145458712,49.772341692945105],[6.645224540443382,49.772343103993158],[6.645293935433528,49.772344514999688],[6.645291757218403,49.772389449024608],[6.645361152278073,49.77239085999183],[6.645358974121526,49.77243579401857],[6.645428369250721,49.772437204946485],[6.645497764385388,49.772438615832883],[6.64556715952553,49.772440026677742],[6.645636554671146,49.772441437481078],[6.645634376765324,49.772486371516308],[6.645703771980464,49.772487782280329],[6.645701594133221,49.772532716317379],[6.645770989417882,49.772534127042114],[6.645840384708021,49.772535537725304],[6.645909780003632,49.77253694836697],[6.645979175304716,49.772538358967104],[6.645976997708199,49.772583293012644],[6.646046393078807,49.772584703573472],[6.646115788454887,49.772586114092782],[6.64618518383644,49.772587524570547],[6.646183006426602,49.772632458622354],[6.646252401877679,49.772633869060826],[6.646321797334229,49.772635279457766],[6.64639119279625,49.772636689813176],[6.646389015573094,49.772681623871229],[6.646458411104637,49.772683034187345],[6.646527806641655,49.772684444461902],[6.646597202184144,49.772685854694956],[6.646595025147668,49.772730788759283],[6.646592848105722,49.772775722823205],[6.646662243781783,49.772777133019162],[6.646660066798419,49.772822067084896],[6.646729462544003,49.772823477241559],[6.646798858295059,49.772824887356691],[6.646868254051586,49.772826297430299],[6.646866077254905,49.772871231502279],[6.646935473080955,49.772872641536573],[6.647004868912475,49.772874051529342],[6.647002692238428,49.772918985605365],[6.64707208813947,49.772920395558835],[6.647141484045986,49.772921805470759],[6.64721087995797,49.772923215341166],[6.647280275875426,49.772924625170035],[6.647282452293269,49.772879691085102],[6.647284628705643,49.772834756999757],[6.647354024500467,49.772836166782646],[6.647351848152143,49.772881100870215],[6.647421244016488,49.772882510613805],[6.647490639886303,49.772883920315849],[6.647488463660615,49.772928854407468],[6.647557859599949,49.772930264070212],[6.647627255544755,49.772931673691417],[6.647625079441703,49.772976607787058],[6.64769447545603,49.77297801736897],[6.647692299411561,49.77302295146643],[6.647761695495408,49.773024361009035],[6.647759519509524,49.773069295108286],[6.647828915662894,49.773070704611591],[6.647898311821733,49.773072114073365],[6.64796770798604,49.773073523493601],[6.647965532186845,49.773118457599125],[6.648034928420673,49.773119866980061],[6.648104324659971,49.773121276319465],[6.648173720904736,49.773122685617324],[6.648243117154971,49.773124094873666],[6.648240941606518,49.773169028987681],[6.648310337926273,49.773170438204701],[6.648379734251495,49.773171847380198],[6.648449130582186,49.77317325651417],[6.648518526918344,49.773174665606611],[6.648516351620636,49.77321959972911],[6.648585748026315,49.773221008782237],[6.648655144437461,49.773222417793832],[6.648724540854075,49.773223826763896],[6.648793937276155,49.773225235692436],[6.648932730136717,49.773228053424901],[6.649002126575197,49.773229462228841],[6.649071523019144,49.773230870991249],[6.649140919468557,49.773232279712118],[6.649210315923439,49.773233688391464],[6.649279712383784,49.773235097029271],[6.649277537785191,49.773280031175837],[6.649346934315056,49.773281439774337],[6.649416330850387,49.773282848331306],[6.649485727391182,49.77328425684675],[6.649555123937444,49.773285665320657],[6.649552949589601,49.773330599475706],[6.649622346205381,49.773332007910305],[6.649691742826626,49.773333416303373],[6.64983053608551,49.773336232964908],[6.649899932723149,49.773337641233383],[6.649969329366252,49.773339049460319],[6.649967155397267,49.773383983628293],[6.650036552109888,49.773385391815921],[6.650105948827973,49.773386799962019],[6.650175345551522,49.773388208066599],[6.650173171769235,49.773433142240819],[6.650242568562301,49.773434550306085],[6.650311965360832,49.773435958329813],[6.650381362164826,49.77343736631201],[6.650379188569238,49.773482300492503],[6.65044858544275,49.773483708435393],[6.650517982321724,49.773485116336744],[6.650587379206161,49.773486524196564],[6.650656776096061,49.773487932014852],[6.650654602751231,49.773532866203816],[6.650723999710648,49.773534273982797],[6.650726172991425,49.77348933979161],[6.65079556989225,49.773490747526836],[6.650793396675527,49.773535681720247],[6.650862793645869,49.773537089416152],[6.650932190621673,49.77353849707054],[6.650930017527598,49.773583431267987],[6.650999414572919,49.77358483888306],[6.65100158760294,49.773539904683396],[6.651070984589667,49.773541312254714],[6.651068811623701,49.773586246456603],[6.651138208679947,49.773587653988621],[6.651207605741653,49.773589061479086],[6.651277002808819,49.77359046892802],[6.651346399881448,49.773591876335445],[6.651344227166241,49.77363681054581],[6.651413624308384,49.773638217913913],[6.651483021455991,49.773639625240484],[6.651552418609057,49.773641032525511],[6.651550246080555,49.773685966742129],[6.651619643303138,49.773687373987855],[6.651689040531179,49.773688781192057],[6.65168686812533,49.773733715412696],[6.651756265422889,49.773735122577577],[6.651758437764684,49.773690188354706],[6.651827835003647,49.773691595475846],[6.65189723224807,49.773693002555433],[6.651895060034385,49.773737936782744],[6.651964457348323,49.773739343823031],[6.65203385466772,49.773740750821787],[6.652103251992578,49.773742157778997],[6.6521010799656,49.773787092012583],[6.652170477359973,49.773788498930486],[6.652239874759804,49.773789905806872],[6.652309272165094,49.773791312641706],[6.652307100324827,49.773836246881515],[6.652304928479102,49.773881181120906],[6.652374326017964,49.773882587918671],[6.652443723562283,49.77388399467489],[6.652513121112061,49.773885401389585],[6.652582518667298,49.773886808062734],[6.652651916227994,49.77388821469436],[6.652721313794146,49.773889621284447],[6.652790711365757,49.77389102783301],[6.652788539962967,49.773935962087535],[6.652857937604093,49.773937368596791],[6.652927335250677,49.773938775064494],[6.652996732902716,49.773940181490673],[6.652992390465107,49.774030050011817],[6.653061788250717,49.774031456400898],[6.653131186041786,49.774032862748449],[6.65320058383831,49.774034269054475],[6.653198412803492,49.774079203321094],[6.653267810669529,49.774080609587806],[6.653337208541024,49.774082015812986],[6.65333937944773,49.774037081541913],[6.653478175078978,49.774039893863232],[6.653547572902785,49.774041299961581],[6.653616970732049,49.774042706018406],[6.65368636856677,49.774044112033692],[6.653684197980348,49.774089046315858],[6.65375359588458,49.77409045229183],[6.653892391709412,49.77409326411918],[6.653961789630012,49.774094669970559],[6.654031187556066,49.774096075780385],[6.654029017284476,49.774141010073237],[6.654098415280043,49.77414241584377],[6.654167813281064,49.774143821572757],[6.654237211287541,49.77414522726022],[6.654235041202668,49.774190161559311],[6.654304439278656,49.77419156720746],[6.654443235446994,49.774194378379157],[6.654512633539346,49.774195783902691],[6.65458203163715,49.774197189384708],[6.654579861867111,49.774242123694485],[6.654649260034428,49.774243529137181],[6.654647090322995,49.774288463448755],[6.654716488559822,49.774289868852144],[6.654785886802102,49.774291274214001],[6.654783717213335,49.774336208529597],[6.654853115525126,49.774337613852133],[6.654922513842371,49.77433901913313],[6.654920344376268,49.774383953452755],[6.654989742763023,49.774385358694445],[6.655059141155233,49.774386763894604],[6.655128539552895,49.774388169053218],[6.655197937956009,49.774389574170314],[6.655195768740688,49.774434508498388],[6.655265167213313,49.774435913576163],[6.65533456569139,49.774437318612407],[6.655403964174919,49.774438723607105],[6.6554733626639,49.774440128560279],[6.655471193699361,49.774485062896815],[6.655540592257853,49.774486467810675],[6.655609990821796,49.774487872682997],[6.655679389391191,49.77448927751378],[6.655748787966037,49.774490682303039],[6.655746619252283,49.774535616648031],[6.655816017896639,49.774537021397983],[6.655885416546446,49.774538426106382],[6.655954815201704,49.77453983077325],[6.655952646674677,49.77458476512448],[6.656022045399445,49.774586169752027],[6.656091444129664,49.774587574338057],[6.656160842865332,49.774588978882534],[6.65623024160645,49.774590383385487],[6.656228073330212,49.774635317745187],[6.65629747214084,49.774636722208818],[6.656366870956917,49.774638126630926],[6.656369039105038,49.774593192266778],[6.656438437862507,49.774594596645123],[6.65644060594112,49.774549662278361],[6.656442774014287,49.774504727911157],[6.656373375384937,49.774503323537253],[6.656375543516714,49.774458389171855],[6.656306144956872,49.774456984758622],[6.656236746402479,49.774455580303879],[6.656167347853537,49.774454175807584],[6.656097949310046,49.774452771269758],[6.656100117692609,49.774407836912815],[6.656030719218625,49.774406432335681],[6.655961320750092,49.774405027716995],[6.65589192228701,49.774403623056784],[6.655894090856301,49.774358688706094],[6.655824692462728,49.774357284006562],[6.655755294074606,49.774355879265499],[6.655685895691933,49.774354474482919],[6.655688064447951,49.774309540138447],[6.655618666134788,49.774308135316545],[6.655549267827078,49.774306730453105],[6.655551436705761,49.774261796112668],[6.655620834949413,49.774263200973891],[6.655690233198518,49.774264605793569],[6.655759631453073,49.774266010571722],[6.655829029713079,49.774267415308351],[6.655898427978537,49.774268820003428],[6.655967826249444,49.774270224656988],[6.656106622807612,49.774273033839485],[6.656176021094873,49.77427443836843],[6.656173852792711,49.77431937272884],[6.656243251149478,49.774320777218485],[6.656312649511696,49.77432218166657],[6.656382047879363,49.774323586073145],[6.65645144625248,49.774324990438174],[6.656590243015063,49.774327799043625],[6.656659641404528,49.774329203284061],[6.656729039799441,49.774330607482938],[6.656798438199806,49.774332011640304],[6.656867836605616,49.774333415756125],[6.656937235016876,49.774334819830422],[6.656935067413908,49.774379754214834],[6.657004465894675,49.774381158249803],[6.65707386438089,49.77438256224324],[6.657143262872554,49.774383966195145],[6.657212661369664,49.774385370105527],[6.657282059872224,49.774386773974356],[6.657279892584099,49.774431708369441],[6.657349291156166,49.774433112198949],[6.657418689733677,49.77443451598694],[6.657488088316637,49.774435919733399],[6.657557486905045,49.77443732343832],[6.65755531986771,49.774482257841846],[6.657624718525623,49.774483661507446],[6.657694117188982,49.774485065131522],[6.657691950274322,49.77452999953907],[6.657761349007188,49.774531403123817],[6.657830747745499,49.774532806667025],[6.657900146489258,49.774534210168703],[6.657897979761329,49.774579144582489],[6.657967378574593,49.77458054804486],[6.658036777393304,49.774581951465684],[6.658106176217458,49.774583354844978],[6.658104009676266,49.774628289264989],[6.658173408569926,49.774629692604961],[6.658242807469033,49.774631095903402],[6.658240641050515,49.774676030327441],[6.658310040019127,49.774677433586561],[6.658379438993183,49.774678836804156],[6.658377272697343,49.774723771232189],[6.658446671740903,49.774725174410456],[6.65851607078991,49.774726577547199],[6.658513904616745,49.77477151197926],[6.658583303735257,49.774772915076682],[6.658652702859213,49.774774318132565],[6.658650536808726,49.774819252568641],[6.658719936002187,49.774820655585195],[6.658789335201091,49.774822058560233],[6.658787169273285,49.774866993000316],[6.658856568541694,49.774868395936039],[6.658925967815548,49.774869798830203],[6.658923802010419,49.774914733274308],[6.658993201353777,49.774916136129157],[6.659062600702579,49.774917538942482],[6.659132000056824,49.774918941714276],[6.659129834438436,49.774963876164605],[6.659199233862186,49.774965278897071],[6.659268633291379,49.774966681588012],[6.659266467795672,49.775011616042342],[6.65933586729437,49.775013018693969],[6.659405266798511,49.775014421304036],[6.659403101425484,49.775059355762401],[6.659472500999128,49.775060758333161],[6.659541900578215,49.77506216086239],[6.659539735327871,49.775107095324756],[6.659609134976462,49.775108497814664],[6.659678534630496,49.775109900263033],[6.659747934289972,49.775111302669856],[6.659745769226372,49.775156237138447],[6.659815168955351,49.77515763950597],[6.659884568689773,49.775159041831948],[6.659882403748856,49.77520397630456],[6.659951803552782,49.77520537859121],[6.660021203362149,49.775206780836342],[6.660019038543917,49.775251715312962],[6.660088438422786,49.775253117518766],[6.660157838307098,49.775254519683031],[6.660227238196851,49.775255921805758],[6.660225073565366,49.775300856288602],[6.660294473524622,49.775302258372015],[6.660292308951761,49.775347192856664],[6.66036170898052,49.775348594900748],[6.660431109014721,49.775349996903302],[6.660500509054361,49.775351398864316],[6.660498344668248,49.775396333355189],[6.660567744777393,49.77539773527689],[6.660637144891975,49.775399137157052],[6.660634980628551,49.775444071651933],[6.660704380812638,49.775445473492773],[6.660773781002165,49.775446875292069],[6.660843181197131,49.775448277049833],[6.660841017120457,49.775493211550945],[6.660910417384926,49.775494613269387],[6.660979817654834,49.775496014946292],[6.66097765370085,49.775540949451411],[6.661047054040261,49.775542351089001],[6.661116454385111,49.775543752685053],[6.661185854735399,49.775545154239559],[6.661183690968168,49.775590088750903],[6.66125309138796,49.775591490266102],[6.661250927679355,49.775636424779236],[6.661248763965314,49.775681359291966],[6.661179363417395,49.77567995777234],[6.661109962874914,49.77567855621119],[6.661112126717084,49.775633621702895],[6.661042726244107,49.775632220102409],[6.660973325776569,49.775630818460399],[6.660975489741428,49.775585883956118],[6.660906089343392,49.77558448227478],[6.660836688950797,49.775583080551911],[6.66076728856364,49.775581678787503],[6.660769452715253,49.775536744289447],[6.660700052397601,49.775535342485718],[6.660630652085388,49.775533940640443],[6.660561251778615,49.775532538753644],[6.66056341611698,49.775487604261819],[6.66049401587971,49.775486202335692],[6.660424615647882,49.775484800368034],[6.660426780108932,49.775439865880209],[6.660357379946607,49.775438463873215],[6.660287979789723,49.775437061824711],[6.660290144373461,49.775392127340901],[6.66022074428608,49.775390725253061],[6.660151344204141,49.77538932312369],[6.660153508910566,49.77534438864388],[6.66008410889813,49.775342986475181],[6.660014708891135,49.77534158426495],[6.660012544056585,49.775386518740326],[6.660010379216596,49.775431453215269],[6.660008214371167,49.7754763876898],[6.66007761457035,49.775477789906674],[6.660147014774974,49.775479192082017],[6.660144850052231,49.775524126560562],[6.660214250326359,49.775525528696583],[6.66028365060593,49.775526930791067],[6.660281486005875,49.775571865273612],[6.660350886354948,49.775573267328774],[6.660420286709464,49.775574669342404],[6.660418122232097,49.775619603828964],[6.660487522656115,49.775621005803274],[6.660485358237373,49.775665940291638],[6.660554758730896,49.775667342226633],[6.660624159229858,49.775668744120068],[6.660621994933805,49.775713678612441],[6.660691395502273,49.775715080466561],[6.66076079607618,49.775716482279158],[6.660758631902816,49.775761416775531],[6.660828032546227,49.775762818548813],[6.660897433195077,49.77576422028055],[6.660895269144405,49.775809154780923],[6.660964669862761,49.775810556473338],[6.660962505870715,49.775855490975523],[6.661031906658573,49.775856892628617],[6.661101307451871,49.775858294240159],[6.661099143582517,49.775903228746358],[6.661168544445317,49.775904630318585],[6.661166380634592,49.77594956482659],[6.661235781566897,49.775950966359495],[6.661305182504641,49.77595236785087],[6.661303018816608,49.77599730236286],[6.661372419823855,49.775998703814906],[6.66137025619445,49.776043638328701],[6.661439657271202,49.776045039741426],[6.661509058353391,49.776046441112626],[6.661506894846681,49.776091375630422],[6.661576295998374,49.776092776962294],[6.661574132550294,49.77613771148188],[6.661643533771491,49.776139112774416],[6.661712934998125,49.776140514025428],[6.661710771672738,49.776185448549036],[6.661780172968877,49.776186849760713],[6.661849574270453,49.776188250930865],[6.661847411067763,49.776233185458487],[6.661916812438842,49.776234586589311],[6.661986213815358,49.776235987678589],[6.662055615197312,49.776237388726329],[6.662125016584702,49.776238789732538],[6.662122853632842,49.776283724268588],[6.662192255089735,49.776285125235475],[6.662261656552066,49.776286526160824],[6.662331058019832,49.776287927044628],[6.662400459493036,49.776289327886907],[6.662398296792006,49.776334262431384],[6.66246769833471,49.776335663234342],[6.662537099882853,49.776337063995747],[6.662606501436432,49.776338464715614],[6.662675902995446,49.77633986539395],[6.662673740545247,49.776384799946868],[6.662743142173762,49.776386200585875],[6.662812543807714,49.776387601183345],[6.662881945447101,49.776389001739282],[6.662951347091924,49.776390402253675],[6.66302074874218,49.776391802726529],[6.663018586606881,49.776436737290105],[6.66308798832664,49.776438137723645],[6.663226791782461,49.776440938466095],[6.663224629833931,49.776485873035874],[6.66329403163406,49.776487273347016],[6.663363433439624,49.776488673616605],[6.663432835250622,49.776490073844656],[6.663502237067052,49.776491474031182],[6.663571638888918,49.776492874176157],[6.663569477255292,49.776537808756579],[6.663638879146659,49.776539208862239],[6.663708281043458,49.776540608926346],[6.663777682945691,49.776542008948944],[6.663847084853358,49.776543408929967],[6.663844923470569,49.776588343518839],[6.663983727430335,49.776591143360733],[6.663985888684987,49.776546208767435],[6.664055290608952,49.776547608623865],[6.664057451794106,49.776502674027952],[6.664059612973831,49.776457739431613],[6.663990211178001,49.77645633957961],[6.663920809387603,49.776454939686069],[6.663851407602639,49.776453539750989],[6.663853568969135,49.776408605160881],[6.663784167253671,49.776407205186459],[6.663714765543639,49.776405805170526],[6.663716927032837,49.776360870584419],[6.663647525392306,49.776359470529151],[6.663578123757207,49.776358070432352],[6.663580285369108,49.776313135850245],[6.66364968694014,49.776314535944834],[6.663719088516604,49.776315935997893],[6.663788490098501,49.776317336009406],[6.663786328678801,49.776362270598149],[6.663855730330199,49.776363670570333],[6.663925131987029,49.776365070500987],[6.663922970690032,49.776410005093737],[6.663992372416362,49.776411404985062],[6.664061774148125,49.776412804834855],[6.66413117588532,49.776414204643103],[6.664129014775093,49.776459139242071],[6.664198416581788,49.776460539010991],[6.664267818393914,49.776461938738386],[6.664265657406391,49.776506873341361],[6.664335059288017,49.776508273029414],[6.664404461175074,49.776509672675942],[6.664402300310257,49.776554607282911],[6.664471702266814,49.776556006890111],[6.664541104228803,49.776557406455765],[6.66453894348669,49.776602341066756],[6.664608345518178,49.776603740593089],[6.664677747555097,49.776605140077884],[6.664747149597448,49.77660653952114],[6.66474498904211,49.776651474138326],[6.664814391153957,49.776652873542261],[6.664883793271237,49.776654272904644],[6.664881632838608,49.776699207525837],[6.66481223065726,49.776697808161245],[6.664742828481344,49.7766964087551],[6.664673426310858,49.776695009307424],[6.664604024145802,49.776693609818203],[6.664601863451471,49.776738544430138],[6.664599702751712,49.776783479041654],[6.664669105044903,49.776784878535295],[6.664666944403782,49.776829813148595],[6.664664783757232,49.776874747761489],[6.664734186183991,49.776876147218012],[6.664732025596082,49.776921081832697],[6.664662623105253,49.776919682373965],[6.664660462447846,49.776964616986],[6.664658301785008,49.777009551597637],[6.664656141116742,49.77705448620884],[6.664653980443048,49.777099420819631],[6.664584577701373,49.777098021310508],[6.664582416958179,49.77714295591867],[6.664580256209556,49.77718789052642],[6.664578095455505,49.77723282513373],[6.664508692527052,49.777231425576431],[6.664506531703501,49.777276360181133],[6.66450437087452,49.777321294785395],[6.664573773931113,49.77732269434712],[6.664643176993136,49.777324093867293],[6.664641016286867,49.777369028475562],[6.664571613160772,49.777367628953172],[6.664569452385003,49.777412563558826],[6.664567291603804,49.77745749816404],[6.66463669485804,49.777458897690856],[6.664634534135484,49.77750383229786],[6.664703937459221,49.777505231785355],[6.664701776795305,49.777550166394164],[6.664699616125961,49.777595101002539],[6.664769019583272,49.777596500452916],[6.66476685897257,49.777641435063089],[6.664836262499384,49.777642834474129],[6.664838423046015,49.777597899861739],[6.664907826514187,49.777599299229024],[6.664905666031628,49.777644233843631],[6.664903505543641,49.777689168457819],[6.664972909145388,49.777690567787971],[6.664970748716043,49.777735502403957],[6.665040152387292,49.777736901694801],[6.665037992016591,49.777781836312563],[6.665107395757343,49.777783235564073],[6.665105235445286,49.777828170183639],[6.665174639255541,49.77782956939582],[6.665172479002128,49.777874504017163],[6.665241882881885,49.777875903190022],[6.665239722687116,49.77792083781317],[6.665309126636376,49.777922236946686],[6.665378530591066,49.777923636038665],[6.665376370519014,49.777968570665813],[6.665445774543206,49.77796996971847],[6.6654436145298,49.778014904347401],[6.665441454510968,49.778059838975921],[6.665372050358627,49.778058439918851],[6.665369890270293,49.778103374544735],[6.665300486059311,49.77810197544391],[6.665298325901477,49.778146910067164],[6.665228921631853,49.778145510922585],[6.665226761404515,49.778190445543217],[6.665157357076247,49.778189046354875],[6.665159517367657,49.778144111736466],[6.665090113108892,49.778142712508796],[6.665020708855559,49.778141313239601],[6.665022869269687,49.7780963786252],[6.665025029678388,49.778051444010366],[6.664955625558631,49.778050044704052],[6.664957786025975,49.778005110091001],[6.664888381975723,49.778003710745352],[6.6648189779309,49.778002311358165],[6.664749573891509,49.778000911929446],[6.664747413231946,49.778045846535839],[6.664678009133914,49.778044447063365],[6.664675848404849,49.778089381667151],[6.664606444248173,49.778087982150907],[6.664604283449607,49.778132916752057],[6.664602122645609,49.77817785135278],[6.664532718366218,49.778176451790586],[6.664530557492719,49.77822138638868],[6.664528396613788,49.778266320986354],[6.664458992211684,49.778264921378195],[6.664456831263251,49.778309855973248],[6.664454670309388,49.778354790567867],[6.664385265784567,49.778353390913757],[6.664383104761201,49.778398325505727],[6.664380943732402,49.778443260097319],[6.664450348385371,49.778444659755856],[6.664519753043771,49.778446059372868],[6.66452191394442,49.778401124776863],[6.664591318544178,49.778402524350113],[6.664593479375323,49.778357589751494],[6.664662883916439,49.778358989280996],[6.664665044678081,49.778314054679726],[6.664734449160552,49.778315454165487],[6.664736609852691,49.77827051956158],[6.664806014276523,49.778271919003579],[6.664808174899158,49.778226984397065],[6.664877579264346,49.778228383795302],[6.664875418705784,49.77827331840404],[6.664944823140478,49.778274717762947],[6.66494266264056,49.778319652373483],[6.664940502135215,49.778364586983585],[6.664938341624441,49.778409521593268],[6.664936181108239,49.778454456202532],[6.665005585804659,49.778455855528755],[6.66507499050651,49.778457254813432],[6.665144395213791,49.778458654056564],[6.665213799926504,49.778460053258165],[6.665283204644648,49.778461452418235],[6.665352609368219,49.77846285153673],[6.665350449231036,49.778507786158848],[6.665419854024114,49.778509185238029],[6.665489258822621,49.778510584275672],[6.665558663626558,49.778511983271777],[6.665556503676171,49.778556917900097],[6.665625908549613,49.778558316856866],[6.665695313428484,49.778559715772097],[6.665764718312784,49.77856111464579],[6.665766878070946,49.778516180010833],[6.665769037823683,49.778471245375457],[6.665771197570992,49.778426310739654],[6.665773357312875,49.778381376103439],[6.6656345480623,49.778378578332209],[6.665565143445157,49.778377179384286],[6.665495738833443,49.778375780394818],[6.665497898826195,49.778330845767023],[6.665500058813521,49.778285911138802],[6.665430654335385,49.778284512112215],[6.665432814381356,49.778239577485799],[6.665502218795418,49.778240976510176],[6.665504378771889,49.778196041881124],[6.665573783127306,49.778197440861753],[6.665575943034275,49.778152506230072],[6.665645347331049,49.778153905166945],[6.665647507168519,49.778108970532628],[6.665716911406648,49.778110369425754],[6.665786315650206,49.778111768277348],[6.665784155940885,49.778156702916071],[6.665853560253946,49.778158101728316],[6.665851400603271,49.778203036368851],[6.665920804985834,49.778204435141767],[6.665918645393806,49.778249369784092],[6.665988049845872,49.77825076851768],[6.666057454303368,49.778252167209722],[6.666055294834061,49.778297101856033],[6.666124699361058,49.778298500508768],[6.666122539950399,49.778343435156877],[6.666191944546899,49.778344833770262],[6.666261349148826,49.778346232342109],[6.666259189860891,49.778391166994219],[6.666328594532319,49.778392565526737],[6.666326435303034,49.778437500180623],[6.666395840043966,49.778438898673812],[6.666465244790325,49.778440297125456],[6.666463085683761,49.778485231783357],[6.666532490499623,49.77848663019568],[6.666530331451709,49.778531564855363],[6.666599736337073,49.778532963228351],[6.666669141227865,49.778534361559785],[6.666666982302677,49.778579296223469],[6.666736387262969,49.778580694515583],[6.666734228396432,49.778625629181072],[6.666803633426229,49.778627027433842],[6.666801474618341,49.778671962101107],[6.666870879717639,49.778673360314556],[6.666940284822363,49.77867475848646],[6.666938126137203,49.778719693157733],[6.667076936491082,49.778722489381323],[6.667074777928649,49.778767424056589],[6.667144183177804,49.778768822108297],[6.667142024674023,49.778813756785354],[6.66721142999268,49.778815154797726],[6.667280835316762,49.778816552768546],[6.667278676935711,49.778861487449596],[6.667348082329294,49.778862885381088],[6.667345924006896,49.778907820063935],[6.667415329469983,49.778909217956091],[6.667484734938493,49.778910615806716],[6.667482576738824,49.778955550493563],[6.667551982276837,49.778956948304845],[6.667621387820276,49.778958346074582],[6.667690793369138,49.778959743802787],[6.667760198923427,49.77896114148944],[6.66782960448314,49.778962539134561],[6.667899010048276,49.77896393673813],[6.667968415618838,49.77896533430016],[6.668037821194823,49.778966731820645],[6.668039978881878,49.778921797116141],[6.66810938439921,49.778923194592871],[6.668178789921966,49.778924592028076],[6.668248195450145,49.77892598942173],[6.668317600983748,49.778927386773837],[6.668387006522774,49.778928784084407],[6.668525817617097,49.778931578580924],[6.668523660378579,49.778976513300897],[6.668593065997952,49.778977910489054],[6.668662471622747,49.778979307635666],[6.668731877252964,49.778980704740732],[6.668801282888603,49.778982101804253],[6.668940094176149,49.77898489580668],[6.669009499828054,49.778986292745579],[6.669011656618033,49.778941358010158],[6.669081062211283,49.778942754905302],[6.669150467809954,49.778944151758914],[6.669219873414048,49.778945548570988],[6.669289279023562,49.778946945341502],[6.669358684638497,49.778948342070485],[6.669428090258854,49.778949738757923],[6.669566901515827,49.778952532008184],[6.669569057787771,49.778907597254673],[6.669638463360311,49.778908993815271],[6.669707868938273,49.778910390334339],[6.669777274521654,49.778911786811868],[6.669846680110455,49.778913183247845],[6.669916085704674,49.77891457964229],[6.669918241650816,49.778869644877332],[6.670126458273764,49.778873833804781],[6.670195863825584,49.778875230030835],[6.670265269382823,49.778876626215364],[6.670334674945483,49.778878022358342],[6.670404080513559,49.778879418459773],[6.670542891665969,49.778882210538029],[6.67054504703,49.778837275752785],[6.670614452550256,49.778838671727399],[6.670683858075928,49.778840067660454],[6.670753263607018,49.778841463551977],[6.670822669143527,49.778842859401962],[6.670892074685453,49.778844255210394],[6.670894229723684,49.778799320413718],[6.6708963847565,49.778754385616629],[6.670898539783903,49.7787094508191],[6.670900694805889,49.778664516021173],[6.670970100096927,49.778665911779242],[6.67103950539338,49.778667307495773],[6.67110891069525,49.778668703170759],[6.671111065519593,49.77862376836579],[6.671113220338523,49.778578833560402],[6.671115375152036,49.778533898754596],[6.671045970042393,49.77853250308624],[6.670976564938168,49.778531107376317],[6.670978719874419,49.778486172574503],[6.670909314839686,49.778484776825259],[6.670839909810372,49.778483381034469],[6.670842064869358,49.778438446236642],[6.670772659909536,49.778437050406517],[6.670703254955131,49.778435654534846],[6.670633850006144,49.778434258621637],[6.670636005251943,49.778389323830005],[6.670566600372448,49.778387927877461],[6.670497195498372,49.77838653188337],[6.670499350866906,49.778341597095739],[6.670429946062322,49.778340201062313],[6.670360541263157,49.778338804987357],[6.67029113646941,49.778337408870847],[6.670293292024752,49.778292474089419],[6.670223887300499,49.778291077933581],[6.670154482581664,49.778289681736204],[6.67015663825974,49.778244746958755],[6.670087233610398,49.778243350722043],[6.670017828966476,49.778241954443786],[6.669948424327973,49.778240558123976],[6.669950580192855,49.778195623352744],[6.669881175623846,49.778194226993612],[6.669811771060257,49.778192830592943],[6.66981392704787,49.778147895825704],[6.669744522553775,49.778146499385699],[6.669675118065099,49.778145102904141],[6.669677274175443,49.778100168140895],[6.669607869756263,49.778098771620009],[6.6695384653425,49.778097375057577],[6.669469060934158,49.778095978453614],[6.669471217231307,49.778051043696571],[6.669401812892461,49.778049647053265],[6.669332408559033,49.778048250368421],[6.669334564978911,49.778003315615365],[6.669265160714978,49.778001918891185],[6.669195756456467,49.778000522125474],[6.669197912999074,49.777955587376425],[6.669267317193513,49.777956984139919],[6.669336721393371,49.777958380861897],[6.669406125598651,49.777959777542321],[6.669403969248265,49.778004712298014],[6.669473373523038,49.778006108939088],[6.669542777803232,49.778007505538639],[6.669540621575575,49.778052440298325],[6.669610025925263,49.77805383685854],[6.669679430280371,49.778055233377216],[6.6697488346409,49.778056629854355],[6.669746678600045,49.778101564620236],[6.669816083030066,49.778102961058032],[6.669885487465509,49.778104357454296],[6.669883331547386,49.778149292224157],[6.669952736052321,49.778150688581093],[6.670022140562676,49.778152084896476],[6.670091545078447,49.778153481170321],[6.670089389347132,49.778198415946392],[6.670158793932399,49.778199812180901],[6.670228198523084,49.778201208373872],[6.6702260429145,49.778246143153929],[6.670295447574678,49.778247539307571],[6.670364852240276,49.778248935419654],[6.670362696754424,49.778293870203711],[6.670432101489514,49.778295266276473],[6.670501506230023,49.778296662307689],[6.670570910975949,49.778298058297374],[6.670568755676906,49.778342993087627],[6.670638160492325,49.778344389037962],[6.670707565313162,49.778345784946765],[6.670705410136855,49.778390719741004],[6.670774815027184,49.778392115610465],[6.670844219922931,49.778393511438395],[6.670913624824096,49.778394907224765],[6.670911469834598,49.778439842025215],[6.670980874805255,49.778441237772263],[6.671050279781329,49.778442633477766],[6.671048124914568,49.778487568282209],[6.671117529960135,49.778488963948384],[6.671186935011119,49.778490359572999],[6.671184780267095,49.778535294381427],[6.67125418538757,49.778536689966714],[6.671323590513461,49.778538085510462],[6.671392995644769,49.778539481012665],[6.671390841087559,49.778584415827297],[6.671460246288357,49.778585811290171],[6.671529651494574,49.778587206711492],[6.671527497060102,49.778632141530117],[6.671596902335809,49.778633536912103],[6.671666307616933,49.778634932252558],[6.671735712903471,49.77863632755146],[6.671733558655816,49.778681262376281],[6.671802964011846,49.778682657635841],[6.671872369373291,49.778684052853862],[6.671941774740151,49.778685448030345],[6.671943928795578,49.77864051319893],[6.672013334103776,49.778641908331672],[6.672152144736417,49.778644698472512],[6.672221550060859,49.778646093480631],[6.672223703854569,49.778601158639965],[6.672293109120349,49.778602553604337],[6.672362514391541,49.778603948527156],[6.672431919668149,49.778605343408437],[6.672434073264217,49.778560408560736],[6.672503478482162,49.778561803398276],[6.67257288370552,49.77856319819427],[6.672642288934292,49.778564592948719],[6.672711694168476,49.778565987661636],[6.672713847502828,49.778521052804706],[6.67278325267835,49.778522447473868],[6.672852657859283,49.778523842101499],[6.672922063045631,49.778525236687571],[6.672991468237389,49.778526631232126],[6.673060873434561,49.778528025735113],[6.673130278637145,49.77852942019657],[6.673199683845142,49.778530814616495],[6.6734078995016,49.778534997626977],[6.67347730473124,49.778536391880728],[6.673475152101729,49.778581326761902],[6.673544557400859,49.778582720976317],[6.673613962705399,49.778584115149187],[6.673683368015351,49.778585509280504],[6.673752773330713,49.778586903370282],[6.673822178651486,49.778588297418516],[6.673891583977669,49.778589691425218],[6.673960989309263,49.778591085390374],[6.674030394646267,49.778592479313993],[6.674099799988681,49.778593873196073],[6.674169205336503,49.7785952670366],[6.674238610689737,49.778596660835589],[6.674308016048379,49.778598054593033],[6.674377421412431,49.778599448308945],[6.674446826781892,49.778600841983312],[6.674516232156761,49.778602235616127],[6.67458563753704,49.77860362920741],[6.674655042922726,49.778605022757148],[6.674793853710327,49.778607809731994],[6.674863259112239,49.778609203157103],[6.674865410460219,49.778564268231882],[6.674934815803463,49.778565661613243],[6.674932664519559,49.778610596540673],[6.675002069932287,49.778611989882698],[6.675071475350422,49.778613383183171],[6.675140880773965,49.778614776442112],[6.675210286202916,49.778616169659522],[6.675208135169911,49.778661104595329],[6.675277540668347,49.778662497773389],[6.675279691637273,49.778617562835379],[6.675349097077038,49.778618955969698],[6.675346946172189,49.778663890909911],[6.675416351681437,49.778665284004894],[6.675485757196093,49.778666677058311],[6.675555162716154,49.778668070070211],[6.675624568241623,49.778669463040558],[6.675693973772497,49.778670855969366],[6.675763379308778,49.77867224885663],[6.675832784850464,49.778673641702362],[6.675830634388751,49.778718576657553],[6.675900039999921,49.778719969463943],[6.675969445616496,49.778721362228765],[6.676038851238476,49.778722754952071],[6.676108256865862,49.778724147633817],[6.676247068136849,49.778726932872701],[6.67631647378045,49.778728325429825],[6.676385879429455,49.77872971794541],[6.676455285083865,49.77873111041945],[6.676524690743679,49.778732502851952],[6.676522540917339,49.778777437828737],[6.676591946646635,49.778778830221896],[6.676800163866947,49.778783007152114],[6.676869569617859,49.778784399379099],[6.677008381135891,49.778787183708452],[6.677147192675535,49.778789967871624],[6.677216598453461,49.778791359890903],[6.677355410025523,49.778794143804816],[6.677424815819656,49.778795535699466],[6.677422666820926,49.778840470704445],[6.67749207268454,49.778841862559752],[6.677494221619193,49.77879692755257],[6.67756362742413,49.778798319364135],[6.67763303323447,49.778799711134141],[6.677635182035566,49.77875477612217],[6.67770458778723,49.778756167848442],[6.677706736518848,49.778711232833835],[6.677776142211836,49.778712624516366],[6.677773993544295,49.778757559533183],[6.677771844871354,49.778802494549559],[6.677841250697899,49.778803886194943],[6.67784339930676,49.778758951176357],[6.677912805074627,49.778760342778021],[6.677910656529844,49.778805277798796],[6.677980062367189,49.77880666936111],[6.677977913881083,49.778851604383675],[6.678047319787908,49.778852995906639],[6.678116725700134,49.778854387388058],[6.678114577336787,49.77889932241461],[6.67818398331849,49.778900713856686],[6.678253389305597,49.77890210525721],[6.678392201296007,49.778904887933649],[6.678461607299311,49.778906279209558],[6.678531013308016,49.778907670443914],[6.678533161286894,49.778862735404175],[6.678602567236919,49.77886412659479],[6.67860471514632,49.778819191552437],[6.678674121037667,49.778820582699318],[6.678676268877593,49.778775647654349],[6.678745674710261,49.778777038757489],[6.678743526934414,49.778821973804654],[6.67881293283656,49.778823364868444],[6.678882338744104,49.778824755890696],[6.678951744657046,49.77882614687141],[6.679021150575387,49.778827537810571],[6.679090556499127,49.778828928708187],[6.679088409038274,49.778873863765938],[6.67915781503149,49.778875254624225],[6.679227221030105,49.77887664544096],[6.679225073692015,49.778921580502669],[6.679294479760106,49.77892297128006],[6.679363885833594,49.7789243620159],[6.679366033043528,49.778879426949793],[6.679435439058337,49.778880817641912],[6.679433291912481,49.778925752710215],[6.679502697996765,49.778927143362978],[6.679500550909594,49.778972078433057],[6.679569957063354,49.778973469046477],[6.679639363222512,49.778974859618351],[6.679641510181526,49.778929924543867],[6.679710916282001,49.778931315072001],[6.679780322387873,49.778932705558589],[6.679849728499142,49.778934096003631],[6.679847581732366,49.77897903108471],[6.679916987913111,49.778980421490409],[6.679914841205019,49.779025356573271],[6.679984247455239,49.779026746939614],[6.679986394099251,49.778981811854571],[6.680055800290788,49.778983202177173],[6.680125206487721,49.778984592458251],[6.680194612690051,49.778985982697776],[6.680192466238275,49.77903091778942],[6.680261872510079,49.77903230798961],[6.680331278787279,49.779033698148233],[6.680400685069873,49.779035088265331],[6.680470091357863,49.779036478340899],[6.68053949765125,49.7790378683749],[6.680608903950029,49.779039258367369],[6.680678310254204,49.779040648318293],[6.680747716563773,49.779042038227679],[6.680749862502914,49.778997103118463],[6.680819268753799,49.778998492984094],[6.680888675010079,49.778999882808186],[6.680958081271752,49.779001272590747],[6.681027487538818,49.779002662331756],[6.68102963321625,49.778957727213353],[6.681099039424633,49.77895911691062],[6.681168445638408,49.778960506566335],[6.681166300089135,49.779005441689151],[6.681235706372383,49.77900683130553],[6.681237851857576,49.778961896180533],[6.681307258082137,49.778963285753164],[6.681376664312094,49.778964675284264],[6.681446070547441,49.778966064773826],[6.681443925254486,49.779010999905417],[6.681513331559306,49.779012389355621],[6.681582737869519,49.779013778764281],[6.681652144185124,49.779015168131416],[6.681721550506121,49.779016557456984],[6.681790956832511,49.779017946741028],[6.681788811854562,49.779062881883178],[6.681858218250425,49.779064271127872],[6.681927624651678,49.779065660331007],[6.68206643747036,49.779068438612669],[6.682064292743341,49.779113373763181],[6.682133699224849,49.779114762843896],[6.682203105711749,49.779116151883052],[6.682272512204039,49.779117540880684],[6.682341918701721,49.779118929836756],[6.682411325204792,49.779120318751296],[6.682480731713254,49.779121707624284],[6.682619544746352,49.779124485245639],[6.682617400526584,49.77916942041329],[6.682615256301428,49.779214355580535],[6.682613112070883,49.779259290747362],[6.682610967834953,49.779304225913748],[6.682608823593632,49.779349161079729],[6.682678230438667,49.779350549839073],[6.682680374615908,49.779305614670889],[6.682682518787758,49.7792606795023],[6.682751925510023,49.779262068215701],[6.682821332237677,49.779263456887563],[6.682890738970722,49.779264845517872],[6.682892882944944,49.779219910342277],[6.682895026913778,49.779174975166249],[6.682897170877226,49.779130039989823],[6.682827764336422,49.779128651366101],[6.682829908358562,49.779083716191437],[6.682899314835285,49.779085104812978],[6.683038127804899,49.779087881931417],[6.683040271629411,49.779042946749748],[6.683109678058224,49.779044335244471],[6.68311182181327,49.778999400060201],[6.68318122818339,49.779000788511183],[6.683183371868969,49.778955853324298],[6.683185515549162,49.778910918136987],[6.683187659223968,49.77886598294927],[6.683189802893389,49.778821047761134],[6.683191946557422,49.778776112572565],[6.683261352612534,49.778777500971039],[6.683263496207101,49.778732565779869],[6.683265639796283,49.77868763058828],[6.683267783380078,49.778642695396279],[6.68327207053151,49.778552825011012],[6.683274214099146,49.778507889817739],[6.683343619775176,49.778509278161508],[6.683345763273348,49.778464342965641],[6.683347906766134,49.778419407769348],[6.683417312319396,49.778420796067174],[6.683486717878047,49.77842218432346],[6.683556123442085,49.778423572538195],[6.683625529011512,49.778424960711391],[6.683694934586325,49.778426348843048],[6.683692791413929,49.778471284050305],[6.683831602707874,49.778474060193382],[6.683901008362929,49.778475448202606],[6.683898865377381,49.778520383416016],[6.683896722386447,49.778565318629013],[6.68389457939013,49.778610253841606],[6.683963985242805,49.778611641815857],[6.683961842305181,49.778656577030212],[6.684031248227321,49.77865796496512],[6.684100654154849,49.778659352858483],[6.684098511339998,49.778704288076824],[6.684167917336992,49.77870567593083],[6.684237323339371,49.778707063743305],[6.684306729347137,49.778708451514241],[6.684376135360287,49.778709839243618],[6.684445541378826,49.77871122693147],[6.684443398878984,49.778756162160342],[6.684512804966986,49.778757549808837],[6.684582211060375,49.77875893741578],[6.684651617159147,49.778760324981185],[6.684721023263307,49.778761712505052],[6.684790429372851,49.77876309998738],[6.684788287188022,49.778808035226788],[6.684857693367031,49.778809422669767],[6.68485983548778,49.778764487428155],[6.684929241608093,49.778765874827386],[6.684998647733791,49.77876726218507],[6.685068053864874,49.778768649501224],[6.685065911936363,49.778813584749408],[6.68513531813691,49.778814972026204],[6.68520472434284,49.778816359261455],[6.685343536770855,49.778819133607335],[6.685345678443049,49.778774198350391],[6.685415084601052,49.77877558545881],[6.685484490764439,49.778776972525698],[6.685553896933209,49.778778359551048],[6.685551755453252,49.778823294814586],[6.685621161691485,49.778824681800572],[6.685690567935101,49.778826068745012],[6.685692709286898,49.778781133477111],[6.685762115471817,49.778782520377831],[6.685759974184101,49.778827455647928],[6.685829380438482,49.778828842509299],[6.685898786698245,49.778830229329117],[6.685900927857804,49.778785294054629],[6.68597033405887,49.778786680830713],[6.685968192963392,49.778831616107389],[6.68603759923392,49.778833002844131],[6.686107005509832,49.778834389539313],[6.686176411791124,49.778835776192963],[6.6862458180778,49.778837162805068],[6.686315224369856,49.778838549375628],[6.686384630667294,49.778839935904649],[6.686382489950914,49.778884871194059],[6.686451896317813,49.778886257683723],[6.686521302690092,49.778887644131842],[6.686660115450795,49.778890416903451],[6.686729521839218,49.778891803226955],[6.686868334632204,49.778894575749298],[6.686937741036769,49.778895961948159],[6.687007147446712,49.778897348105481],[6.68714596028274,49.778900120295475],[6.687215366708823,49.778901506328168],[6.687217506656244,49.778856571012469],[6.687286913023626,49.778857957001421],[6.687284773140285,49.778902892319309],[6.687354179577127,49.778904278268911],[6.687423586019348,49.778905664176968],[6.68742144625879,49.77895059949882],[6.68749085277047,49.77895198536752],[6.687629665809967,49.778954756980291],[6.687699072337782,49.778956142724368],[6.687768478870976,49.778957528426886],[6.687837885409547,49.778958914087866],[6.687907291953498,49.778960299707315],[6.687905152636127,49.779005235044067],[6.687974559249535,49.779006620624166],[6.688043965868321,49.779008006162698],[6.688113372492485,49.779009391659699],[6.688252185756944,49.779012162529064],[6.68832159239724,49.779013547901428],[6.688390999042911,49.779014933232261],[6.688599219012188,49.779019088975467],[6.688597080330249,49.779064024333707],[6.688666487061507,49.779065409500546],[6.688668625679367,49.779020474140111],[6.68873803235192,49.77902185926321],[6.688735893798142,49.779066794625834],[6.688805300540153,49.779068179709583],[6.688874707287539,49.779069564751794],[6.688944114040302,49.779070949752452],[6.689013520798439,49.779072334711564],[6.689082927561952,49.779073719629146],[6.68915233433084,49.779075104505175],[6.689291147884741,49.779077874132604],[6.68942996146014,49.779080643593858],[6.6894278235418,49.779125578977933],[6.689497230401642,49.77912696364843],[6.689566637266859,49.779128348277382],[6.689568775057038,49.77908341288893],[6.689638181863547,49.779084797474141],[6.68970758867543,49.779086182017835],[6.689705451013415,49.779131117410664],[6.689774857894753,49.779132501914987],[6.689844264781464,49.779133886377764],[6.68991367167355,49.779135270798989],[6.689983078571009,49.779136655178689],[6.689980941159948,49.779181590579846],[6.690050348126861,49.779182974920168],[6.690119755099147,49.779184359218966],[6.690189162076805,49.779185743476205],[6.690258569059837,49.779187127691912],[6.690327976048239,49.779188511866067],[6.690397383042016,49.779189895998677],[6.690466790041164,49.779191280089748],[6.690536197045684,49.779192664139266],[6.690605604055575,49.779194048147254],[6.690675011070838,49.779195432113688],[6.690744418091473,49.779196816038571],[6.69081382511748,49.779198199921922],[6.690883232148857,49.779199583763713],[6.690952639185605,49.779200967563973],[6.690950502666319,49.779245902995349],[6.691019909772519,49.779247286756245],[6.69108931688409,49.77924867047561],[6.6910871804876,49.779293605910922],[6.691156587668624,49.77929498959093],[6.691225994855019,49.779296373229371],[6.691223858581324,49.779341308668648],[6.691293265837172,49.779342692267747],[6.691362673098388,49.7793440758253],[6.691432080364976,49.7793454593413],[6.69157089491426,49.779348226248679],[6.691640302196955,49.779349609640057],[6.691638166302388,49.779394545092032],[6.691776981012053,49.779397311754515],[6.691846388374938,49.779398695023445],[6.691915795743192,49.779400078250823],[6.691985203116816,49.779401461436656],[6.692054610495807,49.779402844580957],[6.692124017880168,49.779404227683706],[6.692193425269895,49.779405610744902],[6.692262832664992,49.779406993764553],[6.692332240065455,49.77940837674268],[6.692401647471288,49.779409759679233],[6.692471054882486,49.779411142574261],[6.692540462299053,49.779412525427738],[6.692609869720986,49.779413908239682],[6.692612004718395,49.779368972757091],[6.692681412081614,49.779370355525295],[6.692750819450199,49.779371738251953],[6.692752954314077,49.779326802764601],[6.692891768939181,49.779329568088912],[6.692889634203468,49.779374503580648],[6.692959041588153,49.779375886182656],[6.693028448978202,49.77937726874314],[6.69323667118055,49.779381416175319],[6.693306078592063,49.779382798569621],[6.693375486008943,49.779384180922371],[6.693373351716446,49.779429116428986],[6.693442759202773,49.779430498742386],[6.693512166694465,49.779431881014233],[6.693581574191523,49.779433263244535],[6.693650981693944,49.779434645433305],[6.693720389201731,49.779436027580516],[6.693718255224288,49.77948096309764],[6.693787662801522,49.779482345205487],[6.693783394958714,49.779572216242819],[6.693781261029266,49.77961715176086],[6.693711853259781,49.779615769646448],[6.693709719260888,49.779660705161888],[6.693707585256633,49.779705640676923],[6.693638177364344,49.779704258516603],[6.693636043290642,49.77974919402903],[6.693705451247014,49.779750576191525],[6.693774859208752,49.779751958312474],[6.693772725257856,49.779796893828859],[6.693842133289043,49.779798275910466],[6.693911541325595,49.779799657950512],[6.693980949367509,49.779801039949014],[6.693978815603504,49.779845975471524],[6.694048223714868,49.779847357430661],[6.694117631831594,49.779848739348274],[6.694187039953686,49.779850121224328],[6.694184906376575,49.779895056752963],[6.694254314568114,49.779896438589653],[6.694252181049725,49.779941374120064],[6.694250047525976,49.779986309650056],[6.694319455851049,49.77998769144957],[6.694388864181485,49.779989073207531],[6.694458272517284,49.779990454923968],[6.694527680858446,49.779991836598839],[6.69459708920497,49.779993218232178],[6.694666497556859,49.779994599823958],[6.69466436441226,49.780039535366626],[6.694733772833594,49.780040916919056],[6.694803181260292,49.780042298429933],[6.694801048238505,49.780087233976559],[6.694870456734649,49.780088615448072],[6.694939865236158,49.78008999687804],[6.695009273743027,49.780091378266455],[6.695007140908137,49.78013631381922],[6.695076549484454,49.780137695168271],[6.695078682255257,49.780092759613339],[6.695148090772849,49.780094140918671],[6.695217499295802,49.780095522182464],[6.695219631933076,49.780050586622735],[6.695289040397304,49.780051967842802],[6.695286907824118,49.780096903404697],[6.695356316357794,49.780098284585385],[6.695425724896829,49.780099665724542],[6.695423592446455,49.780144601290388],[6.695493001054938,49.780145982390174],[6.695490868663291,49.780190917957782],[6.695560277341222,49.780192299018204],[6.695558145008303,49.780237234587574],[6.695556012670025,49.780282170156539],[6.69555388032639,49.780327105725078],[6.69562328920194,49.780328486750506],[6.695621156917033,49.780373422320821],[6.695690565862029,49.780374803306877],[6.695759974812386,49.780376184251381],[6.695757842650296,49.780421119825633],[6.695827251670099,49.780422500730786],[6.695825119566738,49.780467436306793],[6.695822987458019,49.780512371882395],[6.695892396611357,49.780513752750366],[6.695890264561368,49.780558688327723],[6.695959673784152,49.78056006915633],[6.695961805770055,49.780515133576785],[6.69610062410353,49.780517895104985],[6.696170033278307,49.780519275806753],[6.696239442458442,49.78052065646699],[6.696308851643936,49.780522037085674],[6.696306719978471,49.780566972676134],[6.696376129233413,49.780568353255454],[6.696445538493712,49.780569733793229],[6.696514947759369,49.780571114289451],[6.696512816280812,49.780616049886028],[6.696582225615916,49.780617430342886],[6.696580094196091,49.780662365941239],[6.696577962770909,49.780707301539174],[6.696647372239547,49.780708681958849],[6.696716781713543,49.780710062336986],[6.696714650411183,49.780754997938864],[6.696784059954626,49.780756378277623],[6.696781928710998,49.780801313881263],[6.696779797462015,49.780846249484483],[6.696849207138992,49.780847629786066],[6.696847075948742,49.780892565391049],[6.696844944753136,49.78093750099562],[6.696842813552175,49.780982436599771],[6.696912223426779,49.780983816866346],[6.696910092284551,49.78102875247226],[6.696907961136968,49.781073688077761],[6.696838551134187,49.781072307806824],[6.696836419917159,49.781117243409717],[6.696834288694777,49.781162179012199],[6.696764878569175,49.781160798695339],[6.696762747277345,49.781205734295241],[6.696760615980161,49.781250669894689],[6.696758484677622,49.781295605493746],[6.696756353369725,49.781340541092376],[6.696754222056475,49.781385476690581],[6.696752090737867,49.78143041228838],[6.696821501248013,49.781431792618314],[6.69681936998814,49.781476728217875],[6.696888780567735,49.781478108508445],[6.696886649366598,49.781523044109768],[6.696956060015641,49.781524424360967],[6.697025470670042,49.78152580457062],[6.697023339591732,49.781570740175887],[6.697092750315582,49.781572120346183],[6.697090619296009,49.781617055953213],[6.697160030089307,49.781618436084138],[6.697229440887963,49.781619816173503],[6.697225179089118,49.781709687395036],[6.697294590021315,49.781711067447219],[6.697292459177952,49.781756003059542],[6.697361870179597,49.781757383072353],[6.697359739394972,49.781802318686438],[6.697357608604993,49.781847254300104],[6.697427019740179,49.78184863427574],[6.697424889008937,49.781893569891167],[6.697422758272343,49.781938505506169],[6.697353347008971,49.781937125526184],[6.697351216202929,49.781982061138599],[6.69728180488082,49.781980681114874],[6.69721239356407,49.78197930104961],[6.697142982252676,49.781977920942786],[6.69707357094664,49.781976540794425],[6.69700415964596,49.78197516060451],[6.697006290772467,49.781930225002988],[6.696936879541239,49.781928844773709],[6.696867468315367,49.781927464502878],[6.696865337060674,49.781972400100031],[6.696795925776069,49.781971019785466],[6.696793794451927,49.782015955380011],[6.696724383108586,49.782014575021719],[6.696654971770604,49.782013194621875],[6.696585560437979,49.782011814180485],[6.6965876919544,49.781966878592485],[6.696518280691227,49.781965498111717],[6.696520412266383,49.781920562525478],[6.696451001072663,49.781919182005353],[6.696381589884299,49.781917801443683],[6.696383721582284,49.781872865861395],[6.696314310463372,49.781871485260361],[6.696244899349821,49.781870104617759],[6.696242767523651,49.781915040195692],[6.696173356351365,49.781913659509364],[6.696171224455746,49.781958595084703],[6.696101813224728,49.781957214354648],[6.696032401999068,49.781955833583048],[6.696030269969906,49.782000769153605],[6.696028137935387,49.782045704723743],[6.695958726586902,49.78204432390622],[6.69595659448293,49.782089259473757],[6.695887183075714,49.782087878612522],[6.695885050902291,49.782132814177452],[6.695815639436341,49.782131433272482],[6.695813507193468,49.782176368834797],[6.695744095668784,49.782174987886094],[6.695741963356459,49.782219923445837],[6.695672551773043,49.7822185424534],[6.695670419391267,49.782263478010528],[6.695668287004131,49.782308413567243],[6.695598875297888,49.782307032528898],[6.695529463597006,49.782305651448993],[6.695527331076324,49.782350587000941],[6.695525198550284,49.782395522552449],[6.695455786726574,49.782394141426622],[6.695453654131081,49.78243907697555],[6.69538424224864,49.782437695806003],[6.695382109583691,49.782482631352323],[6.695312697642517,49.782481250139043],[6.695310564908116,49.782526185682748],[6.695241152908207,49.782524804425748],[6.695239020104353,49.78256973996686],[6.695169608045712,49.782568358666126],[6.695167475172403,49.782613294204637],[6.695165342293735,49.782658229742729],[6.695095930112266,49.782656848396073],[6.69502651793616,49.782655467007864],[6.695024384923941,49.782700402541181],[6.695022251906361,49.782745338074079],[6.695091664210657,49.782746719466644],[6.695089531251813,49.782791655001304],[6.695087398287608,49.78283659053556],[6.695017985855122,49.782835209138618],[6.695015852821462,49.782880144670258],[6.694946440330241,49.782878763229597],[6.694944307227125,49.782923698758637],[6.694874894677171,49.782922317274227],[6.694877027844383,49.782877381747376],[6.694807615363888,49.782876000223602],[6.694738202888754,49.782874618658276],[6.69473606959335,49.782919554180765],[6.694733936292586,49.782964489702842],[6.694731802986461,49.783009425224506],[6.694801215653881,49.783010806796376],[6.694799082406492,49.783055742319789],[6.694796949153742,49.783100677842796],[6.69479481589563,49.783145613365399],[6.694864228760702,49.783146994902268],[6.694862095561327,49.783191930426625],[6.69485996235659,49.783236865950556],[6.69492937535522,49.783238247450242],[6.694927242209219,49.783283182975964],[6.694996655277309,49.783284564436265],[6.695066068350759,49.783285945855035],[6.695063935327594,49.783330881384693],[6.695133348470506,49.783332262764091],[6.695131215506077,49.783377198295511],[6.695129082536289,49.783422133826512],[6.695198495812757,49.783423515168721],[6.695196362901705,49.783468450701498],[6.695265776247634,49.783469832004336],[6.695263643395321,49.783514767538861],[6.69533305681071,49.783516148802356],[6.695330924017135,49.78356108433865],[6.695400337501984,49.783562465562753],[6.695398204767147,49.783607401100824],[6.695467618321457,49.783608782285562],[6.695465485645359,49.783653717825381],[6.695463352963904,49.783698653364794],[6.695532766651771,49.78370003451235],[6.695530634029053,49.783744970053533],[6.695528501400977,49.78378990559429],[6.695597915222404,49.783791286704663],[6.695667329049193,49.783792667773483],[6.695736742881341,49.783794048800758],[6.695806156718852,49.783795429786473],[6.695875570561723,49.783796810730635],[6.695944984409956,49.783798191633252],[6.696014398263549,49.783799572494317],[6.696012266078808,49.783844508049917],[6.69601013388871,49.783889443605126],[6.696079547875861,49.783890824429001],[6.696077415744503,49.783935759985972],[6.696075283607787,49.783980695542503],[6.696144697728499,49.783982076329181],[6.69621411185457,49.783983457074335],[6.696283525986003,49.783984837777915],[6.696281394036229,49.784029773340592],[6.696211979840696,49.784028392634823],[6.696209847821465,49.7840733281949],[6.696279262081097,49.78407470890285],[6.696277130120608,49.784119644464681],[6.696346544449701,49.784121025133267],[6.696344412547954,49.784165960696861],[6.69634228064085,49.784210896260042],[6.696411695103502,49.784212276891438],[6.696481109571515,49.784213657481288],[6.696478977787256,49.784258593048406],[6.696548392324728,49.784259973598871],[6.696546260599212,49.784304909167766],[6.696615675206146,49.784306289678867],[6.696613543539375,49.78435122524953],[6.696682958215768,49.784352605721267],[6.69668082660774,49.784397541293671],[6.696750241353596,49.784398921726023],[6.696819656104807,49.784400302116829],[6.696817524619626,49.784445237693205],[6.696815393129089,49.784490173269155],[6.696884808013864,49.784491553622779],[6.696954222903997,49.784492933934835],[6.696952091536307,49.784537869514715],[6.697021506495902,49.784539249787414],[6.697019375186958,49.784584185369077],[6.697088790216011,49.784585565602391],[6.697086658965813,49.784630501185831],[6.69708452771026,49.784675436768829],[6.697153942872877,49.784676816964961],[6.69715181167607,49.784721752549721],[6.697221226908148,49.784723132706475],[6.697290642145583,49.784724512821683],[6.697288511071626,49.784769448410394],[6.697357926378523,49.784770828486231],[6.697355795363313,49.784815764076704],[6.697353664342749,49.784860699666766],[6.697423079783207,49.784862079705405],[6.697420948821392,49.784907015297222],[6.697490364331311,49.784908395296505],[6.697559779846588,49.784909775254214],[6.697557649007624,49.784954710849981],[6.697627064592362,49.784956090768326],[6.697624933812146,49.785001026365855],[6.697694349466345,49.785002406244828],[6.697763765125901,49.785003786082243],[6.697761634468539,49.785048721683708],[6.697831050197555,49.785050101481758],[6.697828919598942,49.785095037084993],[6.697826788994975,49.785139972687809],[6.697896204857555,49.785141352448669],[6.697894074312338,49.785186288053247],[6.697963490244382,49.785187667774721],[6.697961359757914,49.785232603381083],[6.697959229266092,49.785277538987003],[6.698028645331701,49.785278918671295],[6.698026514898631,49.785323854278978],[6.698095931033699,49.785325233923885],[6.698093800659381,49.785370169533351],[6.698163216863911,49.785371549138887],[6.698161086548343,49.785416484750108],[6.698230502822335,49.785417864316273],[6.698228372565519,49.785462799929249],[6.698297788908971,49.785464179456035],[6.698295658710909,49.785509115070781],[6.698293528507492,49.785554050685107],[6.698362944984511,49.785555430174696],[6.698432361466886,49.78555680962274],[6.698430231386329,49.785601745241003],[6.698428101300418,49.785646680858861],[6.69849751791636,49.785648060269708],[6.698495387889203,49.78569299588932],[6.698564804574605,49.785694375260796],[6.698562674606202,49.785739310882157],[6.698632091361067,49.785740690214261],[6.698629961451417,49.785785625837399],[6.698627831536413,49.785830561460124],[6.698625701616058,49.785875497082429],[6.698695118568599,49.785876876379511],[6.698764535526495,49.785878255635041],[6.698762405729002,49.785923191261276],[6.698692988706999,49.785921812003565],[6.698688728967739,49.786011683250443],[6.698758146117958,49.786013062512509],[6.698756016304406,49.786057998137501],[6.698825433524087,49.786059377360196],[6.698823303769291,49.786104312986964],[6.698821174009144,49.786149248613285],[6.698819044243645,49.786194184239214],[6.698888461661003,49.786195563426894],[6.698886331954259,49.786240499054564],[6.698884202242163,49.78628543468183],[6.698953619793094,49.786286813832305],[6.698951490139754,49.786331749461347],[6.698949360481063,49.786376685089948],[6.698947230817017,49.786421620718144],[6.69901664856563,49.786422999833604],[6.699014518960343,49.786467935463548],[6.699012389349705,49.786512871093088],[6.69908180723189,49.786514250171358],[6.69907967768001,49.786559185802659],[6.699077548122777,49.786604121433534],[6.699075418560192,49.786649057063997],[6.69914483664006,49.786650436107251],[6.699142707136233,49.786695371739469],[6.699212125285564,49.786696750743353],[6.69921425472528,49.786651815108947],[6.699283672815856,49.786653194069082],[6.699353090911785,49.786654572987658],[6.699422509013067,49.786655951864688],[6.699491927119703,49.786657330700152],[6.699489797936427,49.786702266343283],[6.699559216112526,49.786703645139369],[6.699557086988009,49.786748580784256],[6.699554957858143,49.786793516428716],[6.699552828722925,49.786838452072764],[6.699483410354494,49.786837073270135],[6.699413991991417,49.786835694425953],[6.699411862722627,49.786880630065212],[6.699342444300792,49.786879251177304],[6.699273025884311,49.786877872247821],[6.699270896481949,49.786922807882313],[6.699201478006709,49.78692142890911],[6.699199348534883,49.786966364541016],[6.699197219057705,49.787011300172502],[6.699195089575177,49.787056235803561],[6.699192960087295,49.787101171434216],[6.69926237881898,49.787102550416151],[6.69925599051556,49.787237357312122],[6.699253861070385,49.787282292943281],[6.699251731619858,49.787327228574021],[6.699249602163979,49.787372164204342],[6.69931902128569,49.787373543157791],[6.699316891888571,49.787418478789867],[6.699386311079749,49.787419857703952],[6.699384181741392,49.787464793337797],[6.699453601002035,49.787466172212483],[6.69945147172244,49.78751110784809],[6.699520891052551,49.787512486683404],[6.699590310388014,49.787513865477166],[6.699588181231293,49.787558801116724],[6.699657600636224,49.787560179871093],[6.699727020046506,49.78756155858391],[6.699724891012663,49.787606494227397],[6.699794310492411,49.787607872900843],[6.69979218151733,49.787652808546092],[6.699861601066545,49.787654187180159],[6.699931020621112,49.787655565772667],[6.69992889176891,49.78770050142186],[6.699998311392944,49.787701879974989],[6.699996182599504,49.787746815625937],[6.700065602293005,49.787748194139681],[6.70006347355833,49.787793129792398],[6.700132893321295,49.787794508266771],[6.700130764645384,49.78783944392125],[6.700200184477818,49.78784082235623],[6.700198055860671,49.787885758012457],[6.700195927238176,49.787930693668287],[6.700265347204189,49.787932072066077],[6.700263218640458,49.787977007723647],[6.700332638675938,49.787978386082067],[6.700330510170974,49.788023321741406],[6.700399930275921,49.78802470006044],[6.700397801829721,49.788069635721541],[6.700467222004136,49.788071014001183],[6.700465093616702,49.788115949664061],[6.700534513860582,49.788117327904324],[6.700532385531917,49.788162263568935],[6.700601805845262,49.788163641769835],[6.700599677575363,49.788208577436215],[6.700669097958178,49.788209955597729],[6.700666969747044,49.788254891265879],[6.700664841530563,49.788299826933603],[6.700734262046961,49.788301205057913],[6.700732133889248,49.788346140727398],[6.700730005726187,49.788391076396458],[6.700799426376165,49.788392454483571],[6.700797298271872,49.788437390154407],[6.700866718991318,49.788438768202127],[6.700864590945794,49.788483703874725],[6.700862462894921,49.78852863954689],[6.700860334838699,49.788573575218649],[6.70085820677713,49.788618510889989],[6.700927627758396,49.788619888904869],[6.700925499755595,49.788664824577957],[6.700923371747446,49.788709760250654],[6.700921243733949,49.788754695922918],[6.700990664912919,49.788756073902768],[6.700988536958192,49.788801009576787],[6.70105795820663,49.788802387517265],[6.701055830310672,49.788847323193053],[6.701053702409367,49.78889225886843],[6.701051574502715,49.788937194543365],[6.701049446590714,49.78898213021791],[6.701118868100975,49.788983508125533],[6.701116740247746,49.789028443801818],[6.701114612389168,49.789073379477706],[6.701184034033017,49.789074757348118],[6.70118190623321,49.789119693025754],[6.701179778428057,49.789164628702963],[6.701177650617556,49.789209564379775],[6.701175522801706,49.789254500056167],[6.701244944707383,49.78925587789373],[6.701242816950305,49.789300813571877],[6.701240689187881,49.789345749249605],[6.701310111227146,49.789347127049965],[6.701307983523495,49.789392062729462],[6.701238561420109,49.789390684926921],[6.701236433646989,49.789435620603818],[6.701305855814494,49.789436998408526],[6.701303728100148,49.789481934087192],[6.701301600380453,49.789526869765432],[6.701299472655411,49.789571805443245],[6.701297344925021,49.789616741120646],[6.70136676735436,49.789618118892513],[6.701364639682744,49.789663054571683],[6.70136251200578,49.789707990250427],[6.70136038432347,49.789752925928759],[6.701358256635812,49.789797861606665],[6.701356128942806,49.789842797284173],[6.701354001244453,49.78988773296124],[6.70142342406387,49.789889110704614],[6.701421296424291,49.789934046383451],[6.701417041129093,49.790023917739873],[6.701414913473473,49.790068853417466],[6.701410658146189,49.790158724771373],[6.701408530474526,49.79020366044773],[6.701406402797517,49.790248596123647],[6.701475826135266,49.790249973842855],[6.701473698517031,49.79029490952054],[6.70147157089345,49.790339845197785],[6.701467315630244,49.790429716551067],[6.701465187990621,49.790474652227076],[6.701463060345649,49.790519587902665],[6.701460932695331,49.790564523577849],[6.701458805039666,49.7906094592526],[6.701456677378652,49.790654394926939],[6.701454549712291,49.790699330600866],[6.70152397369663,49.790700708300299],[6.701521846089047,49.790745643975988],[6.701519718476118,49.790790579651237],[6.701517590857838,49.790835515326094],[6.701515463234214,49.790880451000525],[6.701513335605242,49.790925386674537],[6.701511207970921,49.790970322348137],[6.701506952686239,49.791060193694072],[6.701504825035876,49.791105129366422],[6.701435400474404,49.791103751647398],[6.701431145029384,49.791193622986476],[6.701429017298852,49.791238558655401],[6.701498442052704,49.791239936380968],[6.701496314380952,49.791284872051634],[6.701426889562974,49.791283494323885],[6.701424761821746,49.791328429991985],[6.701422634075171,49.791373365659645],[6.70142050632325,49.791418301326885],[6.701418378565978,49.791463236993721],[6.701416250803361,49.79150817266013],[6.701411995262082,49.791598043991705],[6.701342570000559,49.791596666207163],[6.701340442157769,49.79164160187014],[6.701334058597313,49.791776408856578],[6.70133193073313,49.791821344517906],[6.701329802863601,49.791866280178816],[6.701327674988722,49.791911215839285],[6.701325547108496,49.791956151499349],[6.701323419222921,49.792001087158994],[6.701312779714828,49.792225765450958],[6.701310651797164,49.792270701108102],[6.701241225579052,49.792269323249336],[6.70123909759191,49.792314258903879],[6.701236969599419,49.79235919455801],[6.701232713598393,49.792449065865029],[6.701230585589856,49.792494001517909],[6.701228457575971,49.79253893717037],[6.701224201532157,49.792628808474035],[6.701222073502226,49.792673744125253],[6.701219945466947,49.792718679776044],[6.70121781742632,49.792763615426416],[6.701215689380345,49.792808551076376],[6.701213561329021,49.792853486725917],[6.701211433272347,49.792898422375046],[6.701209305210324,49.792943358023756],[6.701207177142954,49.792988293672032],[6.701205049070235,49.793033229319917],[6.701135621767231,49.793031851382565],[6.70113349362503,49.793076787027836],[6.70113136547748,49.793121722672694],[6.70112923732458,49.793166658317141],[6.701127109166332,49.793211593961161],[6.701124981002735,49.793256529604768],[6.701055553384414,49.793255151614964],[6.701053425151333,49.793300087255986],[6.701051296912905,49.793345022896574],[6.701049168669126,49.793389958536757],[6.701047040419999,49.793434894176514],[6.700977612550491,49.793433516136439],[6.700975484231879,49.793478451773595],[6.700973355907919,49.793523387410353],[6.700969099243949,49.793613258682598],[6.700899671123253,49.793611880592231],[6.700897542719108,49.793656816225564],[6.700895414309614,49.793701751858457],[6.700893285894772,49.79374668749093],[6.70082385758702,49.793745309352481],[6.700821729102691,49.793790244982368],[6.700819600613011,49.79383518061185],[6.700750172182339,49.793833802427457],[6.700748043623175,49.793878738054332],[6.700745915058659,49.793923673680794],[6.700743786488794,49.793968609306837],[6.700674357871066,49.793967231074362],[6.700672229231714,49.794012166697804],[6.700670100587013,49.794057102320842],[6.70066797193696,49.794102037943453],[6.700598543132175,49.794100659662867],[6.700596414412635,49.794145595282878],[6.700594285687745,49.794190530902476],[6.700592156957506,49.794235466521656],[6.700522727965661,49.794234088192965],[6.700520599165933,49.794279023809558],[6.700518470360853,49.794323959425725],[6.700449041246086,49.794322581051112],[6.700446912371517,49.794367516664693],[6.7004447834916,49.794412452277854],[6.70044265460633,49.794457387890596],[6.700373225304501,49.794456009467879],[6.700371096349744,49.794500945078013],[6.700368967389633,49.79454588068775],[6.700366838424173,49.794590816297053],[6.700297408935282,49.794589437826247],[6.700295279900331,49.794634373432963],[6.70029315086003,49.79467930903926],[6.700291021814377,49.794724244645131],[6.700221592138423,49.794722866126207],[6.70021946302328,49.794767801729492],[6.700217333902785,49.794812737332364],[6.700215204776939,49.794857672934818],[6.700145774913918,49.79485629436779],[6.700143645718581,49.794901229967635],[6.700141516517892,49.794946165567076],[6.70013938731185,49.794991101166097],[6.700069957261766,49.794989722550973],[6.700067827986233,49.795034658147387],[6.700065698705347,49.795079593743395],[6.70006356941911,49.795124529338985],[6.699994139181959,49.795123150675757],[6.69999200982623,49.795168086268738],[6.699989880465147,49.795213021861315],[6.699920450105069,49.795211643152157],[6.699918320674494,49.795256578742134],[6.699916191238567,49.79530151433169],[6.699914061797288,49.795346449920842],[6.69984463125014,49.795345071163581],[6.699842501739367,49.795390006750111],[6.699840372223242,49.79543494233625],[6.699838242701763,49.79547987792197],[6.699768811967545,49.795478499116605],[6.699766682376573,49.795523434699717],[6.699764552780247,49.795568370282417],[6.699762423178568,49.795613305864691],[6.699692992257281,49.795611927011215],[6.699690862586106,49.795656862590896],[6.69968873290958,49.795701798170164],[6.699686603227701,49.79574673374902],[6.699617172119338,49.79574535484744],[6.699615042367964,49.795790290423696],[6.699612912611236,49.795835225999532],[6.699610782849154,49.795880161574949],[6.699541351553719,49.795878782625259],[6.699539221722142,49.795923718198068],[6.69953709188521,49.795968653770487],[6.699534962042926,49.796013589342465],[6.699465530560415,49.796012210344678],[6.699463400648633,49.79605714591407],[6.699461270731499,49.796102081483049],[6.699391839126056,49.796100702439318],[6.699389709139423,49.796145638005704],[6.699387579147437,49.79619057357165],[6.699385449150096,49.79623550913719],[6.699383319147402,49.796280444702326],[6.699313887290739,49.796279065608303],[6.699311757218545,49.796324001170838],[6.699309627140997,49.796368936732954],[6.699240195161402,49.796367557593008],[6.699238065014357,49.796412493152523],[6.699235934861956,49.796457428711619],[6.699233804704201,49.796502364270296],[6.699164372537526,49.796500985082247],[6.699162242310271,49.79654592063833],[6.699160112077663,49.796590856194001],[6.699090679788053,49.796589476960015],[6.699088549485944,49.796634412513079],[6.699086419178481,49.796679348065737],[6.699084288865663,49.796724283617969],[6.69901485638897,49.796722904335873],[6.699012726006653,49.796767839885518],[6.699010595618978,49.796812775434731],[6.69900846522595,49.796857710983531],[6.698939032562177,49.796856331653323],[6.698936902099647,49.796901267199544],[6.698934771631762,49.796946202745325],[6.698932641158522,49.796991138290686],[6.698930510679926,49.797036073835649],[6.698861077764923,49.797034694455157],[6.698858947216825,49.797079629997498],[6.698856816663371,49.797124565539441],[6.698854686104562,49.797169501080973],[6.698785253002474,49.797168121652362],[6.698783122374163,49.797213057191279],[6.698780991740495,49.797257992729797],[6.698778861101473,49.797302928267882],[6.698709427812298,49.797301548791161],[6.698707297103772,49.797346484326646],[6.69870516638989,49.797391419861732],[6.698703035670652,49.797436355396385],[6.698700904946059,49.797481290930627],[6.69869877421611,49.797526226464441],[6.69862934061155,49.797524846935261],[6.698627209812096,49.797569782466489],[6.698625079007287,49.797614717997277],[6.69862294819712,49.797659653527681],[6.698620817381599,49.797704589057645],[6.698618686560721,49.797749524587203],[6.698549252640773,49.797748145005542],[6.698547121750389,49.797793080532493],[6.698544990854649,49.797838016059032],[6.698542859953553,49.797882951585144],[6.6985407290471,49.797927887110859],[6.698538598135292,49.797972822636154],[6.698536467218126,49.798017758161009],[6.698467032918635,49.798016378524707],[6.698464901931963,49.798061314046976],[6.69839546757368,49.798059934366904],[6.698256598873189,49.798057174882054],[6.698258730052314,49.798012239366322],[6.698260861226081,49.797967303850164],[6.698191427012176,49.797965924049741],[6.698193558244737,49.79792098853536],[6.69819568947194,49.797876053020566],[6.698126255391696,49.797874673182925],[6.698128386677692,49.7978297376699],[6.698130517958332,49.797784802156443],[6.698061084011745,49.79778342228159],[6.698063215351178,49.797738486769894],[6.698065346685253,49.797693551257787],[6.698067478013971,49.797648615745253],[6.697998044265192,49.797647235835377],[6.698000175652702,49.79760230032462],[6.698002307034852,49.797557364813443],[6.697932873419734,49.797555984866356],[6.697935004860677,49.797511049356935],[6.697937136296263,49.797466113847094],[6.697939267726491,49.797421178336855],[6.697869834309177,49.797419798354738],[6.697871965798196,49.79737486284624],[6.697874097281858,49.797329927337337],[6.6978046639982,49.79732854731801],[6.697806795540652,49.797283611810869],[6.697808927077745,49.797238676303309],[6.697811058609482,49.797193740795336],[6.697813190135861,49.797148805286945],[6.697743757114154,49.797147425234769],[6.697745888699322,49.797102489728132],[6.697748020279133,49.797057554221077],[6.697750151853585,49.797012618713616],[6.697752283422679,49.796967683205736],[6.697754414986417,49.79692274769743],[6.697756546544795,49.796877812188718],[6.697758678097817,49.796832876679574],[6.697760809645481,49.796787941170031],[6.697762941187786,49.796743005660055],[6.697765072724734,49.796698070149667],[6.697767204256325,49.796653134638866],[6.697836636572419,49.796654514667033],[6.697838768034506,49.796609579153639],[6.697840899491236,49.796564643639819],[6.697843030942608,49.796519708125572],[6.697845162388623,49.796474772610914],[6.697847293829279,49.796429837095843],[6.697851556694522,49.796339966064444],[6.697853688119107,49.796295030548123],[6.697855819538335,49.796250095031375],[6.697925251282484,49.79625147499835],[6.697927382632209,49.796206539479009],[6.697929513976579,49.796161603959256],[6.697933776649244,49.796071732918485],[6.697935907977542,49.796026797397467],[6.697938039300482,49.795981861876037],[6.697940170618065,49.795936926354187],[6.697942301930291,49.795891990831933],[6.698011733166652,49.79589337073989],[6.698013864409377,49.795848435215035],[6.698015995646746,49.795803499689761],[6.698020258105412,49.795713628637948],[6.698022389326711,49.795668693111416],[6.698024520542654,49.795623757584458],[6.698026651753238,49.795578822057095],[6.698028782958466,49.795533886529313],[6.698098213687047,49.795535266378252],[6.698102475953149,49.795445395317081],[6.698106738197827,49.795355524254227],[6.698111000421076,49.795265653189702],[6.698113131524665,49.795220717656825],[6.698115262622899,49.795175782123522],[6.69818469284371,49.79517716191345],[6.698186823872447,49.79513222637754],[6.698188954895827,49.795087290841231],[6.698191085913852,49.795042355304481],[6.69819321692652,49.794997419767334],[6.698197478935787,49.794907548691775],[6.698199609932387,49.794862613153377],[6.698203871909517,49.794772742075303],[6.698206002890048,49.79472780653564],[6.698208133865222,49.794682870995572],[6.698277563385856,49.794684250719953],[6.698279694291537,49.794639315177285],[6.698281825191861,49.794594379634191],[6.698283956086829,49.794549444090677],[6.698288217860697,49.794459573002406],[6.698357647065999,49.794460952674321],[6.698359777880761,49.794416017127382],[6.698361908690168,49.794371081580017],[6.698364039494219,49.79432614603224],[6.698366170292914,49.794281210484051],[6.698368301086255,49.794236274935436],[6.698370431874238,49.794191339386423],[6.698372562656868,49.794146403836969],[6.698374693434141,49.794101468287103],[6.698444122131701,49.794102847900007],[6.698446252839482,49.794057912347547],[6.698448383541908,49.794012976794676],[6.698450514238978,49.793968041241364],[6.698452644930692,49.793923105687654],[6.698454775617052,49.793878170133524],[6.698456906298056,49.793833234578983],[6.698459036973706,49.793788299024023],[6.698461167643999,49.793743363468636],[6.698463298308938,49.79369842791283],[6.698532726434633,49.793699807464542],[6.69853485703008,49.793654871906149],[6.698536987620173,49.793609936347337],[6.698539118204911,49.793565000788099],[6.698541248784293,49.793520065228449],[6.698543379358321,49.793475129668387],[6.698545509926995,49.793430194107891],[6.698547640490312,49.793385258546998],[6.698617068172421,49.793386638041888],[6.69861919866625,49.793341702478386],[6.698621329154724,49.79329676691448],[6.698625590115608,49.793206895785389],[6.698627720588018,49.79316196022021],[6.698629851055072,49.793117024654634],[6.698631981516773,49.793072089088625],[6.698634111973118,49.793027153522196],[6.698703539147518,49.793028532958083],[6.698705669534376,49.792983597389075],[6.69870779991588,49.792938661819633],[6.698709930292028,49.79289372624978],[6.698712060662824,49.792848790679507],[6.698714191028263,49.792803855108815],[6.698716321388348,49.792758919537718],[6.698646894598745,49.792757540114913],[6.698649025017607,49.792712604545571],[6.698579598297491,49.79271122508338],[6.698581728775131,49.792666289515815],[6.698512302124503,49.792664910014238],[6.69851443266092,49.792619974448414],[6.698445006079781,49.792618594907466],[6.698447136674975,49.792573659343404],[6.698449267264813,49.792528723778936],[6.698379840817293,49.792527344200771],[6.698381971465906,49.792482408638072],[6.698384102109166,49.792437473074948],[6.698314675795266,49.792436093459571],[6.6983168064973,49.792391157898216],[6.698247380252887,49.792389778243461],[6.698249511013697,49.792344842683875],[6.698251641769152,49.792299907123848],[6.698182215658356,49.792298527431903],[6.698184346472586,49.792253591873639],[6.698186477281459,49.792208656314969],[6.698117051304282,49.79220727658582],[6.698119182171929,49.792162341028906],[6.698049756264241,49.792160961260372],[6.698051887190663,49.792116025705219],[6.698054018111728,49.792071090149662],[6.697984592337654,49.792069710343931],[6.697986723317494,49.792024774790129],[6.697988854291977,49.7919798392359],[6.697919428651522,49.791978459392958],[6.697921559684777,49.791933523840513],[6.697852134113807,49.791932143958199],[6.697854265205836,49.791887208407502],[6.697784839704354,49.791885828485789],[6.697786970855156,49.791840892936854],[6.697789102000601,49.791795957387514],[6.697791233140689,49.791751021837754],[6.69772180783695,49.791749641881033],[6.697723939035812,49.791704706333014],[6.697654513801559,49.791703326336908],[6.697585088572663,49.791701946299234],[6.697515663349129,49.791700566220001],[6.697446238130952,49.791699186099194],[6.697444106675579,49.791744121638473],[6.697374681398634,49.791742741473939],[6.697372549873777,49.79178767701061],[6.697370418343564,49.791832612546862],[6.697368286807991,49.791877548082716],[6.69729886134402,49.791876167870058],[6.697296729738963,49.791921103403304],[6.697227304216223,49.791919723146918],[6.697225172541679,49.791964658677543],[6.697155746960172,49.791963278377402],[6.697153615216141,49.792008213905454],[6.697149351712007,49.792098084960294],[6.697147219951903,49.792143020487096],[6.697145088186441,49.792187956013471],[6.697142956415621,49.79223289153942],[6.697140824639443,49.792277827064964],[6.697138692857908,49.792322762590096],[6.697069266768724,49.792321382230945],[6.697067134917702,49.792366317753455],[6.697065003061319,49.79241125327556],[6.697062871199579,49.792456188797267],[6.697060739332481,49.792501124318527],[6.69705647558221,49.792590995359824],[6.697054343699039,49.792635930879833],[6.696984917166302,49.792634550463859],[6.69698278521364,49.792679485981267],[6.696980653255619,49.792724421498271],[6.696978521292241,49.792769357014862],[6.696976389323503,49.792814292531027],[6.696974257349408,49.792859228046787],[6.696972125369952,49.792904163562113],[6.696967861394969,49.792994034591523],[6.696898434354539,49.79299265411651],[6.696896302294877,49.793037589628412],[6.696892038159477,49.793127460650958],[6.696889906083737,49.793172396161609],[6.696887774002639,49.79321733167184],[6.696885641916184,49.793262267181646],[6.696816214496318,49.793260886652],[6.696814082340369,49.793305822159205],[6.696809818012396,49.793395693172364],[6.69680768584037,49.79344062867834],[6.696805553662987,49.793485564183889],[6.696803421480243,49.793530499689012],[6.696801289292141,49.793575435193716],[6.696799157098679,49.793620370698008],[6.696797024899859,49.793665306201866],[6.696794892695679,49.793710241705341],[6.69679276048614,49.793755177208375],[6.696790628271242,49.79380011271099],[6.696786363825368,49.79388998371499],[6.696784231594394,49.793934919216341],[6.696779967116364,49.79402479021784],[6.696777834869311,49.794069725717947],[6.696773570359126,49.794159596716916],[6.696704141661923,49.794158216102055],[6.696702009334656,49.794203151598737],[6.696771438095995,49.794204532215787],[6.696769305827505,49.794249467714231],[6.696699877002028,49.794248087095006],[6.696697744664042,49.79429302259085],[6.696695612320695,49.794337958086281],[6.696765041274445,49.794339338709868],[6.696762908989878,49.794384274207061],[6.696760776699949,49.794429209703843],[6.696691347617924,49.794427829075872],[6.696689215258499,49.79447276457006],[6.696758644404662,49.794474145200198],[6.696756512104015,49.794519080696134],[6.696687082893715,49.794517700063821],[6.69668495052357,49.794562635557163],[6.696680685767204,49.79465250654259],[6.696676420989398,49.794742377526347],[6.696674288592455,49.794787313017601],[6.696672156190153,49.794832248508442],[6.696670023782491,49.794877183998857],[6.696667891369469,49.794922119488866],[6.696598461587285,49.794920738795334],[6.696594196616882,49.795010609769726],[6.696589931625041,49.795100480742434],[6.696585666611759,49.795190351713494],[6.696583534097079,49.795235287198373],[6.696514103871277,49.795233906448004],[6.696511971287096,49.795278841930312],[6.696509838697555,49.795323777412186],[6.696507706102654,49.795368712893641],[6.696505573502392,49.795413648374698],[6.696503440896769,49.795458583855314],[6.696501308285788,49.795503519335533],[6.696499175669445,49.795548454815325],[6.696497043047741,49.795593390294691],[6.696494910420678,49.795638325773652],[6.696492777788253,49.795683261252201],[6.696423346926403,49.795681880438437],[6.696421214224476,49.795726815914371],[6.696416948804543,49.795816686865003],[6.696414816086535,49.795861622339693],[6.696412683363166,49.795906557813957],[6.696410550634437,49.795951493287802],[6.696408417900346,49.795996428761249],[6.696406285160896,49.79604136423427],[6.696336853791267,49.796039983361482],[6.696334720982311,49.796084918831902],[6.696332588167997,49.796129854301896],[6.69633045534832,49.796174789771484],[6.696326189692885,49.79626466070939],[6.696324056857126,49.796309596177721],[6.696321924016006,49.79635453164564],[6.696252492202735,49.796353150716001],[6.69625035929211,49.796398086181313],[6.696248226376123,49.796443021646205],[6.696246093454775,49.796487957110692],[6.696243960528067,49.796532892574746],[6.696241827595997,49.796577828038387],[6.696239694658564,49.796622763501617],[6.696237561715773,49.796667698964427],[6.696235428767618,49.796712634426811],[6.696233295814103,49.796757569888783],[6.69616386342889,49.796756188897938],[6.696161730405868,49.796801124357316],[6.696157464343738,49.796890995274808],[6.696155331304633,49.796935930732921],[6.696153198260164,49.79698086619063],[6.696151065210335,49.797025801647905],[6.696148932155144,49.797070737104775],[6.696146799094591,49.797115672561233],[6.696077366201569,49.79711429151137],[6.696073099936084,49.797204162418637],[6.6960709667953,49.797249097871656],[6.696068833649154,49.797294033324242],[6.696064567340774,49.797383904228191],[6.696062434178542,49.797428839679533],[6.696060301010948,49.797473775130456],[6.695990867610108,49.797472394021554],[6.695988734373004,49.797517329469876],[6.695986601130538,49.797562264917794],[6.69598446788271,49.79760720036527],[6.695980201370966,49.797697071259016],[6.695978068107051,49.797742006705256],[6.695975934837773,49.797786942151077],[6.695973801563134,49.797831877596472],[6.695904367654469,49.797830496428524],[6.695902234310318,49.79787543187134],[6.695900100960804,49.797920367313715],[6.69589370088009,49.798055173638375],[6.695891567509127,49.798100109079087],[6.695889434132801,49.79814504451938],[6.695887300751113,49.798189979959261],[6.69581786633461,49.798188598732288],[6.695815732883409,49.798233534169569],[6.695813599426844,49.798278469606444],[6.695744164887404,49.798277088333528],[6.695742031361327,49.798322023767781],[6.695739897829886,49.79836695920163],[6.695737764293082,49.798411894635052],[6.695735630750915,49.798456830068055],[6.695733497203386,49.798501765500653],[6.695731363650494,49.798546700932846],[6.695729230092238,49.798591636364584],[6.69572709652862,49.798636571795932],[6.695724962959638,49.798681507226853],[6.695655527848198,49.798680125892716],[6.695653394209701,49.798725061321036],[6.695583959039472,49.798723679943144],[6.695581825331458,49.798768615368864],[6.695579691618081,49.798813550794179],[6.695577557899342,49.798858486219054],[6.69557542417524,49.79890342164353],[6.695573290445773,49.798948357067573],[6.695642725936766,49.798949738456372],[6.69564059226609,49.798994673882191],[6.695710027826603,49.798996055231612],[6.695712161433126,49.798951119803618],[6.695781596934852,49.798952501109277],[6.695783730471857,49.798907565678675],[6.695785864003502,49.798862630247655],[6.695855299382283,49.798864011507369],[6.695924734766431,49.798865392725524],[6.695926868164406,49.798820457289729],[6.695929001557018,49.798775521853507],[6.695998436818225,49.798776903025704],[6.696000570141321,49.798731967586889],[6.696002703459054,49.798687032147662],[6.696004836771426,49.798642096708001],[6.696074271845538,49.798643477832094],[6.696076405088395,49.798598542389833],[6.69607853832589,49.798553606947166],[6.696147973277062,49.798554988025316],[6.696217408233598,49.798556369061899],[6.6962868431955,49.798557750056894],[6.696284710150462,49.798602685506111],[6.696354145181879,49.798604066461721],[6.696423580218661,49.798605447375749],[6.696421447296567,49.798650382828924],[6.696490882402863,49.798651763703575],[6.696560317514524,49.798653144536651],[6.696558184715373,49.79869807999377],[6.696627619896549,49.798699460787446],[6.696697055083089,49.798700841539549],[6.696694922406883,49.798745777000612],[6.696764357662938,49.798747157713329],[6.696833792924355,49.798748538384473],[6.696831660371095,49.798793473849486],[6.696901095702029,49.79879485448123],[6.696898963207561,49.798839789948012],[6.69696839860801,49.798841170540371],[6.697037834013821,49.798842551091163],[6.697107269424995,49.798843931600381],[6.697105137117628,49.798888867073281],[6.697174572598318,49.798890247543099],[6.697172440349744,49.798935183017761],[6.697241875899948,49.798936563448201],[6.697311311455516,49.798937943837053],[6.697380747016444,49.798939324184339],[6.697378614954972,49.798984259665133],[6.697448050585415,49.798985639973026],[6.697445918582739,49.799030575455568],[6.697443786574703,49.799075510937712],[6.697513222338816,49.799076891208401],[6.697511090389574,49.7991218266923],[6.697580526223203,49.799123206923582],[6.697578394332758,49.79916814240925],[6.697576262436955,49.7992130778945],[6.697574130535791,49.79925801337933],[6.697643566567244,49.799259393575582],[6.697641434724878,49.799304329062181],[6.697639302877153,49.799349264548361],[6.697708739042278,49.799350644707403],[6.697706607253349,49.799395580195338],[6.697776043487989,49.799396960315001],[6.697773911757858,49.799441895804705],[6.697843348062015,49.799443275884968],[6.697912784371533,49.799444655923651],[6.697910652764355,49.799489591417306],[6.697908521151818,49.799534526910534],[6.697977957595007,49.799535906912006],[6.697975826041267,49.799580842407003],[6.697973694482172,49.799625777901575],[6.698043131059034,49.799627157865842],[6.698040999558735,49.799672093362176],[6.698038868053079,49.799717028858112],[6.698108304763613,49.799718408785161],[6.698106173316756,49.799763344282852],[6.698104041864542,49.799808279780109],[6.698173478708751,49.79980965966994],[6.698171347315335,49.799854595168988],[6.69816921591656,49.799899530667602],[6.698238652894443,49.799900910520215],[6.69823652155447,49.799945846020591],[6.698305958601872,49.799947225833826],[6.698303827320697,49.799992161335972],[6.698301696034167,49.800037096837691],[6.698371133215242,49.800038476613715],[6.698369001987512,49.800083412117182],[6.698366870754424,49.800128347620266],[6.698436308069176,49.800129727359064],[6.698434176894891,49.800174662863895],[6.698432045715246,49.800219598368315],[6.698501483163672,49.800220978069902],[6.69849935204283,49.800265913576084],[6.69849722091663,49.800310849081846],[6.698566658498734,49.800312228746215],[6.698564527431338,49.800357164253732],[6.698562396358583,49.800402099760852],[6.698631834074365,49.800403479388002],[6.698629703060414,49.80044841489687],[6.698627572041105,49.800493350405318],[6.698625441016439,49.800538285913355],[6.698694878930058,49.800539665505475],[6.698692747964197,49.800584601015281],[6.698690616992978,49.800629536524667],[6.698760055040275,49.800630916079569],[6.69875792412786,49.800675851590718],[6.698755793210088,49.80072078710144],[6.69875366228696,49.80076572261175],[6.698823100532097,49.800767102131616],[6.698820969667773,49.800812037643695],[6.698818838798092,49.800856973155348],[6.69888827717691,49.800858352638002],[6.698886146366034,49.800903288151424],[6.698884015549801,49.800948223664435],[6.698881884728213,49.800993159177004],[6.698951323304872,49.800994538624629],[6.698949192542089,49.801039474138967],[6.698947061773949,49.801084409652901],[6.698944931000455,49.801129345166409],[6.699014369774956,49.801130724578989],[6.699012239060266,49.801175660094266],[6.699010108340221,49.801220595609131],[6.699007977614819,49.801265531123548],[6.699077416587166,49.801266910501106],[6.69907528592057,49.801311846017313],[6.69907315524862,49.801356781533087],[6.699071024571312,49.801401717048456],[6.699140463741506,49.801403096390963],[6.699138333123005,49.801448031908102],[6.699136202499148,49.801492967424814],[6.699134071869937,49.801537902941114],[6.699131941235368,49.80158283845698],[6.699129810595444,49.801627773972442],[6.699060371104434,49.801626394619042],[6.699058240394991,49.801671330131896],[6.698988800845175,49.801669950734748],[6.698986670066212,49.801714886245009],[6.698917230457591,49.801713506804099],[6.698847790854327,49.801712127321601],[6.698845659941679,49.801757062827086],[6.698776220279609,49.80175568330084],[6.698706780622901,49.801754303732999],[6.698637340971551,49.801752924123591],[6.698635209861053,49.801797859622113],[6.698565770150897,49.801796479968942],[6.698496330446102,49.801795100274191],[6.69835745105259,49.80179234075996],[6.698288011363872,49.80179096094048],[6.698285879927197,49.801835896427697],[6.698216440179676,49.801834516564448],[6.698218571680516,49.801789581079419],[6.69814913200252,49.801788201176784],[6.698147000437515,49.801833136659631],[6.698077560700716,49.801831756713241],[6.698079692329884,49.801786821232575],[6.698010252662609,49.801785441246778],[6.697940813000695,49.801784061219401],[6.697871373344141,49.801782681150456],[6.697801933692949,49.801781301039924],[6.697732494047117,49.801779920887817],[6.697730362097128,49.801824856357577],[6.697660922392493,49.801823476161729],[6.697591482693221,49.801822095924273],[6.69752204299931,49.801820715645263],[6.697452603310762,49.801819335324659],[6.697450471098755,49.801864270785273],[6.697381031351403,49.801862890420921],[6.697311591609416,49.80186151001498],[6.697242151872787,49.801860129567466],[6.697172712141525,49.801858749078377],[6.697170579667501,49.80190368452984],[6.697101139877435,49.801902303996997],[6.697031700092731,49.801900923422572],[6.696962260313392,49.801899542806559],[6.696892820539415,49.801898162148973],[6.696823380770803,49.801896781449805],[6.696821247970595,49.801941716889971],[6.696751808143182,49.801940336147034],[6.696682368321131,49.801938955362537],[6.696612928504444,49.80193757453646],[6.696543488693123,49.801936193668801],[6.696541355630897,49.801981129099808],[6.696471915760774,49.801979748188387],[6.696402475896016,49.801978367235385],[6.696333036036621,49.80197698624081],[6.696263596182592,49.801975605204667],[6.696261462858346,49.802020540626508],[6.696192022945517,49.802019159546596],[6.696122583038053,49.802017778425103],[6.696053143135953,49.802016397262037],[6.695983703239221,49.802015016057389],[6.695981569652952,49.802059951470092],[6.69591212969742,49.802058570221682],[6.695842689747253,49.802057188931698],[6.695773249802452,49.802055807600141],[6.695703809863017,49.802054426226988],[6.695701676014727,49.802099361630532],[6.695632236016492,49.802097980213638],[6.695562796023625,49.802096598755156],[6.695493356036125,49.802095217255093],[6.695423916053991,49.80209383571345],[6.695421781943677,49.802138771107863],[6.695352341902744,49.802137389522471],[6.695282901867179,49.802136007895477],[6.695213461836981,49.802134626226923],[6.69514402181215,49.802133244516796],[6.695074581792688,49.80213186276508],[6.695072447356184,49.802176798148139],[6.695003007277923,49.802175416352675],[6.694933567205029,49.802174034515616],[6.694864127137505,49.802172652636983],[6.694794687075349,49.802171270716784],[6.694792552376819,49.802216206090691],[6.694723112255867,49.802214824126715],[6.694653672140281,49.802213442121172],[6.694584232030065,49.802212060074034],[6.694514791925217,49.802210677985336],[6.694512656964663,49.802255613350091],[6.694443216801019,49.802254231217624],[6.694373776642744,49.802252849043583],[6.69430433648984,49.802251466827947],[6.694302201331421,49.802296402185739],[6.694232761119721,49.802295019926348],[6.694163320913389,49.802293637625382],[6.694093880712428,49.802292255282836],[6.694091745356148,49.802337190633651],[6.69402230509639,49.802335808247342],[6.693952864842005,49.802334425819453],[6.693883424592988,49.802333043349982],[6.69381398434934,49.802331660838945],[6.69381184873103,49.802376596180608],[6.693742408428589,49.802375213625801],[6.693672968131519,49.802373831029414],[6.693603527839821,49.802372448391452],[6.693601392023645,49.80241738372613],[6.693531951673151,49.802416001044413],[6.69346251132803,49.802414618321102],[6.693393070988279,49.802413235556223],[6.693390934974238,49.802458170883931],[6.693321494575692,49.80245678807529],[6.693252054182521,49.802455405225061],[6.69318261379472,49.802454022333258],[6.693180477582811,49.802498957653988],[6.693111037136216,49.802497574718423],[6.693041596694995,49.802496191741277],[6.693039460349385,49.802541127057232],[6.692970019849369,49.802539744036302],[6.692900579354727,49.80253836097382],[6.692898442875414,49.802583296284979],[6.692829002321979,49.802581913178727],[6.692759561773913,49.802580530030887],[6.692757425160899,49.802625465337258],[6.692687984554043,49.802624082145662],[6.692618543952561,49.802622698912486],[6.692616407205842,49.802667634214068],[6.692546966545566,49.802666250937129],[6.692477525890665,49.802664867618603],[6.692475389010242,49.802709802915395],[6.692405948296548,49.802708419553106],[6.692336507588228,49.802707036149236],[6.6923343705741,49.802751971441246],[6.692264929806987,49.802750587993614],[6.69219548904525,49.802749204504401],[6.692193351897416,49.802794139791615],[6.692123911076886,49.80279275625864],[6.692121773859513,49.802837691543246],[6.692052332980191,49.802836307966501],[6.691982892106243,49.802834924348183],[6.691980754755165,49.802879859627993],[6.691911313822425,49.802878475965912],[6.691909176401807,49.802923411243121],[6.691839735410276,49.802922027537271],[6.691837597920117,49.802966962811873],[6.691768156869795,49.802965579062253],[6.691698715824846,49.802964195271059],[6.691696578200979,49.803009130540879],[6.691694440571739,49.803054065810279],[6.691624999403833,49.803052681973121],[6.691555558241302,49.803051298094395],[6.691553420478353,49.803096233359],[6.691551282710031,49.803141168623185],[6.691481841424541,49.803139784698494],[6.691479703586677,49.803184719960079],[6.691477565743438,49.803229655221237],[6.691408124334988,49.803228271250603],[6.691405986422207,49.803273206509168],[6.691403848504052,49.803318141767306],[6.691401710580521,49.803363077025026],[6.691399572651616,49.803408012282333],[6.691397434717339,49.803452947539206],[6.691395296777686,49.803497882795689],[6.691393158832659,49.803542818051739],[6.691391020882256,49.803587753307362],[6.69138888292648,49.803632688562587],[6.691386744965329,49.803677623817393],[6.691384606998804,49.803722559071758],[6.69138033104963,49.803812429579274],[6.691378193066981,49.803857364832403],[6.69130875076554,49.803855980789557],[6.691306612713346,49.803900916040071],[6.691304474655777,49.80394585129018],[6.691302336592834,49.803990786539863],[6.691232894104258,49.803989402448877],[6.691230755971769,49.80403433769596],[6.691161313424399,49.804032953561212],[6.691159175222364,49.804077888805686],[6.691157037014953,49.804122824049742],[6.691087594344618,49.804121439869043],[6.691085456067662,49.804166375110498],[6.691016013338531,49.804164990886015],[6.691013874992028,49.804209926124862],[6.690944432204105,49.804208541856624],[6.690942293788055,49.804253477092857],[6.690872850941338,49.804252092780843],[6.69087071245574,49.804297028014481],[6.690801269550229,49.804295643658705],[6.690799130995083,49.804340578889736],[6.690729688030778,49.80433919449019],[6.690660245071853,49.804337810049056],[6.690658106382987,49.804382745275291],[6.690588663365268,49.804381360790387],[6.690519220352926,49.804379976263903],[6.690449777345963,49.804378591695844],[6.690447638459204,49.804423526915102],[6.690378195393449,49.804422142303267],[6.690308752333074,49.804420757649851],[6.690239309278076,49.804419372954861],[6.690169866228459,49.804417988218283],[6.690167727079635,49.804462923428368],[6.690098283971224,49.804461538648027],[6.690028840868194,49.804460153826106],[6.689959397770545,49.80445876896259],[6.689957258423826,49.804503704165676],[6.689955119071729,49.80454863936837],[6.689952979714255,49.804593574570625],[6.689950840351401,49.804638509772474],[6.68994870098317,49.804683444973897],[6.68994656160956,49.804728380174907],[6.690016005092247,49.804729765051533],[6.690013865777432,49.804774700254328],[6.690011726457239,49.804819635456681],[6.690009587131669,49.804864570658623],[6.690007447800721,49.804909505860152],[6.690005308464395,49.804954441061263],[6.690074752273329,49.804955825907264],[6.6900726129958,49.805000761110136],[6.690070473712891,49.805045696312604],[6.690068334424605,49.805090631514645],[6.690066195130941,49.805135566716267],[6.690135639201954,49.805136951529434],[6.690133499967087,49.805181886732832],[6.690131360726841,49.805226821935818],[6.690129221481219,49.805271757138364],[6.690127082230219,49.805316692340519],[6.690196526563311,49.805318077120866],[6.690194387371108,49.805363012324776],[6.690192248173528,49.805407947528259],[6.690190108970569,49.805452882731338],[6.690187969762232,49.805497817934011],[6.690118525172438,49.805496433144903],[6.690116385894547,49.805541368344954],[6.690046941245956,49.805539983512077],[6.689908051964913,49.805537213721593],[6.689838607332464,49.805535828763965],[6.689769162705393,49.80553444376477],[6.689767023101245,49.805579378953453],[6.68969757841538,49.805577993910489],[6.689628133734896,49.80557660882593],[6.689630273467397,49.805531673641617],[6.68963241319452,49.805486738456885],[6.689634552916263,49.805441803271734],[6.689636692632628,49.805396868086163],[6.689638832343613,49.805351932900194],[6.689640972049218,49.805306997713785],[6.689643111749445,49.805262062526971],[6.689645251444294,49.805217127339724],[6.689649530817854,49.805127256963999],[6.689651670496565,49.805082321775515],[6.689653810169898,49.805037386586598],[6.689655949837852,49.804992451397268],[6.689658089500426,49.804947516207527],[6.689660229157623,49.804902581017366],[6.689664508455878,49.80481271063578],[6.689666648096938,49.804767775444368],[6.689668787732618,49.804722840252531],[6.689670927362919,49.804677905060288],[6.689675206607387,49.804588034674524],[6.689677346221553,49.804543099481016],[6.689607903022461,49.804541714405225],[6.689612182363002,49.804451844021337],[6.689614322025204,49.804406908828774],[6.689616461682025,49.804361973635778],[6.68961860133347,49.804317038442385],[6.689620740979536,49.804272103248543],[6.689622880620222,49.804227168054311],[6.689625020255531,49.804182232859645],[6.68962715988546,49.804137297664575],[6.689633578742977,49.804002492076833],[6.689564136319325,49.804001106985723],[6.689566275991909,49.803956171791164],[6.689568415659116,49.803911236596193],[6.689570555320944,49.803866301400781],[6.689572694977392,49.803821366204978],[6.689574834628463,49.803776431008743],[6.689576974274154,49.803731495812094],[6.689579113914467,49.803686560615027],[6.689581253549401,49.803641625417541],[6.689511811644488,49.803640240302379],[6.689513951338213,49.803595305106661],[6.689375067672867,49.803592534755957],[6.689372927850805,49.80363746994729],[6.689303485962036,49.803636084707392],[6.689234044078648,49.803634699425892],[6.689164602200643,49.803633314102818],[6.689095160328018,49.803631928738177],[6.6890930202439,49.80367686392033],[6.689023578312488,49.803675478511913],[6.688954136386458,49.803674093061915],[6.688884694465811,49.803672707570328],[6.688882554183803,49.803717642745511],[6.688813112204371,49.803716257210162],[6.688743670230319,49.803714871633233],[6.688741529814593,49.803759806803605],[6.688672087781755,49.803758421182913],[6.6886026457543,49.803757035520626],[6.688533203732228,49.803755649816765],[6.688531063118612,49.803800584980159],[6.688461621037755,49.803799199232536],[6.688392178962278,49.803797813443325],[6.688390038214942,49.803842748601923],[6.688320596080683,49.803841362768928],[6.688251153951805,49.803839976894373],[6.688181711828312,49.803838590978238],[6.688179570883085,49.803883526129837],[6.688110128700806,49.803882140169932],[6.688040686523913,49.803880754168446],[6.688038545444964,49.80392568931525],[6.687899660978988,49.803922917183144],[6.687760776534553,49.803920144884721],[6.687691334320413,49.803918758673127],[6.687621892111658,49.803917372419974],[6.687552449908289,49.803915986125233],[6.687483007710306,49.803914599788911],[6.687413565517707,49.803913213411015],[6.687344123330495,49.803911826991524],[6.687274681148669,49.803910440530466],[6.687272539358467,49.803955375652755],[6.687203097117857,49.803953989147914],[6.687133654882635,49.803952602601505],[6.687131512958709,49.803997537718992],[6.687062070664703,49.8039961511288],[6.687059928671223,49.804041086243686],[6.687057786672358,49.804086021358145],[6.687055644668109,49.804130956472171],[6.687053502658475,49.804175891585786],[6.687051360643457,49.804220826698987],[6.687049218623053,49.804265761811784],[6.687042792529534,49.804400567147624],[6.687040650487592,49.80444550225873],[6.687038508440265,49.804490437369424],[6.687036366387553,49.804535372479691],[6.687034224329457,49.804580307589553],[6.687032082265976,49.804625242699004],[6.687029940197109,49.804670177808021],[6.687027798122856,49.804715112916625],[6.687025656043221,49.804760048024811],[6.687023513958201,49.804804983132577],[6.686954070514494,49.804803596461362],[6.686951928359914,49.80484853156652],[6.68694978619995,49.80489346667126],[6.686947644034601,49.804938401775587],[6.686945501863867,49.804983336879474],[6.686943359687747,49.805028271982977],[6.686941217506241,49.805073207086032],[6.686871773682881,49.805071820360098],[6.686869631431817,49.805116755460553],[6.686867489175368,49.805161690560602],[6.686798045229048,49.805160303788689],[6.686795902903039,49.80520523888611],[6.68672645889793,49.805203852070427],[6.686724316502362,49.80524878716524],[6.686654872438467,49.805247400305795],[6.686652729973338,49.805292335398008],[6.686650587502823,49.80533727048978],[6.686581143315968,49.80533588358437],[6.686579000775891,49.805380818673548],[6.686576858230429,49.805425753762314],[6.686646302545634,49.805427140672123],[6.686644160058961,49.805472075762665],[6.686642017566902,49.805517010852782],[6.686637732566626,49.805606881031757],[6.686635590058408,49.80565181612063],[6.68670503469988,49.805653202999814],[6.686702892250453,49.805698138090456],[6.686700749795638,49.805743073180679],[6.686770194570851,49.805744460022652],[6.686768052174828,49.805789395114658],[6.686837497019604,49.805790781917246],[6.686835354682372,49.805835717011014],[6.686904799596713,49.805837103774223],[6.686902657318272,49.805882038869754],[6.686900515034445,49.805926973964887],[6.686969960082527,49.805928360690892],[6.686967817857492,49.80597329578778],[6.686965675627071,49.80601823088427],[6.687035120808895,49.806019617573078],[6.687032978637266,49.80606455267133],[6.687030836460253,49.806109487769163],[6.687028694277855,49.80615442286657],[6.68702655209007,49.806199357963578],[6.686957106651536,49.806197971266009],[6.686954964394189,49.806242906360389],[6.686952822131456,49.806287841454363],[6.686883376569954,49.806286454710829],[6.686813931013838,49.806285067925714],[6.686744485463112,49.806283681099004],[6.686675039917773,49.806282294230712],[6.686672897392942,49.806327229315507],[6.686603451788812,49.806325842403439],[6.686534006190072,49.806324455449797],[6.686538291491063,49.806234585288564],[6.686540434133478,49.80618965020733],[6.686470988732661,49.806188263218672],[6.686473131433868,49.806143328139207],[6.686475274129688,49.806098393059322],[6.686405828862616,49.806097006033468],[6.686336383600931,49.806095618966033],[6.686266938344636,49.80609423185701],[6.686264795456283,49.806139166930322],[6.686195350141199,49.806137779777515],[6.686193207183281,49.806182714848227],[6.686191064219977,49.80622764991849],[6.686260509663416,49.806229037075667],[6.686258366758902,49.806273972147736],[6.686256223849001,49.806318907219371],[6.686254080933712,49.80636384229058],[6.686184635297739,49.806362455126816],[6.686186778277205,49.806317520057803],[6.686047887149782,49.806314745609917],[6.686045744041959,49.806359680674554],[6.685976298422154,49.80635829338604],[6.685974155244765,49.806403228448076],[6.686043600928747,49.806404615738778],[6.686041457810149,49.806449550802569],[6.685972012061987,49.806448163509685],[6.685969868873823,49.806493098570868],[6.685900423066872,49.806491711234209],[6.685830977265312,49.80649032385594],[6.685828833943401,49.806535258912326],[6.685759388083052,49.806533871490302],[6.685757244691573,49.806578806544088],[6.685755101294708,49.806623741597441],[6.685685655311392,49.806622354129438],[6.685616209333466,49.806620966619853],[6.685614065802852,49.80666590166841],[6.685544619766138,49.806664514115049],[6.685475173734815,49.806663126520107],[6.685473030070455,49.80670806156386],[6.685403583980342,49.806706673925135],[6.685401440246413,49.806751608966266],[6.685331994097514,49.806750221283764],[6.685262547954006,49.806748833559688],[6.685260404086327,49.806793768596023],[6.685258260213258,49.806838703631946],[6.685188813946783,49.806837315861898],[6.6851193676857,49.806835928050248],[6.685049921430007,49.80683454019703],[6.685047777359009,49.806879475225934],[6.684978331044529,49.806878087328947],[6.684976186903961,49.806923022355242],[6.684906740530693,49.806921634414472],[6.684837294162819,49.806920246432107],[6.6848351498885,49.806965181453613],[6.684765703461838,49.806963793427478],[6.684763559117949,49.807008728446348],[6.684694112632499,49.807007340376437],[6.684691968219038,49.807052275392707],[6.684622521674801,49.807050887279011],[6.684620377191768,49.807095822292673],[6.684550930588745,49.807094434135195],[6.684548786036141,49.807139369146256],[6.684479339374328,49.807137980945001],[6.684477194752151,49.807182915953447],[6.684407748031552,49.807181527708401],[6.684405603339803,49.807226462714233],[6.684266709786423,49.807223686095021],[6.684197263017826,49.807222297723044],[6.684127816254622,49.807220909309486],[6.684125671300755,49.807265844306109],[6.684056224478765,49.80726445584876],[6.684054079455326,49.807309390842789],[6.683984632574549,49.807308002341664],[6.683982487481535,49.807352937333064],[6.683980342383128,49.80739787232406],[6.683910895379383,49.807396483776962],[6.683908750211401,49.807441418765336],[6.683839303148869,49.807440030174462],[6.683769856091732,49.807438641541999],[6.683767710789994,49.80748357652557],[6.683698263674071,49.807482187849324],[6.683696118302756,49.807527122830273],[6.683626671128047,49.80752573411025],[6.683624525687158,49.807570669088598],[6.683555078453661,49.807569280324792],[6.683552932943197,49.807614215300518],[6.683483485650915,49.807612826492935],[6.683481340070873,49.807657761466061],[6.683411892719803,49.807656372614694],[6.683409747070185,49.807701307585191],[6.683340299660331,49.807699918690048],[6.683338153941135,49.807744853657944],[6.683268706472495,49.807743464719003],[6.683266560683723,49.807788399684298],[6.683197113156295,49.807787010701581],[6.683127665634263,49.80778562167729],[6.683125519711731,49.807830556637761],[6.683056072130914,49.807829167569686],[6.683053926138802,49.807874102527542],[6.6829844784992,49.807872713415684],[6.68298233243751,49.807917648370932],[6.682912884739121,49.807916259215297],[6.682910738607853,49.80796119416793],[6.682841290850678,49.807959804968512],[6.682839144649831,49.808004739918523],[6.682769696833871,49.808003350675328],[6.682767550563445,49.808048285622732],[6.682698102688697,49.808046896335746],[6.682628654819348,49.808045507007186],[6.682626508415159,49.808090441949766],[6.682557060487024,49.808089052577422],[6.682554914013255,49.808133987517394],[6.682485466026334,49.808132598101274],[6.682483319482984,49.808177533038638],[6.682413871437277,49.80817614357872],[6.682411724824346,49.808221078513469],[6.682342276719855,49.808219689009789],[6.682272828620763,49.808218299464507],[6.682270681874067,49.808263234394431],[6.68220123371619,49.808261844805386],[6.682199086899911,49.808306779732703],[6.682129638683248,49.808305390099861],[6.682127491797388,49.808350325024563],[6.682058043521941,49.808348935347944],[6.682055896566499,49.808393870270017],[6.681986448232265,49.808392480549614],[6.68198430120724,49.808437415469093],[6.681914852814222,49.808436025704907],[6.681845404426603,49.808434635899125],[6.68184325726781,49.808479570813795],[6.681773808821406,49.808478180964244],[6.68177166159303,49.808523115876291],[6.681702213087842,49.808521725982942],[6.681700065789882,49.808566660892382],[6.681630617225907,49.808565270955256],[6.681561168667336,49.808563880976543],[6.681559021235606,49.808608815881165],[6.681489572618248,49.808607425858668],[6.681487425116935,49.808652360760675],[6.681417976440793,49.808650970694394],[6.681415828869895,49.808695905593794],[6.681346380134968,49.808694515483737],[6.681276931405443,49.808693125332084],[6.681274783700773,49.808738060226659],[6.681205334912463,49.808736670031237],[6.681203187138207,49.808781604923198],[6.681133738291114,49.808780214683978],[6.681064289449421,49.808778824403177],[6.681062141541394,49.80882375929032],[6.680992692640918,49.80882236896575],[6.680990544663306,49.808867303850271],[6.680921095704044,49.808865913481895],[6.680851646750187,49.808864523071939],[6.6808494986388,49.808909457951671],[6.680780049626159,49.808908067497924],[6.680777901445184,49.808953002375027],[6.680708452373758,49.808951611877504],[6.680639003307735,49.808950221338385],[6.680636854992988,49.808995156210678],[6.680567405868181,49.808993765627783],[6.680565257483845,49.80903870049746],[6.680495808300254,49.809037309870774],[6.680493659846331,49.809082244737823],[6.680424210603955,49.809080854067375],[6.680354761366986,49.80907946335531],[6.680352612779287,49.809124398217556],[6.680283163483533,49.809123007461714],[6.680281014826245,49.809167942321338],[6.680211565471707,49.809166551521706],[6.68020941674483,49.809211486378722],[6.68013996733151,49.809210095535313],[6.680137818535043,49.8092550303897],[6.680068369062938,49.809253639502508],[6.679998919596239,49.809252248573721],[6.679996770665994,49.809297183423304],[6.679927321140511,49.80929579245074],[6.679925172140677,49.809340727297702],[6.679855722556411,49.809339336281347],[6.679853573486985,49.809384271125687],[6.679784123843937,49.809382880065534],[6.67978197470492,49.809427814907281],[6.679712525003088,49.809426423803345],[6.67971037579448,49.809471358642448],[6.679640926033865,49.809469967494742],[6.679638776755665,49.809514902331237],[6.679569326936268,49.809513511139734],[6.679567177588475,49.809558445973614],[6.679497727710295,49.809557054738328],[6.67949557829291,49.809601989569593],[6.679426128355948,49.809600598290515],[6.679423978868971,49.809645533119145],[6.679354528873224,49.809644141796291],[6.679352379316654,49.809689076622313],[6.679282929262126,49.809687685255668],[6.679280779635962,49.809732620079068],[6.679211329522651,49.809731228668639],[6.679209179826893,49.809776163489424],[6.6791397296548,49.809774772035205],[6.679137579889449,49.809819706853375],[6.679068129658573,49.809818315355365],[6.679065979823627,49.80986325017092],[6.678996529533967,49.809861858629127],[6.678994379629428,49.809906793442067],[6.678924929280987,49.809905401856483],[6.678922779306851,49.809950336666795],[6.678853328899627,49.809948945037426],[6.678851178855897,49.809993879845123],[6.678849028806761,49.810038814652408],[6.678779578276565,49.810037422977047],[6.678777428157833,49.810082357781717],[6.678707977568854,49.810080966062564],[6.678705827380527,49.810125900864612],[6.678636376732763,49.810124509101676],[6.67863422647484,49.810169443901103],[6.678564775768296,49.810168052094376],[6.678562625440774,49.810212986891194],[6.678493174675448,49.810211595040677],[6.678491024278332,49.810256529834859],[6.678421573454221,49.810255137940565],[6.678419422987507,49.81030007273214],[6.678349972104614,49.810298680794048],[6.678347821568302,49.810343615583008],[6.678278370626626,49.810342223601126],[6.678276220020717,49.810387158387464],[6.678206769020259,49.810385766361797],[6.678204618344751,49.810430701145506],[6.678135167285511,49.810429309076056],[6.678133016540404,49.810474243857151],[6.678063565422382,49.810472851743917],[6.678061414607676,49.810517786522382],[6.677991963430872,49.810516394365344],[6.677989812546566,49.810561329141208],[6.677920361310981,49.810559936940386],[6.677850910080805,49.810558544697969],[6.677848759062707,49.810603479469016],[6.677779307773749,49.810602087182815],[6.677777156686052,49.810647021951226],[6.677707705338311,49.810645629621234],[6.677705554181014,49.810690564387045],[6.677636102774491,49.810689172013262],[6.67756665137338,49.810687779597892],[6.67756450008229,49.810732714358885],[6.677495048622396,49.810731321899716],[6.677492897261704,49.810776256658073],[6.677423445743029,49.810774864155114],[6.677421294312735,49.81081979891087],[6.677351842735278,49.810818406364127],[6.677349691235382,49.810863341117255],[6.677280239599145,49.810861948526714],[6.677210787968319,49.8108605558946],[6.677208636334628,49.810905490642895],[6.677139184645019,49.810904097966983],[6.677137032941726,49.810949032712671],[6.677067581193336,49.810947639992968],[6.677065429420439,49.810992574736026],[6.676995977613269,49.810991181972533],[6.67692652581151,49.810989789167444],[6.676924373904817,49.811034723905692],[6.676854922044277,49.811033331056819],[6.676852770067981,49.811078265792446],[6.67678331814866,49.811076872899761],[6.676781166102759,49.811121807632773],[6.676711714124658,49.811120414696319],[6.676642262151969,49.81111902171827],[6.67664010997227,49.81116395644645],[6.6765706579408,49.811162563424617],[6.676568505691495,49.811207498150182],[6.676499053601246,49.811206105084544],[6.676496901282336,49.81125103980748],[6.676427449133305,49.811249646698066],[6.67642529674479,49.81129458141838],[6.676355844536978,49.811293188265175],[6.676286392334579,49.811291795070368],[6.676284239812265,49.811336729785864],[6.676214787551086,49.811335336547273],[6.676212634959165,49.811380271260134],[6.676143182639207,49.811378877977745],[6.676141029977678,49.811423812688005],[6.67607157759894,49.811422419361826],[6.676002125225612,49.811421025994058],[6.675999972430283,49.811465960699493],[6.675997819629542,49.811510895404503],[6.675928367133241,49.811509501990741],[6.675926214262891,49.811554436693136],[6.675924061387129,49.811599371395104],[6.675854608767853,49.811597977935349],[6.675852455822484,49.811642912634696],[6.675783003144428,49.811641519131136],[6.675780850129448,49.811686453827882],[6.675711397392612,49.811685060280524],[6.675641944661189,49.8116836666916],[6.675639791512406,49.8117286013835],[6.675570338722205,49.811727207750778],[6.675568185503813,49.811772142440056],[6.67549873265483,49.811770748763536],[6.675429279811264,49.811769355045421],[6.675359826973114,49.811767961285724],[6.675357673556721,49.811812895967982],[6.675355520134914,49.811857830649828],[6.675286067173787,49.811856436844117],[6.675216614218078,49.811855042996825],[6.675147161267785,49.811853649107931],[6.675077708322908,49.81185225517747],[6.675075554638902,49.811897189850079],[6.675006101635247,49.811895795875806],[6.675003947881629,49.8119407305458],[6.674934494819193,49.811939336527729],[6.674865041762175,49.811937942468091],[6.67486288787475,49.811982877133246],[6.674723981648572,49.811980088884773],[6.67472182762734,49.812025023545097],[6.674652374458182,49.812023629356268],[6.67458292129444,49.812022235125852],[6.674580767139398,49.812067169781358],[6.67451131391688,49.812065775507136],[6.674441860699778,49.812064381191334],[6.674439706410926,49.812109315842015],[6.674370253135046,49.812107921482415],[6.674368098776581,49.812152856130474],[6.674298645441923,49.812151461727076],[6.674229192112684,49.81215006728209],[6.674159738788864,49.812148672795509],[6.674157584232391,49.812193607436541],[6.674088130849793,49.812192212906169],[6.674018677472614,49.812190818334194],[6.67401652278233,49.812235752970395],[6.673947069346373,49.81223435835463],[6.673877615915836,49.812232963697276],[6.673808162490718,49.812231568998335],[6.673806007602424,49.812276503627508],[6.673736554118529,49.812275108884776],[6.673667100640055,49.812273714100442],[6.673664945617948,49.812318648724791],[6.673595492080696,49.812317253896659],[6.673526038548864,49.812315859026945],[6.673456585022453,49.81231446411563],[6.673454429802335,49.812359398732951],[6.673384976217148,49.812358003777838],[6.673315522637382,49.81235660878113],[6.67331336728345,49.812401543393626],[6.673243913644907,49.812400148353127],[6.673174460011785,49.812398753271047],[6.673172304524039,49.812443687878705],[6.67310285083214,49.812442292752827],[6.673033397145663,49.812440897585354],[6.672963943464608,49.812439502376293],[6.67296178777885,49.812484436976895],[6.67289233403902,49.812483041724036],[6.67282288030461,49.812481646429589],[6.672820724485035,49.812526581025374],[6.67275127069185,49.812525185687136],[6.672681816904086,49.812523790307296],[6.672679660950695,49.812568724898256],[6.672610207104157,49.812567329474632],[6.672540753263041,49.812565934009392],[6.672538597175834,49.812610868595527],[6.672469143275943,49.812609473086496],[6.672399689381477,49.812608077535884],[6.672397533160451,49.812653012117188],[6.672328079207208,49.812651616522764],[6.672258625259389,49.812650220886759],[6.672256468904544,49.812695155463231],[6.67218701489795,49.812693759783436],[6.672117560896781,49.81269236406203],[6.672048106901034,49.812690968299037],[6.672045950348172,49.812735902868475],[6.671976496293651,49.812734507061691],[6.671907042244556,49.812733111213312],[6.671904885557875,49.812778045777904],[6.671835431450004,49.812776649885741],[6.671765977347557,49.812775253951976],[6.671763820527056,49.812820188511751],[6.671694366365836,49.812818792534195],[6.67162491221004,49.81281739651503],[6.671622755255719,49.812862331069965],[6.671553301041149,49.812860935007009],[6.671483846832005,49.812859538902451],[6.671481689743862,49.812904473452569],[6.671412235475944,49.812903077304235],[6.671342781213452,49.81290168111429],[6.671340623991487,49.812946615659563],[6.671271169670222,49.812945219425821],[6.671201715354384,49.812943823150498],[6.671199557998595,49.812988757690931],[6.671130103623983,49.81298736137181],[6.671060649254797,49.812985965011087],[6.671058491765186,49.813030899546696],[6.670989037337226,49.813029503142182],[6.670919582914695,49.813028106696066],[6.670917425291259,49.813073041226858],[6.670847970809954,49.813071644736944],[6.670845813116896,49.813116579265078],[6.670776358576817,49.81311518273138],[6.670706904042167,49.813113786156073],[6.670704746215284,49.813158720679397],[6.67063529162186,49.813157324060299],[6.67063313372535,49.813202258580986],[6.670563679073155,49.813200861918084],[6.670494224426386,49.813199465213593],[6.670492066396052,49.813244399729449],[6.670422611690511,49.813243002981153],[6.67042045359055,49.81328793749438],[6.670350998826237,49.813286540702286],[6.67034884065665,49.813331475212884],[6.670279385833564,49.813330078376993],[6.670209931015909,49.813328681499513],[6.670207772712493,49.813373616005293],[6.670138317836065,49.813372219083995],[6.670136159463024,49.813417153587139],[6.670066704527823,49.813415756622049],[6.670064546085153,49.813460691122565],[6.669995091091181,49.813459294113677],[6.669992932578884,49.813504228611563],[6.66992347752614,49.813502831558878],[6.669921318944214,49.813547766054143],[6.669851863832698,49.81354636895766],[6.669849705181145,49.813591303450281],[6.669780250010857,49.813589906309993],[6.669778091289674,49.813634840799999],[6.669708636060614,49.813633443615913],[6.669706477269802,49.81367837810329],[6.669637021981971,49.8136769808754],[6.669634863121529,49.813721915360141],[6.669565407774926,49.813720518088445],[6.669563248844856,49.813765452570578],[6.669561089909357,49.813810387052293],[6.66949163443978,49.813808989734582],[6.669489475434652,49.813853924213653],[6.669420019906301,49.813852526852152],[6.669417860831542,49.813897461328608],[6.669348405244421,49.813896063923302],[6.66934624610003,49.813940998397129],[6.669344086950212,49.813985932870523],[6.669274631240116,49.813984535419209],[6.669272472020666,49.814029469889995],[6.669270312795787,49.814074404360341],[6.669200856962717,49.814073006863005],[6.669198697668206,49.814117941330736],[6.669129241776364,49.814116543789602],[6.669127082412222,49.814161478254704],[6.669124923042648,49.814206412719393],[6.669055467027831,49.814205015132252],[6.669053307588626,49.814249949594299],[6.669051148143991,49.814294884055933],[6.668981692006199,49.814293486422784],[6.668979532491931,49.814338420881789],[6.668977372972234,49.814383355340368],[6.668907916711465,49.814381957661205],[6.668905757122134,49.814426892117169],[6.668836300802592,49.814425494394193],[6.668834141143628,49.814470428847535],[6.668831981479233,49.814515363300437],[6.668762525036715,49.814513965531461],[6.668760365302685,49.814558899981748],[6.668758205563226,49.814603834431608],[6.668688748997732,49.81460243661661],[6.668686589188637,49.814647371063849],[6.668684429374111,49.814692305510661],[6.668614972685639,49.814690907649663],[6.668612812801478,49.814735842093846],[6.668610652911889,49.81478077653761],[6.668608493016867,49.814825710980976],[6.668539036141211,49.814824313071739],[6.668536876176554,49.814869247512455],[6.668534716206465,49.814914181952759],[6.66846525920783,49.814912783997514],[6.668463099168106,49.814957718435188],[6.668460939122951,49.815002652872444],[6.668391482001336,49.815001254871184],[6.668389321886543,49.815046189305818],[6.668387161766319,49.815091123740025],[6.668385001640663,49.815136058173813],[6.668382841509577,49.815180992607175],[6.668452298888016,49.815182390617281],[6.66852175627189,49.815183788585777],[6.668519596263786,49.815228723023147],[6.668589053717299,49.815230120952265],[6.668658511176244,49.815231518839781],[6.668656351291125,49.815276453281143],[6.668725808819711,49.815277851129274],[6.66879526635373,49.815279248935823],[6.668864723893179,49.815280646700764],[6.668934181438063,49.815282044424116],[6.668936341066352,49.815237109973914],[6.669005798552462,49.815238507653461],[6.669007958111116,49.815193573200617],[6.66907741553845,49.815194970836366],[6.669079575027467,49.815150036380899],[6.669081734511055,49.81510510192502],[6.669151191815406,49.815106499514755],[6.669153351229358,49.81506156505624],[6.669222808474935,49.815062962602163],[6.66922496781925,49.815018028141026],[6.669227127158138,49.81497309367947],[6.669229286491595,49.814928159217494],[6.669298743549984,49.8149295567152],[6.669300902813807,49.814884622250595],[6.66937035981342,49.814886019704488],[6.669372519007609,49.814841085237262],[6.669374678196368,49.814796150769617],[6.669376837379698,49.814751216301545],[6.669446294192126,49.814752613707221],[6.669448453305821,49.81470767923652],[6.669517910059474,49.814709076598398],[6.669520069103537,49.814664142125075],[6.669589525798413,49.814665539443148],[6.669591684772842,49.814620604967203],[6.669593843741843,49.814575670490825],[6.669663300313741,49.81457706776289],[6.669665459213109,49.814532133283883],[6.669734915726233,49.814533530512143],[6.669737074555968,49.814488596030529],[6.669739233380275,49.814443661548474],[6.669808689770419,49.814445058730719],[6.669810848525095,49.814400124246049],[6.669880304856463,49.814401521384482],[6.669882463541507,49.814356586897198],[6.669951919814102,49.81435798399184],[6.669954078429514,49.814313049501912],[6.670023534643334,49.81431444655275],[6.670025693189115,49.814269512060207],[6.67009514934416,49.814270909067233],[6.670097307820308,49.814225974572061],[6.670099466291032,49.814181040076448],[6.670168922323099,49.814182437037488],[6.670238378360596,49.814183833956918],[6.670240536697485,49.814138899456474],[6.670309992676206,49.81414029633212],[6.670312150943464,49.814095361829061],[6.67038160686341,49.814096758660895],[6.67038376506104,49.814051824155207],[6.670453220922211,49.814053220943229],[6.670522676788812,49.814054617689671],[6.670524834852609,49.814009683179144],[6.67052699291098,49.813964748668212],[6.670596448654602,49.813966145368639],[6.670598606643345,49.813921210855064],[6.670600764626662,49.813876276341077],[6.670531309011446,49.813874879645063],[6.670461853401657,49.813873482907454],[6.670464011507953,49.81382854839746],[6.670394555967795,49.813827151620472],[6.670396714132869,49.813782217112276],[6.670466169608824,49.813783613887054],[6.670535625090207,49.813785010620251],[6.670605080577019,49.813786407311845],[6.67060723854406,49.813741472796607],[6.670609396505674,49.813696538280944],[6.670611554461863,49.813651603764853],[6.670613712412626,49.813606669248351],[6.670683167648058,49.813608065889525],[6.670752622888917,49.813609462489104],[6.670822078135203,49.813610859047095],[6.670824235887936,49.813565924523559],[6.670893691075448,49.813567321037752],[6.670895848758555,49.813522386511586],[6.670965303887293,49.813523782981967],[6.670967461500775,49.813478848453173],[6.671036916570737,49.813480244879763],[6.671106371646126,49.813481641264765],[6.671108529125781,49.813436706731139],[6.671177984142395,49.813438103072336],[6.671247439164437,49.813439499371945],[6.671245281813186,49.813484433909977],[6.671314736904855,49.813485830170201],[6.67138419200195,49.813487226388823],[6.671382034773678,49.813532160930862],[6.6714514899404,49.813533557110091],[6.671520945112548,49.813534953247746],[6.671590400290122,49.813536349343806],[6.671659855473122,49.813537745398264],[6.671729310661546,49.813539141411127],[6.671798765855397,49.813540537382401],[6.67186822105467,49.813541933312088],[6.671870377833534,49.813496998754609],[6.67193983297403,49.813498394640483],[6.672009288119954,49.813499790484769],[6.67201144476499,49.813454855922473],[6.672080899852135,49.813456251722968],[6.672083056427549,49.813411317158028],[6.672152511455917,49.813412712914712],[6.672154667961709,49.813367778347157],[6.672224122931299,49.81336917406005],[6.672226279367468,49.813324239489859],[6.672295734278282,49.813325635158947],[6.672297890644828,49.813280700586127],[6.67230004700595,49.813235766012902],[6.672302203361652,49.81319083143925],[6.672304359711934,49.81314589686518],[6.672234905057921,49.813144501204903],[6.67223706146698,49.81309956663263],[6.672239217870618,49.813054632059924],[6.672241374268835,49.813009697486798],[6.672310828730247,49.813011093140453],[6.672312985058842,49.81296615856472],[6.672382439461478,49.812967554174577],[6.672451893869536,49.812968949742839],[6.67252134828302,49.812970345269513],[6.672523504413594,49.812925410686717],[6.672592958768301,49.812926806169592],[6.672662413128429,49.812928201610873],[6.672664569125184,49.812883267023267],[6.672734023426537,49.812884662420757],[6.672803477733313,49.812886057776637],[6.67287293204551,49.812887453090937],[6.672875087844246,49.812842518496296],[6.672944542097667,49.812843913766805],[6.673013996356509,49.812845308995712],[6.673016152021428,49.812800374396232],[6.673085606221492,49.812801769581348],[6.673155060426979,49.812803164724869],[6.673224514637887,49.812804559826802],[6.673226670104789,49.812759625220281],[6.67329612425692,49.812761020278415],[6.673365578414471,49.812762415294962],[6.673367733747556,49.812717480683624],[6.673437187846329,49.812718875656365],[6.673506641950524,49.812720270587519],[6.673508797149792,49.812675335971356],[6.673578251195208,49.812676730858705],[6.673647705246045,49.812678125704473],[6.673717159302304,49.812679520508645],[6.673786613363981,49.81268091527123],[6.673788768301034,49.812635980645815],[6.673858222303935,49.812637375364602],[6.673927676312254,49.812638770041794],[6.673997130325994,49.812640164677397],[6.674066584345152,49.812641559271405],[6.674136038369729,49.812642953823818],[6.674133883753671,49.812687888460246],[6.674131729132193,49.812732823096255],[6.674201183290588,49.812734217611485],[6.674270637454402,49.812735612085135],[6.674340091623637,49.812737006517168],[6.674409545798287,49.812738400907641],[6.674407391428191,49.812783335552034],[6.67447684567246,49.8127847299031],[6.674474691361146,49.812829664549298],[6.674544145675034,49.812831058860972],[6.674613599994341,49.812832453131051],[6.674683054319065,49.812833847359556],[6.674752508649208,49.812835241546466],[6.674821962984767,49.812836635691774],[6.674891417325745,49.812838029795486],[6.674960871672142,49.812839423857625],[6.674958717804809,49.812884358518822],[6.675028172220821,49.812885752541568],[6.675097626642252,49.812887146522712],[6.675099780381186,49.812842211857102],[6.675238689111898,49.812844999690213],[6.675240842717017,49.812800065019779],[6.675310297026297,49.812801458871739],[6.675379751340995,49.812802852682118],[6.67544920566111,49.812804246450888],[6.67551865998664,49.812805640178091],[6.675588114317587,49.812807033863685],[6.675590267596294,49.812762099181825],[6.675659721868457,49.812763492823628],[6.675729176146036,49.812764886423828],[6.675798630429029,49.812766279982448],[6.675800783509725,49.812721345293561],[6.675870237733936,49.812722738808382],[6.675939691963561,49.812724132281616],[6.676009146198603,49.812725525713255],[6.676078600439058,49.812726919103284],[6.676076447615161,49.812771853800989],[6.67614590192523,49.812773247151647],[6.676215356240715,49.812774640460702],[6.676217508936213,49.812729705758613],[6.676286963192913,49.812731099023871],[6.6762891158188,49.812686164319153],[6.676291268439273,49.812641229614016],[6.676293421054336,49.81259629490846],[6.676295573663987,49.812551360202477],[6.676226119664084,49.812549966946023],[6.67622827233252,49.812505032241837],[6.676230424995547,49.812460097537212],[6.676232577653159,49.812415162832195],[6.676302031460466,49.812416556082042],[6.676299878867051,49.812461490789282],[6.67636933274397,49.812462883999736],[6.676438786626305,49.812464277168623],[6.676440939091322,49.812419342456977],[6.676510392914871,49.812420735582052],[6.676579846743834,49.812422128665546],[6.676577694407213,49.812467063381582],[6.676647148305788,49.812468456425677],[6.676716602209775,49.812469849428183],[6.676714449996141,49.812514784148213],[6.676783903969741,49.812516177111327],[6.676853357948754,49.812517570032853],[6.676855510033991,49.812472635308424],[6.676924963954219,49.812474028186152],[6.676994417879858,49.812475421022299],[6.676996569831287,49.812430486293039],[6.676998721777306,49.812385551563381],[6.677068175579961,49.81238694435352],[6.67713762938803,49.812388337102078],[6.677139781200241,49.812343402367581],[6.677209234949523,49.812344795072342],[6.677211386692127,49.812299860335223],[6.677280840382622,49.812301252996193],[6.677282992055617,49.812256318256466],[6.677352445687326,49.812257710873645],[6.677354597290715,49.812212776131297],[6.677424050863639,49.812214168704678],[6.677493504441972,49.812215561236464],[6.677495655911555,49.812170626489305],[6.677565109431104,49.812172018977293],[6.67756726083108,49.812127084227505],[6.67763671429184,49.812128476671717],[6.677706167758015,49.812129869074326],[6.677775621229597,49.812131261435347],[6.677777772431572,49.812086326678539],[6.677779923628139,49.812041391921312],[6.677849376976738,49.81204278423634],[6.677851528103699,49.811997849476491],[6.677853679225251,49.811952914716223],[6.677923132450866,49.811954306985271],[6.677992585681892,49.811955699212717],[6.678062038918327,49.811957091398568],[6.67806418984188,49.811912156631287],[6.678066340760027,49.811867221863587],[6.678135793873477,49.811868614003444],[6.678137944722019,49.811823679233129],[6.678140095565153,49.811778744462387],[6.678209548555621,49.811780136556244],[6.6782790015515,49.811781528608535],[6.678281152260834,49.811736593832975],[6.678350605197925,49.811737985841454],[6.678352755837655,49.81169305106328],[6.678491661599672,49.811695834951095],[6.678561114488794,49.811697226832614],[6.678563264930529,49.811652292047413],[6.678632717760863,49.811653683885147],[6.678634868132995,49.811608749097331],[6.678704320904542,49.811610140891268],[6.678773773681498,49.811611532643617],[6.678775923919833,49.811566597850977],[6.678845376638,49.811567989559542],[6.678914829361576,49.811569381226491],[6.67898428209056,49.811570772851866],[6.6789864321309,49.811525838052226],[6.679055884801096,49.811527229633811],[6.679125337476699,49.8115286211738],[6.679194790157708,49.811530012672215],[6.679196940000058,49.811485077865534],[6.67926639262228,49.811486469320151],[6.679268542395029,49.811441534510863],[6.679407447527303,49.81144431729092],[6.67947690010155,49.811445708618564],[6.679546352681204,49.811447099904612],[6.679548502191765,49.811402165086122],[6.679617954712629,49.811403556328379],[6.6796874072389,49.811404947529063],[6.679689556615667,49.811360012705741],[6.679759009083148,49.811361403862627],[6.679761158390319,49.811316469036683],[6.67983061079901,49.811317860149785],[6.679900063213107,49.811319251221285],[6.679902212386482,49.811274316390545],[6.67997166474179,49.811275707418261],[6.679973813845567,49.811230772584892],[6.679975962943941,49.811185837751104],[6.680045415176265,49.81118722873282],[6.680047564205041,49.811142293896431],[6.680117016378576,49.811143684834356],[6.680119165337755,49.811098749995345],[6.680188617452499,49.811100140889508],[6.680190766342082,49.811055206047861],[6.680260218398037,49.811056596898226],[6.680262367218022,49.811011662053978],[6.680264516032606,49.810966727209305],[6.680266664841787,49.810921792364219],[6.680336116710564,49.810923183166402],[6.680338265450148,49.810878248318694],[6.680340414184332,49.81083331347056],[6.680409865930127,49.810834704226757],[6.680412014594714,49.810789769376022],[6.680414163253899,49.810744834524861],[6.680483614876713,49.810746225235064],[6.680485763466304,49.810701290381296],[6.680555215030327,49.810702681047701],[6.680557363550322,49.810657746191325],[6.680626815055557,49.810659136813946],[6.680628963505958,49.810614201954941],[6.680698414952403,49.810615592533786],[6.680700563333211,49.810570657672159],[6.680770014720867,49.810572048207227],[6.68077216303208,49.810527113342978],[6.680774311337892,49.810482178478317],[6.680843762602567,49.810483568967399],[6.680845910838785,49.810438634100123],[6.680915362044671,49.810440024545407],[6.680917510211298,49.810395089675509],[6.680919658372524,49.810350154805192],[6.680989109455428,49.810351545204497],[6.680991257547062,49.810306610331573],[6.681060708571177,49.810308000687087],[6.681062856593218,49.810263065811547],[6.681132307558544,49.810264456123285],[6.681134455510994,49.810219521245124],[6.681203906417531,49.810220911513063],[6.681206054300389,49.810175976632294],[6.681275505148137,49.81017736685645],[6.681277652961405,49.810132431973067],[6.681279800769271,49.810087497089256],[6.681349251494039,49.810088887267426],[6.681351399232317,49.810043952381001],[6.681420849898295,49.81004534251538],[6.681422997566981,49.810000407626355],[6.681425145230269,49.809955472736895],[6.681494595773267,49.809956862825295],[6.681496743366965,49.809911927933229],[6.681566193851174,49.809913317977852],[6.681568341375283,49.809868383083163],[6.681637791800705,49.809869773083989],[6.681639939255223,49.809824838186692],[6.681709389621855,49.809826228143727],[6.681711537006785,49.809781293243823],[6.681780987314629,49.809782683157081],[6.68178313462997,49.809737748254555],[6.681852584879024,49.80973913812403],[6.681854732124776,49.809694203218882],[6.681924182315042,49.809695593044573],[6.681926329491207,49.809650658136817],[6.681995779622683,49.809652047918725],[6.68199792672926,49.809607113008347],[6.682067376801946,49.809608502746471],[6.682069523838937,49.809563567833472],[6.682138973852833,49.809564957527819],[6.682141120820237,49.809520022612205],[6.682210570775346,49.809521412262768],[6.682212717673162,49.809476477344546],[6.682214864565583,49.809431542425898],[6.682217011452604,49.809386607506852],[6.68221915833423,49.809341672587372],[6.682288608037982,49.809343062187558],[6.682358057747133,49.809344451746149],[6.682427507461685,49.809345841263159],[6.682429654145348,49.809300906336659],[6.682431800823613,49.809255971409776],[6.682501250415187,49.809257360880792],[6.682503397023868,49.80921242595128],[6.682505543627152,49.809167491021334],[6.682574993095748,49.8091688804464],[6.682577139629449,49.809123945513853],[6.682579286157751,49.809079010580881],[6.682648735503371,49.809080399959946],[6.682650881962091,49.809035465024358],[6.682653028415414,49.808990530088359],[6.68265517486334,49.808945595151954],[6.682724624021798,49.80894698448283],[6.682726770400142,49.808902049543811],[6.682728916773089,49.808857114604365],[6.68279836580857,49.808858503889269],[6.682800512111934,49.808813568947208],[6.682802658409905,49.808768634004721],[6.682804804702476,49.808723699061822],[6.682806950989654,49.808678764118497],[6.682876399773788,49.808680153353052],[6.682878545991383,49.808635218407119],[6.682880692203582,49.808590283460767],[6.682882838410388,49.808545348513995],[6.682884984611797,49.808500413566804],[6.68288713080781,49.808455478619202],[6.682956579276413,49.808456867801176],[6.682958725402846,49.808411932850952],[6.682960871523882,49.808366997900315],[6.682963017639523,49.808322062949266],[6.68296516374977,49.808277127997791],[6.683034611967028,49.808278517129402],[6.683036758007694,49.808233582175312],[6.683106206166167,49.808234971263147],[6.683175654330035,49.808236360309394],[6.683177800236938,49.8081914253505],[6.68324724834202,49.808192814352957],[6.683249394179342,49.808147879391434],[6.683318842225637,49.808149268350121],[6.683320987993381,49.808104333385998],[6.683390435980887,49.808105722300901],[6.683392581679053,49.808060787334163],[6.683462029607772,49.808062176205283],[6.683464175236359,49.80801724123593],[6.683533623106289,49.808018630063273],[6.683603070981618,49.808020018849014],[6.683605216476443,49.807975083874858],[6.683674664292981,49.807976472616836],[6.683744112114917,49.807977861317219],[6.683813559942247,49.807979249976015],[6.683815705239128,49.80793431499486],[6.683885153007671,49.807935703609878],[6.683887298234976,49.807890768626088],[6.68395674594473,49.80789215719733],[6.683958891102457,49.807847222210953],[6.684028338753423,49.807848610738411],[6.684030483841575,49.807803675749412],[6.684099931433751,49.807805064233079],[6.684102076452327,49.807760129241458],[6.684171523985717,49.807761517681371],[6.684240971524499,49.807762906079674],[6.684310419068678,49.807764294436403],[6.684312563889311,49.807719359437804],[6.684382011374701,49.807720747750736],[6.68438415612576,49.807675812749515],[6.684386300871427,49.807630877747862],[6.684455748233844,49.807632266014835],[6.684457892909938,49.807587331010581],[6.684527340213567,49.807588719233777],[6.684529484820085,49.807543784226908],[6.684598932064925,49.807545172406321],[6.68460107660187,49.807500237396845],[6.684670523787921,49.807501625532481],[6.684739970979366,49.807503013626523],[6.684742115382555,49.807458078612243],[6.68481156251521,49.807459466662515],[6.684813706848827,49.807414531645605],[6.684883153922693,49.807415919652108],[6.684885298186738,49.807370984632584],[6.684954745201814,49.807372372595303],[6.684956889396287,49.807327437573178],[6.685026336352575,49.807328825492121],[6.685028480477475,49.807283890467374],[6.685097927374974,49.80728527834254],[6.685167374277865,49.807286666176111],[6.685236821186148,49.807288053968108],[6.685306268099823,49.807289441718503],[6.685308411962606,49.807244506684576],[6.685377858817492,49.807245894391194],[6.685380002610705,49.80720095935466],[6.685449449406801,49.807202347017508],[6.685518896208288,49.807203734638769],[6.685521039867749,49.807158799597424],[6.685590486610446,49.807160187174915],[6.685659933358534,49.807161574710811],[6.685662076884244,49.807116639664663],[6.685731523573542,49.807118027156783],[6.68580097026823,49.807119414607328],[6.685803113660189,49.80707447955637],[6.685872560296088,49.807075866963132],[6.685874703618476,49.807030931909566],[6.685944150195584,49.807032319272551],[6.686013596778083,49.807033706593941],[6.686015739966723,49.806988771535586],[6.686085186490431,49.806990158813214],[6.686154633019529,49.80699154604924],[6.686156776074419,49.806946610986067],[6.686226222544726,49.80694799817833],[6.686228365530049,49.806903063112543],[6.686297811941565,49.80690445026103],[6.686367258358469,49.806905837367935],[6.686369401210045,49.806860902297345],[6.686438847568158,49.806862289360467],[6.686440990350166,49.806817354287276],[6.686510436649489,49.806818741306621],[6.686579882954201,49.806820128284386],[6.686582025602462,49.806775193206377],[6.686651471848382,49.806776580140358],[6.686720918099692,49.806777967032765],[6.686723060614205,49.806733031949967],[6.686792506806722,49.806734418798598],[6.686861953004628,49.806735805605634],[6.686931399207921,49.806737192371088],[6.68693354152451,49.806692257281291],[6.687002987669011,49.806693644002976],[6.6870724338189,49.806695030683073],[6.687141879974178,49.806696417321589],[6.687144022092841,49.806651482224794],[6.687213468189326,49.806652868819533],[6.687215610238426,49.806607933720137],[6.687217752282141,49.806562998620322],[6.68721989432047,49.806518063520102],[6.687289340229803,49.806519450066666],[6.687358786144523,49.806520836571657],[6.687428232064631,49.806522223035074],[6.687430373905038,49.806477287927855],[6.687499819766352,49.806478674347495],[6.687569265633054,49.806480060725534],[6.687571407339718,49.806435125613511],[6.687640853147626,49.806436511947794],[6.68771029896092,49.806437898240482],[6.687779744779601,49.806439284491596],[6.687918636433119,49.806442056869052],[6.688057528108178,49.806444829080178],[6.688126973953787,49.806446215123366],[6.688196419804779,49.806447601124972],[6.68833531152292,49.806450373003429],[6.688404757390066,49.806451758880279],[6.688474203262598,49.806453144715547],[6.688543649140514,49.806454530509221],[6.688541508332356,49.806499465651925],[6.688610954279834,49.806500851406213],[6.688608813530476,49.806545786550664],[6.688678259547518,49.806547172265567],[6.688747705569944,49.806548557938875],[6.688817151597753,49.806549943570602],[6.688886597630946,49.806551329160747],[6.688956043669521,49.806552714709312],[6.688958184097983,49.806507779553897],[6.689027630077763,49.806509165058692],[6.68916652205347,49.806511935943504],[6.689164381817547,49.806556871105478],[6.689233827877655,49.806558256487705],[6.689442166090272,49.806562412384864],[6.689444306069476,49.806517477214129],[6.689513752086933,49.806518862427836],[6.68958319810977,49.806520247599948],[6.689652644137991,49.806521632730473],[6.689722090171593,49.806523017819416],[6.689791536210575,49.806524402866771],[6.689860982254939,49.806525787872559],[6.689863121843687,49.80648085268826],[6.690002013820197,49.806483622570681],[6.690071459816526,49.806485007449524],[6.690073599207355,49.806440072258248],[6.690077877972882,49.806350201874437],[6.690080017347578,49.806305266681903],[6.690082156716895,49.806260331488971],[6.690084296080834,49.806215396295592],[6.690014850469582,49.80621401142988],[6.690016989892321,49.806169076238291],[6.690086435439396,49.806170461101807],[6.690088574792577,49.806125525907611],[6.690158020280854,49.80612691072735],[6.690227465774509,49.806128295505509],[6.690229604993958,49.806083360306509],[6.690299050428815,49.806084745040899],[6.690368495869054,49.8060861297337],[6.690370634954768,49.806041194529897],[6.690440080336208,49.806042579178921],[6.690437941314672,49.80608751438492],[6.690507386765669,49.806088898994545],[6.690505247802934,49.806133834202306],[6.690574693323487,49.806135218772539],[6.690572554419553,49.806180153982055],[6.690570415510242,49.806225089191152],[6.690639861164533,49.806226473724195],[6.690637722314024,49.806271408935068],[6.690635583458138,49.806316344145522],[6.690705029246166,49.806317728641346],[6.690702890449082,49.806362663853577],[6.69070075164662,49.806407599065388],[6.690770197568386,49.806408983524001],[6.690768058824728,49.806453918737567],[6.690765920075694,49.806498853950743],[6.690835366131196,49.806500238372152],[6.690833227440965,49.806545173587082],[6.690831088745356,49.806590108801593],[6.690900534934598,49.806591493185792],[6.690898396297793,49.806636428402079],[6.690896257655612,49.806681363617955],[6.690965703978593,49.806682747964949],[6.690963565395216,49.806727683182579],[6.691033011787756,49.806729067490174],[6.691030873263182,49.806774002709574],[6.691100319725282,49.806775386977769],[6.691098181259513,49.806820322198952],[6.691167627791171,49.806821706427755],[6.691165489384209,49.806866641650693],[6.69116335097187,49.806911576873226],[6.691232797637268,49.806912961064818],[6.691230659283734,49.806957896289113],[6.691300106018693,49.806959280441319],[6.691297967723965,49.807004215667376],[6.691367414528481,49.807005599780176],[6.69136527629256,49.807050535008017],[6.691434723166636,49.80705191908141],[6.691504170046089,49.807053303113236],[6.691573616930922,49.807054687103459],[6.691571478882171,49.807099622337446],[6.691640925836562,49.807101006288278],[6.691710372796328,49.807102390197521],[6.691779819761472,49.80710377406519],[6.691775544032938,49.807193644545023],[6.69170609693943,49.807192260672977],[6.691703959002919,49.807237195910083],[6.69177340616061,49.807238579784304],[6.691771268282906,49.807283515023187],[6.691701821061033,49.807282131146771],[6.691699683113773,49.807327066383039],[6.691769130399828,49.807328450261643],[6.691766992511376,49.807373385499666],[6.691764854617548,49.807418320737284],[6.691834302037348,49.807419704578678],[6.69183216420233,49.807464639818065],[6.691830026361936,49.80750957505704],[6.69189947391548,49.807510958861208],[6.691897336133895,49.807555894101959],[6.691966783756998,49.807557277866735],[6.691964646034223,49.807602213109249],[6.692034093726887,49.807603596834625],[6.692031956062922,49.8076485320789],[6.692101403825146,49.807649915764877],[6.692099266219991,49.807694851010929],[6.692168714051776,49.807696234657506],[6.692166576505431,49.807741169905327],[6.692236024406775,49.807742553512497],[6.692233886919243,49.807787488762081],[6.692303334890147,49.807788872329866],[6.692301197461424,49.807833807581225],[6.692370645501888,49.807835191109611],[6.692368508131977,49.807880126362733],[6.692437956242004,49.807881509851718],[6.692435818930904,49.807926445106595],[6.692505267110489,49.807927828556188],[6.692503129858202,49.807972763812849],[6.692572578107351,49.807974147223035],[6.692570440913875,49.808019082481465],[6.692639889232582,49.808020465852245],[6.692637752097919,49.808065401112444],[6.692707200486187,49.808066784443817],[6.692705063410338,49.808111719705799],[6.692774511868166,49.80811310299778],[6.69277237485113,49.80815803826151],[6.692841823378518,49.808159421514091],[6.692839686420297,49.808204356779598],[6.692909135017246,49.808205739992765],[6.692906998117837,49.808250675260055],[6.692976446784347,49.808252058433837],[6.692974309943754,49.808296993702868],[6.693043758679825,49.80829837683725],[6.693041621898044,49.80834331210805],[6.693111070703677,49.808344695203033],[6.693108933980712,49.80838963047561],[6.693178382855905,49.808391013531192],[6.693176246191755,49.808435948805545],[6.693245695136508,49.808437331821715],[6.693243558531175,49.808482267097823],[6.693313007545489,49.808483650074599],[6.693310870998973,49.808528585352484],[6.693380320082846,49.808529968289854],[6.693378183595145,49.8085749035695],[6.693447632748581,49.808576286467471],[6.693445496319696,49.808621221748886],[6.693514945542693,49.808622604607464],[6.693512809172625,49.808667539890642],[6.693582258465185,49.808668922709806],[6.693580122153934,49.808713857994761],[6.693577985837312,49.808758793279303],[6.693647435263618,49.808760176061263],[6.693716884695299,49.808761558801621],[6.693714748501683,49.808806494090113],[6.693712612302697,49.808851429378173],[6.693782061868128,49.808852812081312],[6.69385151143893,49.808854194742878],[6.693849375362951,49.808899130034902],[6.693847239281602,49.808944065326507],[6.693916688986155,49.808945447950848],[6.693914552963625,49.808990383244229],[6.693984002737738,49.808991765829155],[6.694053452517224,49.808993148372515],[6.694051316617703,49.809038083669833],[6.694120766466751,49.809039466173786],[6.694118630626049,49.80908440147288],[6.694116494779977,49.809129336771555],[6.694185944762777,49.80913071923829],[6.694183808975524,49.809175654538727],[6.694253259027884,49.809177036966055],[6.694322709085617,49.809178419351788],[6.694320573421376,49.809223354656183],[6.694390023548668,49.809224737002516],[6.694385752332461,49.809314607614432],[6.694383616716303,49.809359542919765],[6.694381481094775,49.809404478224671],[6.694450931484202,49.809405860538149],[6.694448795921498,49.809450795844825],[6.694518246380486,49.809452178118903],[6.694587696844845,49.809453560351386],[6.694657147314575,49.809454942542303],[6.694726597789677,49.809456324691617],[6.694724462478367,49.809501260006613],[6.69472232716169,49.809546195321197],[6.694791777770544,49.809547577433271],[6.694861228384767,49.809548959503779],[6.694859093191105,49.809593894822321],[6.694856957992073,49.809638830140429],[6.694926408740051,49.809640212173719],[6.694924273599844,49.809685147493603],[6.694993724417382,49.809686529487479],[6.694991589335999,49.809731464809126],[6.695061040223101,49.809732846763595],[6.695058905200542,49.809777782087011],[6.695128356157205,49.80977916400208],[6.695126221193472,49.809824099327258],[6.695195672219697,49.809825481202921],[6.695193537314787,49.809870416529876],[6.695262988410575,49.809871798366132],[6.69526085356449,49.809916733694848],[6.695330304729842,49.809918115491705],[6.695328169942583,49.809963050822176],[6.695397621177495,49.809964432579619],[6.695395486449063,49.810009367911867],[6.695464937753536,49.81001074962991],[6.695462803083931,49.81005568496392],[6.695532254457968,49.81005706664255],[6.695530119847189,49.810102001978329],[6.695599571290788,49.810103383617559],[6.695597436738836,49.810148318955108],[6.695666888251997,49.810149700554931],[6.69566475375887,49.810194635894241],[6.695734205341595,49.810196017454651],[6.695732070907297,49.810240952795731],[6.695801522559583,49.81024233431674],[6.695799388184113,49.81028726965959],[6.695868839905962,49.810288651141185],[6.695866705589321,49.810333586485797],[6.695936157380731,49.810334967927986],[6.69593402312292,49.810379903274359],[6.696003474983893,49.810381284677156],[6.696001340784909,49.810426220025299],[6.696070792715444,49.810427601388682],[6.696068658575291,49.81047253673858],[6.696138110575387,49.810473918062563],[6.696135976494062,49.810518853414237],[6.696205428563723,49.810520234698807],[6.696203294541228,49.81056517005225],[6.696272746680451,49.810566551297399],[6.696270612716788,49.810611486652597],[6.696340064925572,49.810612867858353],[6.696337931020738,49.810657803215328],[6.696335797110539,49.810702738571877],[6.696405249453083,49.810704119740407],[6.696403115601716,49.810749055098718],[6.696472568013823,49.810750436227849],[6.696470434221285,49.810795371587929],[6.696539886702956,49.810796752677639],[6.696537752969251,49.810841688039481],[6.696607205520484,49.810843069089792],[6.696605071845611,49.810888004453396],[6.696674524466407,49.810889385464293],[6.696743977092571,49.810890766433594],[6.696741843540726,49.810935701801156],[6.696739709983518,49.810980637168306],[6.696809162743439,49.810982018100383],[6.696878615508728,49.810983398990864],[6.69687648207455,49.811028334361957],[6.696945934909401,49.811029715213031],[6.696943801534056,49.811074650585894],[6.69701325443847,49.811076031397562],[6.69708270734825,49.811077412167641],[6.697152160263395,49.811078792896119],[6.697150027075278,49.811123728275106],[6.697219480059987,49.811125108964191],[6.697217346930706,49.811170044344934],[6.697215213796059,49.811214979725271],[6.697284666914529,49.811216360377124],[6.697354120038362,49.811217740987374],[6.697351987026749,49.811262676371655],[6.697349854009776,49.811307611755517],[6.697347720987437,49.811352547138974],[6.697345587959737,49.81139748252199],[6.697415041345728,49.811398863099384],[6.697412908376864,49.811443798484177],[6.697482361832418,49.811445179022165],[6.697480228922391,49.811490114408713],[6.697549682447509,49.811491494907287],[6.697547549596317,49.811536430295611],[6.697617003190998,49.811537810754778],[6.697614870398644,49.811582746144865],[6.697684324062888,49.811584126564611],[6.69768219132937,49.811629061956474],[6.697751645063178,49.811630442336821],[6.697749512388498,49.811675377730431],[6.697818966191871,49.811676758071357],[6.697816833576028,49.811721693466737],[6.697886287448965,49.811723073768256],[6.69788415489196,49.811768009165405],[6.697953608834458,49.811769389427511],[6.697951476336293,49.811814324826422],[6.698020930348356,49.811815705049113],[6.698018797909028,49.811860640449801],[6.698088251990654,49.811862020633086],[6.698086119610166,49.811906956035521],[6.698155573761357,49.811908336179393],[6.698153441439708,49.811953271583597],[6.698222895660463,49.811954651688048],[6.698220763397653,49.811999587094022],[6.698290217687971,49.812000967159072],[6.698288085484003,49.812045902566794],[6.698285953274672,49.812090837974111],[6.698355407698754,49.812092218001929],[6.698353275548265,49.812137153411008],[6.698422730041913,49.81213853339942],[6.698492184540923,49.812139913346236],[6.698490052513475,49.812184848759252],[6.69855950708205,49.812186228666661],[6.698557375113443,49.812231164081446],[6.698555243139476,49.812276099495811],[6.698624697841816,49.812277479365989],[6.698622565926692,49.812322414782109],[6.698692020698595,49.812323794612873],[6.698689888842313,49.812368730030762],[6.698759343683781,49.812370109822119],[6.698757211886341,49.812415045241771],[6.698826666797374,49.812416424993714],[6.698824535058776,49.812461360415121],[6.698893990039374,49.81246274012765],[6.69889185835962,49.812507675550833],[6.698961313409781,49.812509055223934],[6.698959181788871,49.812553990648894],[6.699028636908596,49.812555370282588],[6.699026505346528,49.812600305709303],[6.699095960535818,49.812601685303591],[6.699093829032595,49.812646620732053],[6.69916328429145,49.81264800028692],[6.699161152847071,49.812692935717159],[6.69923060817549,49.812694315232612],[6.699228476789956,49.812739250664599],[6.699297932187938,49.812740630140659],[6.69929580086125,49.812785565574423],[6.699365256328798,49.812786945011048],[6.699363125060954,49.812831880446581],[6.699432580598067,49.812833259843792],[6.699430449389069,49.812878195281073],[6.699499904995747,49.812879574638878],[6.699497773845594,49.812924510077927],[6.699567229521835,49.812925889396318],[6.69956509843053,49.81297082483713],[6.699634554176336,49.812972204116107],[6.699632423143877,49.813017139558674],[6.699701878959249,49.813018518798231],[6.69977133477998,49.813019897996206],[6.699840790606071,49.813021277152579],[6.699838659760869,49.813066212601278],[6.699908115656525,49.813067591718223],[6.69990598487017,49.813112527168691],[6.699975440835391,49.813113906246237],[6.699973310107882,49.813158841698453],[6.700042766142667,49.813160220736577],[6.700040635474009,49.813205156190563],[6.700110091578357,49.813206535189273],[6.700179547688066,49.813207914146389],[6.700177417142461,49.813252849604311],[6.700246873321734,49.813254228522013],[6.700244742834977,49.813299163981696],[6.700242612342866,49.813344099440975],[6.70031206865591,49.81334547832143],[6.700381524974311,49.813346857160298],[6.700379394605253,49.813391792623527],[6.700448850993221,49.81339317142298],[6.700446720683014,49.813438106887943],[6.700444590367451,49.813483042352509],[6.700514046889189,49.813484421114715],[6.700511916632476,49.813529356581043],[6.700581373223779,49.813530735303836],[6.700579243025917,49.813575670771925],[6.700648699686785,49.813577049455304],[6.700646569547774,49.813621984925149],[6.700716026278207,49.813623363569107],[6.700713896198048,49.813668299040728],[6.700783352998045,49.813669677645279],[6.700781222976738,49.813714613118648],[6.7008506798463,49.813715991683779],[6.700848549883845,49.81376092715891],[6.700779092950075,49.813759548591598],[6.700776962918056,49.813804484064129],[6.700846419916034,49.813805862633622],[6.700844289942869,49.8138507981079],[6.700842159964347,49.813895733581781],[6.700911617096098,49.813897112114034],[6.70090948717643,49.813942047589684],[6.700978944377748,49.81394342608251],[6.700976814516932,49.813988361559922],[6.701046271787814,49.813989740013334],[6.701044141985853,49.814034675492501],[6.7011135993263,49.814036053906506],[6.701111469583194,49.814080989387421],[6.701180926993207,49.814082367761998],[6.701178797308954,49.814127303244682],[6.701248254788533,49.814128681579859],[6.701246125163133,49.814173617064306],[6.701315582712279,49.814174995360055],[6.701313453145735,49.814219930846257],[6.701382910764444,49.814221309102585],[6.701380781256756,49.814266244590563],[6.701450238945032,49.814267622807478],[6.701448109496198,49.814312558297203],[6.70151756725404,49.814313936474711],[6.701515437864063,49.814358871966185],[6.701584895691472,49.814360250104265],[6.701582766360349,49.814405185597515],[6.701652224257324,49.814406563696181],[6.701650094985057,49.814451499191193],[6.701719552951599,49.814452877250439],[6.70171742373819,49.814497812747199],[6.701786881774296,49.814499190767023],[6.701784752619744,49.814544126265559],[6.701854210725417,49.814545504245963],[6.701852081629722,49.814590439746254],[6.70192153980496,49.814591817687244],[6.701919410768124,49.814636753189298],[6.701988869012928,49.814638131090859],[6.70198674003495,49.814683066594675],[6.702056198349321,49.814684444456823],[6.702054069430202,49.814729379962394],[6.702123527814137,49.814730757785121],[6.702121398953876,49.814775693292461],[6.70219085740738,49.81477707107576],[6.702188728605977,49.814822006584855],[6.702258187129046,49.814823384328747],[6.702256058386502,49.814868319839611],[6.702325516979139,49.814869697544083],[6.702323388295454,49.814914633056688],[6.702392846957656,49.814916010721745],[6.702390718332832,49.814960946236127],[6.7024601770646,49.814962323861749],[6.702458048498636,49.815007259377893],[6.702527507299972,49.815008636964102],[6.702525378792869,49.815053572481993],[6.70259483766377,49.815054950028781],[6.702592709215527,49.815099885548435],[6.702662168155995,49.815101263055816],[6.702660039766614,49.815146198577239],[6.702657911371881,49.815191134098235],[6.702727370446128,49.815192511568362],[6.702725242110258,49.815237447091121],[6.702794701254072,49.815238824521813],[6.702792572977063,49.815283760046341],[6.702862032190443,49.815285137437627],[6.702859903972298,49.815330072963903],[6.702929363255245,49.81533145031576],[6.702927235095961,49.815376385843813],[6.702996694448474,49.815377763156256],[6.702994566348055,49.815422698686042],[6.702992438242283,49.815467634215437],[6.703061897728579,49.81546901149062],[6.703059769681671,49.81551394702177],[6.703129229237533,49.815515324257547],[6.703127101249489,49.815560259790445],[6.703196560874918,49.815561636986793],[6.703194432945739,49.815606572521467],[6.703192305011208,49.815651508055701],[6.703261764770419,49.815652885214824],[6.703259636894753,49.81569782075082],[6.703329096723532,49.815699197870501],[6.703326968906731,49.81574413340828],[6.703324841084579,49.81578906894562],[6.703394301047141,49.815790446028061],[6.703392173283855,49.815835381567162],[6.703461633315983,49.815836758610189],[6.703459505611563,49.815881694151052],[6.703457377901794,49.815926629691496],[6.703526838067706,49.81592800669727],[6.703524710416803,49.815972942239476],[6.703594170652283,49.815974319205829],[6.703592043060245,49.816019254749811],[6.703589915462857,49.816064190293361],[6.703659375832122,49.816065567222452],[6.703657248293602,49.816110502767764],[6.703655120749733,49.816155438312663],[6.703724581252782,49.816156815204515],[6.70372245376778,49.816201750751162],[6.703791914340397,49.8162031276036],[6.703789786914263,49.816248063152003],[6.70378765948278,49.8162929987],[6.703857120189182,49.816294375515191],[6.703854992816567,49.816339311064951],[6.703852865438603,49.81638424661427],[6.703922326278792,49.816385623392222],[6.703920198959696,49.81643055894331],[6.703918071635252,49.816475494493993],[6.703987532609228,49.816476871234684],[6.703985405343652,49.816521806787122],[6.703983278072728,49.816566742339134],[6.704052739180491,49.816568119042579],[6.704050611968436,49.816613054596367],[6.704048484751032,49.816657990149729],[6.704117945992585,49.816659366815919],[6.704115818834051,49.816704302371043],[6.70411369167017,49.816749237925741],[6.704183153045509,49.816750614554692],[6.704181025940497,49.816795550111159],[6.704178898830137,49.8168404856672],[6.70417677171443,49.816885421222828],[6.704246233287776,49.8168867978167],[6.70424410623094,49.816931733374084],[6.704241979168755,49.816976668931055],[6.704311440875891,49.816978045487694],[6.704309313872577,49.817022981046414],[6.704307186863916,49.817067916604728],[6.704305059849906,49.817112852162616],[6.704374521755053,49.817114228684169],[6.704372394799916,49.817159164243833],[6.704370267839431,49.817204099803064],[6.704439729878368,49.81720547628737],[6.704437602976755,49.81725041184837],[6.704435476069794,49.81729534740893],[6.704433349157485,49.817340282969099],[6.704502811394436,49.817341659418318],[6.704500684541001,49.817386594980242],[6.704498557682217,49.817431530541747],[6.704496430818085,49.817476466102839],[6.704565893253052,49.817477842516993],[6.704563766447794,49.817522778079841],[6.704561639637189,49.817567713642262],[6.704631102205948,49.817569090019163],[6.704628975454216,49.817614025583353],[6.704626848697138,49.817658961147117],[6.704624721934712,49.817703896710469],[6.704694184701488,49.817705273052297],[6.704692057997936,49.817750208617412],[6.704689931289038,49.817795144182107],[6.704687804574792,49.817840079746375],[6.704757267539584,49.817841456053124],[6.704755140884214,49.817886391619162],[6.70482460391858,49.817887767886482],[6.704822477322086,49.817932703454282],[6.704820350720244,49.817977639021656],[6.704818224113055,49.81802257458861],[6.704816097500519,49.818067510155146],[6.704885560797127,49.818068886389575],[6.704883434243468,49.818113821957873],[6.704881307684461,49.818158757525758],[6.704950771114868,49.818160133722927],[6.704948644614738,49.81820506929256],[6.704946518109262,49.818250004861788],[6.705015981673466,49.818251381021717],[6.705013855226867,49.818296316592708],[6.705011728774921,49.818341252163258],[6.705081192472924,49.818342628285919],[6.705079066079856,49.818387563858252],[6.705076939681441,49.818432499430159],[6.705146403513243,49.818433875515581],[6.705144277173707,49.818478811089236],[6.705142150828825,49.818523746662486],[6.705211614794427,49.818525122710646],[6.705281078765377,49.818526498717198],[6.705278952543598,49.818571434294384],[6.705348416584123,49.818572810261507],[6.705417880629994,49.818574186187043],[6.705556808737784,49.818576937913278],[6.705554682767564,49.818621873498742],[6.705624146893706,49.818623249301638],[6.705622020982364,49.818668184888871],[6.705691485178081,49.818669560652324],[6.705830413585557,49.818672312054446],[6.705899877797314,49.818673687693092],[6.705902003451751,49.818628752097169],[6.70597146760463,49.818630127692053],[6.705969342014421,49.818675063290137],[6.706038806236873,49.818676438845586],[6.706036680705544,49.818721374445445],[6.706034555168871,49.818766310044872],[6.706032429626852,49.818811245643893],[6.706101894047332,49.818812621164248],[6.706099768564195,49.818857556765032],[6.706097643075714,49.818902492365382],[6.706167107629994,49.818903867848483],[6.706164982200397,49.818948803450603],[6.706162856765454,49.818993739052296],[6.706232321453535,49.818995114498165],[6.706230196077475,49.819040050101606],[6.706228070696072,49.819084985704649],[6.706225945309324,49.819129921307265],[6.706295410195434,49.819131296718034],[6.706293284867569,49.819176232322413],[6.706291159534361,49.819221167926372],[6.706360624554273,49.819222543299894],[6.706358499279949,49.819267478905608],[6.706356374000282,49.819312414510904],[6.70635424871527,49.819357350115794],[6.706423713933213,49.819358725454229],[6.706421588707085,49.819403661060861],[6.706419463475616,49.819448596667073],[6.706417338238799,49.819493532272894],[6.706486803654776,49.819494907576249],[6.706484678476846,49.819539843183811],[6.706554143962398,49.819541218447725],[6.706552018843355,49.819586154057049],[6.706549893718966,49.819631089665947],[6.706547768589235,49.819676025274433],[6.706617234272822,49.819677400503267],[6.706615109201977,49.819722336113514],[6.706612984125789,49.819767271723336],[6.70668244994318,49.819768646914923],[6.706678199903235,49.819858518137664],[6.706676074875245,49.81990345374841],[6.706745540890675,49.819904828904917],[6.706743415921574,49.819949764517411],[6.706741290947129,49.819994700129506],[6.70673704098221,49.820084571352417],[6.706734915991735,49.820129506963262],[6.706804382333667,49.820130882089025],[6.70680225740208,49.820175817701625],[6.706871723813588,49.820177192787945],[6.706869598940891,49.820222128402293],[6.706939065421977,49.820223503449192],[6.706936940608168,49.820268439065288],[6.707006407158831,49.820269814072752],[6.707004282403911,49.820314749690617],[6.707073749024151,49.820316124658646],[6.707071624328121,49.820361060278266],[6.707141091017938,49.820362435206867],[6.707138966380797,49.820407370828242],[6.707208433140193,49.820408745717408],[6.707206308561942,49.820453681340538],[6.707275775390915,49.820455056190269],[6.707345242225231,49.820456430998398],[6.707343117770105,49.820501366625457],[6.707412584673998,49.820502741394151],[6.707410460277762,49.820547677022979],[6.707479927251233,49.820549051752224],[6.707477802913888,49.8205939873828],[6.707547269956938,49.820595362072623],[6.707545145678484,49.820640297704962],[6.70761461279111,49.820641672355357],[6.707612488571549,49.820686607989437],[6.707681955753752,49.820687982600404],[6.707679831593082,49.820732918236246],[6.707749298844862,49.820734292807771],[6.707818766101986,49.820735667337694],[6.707816642064445,49.820780602977457],[6.707886109391146,49.820781977467945],[6.707883985412497,49.820826913109464],[6.707953452808774,49.820828287560524],[6.70795132888902,49.82087322320379],[6.708020796354876,49.820874597615415],[6.708090263826072,49.820875971985416],[6.708088140029446,49.82092090763264],[6.708157607570221,49.820922281963213],[6.708155483832489,49.820967217612186],[6.708224951442841,49.820968591903323],[6.708222827764003,49.821013527554037],[6.708292295443933,49.821014901805746],[6.708290171823991,49.821059837458229],[6.708359639573499,49.821061211670489],[6.708429107328347,49.821062585841155],[6.708426983831535,49.821107521497552],[6.708496451655961,49.821108895628804],[6.708494328218045,49.821153831286949],[6.708563796112048,49.821155205378744],[6.708633264011393,49.821156579428937],[6.708631140696609,49.821201515091026],[6.708700608665532,49.82120288910177],[6.708698485409642,49.821247824765621],[6.708767953448141,49.821249198736936],[6.708837421491982,49.821250572666649],[6.708835298359227,49.821295508334401],[6.708833175221133,49.821340444001756],[6.708763707048821,49.821339070067701],[6.708761583841152,49.821384005732469],[6.708759460628144,49.82142894139681],[6.708757337409797,49.821473877060733],[6.708755214186111,49.821518812724257],[6.708824682615369,49.821520186667001],[6.70889415104997,49.821521560568129],[6.708896274145183,49.821476624900257],[6.708965742520887,49.821477998757615],[6.708967865546523,49.821433063087177],[6.708969988566821,49.821388127416327],[6.709039456819394,49.821389501227721],[6.709108925077305,49.821390874997519],[6.709178393340558,49.821392248725708],[6.709176270512969,49.821437184403081],[6.709245738845798,49.821438558091835],[6.709243616077109,49.821483493770948],[6.709313084479515,49.821484867420274],[6.709382552887262,49.821486241027976],[6.709380430241707,49.821531176711041],[6.709449898719031,49.821532550279308],[6.709519367201694,49.821533923805966],[6.709517244679277,49.821578859492945],[6.709586713231515,49.821580232980168],[6.709656181789094,49.821581606425788],[6.709654059389816,49.821626542116697],[6.70972352801697,49.821627915522875],[6.709721405676591,49.821672851215531],[6.709790874373324,49.821674224582281],[6.709860343075393,49.821675597907415],[6.709858220858154,49.821720533604001],[6.709927689629801,49.821721906889692],[6.709997158406786,49.821723280133789],[6.709995036312685,49.82176821583429],[6.710064505159248,49.821769589038958],[6.710133974011148,49.821770962201995],[6.710131852040187,49.821815897906433],[6.710201320961664,49.821817271030042],[6.710270789888478,49.821818644112042],[6.71034025882063,49.821820017152426],[6.710338137037049,49.821864952862953],[6.710407606038778,49.821866325863908],[6.710477075045843,49.821867698823247],[6.710474953385403,49.821912634537703],[6.710544422462045,49.821914007457607],[6.710613891544025,49.821915380335909],[6.710611770006727,49.82196031605428],[6.710681239158282,49.821961688893133],[6.710750708315174,49.82196306169039],[6.710820177477403,49.821964434446024],[6.710818056127486,49.822009370170498],[6.71088752535929,49.822010742886697],[6.71095699459643,49.822012115561293],[6.710954873369658,49.822057051289683],[6.711024342676375,49.822058423924837],[6.711093811988426,49.822059796518388],[6.711163281305813,49.822061169070324],[6.711161160266427,49.82210610480481],[6.711230629653389,49.82210747731731],[6.711300099045688,49.822108849788201],[6.711297978129446,49.822153785526609],[6.711367447591321,49.822155157958058],[6.711436917058529,49.822156530347904],[6.711506386531074,49.822157902696127],[6.711504265802218,49.822202838440631],[6.711573735344336,49.822204210749433],[6.71164320489179,49.822205583016611],[6.711712674444579,49.82220695524218],[6.71171055390311,49.822251890992767],[6.711780023525474,49.822253263178901],[6.711849493153171,49.822254635323439],[6.711918962786203,49.82225600742634],[6.711916842432122,49.822300943183023],[6.711986312134728,49.82230231524651],[6.712055781842668,49.822303687268366],[6.712125251555943,49.822305059248635],[6.71219472127455,49.822306431187279],[6.712192601172099,49.822351366952219],[6.712262070960281,49.822352738851421],[6.712331540753794,49.822354110709021],[6.712401010552644,49.822355482525012],[6.712470480356823,49.822356854299407],[6.712468360506005,49.822401790072583],[6.71253783037976,49.822403161807522],[6.712607300258847,49.822404533500858],[6.712676770143267,49.822405905152586],[6.712815709928103,49.822408648331198],[6.712885179828518,49.82241001985809],[6.712883060357814,49.822454955643884],[6.712952530327803,49.822456327131334],[6.713022000303123,49.822457698577189],[6.713299880257721,49.822463183944464],[6.713369350259698,49.822464555182258],[6.713438820267005,49.822465926378449],[6.713436701304901,49.822510862181161],[6.713506171381781,49.822512233337903],[6.71357564146399,49.822513604453043],[6.713645111551531,49.822514975526566],[6.713714581644402,49.82251634655848],[6.713784051742603,49.822517717548784],[6.713922991954993,49.822520459404572],[6.713992462069182,49.822521830270055],[6.714061932188701,49.822523201093915],[6.714131402313549,49.822524571876187],[6.714339812720066,49.822528683973296],[6.714341930847032,49.822483748142425],[6.714480871016204,49.822486489328128],[6.714478753017721,49.822531425163334],[6.714548223174541,49.822532795695935],[6.714617693336688,49.822534166186934],[6.714619811206688,49.822489230347387],[6.714689281309922,49.822490600794595],[6.714687163504163,49.822535536636309],[6.714756633676967,49.822536907044075],[6.714826103855098,49.822538277410246],[6.714895574038556,49.8225396477348],[6.714965044227342,49.822541018017738],[6.715034514421454,49.822542388259066],[6.715103984620893,49.822543758458799],[6.715173454825659,49.822545128616909],[6.715242925035752,49.822546498733416],[6.71531239525117,49.822547868808314],[6.715381865471917,49.822549238841596],[6.715383982635259,49.822504302978231],[6.715453452797089,49.822505672967743],[6.715522922964245,49.822507042915639],[6.715592393136726,49.822508412821932],[6.715661863314533,49.822509782686616],[6.715731333497665,49.822511152509691],[6.715733450334477,49.822466216635078],[6.715802920458692,49.822467586414362],[6.715872390588235,49.822468956152051],[6.716011330863291,49.8224716955026],[6.716080801008807,49.822473065115453],[6.716150271159647,49.82247443468669],[6.71621974131581,49.822475804216339],[6.716289211477299,49.822477173704371],[6.716358681644111,49.822478543150794],[6.716775502756779,49.822486758955506],[6.716844972960856,49.822488128110656],[6.716914443170254,49.822489497224197],[6.716983913384976,49.822490866296121],[6.716981797704517,49.822535802209707],[6.717051267988803,49.822537171242189],[6.71712073827841,49.822538540233076],[6.71719020857334,49.822539909182332],[6.717259678873591,49.822541278089986],[6.717329149179164,49.822542646956038],[6.717331264538412,49.822497711031637],[6.717400734785065,49.822499079853905],[6.717470205037039,49.822500448634571],[6.717539675294334,49.82250181737362],[6.717537560127813,49.822546753304515],[6.717745971124351,49.8225508592785],[6.717884911815313,49.822553596386442],[6.717954382168774,49.822554964878002],[6.717956496949842,49.822510028934133],[6.718025967244382,49.822511397381923],[6.71816490784942,49.822514134152655],[6.718234378159918,49.822515502475611],[6.718303848475737,49.822516870756957],[6.718373318796874,49.822518238996693],[6.718442789123331,49.822519607194813],[6.718444903449386,49.822474671235398],[6.718514373716919,49.822476039389748],[6.718583843989771,49.822477407502497],[6.718653314267943,49.822478775573622],[6.718722784551431,49.822480143603144],[6.718792254840238,49.822481511591064],[6.718794368839766,49.822436575620422],[6.718933309304851,49.822439311467079],[6.719002779545371,49.822440679328004],[6.719072249791209,49.822442047147312],[6.719141720042363,49.822443414925004],[6.719211190298836,49.822444782661115],[6.719213303907594,49.822399846677072],[6.719282774105141,49.822401214369386],[6.719352244308004,49.822402582020104],[6.719421714516186,49.822403949629191],[6.719491184729683,49.822405317196676],[6.719560654948497,49.822406684722559],[6.719630125172627,49.822408052206839],[6.71963223839062,49.822363116209424],[6.719701708555824,49.82236448364992],[6.719771178726345,49.822365851048801],[6.719840648902181,49.822367218406079],[6.719838535876915,49.822412154409989],[6.719977476373018,49.822414889004044],[6.720046946629043,49.822416256238647],[6.720049059461583,49.822371320228264],[6.720187999861095,49.822374054568336],[6.720190112559838,49.822329118553199],[6.720259582703324,49.822330485658661],[6.720329052852125,49.822331852722506],[6.72046799316567,49.82233458672539],[6.720537463330412,49.8223359536644],[6.720539575702634,49.822291017638051],[6.72060904580845,49.822292384533299],[6.720747986036024,49.822295118198973],[6.72081745615778,49.822296484969385],[6.720886926284851,49.822297851698195],[6.720889038330551,49.82225291566062],[6.720958508398692,49.822254282345668],[6.720960620374841,49.82220934630552],[6.721030090384054,49.822210712946806],[6.721032202290649,49.822165776904086],[6.721101672240933,49.822167143501581],[6.72117114219653,49.82216851005748],[6.721173253969332,49.822123574010014],[6.721242723866,49.822124940522137],[6.721312193767981,49.822126306992651],[6.721381663675275,49.822127673421555],[6.721383775250042,49.82208273736719],[6.721453245098406,49.822084103752331],[6.721522714952081,49.822085470095857],[6.721592184811068,49.822086836397773],[6.721661654675366,49.822088202658072],[6.721663765987859,49.822043266594662],[6.721733235793228,49.822044632811199],[6.721802705603907,49.822045998986134],[6.721872175419898,49.822047365119445],[6.721874286534359,49.822002429049128],[6.721943756291419,49.822003795138684],[6.722013226053791,49.822005161186617],[6.722082695821473,49.82200652719294],[6.722084806737902,49.821961591115745],[6.722154276446653,49.821962957078306],[6.722223746160714,49.821964322999264],[6.722293215880085,49.821965688878599],[6.722295326598483,49.821920752794512],[6.722364796258923,49.821922118630084],[6.722434265924675,49.821923484424048],[6.722503735595734,49.821924850176408],[6.722573205272103,49.821926215887146],[6.72257531572823,49.821881279794006],[6.722644785345668,49.821882645460974],[6.722714254968414,49.821884011086347],[6.72278372459647,49.821885376670103],[6.722785834854568,49.821840440570078],[6.72285530442369,49.821841806110065],[6.722924773998121,49.821843171608442],[6.722994243577862,49.821844537065203],[6.722996353637932,49.8217996009583],[6.723065823158739,49.821800966371306],[6.723135292684856,49.821802331742695],[6.723204762216278,49.821803697072475],[6.723206872078321,49.821758760958666],[6.723276341550813,49.821760126244669],[6.723345811028612,49.821761491489085],[6.723415280511717,49.821762856691883],[6.72348475000013,49.821764221853066],[6.723486859599906,49.821719285730211],[6.723556329029386,49.821720650847624],[6.723625798464171,49.821722015923449],[6.723695267904265,49.82172338095765],[6.723697377306015,49.821678444827896],[6.723766846687174,49.821679809818342],[6.723764737349664,49.821724745950235],[6.723834206800371,49.821726110901231],[6.723903676256383,49.821727475810604],[6.723905785465411,49.821682539674391],[6.72397525486249,49.821683904539995],[6.724044724264874,49.821685269363996],[6.724183663085559,49.821687998887171],[6.724253132503858,49.821689363586337],[6.724322601927464,49.821690728243901],[6.724392071356374,49.821692092859863],[6.72446154079059,49.821693457434208],[6.724459432095484,49.82173839358768],[6.724528901599245,49.821739758122575],[6.724526792963077,49.821784694277788],[6.724596262536386,49.821786058773228],[6.724665732114995,49.821787423227057],[6.724667840622681,49.821742487067532],[6.724737310142356,49.821743851477599],[6.724741527013342,49.82165397915297],[6.724745743863119,49.821564106826685],[6.724815213131136,49.821565471186524],[6.724817321483832,49.821520535020575],[6.724886790692914,49.821521899336645],[6.724888898976069,49.821476963168138],[6.724958368126214,49.821478327440445],[6.725027837281663,49.821479691671136],[6.725029945431037,49.821434755497904],[6.725099414527548,49.821436119684833],[6.725101522607382,49.821391183509036],[6.725170991644958,49.821392547652195],[6.725240460687837,49.821393911753738],[6.72524256863389,49.821348975573216],[6.725312037617833,49.821350339630996],[6.725381506607078,49.821351703647174],[6.725383614419352,49.82130676746192],[6.72545308334966,49.821308131434336],[6.725522552285272,49.821309495365135],[6.725524659963766,49.821264559175155],[6.725594128840441,49.821265923062192],[6.725663597722417,49.82126728690762],[6.725733066609695,49.821268650711438],[6.725735174090174,49.821223714514574],[6.725804642918514,49.82122507827463],[6.725874111752156,49.821226441993062],[6.725943580591099,49.821227805669913],[6.725945687873561,49.82118286946617],[6.726015156653567,49.821184233099238],[6.726084625438873,49.821185596690711],[6.726086732587559,49.821140660482236],[6.726156201313928,49.821142024029932],[6.726225670045597,49.821143387536026],[6.726295138782566,49.821144751000517],[6.726297245733237,49.821099814785164],[6.726366714411268,49.821101178205879],[6.7264361830946,49.821102541584999],[6.726438289911497,49.821057605364913],[6.72650775853589,49.821058968700257],[6.726577227165582,49.821060331993998],[6.726646695800574,49.821061695246136],[6.726648802419459,49.821016759019166],[6.726718270995511,49.821018122227535],[6.726787739576864,49.821019485394302],[6.726857208163517,49.821020848519453],[6.726859314584387,49.820975912285611],[6.726928783112101,49.820977275366992],[6.726998251645111,49.820978638406778],[6.72700035793221,49.820933702168205],[6.72706982640628,49.820935065164228],[6.727071932623844,49.820890128923082],[6.727141401038977,49.820891491875344],[6.727210869459407,49.820892854786003],[6.727280337885135,49.820894217655031],[6.727349806316162,49.820895580482464],[6.727351912271478,49.820850644232301],[6.727421380643564,49.820852007015965],[6.727490849020948,49.820853369758026],[6.727492954842492,49.820808433503132],[6.727562423160935,49.820809796201431],[6.727631891484676,49.82081115885812],[6.72763399717245,49.820766222598508],[6.727772933707349,49.820768947782746],[6.727842401982741,49.820770310312462],[6.727840296487681,49.82081524657854],[6.727909764832611,49.820816609068793],[6.727911870263434,49.820771672800568],[6.727981338549421,49.820773035247065],[6.727983443910711,49.820728098976261],[6.728052912137757,49.820729461378981],[6.728055017429517,49.820684525105619],[6.728057122715982,49.820639588831824],[6.72812659081985,49.820640951188636],[6.728128696036782,49.82059601491229],[6.728198164081708,49.820597377225354],[6.728200269229112,49.820552440946422],[6.728269737215096,49.820553803215716],[6.72827184229297,49.820508866934219],[6.728341310220013,49.820510229159765],[6.728343415228355,49.820465292875696],[6.728412883096456,49.82046665505748],[6.72841498803527,49.820421718770831],[6.728484455844431,49.82042308090886],[6.728553923658885,49.820424443005258],[6.728623391478637,49.820425805060054],[6.728692859303681,49.820427167073241],[6.728694963980255,49.820382230777582],[6.728697068651536,49.820337294481519],[6.728766536353403,49.82033865644879],[6.728768640955156,49.82029372015014],[6.72883810859808,49.82029508207367],[6.728840213130306,49.820250145772441],[6.728909680714288,49.820251507652209],[6.728979148303567,49.820252869490353],[6.728981252702027,49.820207933184435],[6.729050720232363,49.82020929497881],[6.72912018776799,49.820210656731604],[6.729122292032689,49.820165720420945],[6.729124396292095,49.820120784109868],[6.729193863704546,49.82012214581674],[6.72926333112229,49.820123507481995],[6.729265435247934,49.820078571166206],[6.729334902606735,49.820079932787714],[6.729404369970829,49.820081294367611],[6.729406473962712,49.820036358047105],[6.729475941267863,49.820037719583233],[6.729478045190219,49.819992783260155],[6.729547512436429,49.819994144752542],[6.729616979687931,49.819995506203306],[6.729686446944724,49.819996867612467],[6.729688550669085,49.819951931282517],[6.729758017866936,49.819953292647924],[6.729755914206811,49.819998228980026],[6.729825381474188,49.819999590305962],[6.729827485070079,49.819954653971728],[6.729896952278513,49.819956015253915],[6.72996641949224,49.819957376494493],[6.729968522954371,49.819912440155512],[6.729970626411212,49.81986750381612],[6.729972729862763,49.819822567476329],[6.730042196889077,49.819823928668846],[6.730111663920682,49.819825289819761],[6.730181130957576,49.819826650929073],[6.730250597999763,49.819828011996769],[6.730252701189086,49.819783075647948],[6.730254804373123,49.819738139298707],[6.730324271292131,49.819739500320495],[6.73039373821643,49.819740861300687],[6.730395841266708,49.819695924946721],[6.730465308132063,49.819697285883151],[6.730604241878643,49.819700007631184],[6.730602139021068,49.819744943991594],[6.730671605966527,49.819746304805349],[6.730669503167898,49.819791241167486],[6.730738970182882,49.819792601941792],[6.730736867443201,49.81983753830567],[6.730875801617507,49.819840259733745],[6.730945268712593,49.819841620385382],[6.73094737125957,49.819796684015046],[6.731016838295711,49.819798044622921],[6.731018940773167,49.819753108250012],[6.731021043245335,49.819708171876705],[6.730951576337663,49.819706811273136],[6.730953678868779,49.819661874901549],[6.730884212030631,49.81966051425853],[6.730886314620695,49.819615577888669],[6.730816847852068,49.819614217206201],[6.730818950501079,49.819569280838088],[6.73088841720547,49.819570641518418],[6.730890519784959,49.81952570514774],[6.730959986430406,49.819527065784314],[6.730962088940374,49.819482129411078],[6.731031555526876,49.819483490003897],[6.731033657967323,49.819438553628082],[6.731103124494881,49.819439914177138],[6.731172591027728,49.8194412746846],[6.731174693334421,49.819396338304067],[6.731244159808324,49.819397698767759],[6.731313626287513,49.819399059189848],[6.731315728460455,49.819354122804612],[6.731385194880699,49.81935548318296],[6.731454661306231,49.819356843519678],[6.731524127737051,49.819358203814801],[6.731526229712007,49.819313267422693],[6.731595696083882,49.819314627674061],[6.73159779798932,49.819269691279388],[6.731667264302248,49.819271051486986],[6.731736730620465,49.819272411652996],[6.731806196943969,49.819273771777382],[6.731808298651423,49.819228835375853],[6.73187776491598,49.819230195456491],[6.731947231185823,49.819231555495527],[6.731949332759528,49.819186619089265],[6.732018798970425,49.819187979084553],[6.732020900474612,49.819143042675726],[6.732090366626563,49.819144402627252],[6.732092468061233,49.819099466215867],[6.73216193415424,49.819100826123631],[6.732164035519392,49.819055889709681],[6.73216613687926,49.819010953295319],[6.732235602849088,49.819012313157174],[6.732237704139441,49.818967376740247],[6.732307170050323,49.818968736558361],[6.73237663596649,49.818970096334866],[6.732378737123096,49.818925159913221],[6.732380838274417,49.818880223491149],[6.732450304067405,49.818881583221753],[6.73251976986568,49.81888294291074],[6.732521870883255,49.818838006483979],[6.732591336622582,49.818839366129211],[6.732593437570644,49.818794429699857],[6.732662903251025,49.81879578930134],[6.732732368936691,49.818797148861215],[6.732734469751007,49.818752212427164],[6.732803935377726,49.81875357194329],[6.732806036122527,49.818708635506681],[6.7328755016903,49.818709994979045],[6.732877602365589,49.818665058539857],[6.732947067874414,49.818666417968473],[6.732944967263358,49.8187113544098],[6.733014432841699,49.818712713798959],[6.733083898425324,49.818714073146516],[6.733081797937448,49.818759009591716],[6.733079697444291,49.81880394603651],[6.733149163161662,49.81880530534675],[6.733142861843193,49.818940114685098],[6.733212327758546,49.818941473960166],[6.733210227372724,49.818986410407604],[6.733279693357591,49.818987769643229],[6.733349159347742,49.818989128837238],[6.733347059085103,49.819034065288555],[6.733344958817185,49.819079001739446],[6.733342858543985,49.819123938189932],[6.733340758265503,49.819168874639992],[6.73333865798174,49.819213811089654],[6.733408124298338,49.819215170252804],[6.733406024073528,49.819260106704185],[6.733403923843435,49.819305043155154],[6.733401823608062,49.819349979605697],[6.733399723367409,49.819394916055849],[6.733469189946222,49.81939627518598],[6.733538656530319,49.819397634274509],[6.733536556412852,49.819442570728533],[6.733534456290102,49.819487507182131],[6.73360392300795,49.819488866233357],[6.733601822944155,49.819533802688696],[6.73367128973152,49.819535161700465],[6.733669189726678,49.819580098157523],[6.733667089716556,49.819625034614184],[6.733664989701151,49.819669971070418],[6.733734456686504,49.819671330047029],[6.733732356730054,49.819716266504997],[6.733801823784924,49.819717625442131],[6.733799723887429,49.81976256190184],[6.733797623984654,49.819807498361129],[6.733867091173275,49.819808857260959],[6.733864991329455,49.819853793721968],[6.733795524076598,49.819852434819992],[6.733726056829024,49.819851075876414],[6.733728156801314,49.81980613941969],[6.733658689623258,49.819804780436641],[6.733589222450485,49.81980342141199],[6.733587122349724,49.819848357864416],[6.733585022243682,49.819893294316429],[6.733582922132359,49.819938230768024],[6.733513454772162,49.819936871695319],[6.733443987417249,49.819935512581004],[6.733374520067619,49.819934153425081],[6.733372419758307,49.819979089869818],[6.733302952349724,49.819977730670153],[6.733300851970895,49.820022667112326],[6.733231384503361,49.820021307868892],[6.73316191704111,49.820019948583862],[6.733159816528527,49.820064885021324],[6.733090349007325,49.820063525692518],[6.733088248425225,49.820108462127415],[6.73301878084507,49.820107102754868],[6.733016680193451,49.820152039187199],[6.732947212554346,49.82015067977089],[6.732877744920524,49.820149320312971],[6.732808277291987,49.820147960813451],[6.732806176442377,49.820192897238918],[6.732736708754887,49.820191537695642],[6.732734607835758,49.820236474118538],[6.732665140089319,49.820235114531499],[6.732595672348164,49.820233754902858],[6.732593571295277,49.820278691321064],[6.732591470237108,49.820323627738837],[6.732522002372766,49.820322268064281],[6.732452534513708,49.820320908348137],[6.732383066659937,49.820319548590369],[6.732380965403774,49.820364485001271],[6.732378864142325,49.820409421411782],[6.732376762875595,49.820454357821852],[6.732446230922079,49.820455717586064],[6.732515698973847,49.820457077308681],[6.732585167030901,49.820458436989668],[6.73265463509324,49.820459796629059],[6.732724103160866,49.820461156226848],[6.732793571233777,49.820462515783014],[6.732791470347187,49.820507452205575],[6.73286093848962,49.820508811722299],[6.732863039311971,49.820463875297584],[6.732865140129041,49.820418938872464],[6.732867240940829,49.820374002446911],[6.732936708895835,49.820375361915573],[6.733006176856125,49.820376721342633],[6.7330756448217,49.820378080728069],[6.733077745435493,49.820333144295667],[6.733079846044003,49.820288207862845],[6.733149313886388,49.820289567202394],[6.733218781734057,49.82029092650032],[6.733288249587011,49.820292285756643],[6.733357717445249,49.820293644971365],[6.73342718530877,49.820295004144469],[6.733429285590814,49.820250067700471],[6.733498753395381,49.820251426829842],[6.733568221205233,49.820252785917575],[6.733637689020366,49.820254144963698],[6.733635588931032,49.820299081414142],[6.733705056815685,49.820300440420809],[6.733702956785308,49.820345376872964],[6.733700856749649,49.820390313324708],[6.733698756708711,49.820435249776025],[6.733768224791359,49.820436608747535],[6.73383769287929,49.820437967677442],[6.733907160972503,49.82043932656574],[6.73390926082073,49.820394390107971],[6.733911360663677,49.820349453649783],[6.733913460501343,49.820304517191182],[6.733915560333729,49.82025958073217],[6.733917660160835,49.820214644272738],[6.73391975998266,49.820169707812887],[6.733921859799205,49.820124771352639],[6.73392395961047,49.820079834891963],[6.733926059416456,49.820034898430876],[6.733930259012586,49.819945025507437],[6.73393235880273,49.819900089045099],[6.733934458587595,49.819855152582349],[6.733936558367179,49.81981021611918],[6.733940757910508,49.819720343191591],[6.733942857674253,49.819675406727185],[6.733944957432716,49.819630470262354],[6.733949156933805,49.819540597331454],[6.73395125667643,49.819495660865378],[6.733955456145839,49.81940578793197],[6.733957555872625,49.819360851464644],[6.733959655594129,49.819315914996913],[6.734029122086737,49.819317273789906],[6.734031221738728,49.81927233731961],[6.733961755310354,49.819270978528763],[6.733963855021298,49.819226042060201],[6.73396805442735,49.819136169121812],[6.734037520663025,49.819137527906207],[6.734039620293898,49.819092591434249],[6.734041719919491,49.819047654961871],[6.734043819539805,49.819002718489088],[6.734045919154838,49.818957782015879],[6.734048018764593,49.818912845542251],[6.734050118369068,49.818867909068224],[6.733980652518787,49.818866550296704],[6.733982752182214,49.818821613824397],[6.733984851840363,49.818776677351671],[6.733989051140819,49.81868680440499],[6.733991150783127,49.818641867931021],[6.733921685259287,49.818640509128628],[6.733919585552747,49.818685445600458],[6.733850119969957,49.818684086754324],[6.733852219740728,49.818639150284653],[6.733782754227451,49.818637791399063],[6.733784854057173,49.818592854931126],[6.733786953881616,49.818547918462762],[6.733717488502083,49.818546559539861],[6.733719588385475,49.818501623073239],[6.733650123075456,49.818500264110888],[6.733580657770718,49.818498905106921],[6.733582757777293,49.818453968644171],[6.733513292542067,49.818452609600762],[6.733515392607591,49.818407673139745],[6.733584857778585,49.818409032181023],[6.733586957774597,49.818364095717449],[6.733589057765329,49.818319159253463],[6.733658522813145,49.818320518248839],[6.733660622734368,49.818275581782281],[6.733662722650308,49.81823064531531],[6.733732187574947,49.818232004264779],[6.733734287421378,49.81818706779525],[6.733803752287071,49.818188426700971],[6.733805852063993,49.818143490228884],[6.733875316870738,49.818144849090849],[6.733944781682764,49.818146207911205],[6.734014246500073,49.818147566689966],[6.734012146915838,49.818192503168504],[6.733942682034301,49.818191144387598],[6.733940582380558,49.818236080863571],[6.734010047326325,49.818237439646623],[6.734007947731532,49.818282376124323],[6.734077412746811,49.818283734867912],[6.734075313210968,49.818328671347359],[6.734144778295759,49.818330030051499],[6.734214243385829,49.818331388714029],[6.734216342793212,49.818286452230296],[6.734285807824334,49.818287810849057],[6.734287907162209,49.818242874362774],[6.734290006494803,49.818197937876064],[6.734220541592141,49.818196579261581],[6.734222640983687,49.818151642776598],[6.73429210582212,49.818153001388936],[6.734294205144157,49.818108064901402],[6.734298403772395,49.818018191925063],[6.734367868423422,49.81801955048936],[6.734369967665393,49.817974613998416],[6.734508896854832,49.817977330997891],[6.734510995963069,49.817932394502243],[6.734515194163706,49.817842521509711],[6.734584658573661,49.81784387994059],[6.734654122988895,49.817845238329873],[6.734656221952839,49.817800301828697],[6.734725686309126,49.817801660174226],[6.734727785203565,49.817756723670477],[6.734797249500902,49.817758081972251],[6.734799348325836,49.817713145465937],[6.734868812564225,49.81771450372397],[6.734938276807894,49.8177158619404],[6.734940375499093,49.817670925429368],[6.735009839683815,49.817672283602043],[6.735011938305509,49.817627347088461],[6.735014036921927,49.817582410574474],[6.735083500983471,49.817583768701247],[6.735152965050293,49.817585126786419],[6.73515506353298,49.817540190267714],[6.735293991554006,49.817542906308951],[6.735363455572438,49.817544264267156],[6.735365553857166,49.817499327741601],[6.735435017816647,49.817500685656064],[6.735504481781407,49.817502043528918],[6.735573945751445,49.81750340136017],[6.735576043838215,49.817458464827759],[6.73557814191971,49.817413528294928],[6.735647605766571,49.817414886080293],[6.73571706961871,49.817416243824042],[6.735786533476127,49.817417601526188],[6.735788631359666,49.817372664986507],[6.735790729237928,49.817327728446415],[6.735860192972169,49.817329086102667],[6.735929656711686,49.817330443717324],[6.735999120456479,49.817331801290365],[6.736001218136787,49.817286864743409],[6.736003315811821,49.817241928196047],[6.736072779433436,49.817243285723201],[6.736074877038971,49.817198349173275],[6.736076974639229,49.817153412622929],[6.73614643813767,49.817154770104189],[6.736148535668428,49.817109833551292],[6.73621799910792,49.81711119098879],[6.736220096569177,49.817066254433328],[6.736289559949718,49.817067611827085],[6.736291657341477,49.817022675269065],[6.736361120663068,49.817024032619067],[6.736430583989935,49.81702538992748],[6.736432681247969,49.816980453364749],[6.736502144515886,49.816981810629407],[6.736571607789078,49.816983167852463],[6.736641071067546,49.816984525033916],[6.73664316812763,49.816939588464329],[6.73664526518244,49.816894651894316],[6.736714728337732,49.816896009029882],[6.736784191498299,49.81689736612384],[6.736786288419386,49.81685242954913],[6.736855751521003,49.816853786599339],[6.736925214627894,49.816855143607945],[6.73699467774006,49.81685650057495],[6.736996774463199,49.816811563993383],[6.737066237516412,49.816812920916647],[6.737135700574902,49.816814277798287],[6.737137797164317,49.81676934121203],[6.737207260163856,49.816770698049936],[6.737205163638664,49.816815634638338],[6.7372746267077,49.816816991436781],[6.737272530241461,49.81686192802691],[6.737341993379998,49.816863284785896],[6.737339896972713,49.816908221377751],[6.737337800560157,49.816953157969202],[6.737407263832417,49.81695451469087],[6.737476727109949,49.816955871370936],[6.737474630820573,49.817000807966259],[6.737544094167605,49.817002164606869],[6.73761355751991,49.817003521205869],[6.737683020877488,49.817004877763267],[6.737752484240339,49.817006234279063],[6.737821947608461,49.817007590753263],[6.737824043576707,49.816962654147225],[6.737826139539684,49.816917717540768],[6.737895602784629,49.816919073969061],[6.737893506885878,49.816964010577671],[6.737962970200319,49.816965366966514],[6.738101896845019,49.816968079619379],[6.738171360175276,49.816969435883415],[6.738240823510805,49.816970792105849],[6.738310286851605,49.816972148286666],[6.738308191332941,49.817017084907711],[6.738447118158805,49.817019797148845],[6.738449213549019,49.816974860523516],[6.738518676905632,49.816976216579533],[6.738588140267517,49.816977572593942],[6.738590235524009,49.816932635963894],[6.738592330775234,49.816887699333456],[6.73859442602119,49.816842762702585],[6.738596521261877,49.816797826071301],[6.738527058156896,49.816796470065469],[6.738529153456539,49.816751533435912],[6.738531248750916,49.81670659680595],[6.738600711727448,49.816707952807498],[6.738670174709249,49.81670930876745],[6.738672269869907,49.81666437213277],[6.738741732792755,49.816665728048967],[6.738739637696322,49.816710664685786],[6.738878563686276,49.816713376397672],[6.738876468713027,49.816758313038356],[6.738945931780134,49.816759668834045],[6.739015394852512,49.816761024588118],[6.739013300002445,49.816805961232653],[6.739082763144316,49.816807316947283],[6.739084857930157,49.816762380300581],[6.739154321013074,49.816763735971449],[6.739223784101259,49.816765091600722],[6.739225878753384,49.81672015494933],[6.739295341782613,49.816721510534848],[6.739364804817111,49.81672286607877],[6.739434267856877,49.816724221581083],[6.739503730901912,49.816725577041787],[6.739505825291871,49.816680640381399],[6.739575288277949,49.816681995798362],[6.739644751269295,49.816683351173722],[6.739714214265911,49.816684706507473],[6.739716308457925,49.816639769840265],[6.739785771395582,49.816641125130275],[6.739855234338509,49.81664248037869],[6.739924697286702,49.816643835585502],[6.739994160240162,49.816645190750698],[6.739996254170014,49.816600254074501],[6.740065717064516,49.816601609195949],[6.740135179964286,49.816602964275809],[6.740204642869322,49.81660431931406],[6.740206736601233,49.816559382631013],[6.740276199447312,49.816560737625515],[6.740278293109733,49.816515800939918],[6.740347755896853,49.816517155890679],[6.740417218689241,49.816518510799845],[6.740419312217949,49.816473574109537],[6.740488774951378,49.816474928974955],[6.740558237690071,49.816476283798771],[6.740560331085068,49.816431347103759],[6.740629793764803,49.816432701883819],[6.740699256449805,49.816434056622292],[6.740701349711089,49.81638911992259],[6.740770812337131,49.816390474617322],[6.740840274968438,49.816391829270437],[6.740909737605012,49.816393183881956],[6.74097920024685,49.816394538451881],[6.740977107242464,49.816439475160138],[6.740975014232815,49.816484411867997],[6.741044477008368,49.816485766400582],[6.741113939789184,49.81648712089158],[6.741183402575265,49.816488475340968],[6.741252865366612,49.816489829748747],[6.741254958119362,49.816444893032333],[6.741393883589399,49.816447601718806],[6.741463346332311,49.81644895599964],[6.741532809080488,49.816450310238871],[6.741602271833929,49.816451664436507],[6.741604364260295,49.816406727708973],[6.741673826954775,49.816408081862861],[6.741743289654518,49.816409435975139],[6.741812752359524,49.816410790045829],[6.741814844587956,49.81636585331146],[6.741884307234001,49.816367207338395],[6.741953769885307,49.816368561323728],[6.742023232541877,49.816369915267465],[6.742025324572376,49.816324978526261],[6.742094787169982,49.81632633242625],[6.742164249772854,49.81632768628463],[6.742233712380988,49.816329040101415],[6.742235804213552,49.816284103353375],[6.742444191876848,49.816288164547693],[6.742513654441803,49.816289518195923],[6.742583117012019,49.816290871802558],[6.742652579587496,49.816292225367583],[6.742722042168235,49.816293578890999],[6.742724133545972,49.816248642127576],[6.742863058594781,49.816251349045338],[6.742932521127077,49.816252702441815],[6.743001983664634,49.816254055796684],[6.743071446207451,49.816255409109957],[6.743069355150834,49.816300345884088],[6.743138817763135,49.816301699157897],[6.743136726765484,49.816346635933733],[6.743206189447269,49.816347989168072],[6.743275652134315,49.816349342360816],[6.743277743003516,49.816304405580702],[6.743279833867459,49.816259468800155],[6.743281924726146,49.816214532019195],[6.743284015579573,49.816169595237824],[6.743286106427745,49.816124658456026],[6.743288197270659,49.816079721673837],[6.743290288108316,49.816034784891215],[6.743220825870839,49.816033431713436],[6.743225007658828,49.81594355815124],[6.743227098544935,49.81589862136952],[6.743229189425787,49.815853684587381],[6.74323128030138,49.815808747804823],[6.743161818390277,49.815807394596149],[6.743163909324835,49.815762457815325],[6.743233371171716,49.815763811021867],[6.743302833023856,49.815765164186807],[6.743372294881254,49.815766517310131],[6.74337438561789,49.815721580522464],[6.743443847416325,49.815722933602061],[6.743513309220019,49.815724286640048],[6.743582771028972,49.81572563963644],[6.743652232843184,49.81572699259123],[6.743654323317672,49.815682055794596],[6.74372378507292,49.815683408705645],[6.743793246833426,49.815684761575092],[6.74386270859919,49.815686114402929],[6.743932170370212,49.815687467189171],[6.744001632146493,49.815688819933804],[6.744003722294615,49.815643883126057],[6.744073184011929,49.815645235826963],[6.744142645734502,49.815646588486253],[6.744212107462333,49.815647941103954],[6.744207927546169,49.815737814731833],[6.744205837580204,49.815782751545157],[6.74427529950596,49.815784104127658],[6.744344761436972,49.815785456668564],[6.744414223373241,49.815786809167868],[6.744553147261549,49.815789514041661],[6.744551057611443,49.815834450865253],[6.744548967956083,49.815879387688433],[6.744618430036566,49.8158807400672],[6.744616340440176,49.815925676892107],[6.744612161231632,49.816015550540669],[6.744610071619478,49.816060487364318],[6.744679533962112,49.816061839710045],[6.744677444408928,49.81610677653542],[6.744746906821042,49.816108128841684],[6.744744817326828,49.816153065668786],[6.744742727827361,49.816198002495469],[6.744740638322638,49.816242939321747],[6.744810100932681,49.81624429159281],[6.74480801148693,49.8162892284208],[6.744877474166452,49.816290580652407],[6.744946936851231,49.816291932842397],[6.744944847528674,49.816336869674259],[6.745014310282934,49.816338221824772],[6.745016399541265,49.816293284990785],[6.745085862236555,49.81629463709757],[6.7451553249371,49.816295989162761],[6.745157414061729,49.81625105232407],[6.745226876703303,49.816252404345512],[6.745296339350134,49.816253756325352],[6.745298428341062,49.816208819481993],[6.745367890928923,49.816210171418085],[6.745437353522038,49.816211523312582],[6.74550681612041,49.816212875165476],[6.74550890491341,49.816167938315289],[6.74557836745281,49.816169290124442],[6.745647829997465,49.816170641891986],[6.745649918656764,49.816125705037116],[6.745719381142449,49.816127056760926],[6.745788843633386,49.816128408443134],[6.745790932158987,49.816083471583568],[6.745860394590953,49.816084823222035],[6.745862483047079,49.81603988635991],[6.745864571497953,49.81599494949738],[6.745866659943576,49.81595001263441],[6.745872925248937,49.815815202043069],[6.745875013673555,49.81577026517845],[6.745877102092922,49.815725328313427],[6.745887544110988,49.81550064398207],[6.745889632498847,49.815455707114559],[6.745891720881456,49.815410770246629],[6.745893809258814,49.81536583337828],[6.745895897630922,49.815320896509526],[6.745897985997776,49.815275959640353],[6.745910516088641,49.815006338416595],[6.745979976984531,49.815007689962194],[6.74598206525041,49.814962753087983],[6.745986241766415,49.814872879338317],[6.745990418261418,49.814783005586982],[6.745994594735418,49.814693131834005],[6.745996682964543,49.814648194956881],[6.745998771188417,49.814603258079352],[6.746000859407039,49.814558321201417],[6.746002947620412,49.814513384323043],[6.746005035828535,49.81446844744427],[6.746007124031405,49.814423510565078],[6.746009212229026,49.814378573685481],[6.746011300421396,49.814333636805465],[6.746015476790387,49.814243763044182],[6.746017564967006,49.814198826162915],[6.746019653138374,49.814153889281243],[6.746021741304491,49.814108952399152],[6.74602382946536,49.814064015516642],[6.746025917620977,49.814019078633734],[6.746030093916461,49.813929204866632],[6.746032182056327,49.81388426798248],[6.746046798888384,49.81356970978171],[6.746048886986248,49.813524772894233],[6.746050975078863,49.81347983600633],[6.746053063166227,49.813434899118022],[6.74605515124834,49.813389962229287],[6.746057239325205,49.813345025340148],[6.74598778080535,49.81334367387359],[6.74599613331716,49.813163926321423],[6.746065591580158,49.81316527777944],[6.746067679630771,49.813120340888226],[6.746069767676135,49.813075403996599],[6.746071855716248,49.813030467104554],[6.746073943751111,49.812985530212096],[6.746076031780725,49.812940593319219],[6.746006573838792,49.812939241871888],[6.74601283808877,49.812804431197186],[6.746082295838066,49.812805782638108],[6.74608438384668,49.812760845743583],[6.746086471850043,49.812715908848638],[6.746090647841021,49.812626035057498],[6.74616010533872,49.812627386448277],[6.746162193262123,49.812582449549957],[6.746166369093181,49.812492575752053],[6.746168457000834,49.81244763885249],[6.746172632800393,49.812357765052099],[6.746174720692297,49.812312828151292],[6.746176808578953,49.812267891250059],[6.746178896460359,49.812222954348421],[6.746180984336516,49.81217801744635],[6.74618516007308,49.812088143640999],[6.746187247933487,49.812043206737698],[6.746189335788647,49.811998269833971],[6.746191423638555,49.811953332929846],[6.746193511483216,49.811908396025295],[6.746195599322625,49.811863459120339],[6.746197687156786,49.811818522214971],[6.746199774985699,49.811773585309169],[6.746201862809361,49.811728648402969],[6.746203950627774,49.811683711496343],[6.746206038440937,49.811638774589312],[6.74627549453127,49.8116401258915],[6.746279670013434,49.811550252071932],[6.746210214051516,49.811548900774007],[6.746212301848932,49.811503963865732],[6.746142845956474,49.811502612528329],[6.746073390069266,49.81150126114936],[6.746075477989848,49.811456324244929],[6.7460060221721,49.811454972826503],[6.745936566359604,49.811453621366468],[6.74593865440335,49.811408684465896],[6.745869198660314,49.811407332966404],[6.745871286763018,49.811362396067558],[6.74580183108944,49.811361044528603],[6.745803919251101,49.811316107631484],[6.745806007407512,49.811271170733953],[6.7457365518676,49.81126981915768],[6.745738640082968,49.811224882261868],[6.745669184612516,49.811223530646124],[6.745671272886838,49.811178593752032],[6.745601817485846,49.811177242096825],[6.745603905819125,49.811132305204467],[6.74553445048759,49.811130953509803],[6.745536538879826,49.811086016619157],[6.74546708361775,49.811084664885037],[6.74546917206894,49.811039727996118],[6.745399716876324,49.811038376222534],[6.74533026168896,49.811037024407369],[6.745332350263312,49.810992087522301],[6.745262895145405,49.810990735667673],[6.745264983778712,49.810945798784331],[6.745195528730266,49.81094444689024],[6.745197617422525,49.810899510008625],[6.745128162443539,49.810898158075076],[6.745130251194752,49.810853221195181],[6.745060796285223,49.810851869222169],[6.745062885095391,49.810806932343986],[6.745064973900305,49.810761995465398],[6.744995519124442,49.810760643455076],[6.744997607988309,49.810715706578208],[6.744999696846924,49.810670769700913],[6.744930242204723,49.810669417653273],[6.744932331122292,49.810624480777712],[6.744934420034608,49.810579543901731],[6.74486496552607,49.810578191816759],[6.744867054497339,49.810533254942499],[6.744869143463355,49.810488318067833],[6.744871232424119,49.810443381192741],[6.744801778113446,49.810442029072597],[6.744803867133161,49.810397092199231],[6.744805956147625,49.810352155325468],[6.744808045156836,49.810307218451257],[6.744738591044028,49.810305866295927],[6.744740680112189,49.810260929423457],[6.744742769175099,49.810215992550575],[6.744744858232757,49.810171055677273],[6.744746947285162,49.810126118803559],[6.744677493434418,49.810124766615175],[6.744679582545773,49.810079829743195],[6.744681671651876,49.810034892870789],[6.744612217934793,49.81003354064508],[6.744614307099845,49.809988603774407],[6.744616396259643,49.809943666903301],[6.744546942676219,49.809942314640274],[6.744549031894968,49.809897377770902],[6.744479578380999,49.80989602546844],[6.744481667658698,49.809851088600787],[6.744412214214185,49.809849736258855],[6.744414303550831,49.809804799392921],[6.744344850175773,49.809803447011539],[6.744346939571368,49.809758510147333],[6.744349028961709,49.809713573282707],[6.744279575720311,49.809712220864],[6.744281665169599,49.809667284001108],[6.744212211997657,49.809665931542945],[6.744214301505893,49.809620994681758],[6.744216391008877,49.809576057820173],[6.744218480506605,49.809531120958162],[6.74414902753252,49.809529768464827],[6.744153206640618,49.809439894743853],[6.744155296186789,49.809394957882724],[6.744157385727704,49.809350021021203],[6.744159475263367,49.809305084159256],[6.744161564793775,49.809260147296904],[6.744163654318931,49.809215210434125],[6.744094201799498,49.809213857914152],[6.7440962913836,49.809168921053114],[6.744098380962447,49.80912398419165],[6.744100470536043,49.80907904732976],[6.744102560104382,49.809034110467472],[6.744033107847,49.809032757914466],[6.744035197474285,49.80898782105389],[6.744037287096318,49.808942884192909],[6.743967834972587,49.808941531602578],[6.743969924653563,49.808896594743317],[6.743900472599286,49.808895242113536],[6.743902562339207,49.808850305255994],[6.743904652073874,49.808805368398033],[6.743835200153248,49.808804015730942],[6.743837289946858,49.808759078874715],[6.743839379735213,49.808714142018069],[6.743769927948239,49.80871278931366],[6.743772017795538,49.80866785245874],[6.743774107637583,49.808622915603401],[6.74370465598426,49.808621562861674],[6.743706745885246,49.808576626008055],[6.743637294301376,49.808575273226879],[6.743639384261306,49.808530336374979],[6.743641474215981,49.808485399522681],[6.743572022765758,49.808484046704194],[6.743574112779376,49.808439109853595],[6.743576202787739,49.808394173002597],[6.743506751471166,49.808392820146793],[6.74350884153847,49.808347883297515],[6.74351093160052,49.808302946447832],[6.743441480417595,49.80830159355471],[6.743443570538587,49.808256656706746],[6.743374119425115,49.80825530377416],[6.743376209605046,49.808210366927916],[6.743378299779723,49.808165430081267],[6.743380389949143,49.808120493234192],[6.74338248011331,49.808075556386711],[6.743313029261875,49.808074203421093],[6.743315119484982,49.808029266575332],[6.743317209702832,49.807984329729152],[6.743247758985045,49.80798297672623],[6.743249849261836,49.807938039881762],[6.743251939533371,49.807893103036889],[6.74318248894923,49.807891749996656],[6.743184579279703,49.807846813153517],[6.743186669604922,49.807801876309952],[6.743188759924887,49.807756939465975],[6.743119309538583,49.807755586390563],[6.743121399917485,49.807710649548319],[6.743123490291132,49.807665712705642],[6.743054040038474,49.807664359592906],[6.743056130471058,49.807619422751962],[6.743058220898386,49.807574485910614],[6.742988770779372,49.807573132760581],[6.742990861265638,49.807528195920945],[6.742921411216075,49.807526842731455],[6.74285196117177,49.807525489500371],[6.742854051781165,49.807480552664593],[6.742856142385305,49.807435615828417],[6.742786692474642,49.807434262560015],[6.742717242569237,49.807432909250032],[6.742719333296507,49.807387972417715],[6.742721424018519,49.807343035584971],[6.742651974246758,49.80734168223767],[6.742654065027706,49.80729674540666],[6.742584615325393,49.807295392019924],[6.742586706165278,49.807250455190619],[6.742588796999906,49.807205518360917],[6.742519347431235,49.80720416493687],[6.742521438324798,49.807159228108887],[6.742451988825579,49.807157874645377],[6.742454079778075,49.807112937819127],[6.742384630348307,49.807111584316161],[6.742386721359738,49.807066647491631],[6.742388812365912,49.807021710666682],[6.742319363069784,49.807020357126419],[6.742321454134893,49.806975420303196],[6.742252004908216,49.80697406672347],[6.742182555686797,49.806972713102155],[6.742184646875028,49.806927776282798],[6.74211519772306,49.806926422622041],[6.742117288970225,49.806881485804425],[6.742047839887707,49.806880132104212],[6.742049931193805,49.806835195288301],[6.741980482180737,49.806833841548645],[6.741982573545767,49.806788904734468],[6.741913124602148,49.806787550955363],[6.74191521602611,49.806742614142898],[6.741845767151943,49.806741260324337],[6.741847858634837,49.806696323513613],[6.741778409830117,49.806694969655602],[6.741780501371944,49.806650032846598],[6.741711052636674,49.806648678949152],[6.741713144237432,49.806603742141867],[6.741643695571612,49.806602388204958],[6.7416457872313,49.806557451399399],[6.741647878885728,49.806512514593436],[6.741578430353547,49.80651116061923],[6.741508981826628,49.80650980660343],[6.741511073604176,49.80646486980131],[6.741513165376465,49.806419932998793],[6.741443716983183,49.806418578945681],[6.741445808814403,49.806373642144884],[6.741447900640363,49.806328705343674],[6.74137845238072,49.806327351253259],[6.74138054426561,49.806282414453769],[6.741311096075415,49.806281060323904],[6.741313188019233,49.806236123526155],[6.741243739898488,49.806234769356841],[6.741174291783004,49.80623341514594],[6.741176383849939,49.806188478352041],[6.741106935803905,49.80618712410169],[6.741109027929768,49.806142187309518],[6.74111112005037,49.806097250516935],[6.741041672137972,49.806095896229294],[6.740972224230837,49.806094541900059],[6.740974316474555,49.806049605111333],[6.740904868636868,49.806048250742634],[6.740906960939514,49.806003313955642],[6.740837513171276,49.806001959547515],[6.740839605532847,49.80595702276225],[6.740841697889159,49.805912085976551],[6.740772250254558,49.805910731531121],[6.740774342669796,49.805865794747156],[6.740776435079773,49.805820857962793],[6.740706987578807,49.805819503480045],[6.740709080047711,49.805774566697394],[6.740639632616193,49.805773212175204],[6.74057018518994,49.805771857611425],[6.740500737768947,49.805770503006066],[6.740502830425148,49.805725566229412],[6.740433383073604,49.805724211584604],[6.740363935727324,49.8057228568982],[6.740366028506635,49.80567792012544],[6.740296581229805,49.805676565399594],[6.740227133958239,49.805675210632167],[6.740157686691935,49.805673855823137],[6.740088239430897,49.805672500972534],[6.740090332461689,49.805627564207903],[6.740020885270099,49.805626209317857],[6.739951438083773,49.805624854386217],[6.739953531237674,49.805579917625458],[6.739884084120798,49.805578562654382],[6.739886177333624,49.805533625895343],[6.739816730286196,49.805532270884825],[6.739747283244036,49.805530915832705],[6.739749376579966,49.805485979077545],[6.739679929607254,49.80548462398599],[6.739610482639807,49.805483268852832],[6.739612576098845,49.805438332101559],[6.739543129200849,49.805436976928959],[6.739541035677626,49.805481913678086],[6.739471588720709,49.805480558461788],[6.739402141769056,49.805479203203873],[6.73933269482267,49.805477847904378],[6.739334788538447,49.805432911161652],[6.739336882248962,49.805387974418515],[6.739267435436211,49.805386619081723],[6.739197988628725,49.805385263703329],[6.739128541826505,49.80538390828336],[6.739130635724309,49.805338971546242],[6.73906118899154,49.805337616086824],[6.739063282948264,49.805292679351417],[6.738993836284946,49.805291323852565],[6.738995930300589,49.805246387118899],[6.738926483706722,49.80524503158059],[6.738928577781284,49.805200094848644],[6.738998024310968,49.805201450384807],[6.739002212315934,49.805111576915387],[6.73900430631052,49.805066640180051],[6.738934859973386,49.805065284650318],[6.73886541364152,49.80506392907899],[6.738863319518566,49.805108865810048],[6.738793873127783,49.805107510195],[6.738795967314918,49.805062573466095],[6.738726520993584,49.805061217811605],[6.738657074677518,49.805059862115527],[6.738659168987756,49.805014925390488],[6.738589722741139,49.805013569654967],[6.73852027649979,49.805012213877866],[6.738522370933129,49.804967277156699],[6.738452924761229,49.804965921340148],[6.738455019253485,49.804920984620715],[6.738385573151036,49.804919628764715],[6.738316127053856,49.804918272867141],[6.738318221669211,49.80487333615158],[6.73824877564148,49.804871980214564],[6.738250870315751,49.804827043500723],[6.738181424357472,49.804825687524264],[6.738111978404461,49.804824331506218],[6.738114073201831,49.804779394796242],[6.738044627318269,49.804778038738753],[6.737975181439976,49.80477668263967],[6.737977276360445,49.80473174593358],[6.737979371275646,49.804686809227071],[6.737909925530984,49.804685453090698],[6.737840479791593,49.80468409691273],[6.737771034057471,49.804682740693188],[6.73777312915995,49.804637803992698],[6.737703683495279,49.804636447733699],[6.737634237835875,49.804635091433127],[6.737636333061451,49.804590154736509],[6.737497441886817,49.804587442014906],[6.737499537235486,49.804542505322139],[6.737430091720255,49.804541148901102],[6.737360646210294,49.804539792438469],[6.737362741682058,49.804494855749603],[6.737293296241546,49.804493499247528],[6.737295391772224,49.804448562560388],[6.737225946401165,49.804447206018878],[6.737228041990756,49.804402269333444],[6.737158596689146,49.804400912752492],[6.737089151392809,49.804399556129965],[6.737091247105491,49.804354619448411],[6.737021801878604,49.804353262786449],[6.737023897650198,49.804308326106629],[6.736954452492762,49.804306969405211],[6.736956548323268,49.804262032727124],[6.736887103235283,49.804260675986264],[6.736889199124701,49.804215739309903],[6.736819754106167,49.804214382529608],[6.736821850054493,49.804169445854981],[6.736752405105411,49.804168089035244],[6.736682960161598,49.804166732173933],[6.736685056233017,49.804121795503157],[6.736615611358656,49.804120438602396],[6.736546166489566,49.804119081660055],[6.736548262684073,49.804074144993173],[6.736478817884435,49.804072788011389],[6.736480914137852,49.804027851346234],[6.736411469407665,49.804026494325015],[6.736413565719991,49.803981557661587],[6.736344121059256,49.803980200600918],[6.736274676403791,49.803978843498662],[6.736276772839203,49.803933906839134],[6.736207328253191,49.803932549697436],[6.736209424747513,49.80388761303962],[6.73613998023095,49.803886255858487],[6.736070535719662,49.803884898635772],[6.736072632337072,49.803839961981822],[6.736003187895233,49.803838604719672],[6.73600528457155,49.803793668067463],[6.735935840199162,49.803792310765878],[6.735866395832049,49.803790953422698],[6.73586849263145,49.803746016774355],[6.735799048333788,49.803744659391754],[6.735729604041399,49.803743301967557],[6.735660159754284,49.803741944501773],[6.735662256740947,49.803697007859455],[6.735592812523284,49.803695650354236],[6.735594909568853,49.803650713713658],[6.735525465420641,49.803649356168997],[6.735456021277703,49.803647998582768],[6.735458118446355,49.803603061946049],[6.73538867437287,49.803601704320371],[6.735319230304658,49.803600346653113],[6.735321327596393,49.803555410020273],[6.735251883597632,49.803554052313579],[6.735182439604146,49.803552694565298],[6.735112995615935,49.803551336775421],[6.735043551632999,49.803549978943977],[6.734904663682954,49.803547263156311],[6.73490676135448,49.803502326535941],[6.734837317451547,49.803500968581893],[6.734767873553889,49.80349961058625],[6.734698429661507,49.803498252549026],[6.734700527520289,49.803453315934675],[6.73463108369736,49.803451957858023],[6.734561639879708,49.803450599739776],[6.734492196067332,49.803449241579962],[6.734490098016019,49.803494178187869],[6.734420654144743,49.803492819984314],[6.73442275226023,49.803447883378546],[6.734353308458408,49.803446525135563],[6.734351210278743,49.803491461739178],[6.73428176641802,49.803490103452454],[6.734212322562573,49.803488745124149],[6.734142878712403,49.803487386754256],[6.734140780334932,49.803532323351021],[6.734071336425862,49.803530964937401],[6.734001892522071,49.803529606482201],[6.733999794010971,49.803574543074255],[6.733997695494597,49.803619479665883],[6.733928251467729,49.803618121164817],[6.733858807446139,49.803616762622148],[6.733789363429826,49.803615404037899],[6.733719919418792,49.803614045412068],[6.733722018191875,49.803569108829016],[6.733652574250296,49.803567750163765],[6.733583130313995,49.803566391456918],[6.733513686382973,49.803565032708477],[6.733444242457229,49.803563673918454],[6.733374798536765,49.80356231508685],[6.73330535462158,49.803560956213673],[6.733235910711673,49.803559597298921],[6.733166466807045,49.803558238342553],[6.7330970229077,49.803556879344619],[6.733027579013632,49.803555520305103],[6.733025479598779,49.803600456866683],[6.732956035645814,49.803599097783433],[6.732886591698128,49.803597738658603],[6.732884492149646,49.803642675215464],[6.732815048143063,49.803641316046892],[6.732745604141763,49.803639956836747],[6.732676160145743,49.803638597585021],[6.732606716155003,49.803637238291707],[6.732604616344532,49.803682174839551],[6.732535172294896,49.80368081550251],[6.732533072414969,49.803725752047797],[6.732463628306437,49.803724392667021],[6.732461528357055,49.803769329209736],[6.732392084189626,49.803767969785227],[6.732389984170787,49.803812906325398],[6.732320539944463,49.803811546857155],[6.732251095723419,49.803810187347331],[6.732248995570947,49.803855123882769],[6.732179551291007,49.803853764329226],[6.732177451069076,49.803898700862099],[6.732108006730241,49.803897341264801],[6.732038562396689,49.803895981625935],[6.731969118068418,49.803894621945481],[6.731967017648675,49.803939558471491],[6.731897573261508,49.803938198747318],[6.731828128879624,49.803936838981528],[6.731758684503024,49.803935479174172],[6.731756583885465,49.803980415693331],[6.731687139449969,49.803979055842241],[6.731685038762952,49.804023992358822],[6.731615594268562,49.804022632463997],[6.731546149779454,49.804021272527592],[6.731544048958799,49.804066209039469],[6.731474604410796,49.804064849059337],[6.731405159868078,49.80406348903761],[6.731335715330643,49.804062128974302],[6.731333614312172,49.804107065479315],[6.731331513288419,49.804152001983908],[6.731327311225068,49.804241874991853],[6.73132521018547,49.80428681149521],[6.731394655043797,49.804288171569269],[6.731392554063095,49.804333108074367],[6.731461998990887,49.804334468108991],[6.731531443923963,49.804335828102026],[6.731529343066338,49.804380764610983],[6.731459898069084,49.804379404615801],[6.731457797141998,49.804424341122207],[6.731388352085848,49.804422981083277],[6.731386251089303,49.804467917587132],[6.731455696209632,49.804469277628193],[6.731453595271984,49.804514214133768],[6.731314704908248,49.804511494005745],[6.731245259734307,49.804510133879354],[6.731247360864494,49.804465197380232],[6.731177915760016,49.804463837214406],[6.731180016949102,49.80441890071701],[6.731110571914089,49.804417540511743],[6.731112673162071,49.804372604016095],[6.73111477440477,49.804327667520035],[6.731116875642188,49.804282731023534],[6.731047430804997,49.804281370783137],[6.7310453295034,49.804326307277485],[6.731043228196521,49.804371243771399],[6.730973783236255,49.804369883485116],[6.730834893331579,49.804367162787813],[6.730765448387169,49.804365802376772],[6.730696003448045,49.804364441924157],[6.730626558514206,49.804363081429955],[6.730624456816967,49.804408017910561],[6.730555011824234,49.804406657372624],[6.730552910057533,49.804451593850672],[6.730483465005906,49.804450233269009],[6.730485566836786,49.804405296793114],[6.730487668662384,49.804360360316807],[6.730489770482697,49.804315423840087],[6.730559215341785,49.804316784415299],[6.730561317092635,49.804271847936008],[6.730563418838202,49.804226911456297],[6.730565520578485,49.804181974976188],[6.730496075911931,49.804180614407422],[6.730498177711109,49.80413567792904],[6.730428733114022,49.804134317320838],[6.73035928852222,49.804132956671054],[6.73036139044447,49.804088020196545],[6.730291945922132,49.804086659507334],[6.730294047903277,49.804041723034572],[6.730224603450403,49.804040362305926],[6.730226705490442,49.803995425834891],[6.730157261107033,49.803994065066803],[6.730159363205964,49.803949128597516],[6.730089918892021,49.803947767789992],[6.730020474583362,49.803946406940888],[6.729951030279992,49.803945046050202],[6.729953132566171,49.803900109586948],[6.729883688332266,49.80389874865682],[6.729814244103648,49.803897387685119],[6.729816346512896,49.803852451225751],[6.729746902353742,49.803851090214621],[6.729677458199875,49.803849729161904],[6.72967535566227,49.80389466561698],[6.729605911449514,49.803893304520521],[6.729608014051296,49.803848368067598],[6.729469125770002,49.803845645754237],[6.729467023039866,49.803890582202847],[6.729397578842974,49.803889220981652],[6.729399681637287,49.803844284535188],[6.729330237509861,49.803842923274566],[6.729260793387723,49.803841561972341],[6.729258690465055,49.803886498414492],[6.729189246284028,49.803885137068541],[6.72911980210829,49.803883775681001],[6.729050357937842,49.803882414251881],[6.729048254817355,49.803927350687175],[6.728978810588019,49.803925989214306],[6.728909366363972,49.803924627699878],[6.728839922145214,49.803923266143848],[6.728837818826909,49.803968202572257],[6.728768374549263,49.8039668409725],[6.728766271161492,49.804011777398351],[6.728627382493714,49.804009054069788],[6.728557938167762,49.804007692343113],[6.72855583458217,49.804052628762101],[6.72848639019733,49.804051266991692],[6.72841694581778,49.80404990517971],[6.728347501443521,49.804048543326147],[6.728345397660108,49.804093479738249],[6.728275953226962,49.804092117840945],[6.728206508799106,49.804090755902067],[6.72820440488205,49.804135692309444],[6.728134960395307,49.804134330326832],[6.728132856408783,49.804179266731637],[6.728130752416969,49.80422420313603],[6.728128648419865,49.804269139540025],[6.728059203745881,49.804267777509367],[6.72805709967931,49.804312713910775],[6.727987654946438,49.804311351836375],[6.727989759077186,49.804266415437127],[6.727920314413786,49.804265053323277],[6.727850869755676,49.804263691167861],[6.727781425102858,49.804262328970864],[6.727783529420853,49.804217392577648],[6.727714084837507,49.804216030341202],[6.727644640259451,49.804214668063189],[6.727642535813099,49.804259604452113],[6.727573091176159,49.804258242130373],[6.72750364654451,49.804256879767024],[6.727505751119218,49.804211943382413],[6.727436306557041,49.80421058097965],[6.727366862000157,49.804209218535291],[6.72722797290227,49.804206493521846],[6.727225868070849,49.804251429897846],[6.727156423465667,49.804250067326585],[6.727086978865779,49.80424870471375],[6.727084873900711,49.80429364108501],[6.727015429241938,49.804292278428441],[6.726876539940275,49.804289552990525],[6.726878645097877,49.804244616625724],[6.726809200519165,49.80424325384655],[6.726739755945749,49.804241891025789],[6.726670311377625,49.804240528163447],[6.726600866814798,49.804239165259517],[6.726531422257264,49.804237802314006],[6.726529316778771,49.80428273866805],[6.726527211294984,49.804327675021675],[6.72645776661439,49.804326312030256],[6.72638832193909,49.804324948997284],[6.726386216321653,49.804369885346176],[6.726316771587471,49.804368522269449],[6.726314665900563,49.804413458615784],[6.726245221107498,49.804412095495309],[6.72617577631973,49.804410732333267],[6.726173670499169,49.804455668674869],[6.726243115351117,49.804457031839085],[6.726241009589443,49.804501968182429],[6.726310454510864,49.804503331307195],[6.726308348808075,49.804548267652287],[6.726238903822474,49.80454690452536],[6.726236798050213,49.804591840867872],[6.726234692272657,49.804636777209957],[6.726232586489807,49.804681713551645],[6.726163141316964,49.804680350376664],[6.726165247163992,49.804635414037151],[6.726095802060624,49.804634050822742],[6.726026356962553,49.804632687566745],[6.725956911869777,49.804631324269181],[6.725954805830209,49.804676260602236],[6.725885360678553,49.804674897260931],[6.725883254569511,49.804719833591413],[6.725881148455175,49.804764769921491],[6.725811703180455,49.804763406534285],[6.725809596996642,49.804808342861797],[6.725807490807538,49.804853279188883],[6.725738045409754,49.804851915755791],[6.725735939151173,49.804896852080311],[6.725733832887299,49.804941788404406],[6.725731726618128,49.804986724728096],[6.725662281033101,49.804985361246942],[6.725664387366451,49.804940424925405],[6.725594941850902,49.804939061404824],[6.725525496340649,49.804937697842661],[6.725456050835694,49.80493633423891],[6.725458157356291,49.804891397923434],[6.725388711920814,49.804890034280255],[6.725319266490635,49.804888670595496],[6.725249821065755,49.804887306869141],[6.725180375646172,49.804885943101212],[6.725182482418194,49.804841006793936],[6.725113037068091,49.804839642986565],[6.725043591723285,49.804838279137627],[6.725045698618369,49.804793342834245],[6.724976253343044,49.804791978945858],[6.724906808073015,49.804790615015904],[6.724837362808286,49.804789251044355],[6.724839469890615,49.804744314747019],[6.724770024695364,49.804742950736056],[6.724700579505414,49.804741586683491],[6.724631134320763,49.804740222589352],[6.724561689141411,49.804738858453632],[6.72456379647516,49.804693922164496],[6.724494351365288,49.804692557989341],[6.724424906260716,49.804691193772598],[6.724355461161444,49.804689829514281],[6.724353353635158,49.80473476579693],[6.724351246103573,49.804779702079173],[6.724420691331205,49.80478106634181],[6.724418583858502,49.804826002625795],[6.724488029155612,49.804827366849004],[6.724557474458022,49.804828731030625],[6.724555367108382,49.804873667318503],[6.724553259753443,49.804918603605955],[6.724483814322673,49.804917239420021],[6.724481706898256,49.804962175704908],[6.724412261408604,49.804960811475233],[6.724410153914709,49.805005747757555],[6.72434070836618,49.805004383484125],[6.724338600802805,49.805049319763874],[6.724269155195394,49.805047955446717],[6.724199709593283,49.805046591087972],[6.724201817285018,49.805001654812536],[6.724203924971454,49.804956718536687],[6.724134479503006,49.804955354140674],[6.724065034039858,49.80495398970308],[6.723926143129465,49.804951260703128],[6.723928251067323,49.804906324435485],[6.723858805684258,49.804904959875287],[6.723789360306497,49.804903595273501],[6.723791468367414,49.804858659009774],[6.723722023059134,49.80485729436856],[6.723652577756154,49.804855929685765],[6.723583132458477,49.804854564961396],[6.723513687166101,49.804853200195424],[6.723515795478439,49.804808263939897],[6.723376905037955,49.804805534287539],[6.723374796597259,49.804850470538746],[6.72330535132079,49.804849105648024],[6.723235906049625,49.804847740715729],[6.723233797475269,49.804892676962204],[6.723164352145226,49.804891311986154],[6.723162243501389,49.804936248230078],[6.72309279811247,49.804934883210294],[6.723090689399152,49.804979819451624],[6.723088580680532,49.80502475569255],[6.723019135168556,49.805023390626864],[6.723017026380456,49.805068326865211],[6.723014917587053,49.805113263103145],[6.72294547195202,49.805111897991559],[6.722943363089136,49.805156834226914],[6.72294125422095,49.805201770461849],[6.722939145347461,49.805246706696373],[6.722869699525191,49.805245341536732],[6.722867590582221,49.805290277768677],[6.722865481633947,49.805335214000223],[6.722796035688618,49.805333848794682],[6.722793926670863,49.805378785023642],[6.722791817647805,49.805423721252176],[6.722789708619446,49.805468657480311],[6.722787599585785,49.805513593708028],[6.722718153389033,49.805512228452251],[6.722720262486876,49.805467292226723],[6.72265081635961,49.805465926931525],[6.722581370237648,49.805464561594761],[6.722511924120991,49.805463196216401],[6.722514033406078,49.805418259996898],[6.722444587358908,49.805416894579118],[6.722375141317041,49.805415529119749],[6.722305695280482,49.805414163618792],[6.722236249249226,49.805412798076254],[6.722166803223277,49.805411432492129],[6.722097357202633,49.805410066866408],[6.722027911187294,49.80540870119912],[6.721819573173115,49.805404603947729],[6.721750127179003,49.805403238114096],[6.721680681190194,49.805401872238875],[6.721611235206693,49.805400506322066],[6.721541789228501,49.805399140363669],[6.721402897288034,49.805396408322132],[6.721264005368798,49.805393676114257],[6.721194559417142,49.805392309947941],[6.721055667529752,49.805389577490551],[6.721057778157342,49.805344641315962],[6.720988332285791,49.805343275027056],[6.720990442972257,49.805298338854222],[6.720920997170194,49.805296972525881],[6.72085155137344,49.805295606155966],[6.720853662182963,49.805250669987011],[6.720855772987176,49.805205733817672],[6.720786327324092,49.805204367410482],[6.72064743601385,49.805201634471345],[6.720577990366693,49.805200267939398],[6.720575879305757,49.805245204100117],[6.720506433599728,49.805243837524429],[6.720508544724845,49.80519890136587],[6.720510655844655,49.805153965206912],[6.720441210272297,49.805152598593956],[6.720371764705249,49.805151231939419],[6.720373875948112,49.805106295784348],[6.720304430450552,49.80510492909039],[6.720306541752288,49.805059992937075],[6.720308653048717,49.80501505678334],[6.720239207684826,49.805013690052107],[6.720169762326246,49.8050123232793],[6.720167650901459,49.805057259428722],[6.720098205484009,49.805055892612167],[6.720096093989735,49.805100828759002],[6.720093982490151,49.805145764905426],[6.72009187098526,49.805190701051423],[6.720089759475059,49.805235637197022],[6.720087647959551,49.805280573342202],[6.720018202226511,49.805279206473259],[6.720016090641515,49.805324142615859],[6.719946644849604,49.805322775703175],[6.719807753281716,49.805320041753042],[6.719738307505739,49.8053186747156],[6.719740419347458,49.805273738581647],[6.719742531183869,49.80522880244726],[6.719744643014971,49.805183866312476],[6.719746754840764,49.805138930177272],[6.719748866661247,49.805093994041648],[6.719750978476422,49.80504905790562],[6.719820423867318,49.805050424930094],[6.719822535613004,49.80500548879148],[6.719824647353382,49.804960552652446],[6.71982675908845,49.804915616513],[6.71982887081821,49.804870680373142],[6.719898315957701,49.804872047347388],[6.719900427617972,49.804827111204943],[6.719902539272935,49.804782175062094],[6.719904650922591,49.804737238918818],[6.719906762566937,49.804692302775138],[6.719976207455022,49.804693669699155],[6.719978319029881,49.804648733552888],[6.719980430599433,49.804603797406202],[6.719910985839705,49.804602430486504],[6.719841541085287,49.804601063525219],[6.719843652777885,49.804556127382448],[6.719845764465177,49.804511191239257],[6.719776319844425,49.804509824240697],[6.719778431590585,49.804464888099247],[6.719708987039323,49.804463521061273],[6.719711098844352,49.804418584921578],[6.719641654362579,49.804417217844176],[6.719639542493373,49.804462153981724],[6.719570097952732,49.804460786860581],[6.719500653417405,49.804459419697849],[6.719498541414534,49.804504355830666],[6.719429096820339,49.804502988624193],[6.719431208887388,49.804458052493551],[6.719361764362683,49.804456685247651],[6.719365988609206,49.804366812989429],[6.719368100724503,49.804321876859703],[6.71929865639764,49.804320509578702],[6.719229212076091,49.804319142256134],[6.71922709983244,49.804364078381546],[6.719157655452026,49.804362711015223],[6.719088211076923,49.804361343607319],[6.719018766707134,49.804359976157834],[6.718949322342657,49.80435860866676],[6.718879877983492,49.804357241134099],[6.718810433629641,49.804355873559871],[6.718812546258354,49.804310937447433],[6.718743101973993,49.804309569833762],[6.718673657694945,49.804308202178525],[6.71860421342121,49.8043068344817],[6.718534769152789,49.804305466743287],[6.718532656267368,49.804350402847092],[6.718530543376635,49.804395338950464],[6.718528430480591,49.80444027505343],[6.718526317579235,49.804485211155978],[6.718456873059418,49.804483843367336],[6.718454760088573,49.804528779467297],[6.718385315509893,49.804527411634915],[6.71838320246956,49.804572347732311],[6.718313757832016,49.804570979856173],[6.718311644722191,49.80461591595099],[6.718309531607055,49.804660852045394],[6.718240086846469,49.804659484123349],[6.718237973661843,49.804704420215174],[6.718233747276651,49.80479429239756],[6.718164302328846,49.804792924427446],[6.718162189064103,49.804837860515853],[6.718160075794048,49.804882796603849],[6.718090630723199,49.804881428587834],[6.718088517383652,49.804926364673243],[6.718086404038792,49.804971300758247],[6.718016958844901,49.804969932696324],[6.717947513656325,49.804968564592812],[6.717878068473064,49.804967196447713],[6.717875954930354,49.805012132525817],[6.717873841382331,49.805057068603482],[6.71794328669395,49.805058436752894],[6.718012732010885,49.80505980486074],[6.718082177333134,49.805061172926983],[6.718151622660698,49.805062540951653],[6.718149509364079,49.805107477037559],[6.718218954761138,49.805108845022801],[6.718288400163511,49.805110212966454],[6.718357845571199,49.805111580868534],[6.718427290984202,49.805112948729018],[6.71842517793899,49.80515788482316],[6.718494623421487,49.805159252644223],[6.718564068909297,49.805160620423706],[6.718633514402421,49.805161988161608],[6.718631401544437,49.805206924261817],[6.718700847107055,49.805208291960305],[6.718770292674987,49.805209659617191],[6.718768179940051,49.805254595721316],[6.718766067199804,49.805299531825014],[6.718696621503512,49.805298164163801],[6.718627175812533,49.805296796461],[6.718557730126868,49.805295428716612],[6.718488284446516,49.805294060930649],[6.718486171444236,49.805338997025288],[6.718555617188768,49.805340364813418],[6.718553504245356,49.805385300909805],[6.718622950059382,49.805386668658507],[6.718692395878723,49.805388036365621],[6.718761841703375,49.805389404031168],[6.718831287533344,49.805390771655119],[6.718829174841344,49.80543570775972],[6.718898620740804,49.805437075344258],[6.718968066645579,49.805438442887201],[6.719037512555667,49.805439810388549],[6.719106958471068,49.80544117784833],[6.719104846030481,49.80548611396118],[6.719174292015375,49.805487481381526],[6.719243738005583,49.805488848760284],[6.719241625688047,49.805533784877042],[6.719311071747747,49.805535152216386],[6.71938051781276,49.805536519514135],[6.719449963883085,49.805537886770324],[6.719519409958721,49.805539253984904],[6.71958885603967,49.805540621157895],[6.71965830212593,49.80554198828932],[6.719727748217503,49.80554335537915],[6.719797194314386,49.805544722427385],[6.719795082504993,49.805589658560997],[6.719864528671368,49.805591025569825],[6.719933974843056,49.805592392537058],[6.720003421020054,49.805593759462717],[6.720072867202361,49.805595126346773],[6.720142313389982,49.805596493189256],[6.720140201896188,49.805641429333257],[6.720209648153299,49.805642796136311],[6.720279094415719,49.805644162897778],[6.72034854068345,49.805645529617657],[6.720346429376896,49.805690465767732],[6.720415875714119,49.805691832448197],[6.720485322056652,49.805693199087067],[6.720483210873154,49.805738135241029],[6.720552657285178,49.805739501840492],[6.720622103702513,49.805740868398345],[6.720691550125157,49.805742234914618],[6.720899889424941,49.805746334213936],[6.72089777862123,49.80579127038046],[6.720967225129292,49.805792636732548],[6.721036671642662,49.805794003043047],[6.72110611816134,49.805795369311966],[6.721175564685328,49.805796735539296],[6.72145335083435,49.805802200032794],[6.721592243940708,49.805804932030021],[6.721661690501847,49.805806297966257],[6.721663800599549,49.805761361775993],[6.721733247101811,49.805762727668494],[6.721735357130027,49.805717791475651],[6.721874250022107,49.805720523131548],[6.721943696476107,49.805721888897132],[6.721945806306469,49.805676952697389],[6.721876359916652,49.80567558693398],[6.721737467152936,49.805672855282388],[6.721739577170541,49.805627919088707],[6.721670130860826,49.805626553202686],[6.721600684556416,49.805625187275091],[6.721531238257315,49.805623821305893],[6.721461791963519,49.805622455295129],[6.721392345675032,49.805621089242777],[6.721322899391851,49.80561972314883],[6.721184006841414,49.805616990836192],[6.721114560574156,49.805615624617495],[6.721116671164095,49.805570688442842],[6.721186117367171,49.805572054659379],[6.721255563575554,49.805573420834335],[6.721257674031824,49.805528484654936],[6.721327120181332,49.805529850786137],[6.721396566336149,49.805531216875771],[6.72139867665875,49.805486280691632],[6.721468122754692,49.805487646737511],[6.721537568855941,49.805489012741809],[6.721607014962498,49.805490378704519],[6.721676461074361,49.805491744625641],[6.721745907191531,49.805493110505182],[6.721884799441791,49.805495842139507],[6.72195424557488,49.805497207894277],[6.722023691713276,49.805498573607487],[6.722301476319918,49.805504036044418],[6.72237092248484,49.805505401549681],[6.722368813060785,49.805550337764032],[6.722438259295195,49.805551703229881],[6.722507705534911,49.805553068654142],[6.722577151779931,49.805554434036821],[6.722646598030257,49.805555799377906],[6.722716044285887,49.805557164677403],[6.722713935177439,49.805602100902135],[6.722783381502556,49.805603466162211],[6.722852827832976,49.805604831380698],[6.722850718847591,49.805649767609317],[6.722920165247498,49.805651132788377],[6.722989611652709,49.805652497925848],[6.723059058063224,49.805653863021739],[6.723056949265085,49.805698799256419],[6.723126395745086,49.805700164312881],[6.723195842230389,49.805701529327763],[6.723193733555314,49.805746465566337],[6.723263180110105,49.805747830541783],[6.723332626670198,49.805749195475649],[6.723330518118187,49.805794131718123],[6.723399964747767,49.805795496612561],[6.723397856254638,49.805840432856776],[6.723467302953703,49.805841797711778],[6.723536749658073,49.8058431625252],[6.723534641288009,49.80588809877333],[6.723604088061863,49.805889463547302],[6.723673534841019,49.805890828279722],[6.723671426594024,49.805935764531732],[6.723740873442666,49.805937129224702],[6.723738765254554,49.80598206547846],[6.723808212172682,49.805983430132017],[6.723806104043454,49.806028366387501],[6.723875551031067,49.806029731001615],[6.723873442960724,49.806074667258848],[6.723942890017823,49.806076031833541],[6.723940782006364,49.806120968092515],[6.72401022913295,49.806122332627773],[6.724008121180375,49.806167268888494],[6.724006013222501,49.806212205148796],[6.724075460482758,49.806213569646786],[6.724073352583769,49.806258505908836],[6.724142799913511,49.806259870367377],[6.724140692073409,49.806304806631161],[6.724210139472638,49.806306171050288],[6.724208031691421,49.806351107315805],[6.724205923904906,49.806396043580925],[6.724275371437806,49.80639740796277],[6.724273263710177,49.80644234422963],[6.724342711312563,49.806443708572047],[6.724340603643821,49.806488644840627],[6.724410051315694,49.806490009143616],[6.724407943705837,49.806534945413951],[6.724477391447198,49.806536309677512],[6.724546839193858,49.806537673899484],[6.724544731707076,49.806582610173713],[6.724614179523223,49.806583974356251],[6.724683627344669,49.8065853384972],[6.724681519980961,49.80663027477533],[6.724750967871894,49.806631638876844],[6.724820415768126,49.806633002936778],[6.724889863669659,49.80663436695513],[6.724887756493214,49.806679303239306],[6.724957204464231,49.806680667218217],[6.725026652440549,49.806682031155546],[6.725096100422166,49.806683395051287],[6.725165548409083,49.80668475890544],[6.725163441484087,49.806729695197824],[6.725232889540488,49.806731059012542],[6.72530233760219,49.806732422785679],[6.725371785669189,49.806733786517228],[6.725369678931456,49.806778722815665],[6.725439127067941,49.806780086507786],[6.725508575209724,49.806781450158311],[6.725578023356806,49.806782813767249],[6.725575916806337,49.806827750071733],[6.725645365022903,49.806829113641243],[6.725714813244767,49.806830477169164],[6.725712706817378,49.806875413477535],[6.725782155108727,49.806876776966021],[6.725851603405374,49.80687814041292],[6.725921051707319,49.806879503818244],[6.725918945467196,49.806924440132669],[6.725988393838625,49.806925803498551],[6.726057842215352,49.806927166822838],[6.726127290597375,49.806928530105544],[6.72612518454452,49.806973466426015],[6.726194632996028,49.806974829669294],[6.726264081452832,49.806976192870977],[6.726333529914934,49.806977556031065],[6.726331424049349,49.807022492357589],[6.726400872580934,49.807023855478242],[6.726470321117815,49.807025218557321],[6.726539769659993,49.807026581594805],[6.726537663981676,49.807071517927383],[6.726607112593338,49.807072880925446],[6.726676561210295,49.807074243881907],[6.726746009832548,49.807075606796793],[6.726815458460097,49.807076969670071],[6.726813353033239,49.807121906010842],[6.726882801730272,49.807123268844705],[6.726952250432598,49.807124631636967],[6.72702169914022,49.807125994387647],[6.727019593900637,49.807170930734458],[6.727089042677742,49.807172293445696],[6.727158491460142,49.80717365611536],[6.727227940247836,49.807175018743429],[6.727225835195526,49.807219955096294],[6.727295284052704,49.807221317684927],[6.727364732915174,49.807222680231973],[6.727434181782942,49.807224042737424],[6.727503630656002,49.807225405201294],[6.727501525855154,49.807270341562365],[6.727570974797697,49.807271703986785],[6.727709872698662,49.80727442871089],[6.727707768085091,49.807319365077987],[6.727777217107702,49.807320727379818],[6.727846666135608,49.807322089640053],[6.727916115168806,49.807323451858693],[6.727914010742511,49.807368388231843],[6.727983459845192,49.807369750411056],[6.728052908953165,49.80737111254868],[6.728122358066428,49.807372474644708],[6.728191807184986,49.807373836699149],[6.728189703010161,49.807418773080499],[6.728259152198199,49.807420135095512],[6.72832860139153,49.807421497068937],[6.728398050590154,49.807422859000766],[6.728395946602608,49.807467795388149],[6.728465395870712,49.807469157280529],[6.728534845144107,49.807470519131343],[6.728673743706774,49.807473242708191],[6.728671639970699,49.807518179103774],[6.728741089324158,49.807519540831962],[6.72881053868291,49.807520902518561],[6.728808435069926,49.80756583891803],[6.728877884498157,49.807567200565202],[6.728947333931679,49.807568562170779],[6.729016783370491,49.807569923734775],[6.729014679944791,49.807614860140269],[6.729084129453084,49.80761622166483],[6.729153578966667,49.807617583147788],[6.729223028485541,49.807618944589166],[6.729292478009705,49.807620305988941],[6.729290374835479,49.807665242402642],[6.729359824429122,49.807666603762996],[6.729429274028055,49.807667965081748],[6.729498723632277,49.807669326358926],[6.729496620645336,49.807714262778674],[6.729566070319041,49.807715624016403],[6.729635519998032,49.807716985212544],[6.729704969682312,49.807718346367103],[6.729702866882659,49.807763282792877],[6.729772316636419,49.807764643907987],[6.729841766395467,49.807766004981524],[6.729911216159805,49.807767366013444],[6.729980665929432,49.807768727003804],[6.729978563381256,49.807813663437777],[6.730048013220361,49.807815024388681],[6.730117463064753,49.807816385297997],[6.730115360639676,49.807861321735857],[6.730184810553548,49.807862682605737],[6.730254260472708,49.80786404343403],[6.730323710397156,49.807865404220735],[6.73039316032689,49.807866764965844],[6.730391058153294,49.807911701411889],[6.730460508152508,49.807913062117557],[6.730529958157009,49.807914422781643],[6.730599408166795,49.807915783404134],[6.73059730618049,49.807960719856219],[6.730666756259757,49.807962080439268],[6.730736206344311,49.807963440980743],[6.73080565643415,49.807964801480615],[6.730803554635137,49.808009737938733],[6.730873004794454,49.808011098399177],[6.730942454959059,49.80801245881802],[6.731011905128947,49.808013819195281],[6.731009803517228,49.808058755659431],[6.731079253756596,49.80806011599725],[6.731148704001249,49.808061476293474],[6.731218154251189,49.80806283654811],[6.731287604506412,49.808064196761165],[6.73128550314618,49.808109133233494],[6.731354953470881,49.808110493407106],[6.73149385413614,49.808113213629554],[6.731563304476698,49.808114573678395],[6.731561203367954,49.808159510158909],[6.731630653777987,49.808160870168301],[6.731700104193306,49.808162230136119],[6.731698003207665,49.80820716662052],[6.731767453692461,49.808208526548881],[6.731836904182542,49.808209886435662],[6.731906354677904,49.808211246280848],[6.731975805178553,49.808212606084446],[6.731973704444402,49.808257542577032],[6.732043155014527,49.808258902341187],[6.732112605589935,49.808260262063762],[6.732182056170624,49.808261621744734],[6.732179955623775,49.808306558243352],[6.732249406273944,49.808307917884882],[6.732318856929393,49.808309277484824],[6.732388307590127,49.808310637043178],[6.732386207230577,49.808355573547828],[6.732455657960787,49.808356933066754],[6.732525108696279,49.808358292544071],[6.732594559437054,49.808359651979806],[6.732592459264805,49.808404588490475],[6.732661910075056,49.808405947886762],[6.732731360890589,49.808407307241481],[6.732800811711404,49.808408666554584],[6.7328702625375,49.808410025826099],[6.732868162616749,49.80845496234496],[6.732937613512322,49.808456321577033],[6.733007064413174,49.808457680767511],[6.733076515319309,49.808459039916407],[6.733074415585861,49.808503976441301],[6.733143866561472,49.808505335550755],[6.733213317542362,49.808506694618622],[6.733282768528534,49.808508053644893],[6.733280668982392,49.808552990175805],[6.73335012003804,49.808554349162634],[6.733419571098967,49.808555708107882],[6.733489022165174,49.80855706701152],[6.733486922806338,49.808602003548465],[6.733556373942021,49.808603362412661],[6.733625825082983,49.808604721235284],[6.733695276229227,49.808606080016297],[6.733764727380748,49.808607438755743],[6.733762628273414,49.808652375300866],[6.733832079494411,49.808653734000856],[6.733970981952244,49.808656451276057],[6.733968883032218,49.808701387827199],[6.734038334333247,49.80870274640457],[6.734107785639556,49.80870410494034],[6.734177236951145,49.808705463434528],[6.734175138218427,49.808750399991688],[6.73424458959949,49.808751758446434],[6.73431404098583,49.808753116859577],[6.734383492377448,49.808754475231133],[6.734381393832042,49.808799411794332],[6.734450845293135,49.808800770126446],[6.734520296759505,49.808802128416964],[6.734589748231153,49.808803486665887],[6.734659199708078,49.808804844873229],[6.734657101414181,49.808849781444607],[6.73472655296058,49.8088511396125],[6.734796004512257,49.808852497738798],[6.73486545606921,49.808853855823521],[6.734863357962626,49.808898792400896],[6.734932809589052,49.808900150446163],[6.735002261220757,49.80890150844985],[6.735071712857737,49.808902866411934],[6.735141164499994,49.808904224332423],[6.735210616147527,49.808905582211331],[6.735208518356649,49.808950518799044],[6.735277970073655,49.808951876638496],[6.735347421795937,49.808953234436366],[6.735416873523494,49.808954592192642],[6.735414775919933,49.808999528786366],[6.735484227716963,49.809000886503206],[6.73555367951927,49.80900224417843],[6.735623131326851,49.809003601812087],[6.735692583139708,49.809004959404135],[6.73569048578766,49.809049896006037],[6.735759937669988,49.809051253558636],[6.735829389557592,49.80905261106966],[6.735827292328666,49.809097547675428],[6.735896744285741,49.809098905146996],[6.735966196248092,49.809100262576976],[6.736035648215717,49.809101619965361],[6.736105100188616,49.809102977312158],[6.736103003211205,49.809147913926104],[6.736172455253576,49.809149271233444],[6.736241907301221,49.809150628499211],[6.736311359354139,49.809151985723368],[6.736309262564049,49.809196922343325],[6.736378714686439,49.80919827952804],[6.736448166814102,49.809199636671174],[6.736517618947039,49.809200993772713],[6.736515522344271,49.809245930398681],[6.736584974546679,49.809247287460778],[6.73665442675436,49.809248644481279],[6.736723878967314,49.809250001460178],[6.736793331185541,49.809251358397489],[6.736791234834292,49.809296295031643],[6.73686068712199,49.809297651929505],[6.73693013941496,49.809299008785779],[6.736999591713202,49.809300365600457],[6.736997495549278,49.809345302240622],[6.73706694791699,49.809346659015844],[6.737136400289975,49.809348015749485],[6.737134304249177,49.80939295239353],[6.737203756691632,49.809394309087722],[6.737273209139359,49.809395665740318],[6.737342661592357,49.809397022351334],[6.737412114050628,49.809398378920747],[6.737410018261353,49.809443315572949],[6.737479470789093,49.809444672102906],[6.737548923322104,49.809446028591289],[6.737618375860385,49.809447385038069],[6.737616280258439,49.809492321696283],[6.73768573286619,49.809493678103621],[6.737755185479211,49.809495034469357],[6.737824638097504,49.809496390793512],[6.737822542682886,49.809541327457744],[6.737891995370648,49.809542683742443],[6.737961448063679,49.809544039985546],[6.738030900761981,49.809545396187069],[6.738028805534692,49.809590332857319],[6.738098258302463,49.809591689019385],[6.738167711075503,49.809593045139856],[6.738237163853814,49.809594401218732],[6.738235068813856,49.809639337895007],[6.738304521661635,49.80964069393444],[6.738373974514682,49.809642049932279],[6.738443427372999,49.809643405888536],[6.738512880236586,49.809644761803185],[6.738510785448159,49.809689698487595],[6.738580238381213,49.809691054362808],[6.738719144263129,49.809693765988435],[6.738717049662036,49.809738702678864],[6.738786502675095,49.809740058431437],[6.738855955693423,49.809741414142401],[6.738925408717018,49.809742769811791],[6.738994861745882,49.809744125439586],[6.738992767396322,49.809789062138179],[6.739062220494654,49.809790417726518],[6.739131673598252,49.809791773273261],[6.73920112670712,49.809793128778416],[6.739199032544894,49.809838065483021],[6.73926848572323,49.80983942094872],[6.739337938906831,49.809840776372845],[6.739407392095697,49.809842131755346],[6.739476845289833,49.809843487096273],[6.739474751379145,49.809888423809042],[6.739544204642746,49.809889779110513],[6.739613657911615,49.809891134370389],[6.73968311118575,49.809892489588677],[6.7396810174624,49.809937426307442],[6.739750470806,49.809938781486274],[6.739819924154868,49.809940136623531],[6.739889377509002,49.809941491719165],[6.73988728397299,49.809986428443956],[6.739956737396589,49.809987783500148],[6.740026190825455,49.809989138514752],[6.740095644259585,49.809990493487767],[6.740093550910914,49.810035430218555],[6.740163004414511,49.810036785152114],[6.740232457923374,49.810038140044071],[6.740301911437501,49.810039494894447],[6.740371364956893,49.810040849703221],[6.740369271859763,49.810085786442173],[6.740438725448621,49.810087141211497],[6.740508179042743,49.810088495939226],[6.740577632642129,49.810089850625367],[6.740575539732342,49.810134787370316],[6.740644993401195,49.810136142017008],[6.740714447075311,49.810137496622097],[6.74078390075469,49.810138851185599],[6.740853354439333,49.810140205707505],[6.740851261781092,49.810185142460604],[6.740920715535201,49.810186496943054],[6.740990169294572,49.810187851383915],[6.741059623059208,49.810189205783168],[6.741129076829105,49.810190560140846],[6.741126984422411,49.810235496902102],[6.741196438261773,49.810236851220317],[6.741265892106398,49.810238205496951],[6.741335345956287,49.810239559731983],[6.741404799811438,49.810240913925426],[6.741474253671851,49.810242268077261],[6.741472161580908,49.810287204848798],[6.741541615510784,49.810288558961183],[6.741611069445923,49.81028991303198],[6.741680523386324,49.810291267061174],[6.741749977331986,49.810292621048795],[6.741819431282909,49.810293974994806],[6.74181733950772,49.810338911776618],[6.741886793528106,49.810340265683188],[6.741956247553754,49.81034161954814],[6.742025701584664,49.810342973371526],[6.742095155620834,49.810344327153302],[6.742164609662265,49.810345680893484],[6.74216251820283,49.810390617685592],[6.742231972313723,49.810391971386323],[6.742301426429878,49.81039332504546],[6.742370880551293,49.810394678662995],[6.742440334677966,49.810396032238941],[6.742438243470086,49.810440969039192],[6.742507697666223,49.810442322575682],[6.74257715186762,49.810443676070584],[6.742646606074277,49.810445029523891],[6.742716060286194,49.810446382935588],[6.742785514503367,49.810447736305726],[6.742783423611244,49.810492673116244],[6.742852877897882,49.810494026446904],[6.742922332189779,49.810495379735961],[6.742991786486934,49.810496732983438],[6.743061240789348,49.810498086189313],[6.74313069509702,49.810499439353599],[6.743128604520657,49.81054437617442],[6.743198058897791,49.810545729299243],[6.743267513280183,49.81054708238247],[6.743336967667833,49.810548435424117],[6.74340642206074,49.810549788424161],[6.743404331735937,49.810594725253104],[6.743334877278825,49.810593372250928],[6.743332786884563,49.810638309077312],[6.743330696485044,49.810683245903306],[6.743400151070563,49.810684598909766],[6.74346960566134,49.810685951874625],[6.743467515384974,49.81073088870447],[6.743536970045215,49.810732241629879],[6.743606424710711,49.810733594513685],[6.743675879381464,49.810734947355911],[6.743745334057476,49.810736300156528],[6.743743244032672,49.810781236994515],[6.743812698778144,49.810782589755675],[6.743882153528873,49.810783942475254],[6.743951608284858,49.810785295153238],[6.743949518447413,49.810830231997222],[6.74401897327286,49.81083158463575],[6.744088428103563,49.810832937232668],[6.744157882939522,49.810834289787998],[6.744227337780737,49.81083564230174],[6.744296792627208,49.810836994773879],[6.744294703105534,49.810881931628145],[6.744364158021465,49.810883284060822],[6.744433612942652,49.810884636451917],[6.744431523544135,49.810929573310013],[6.744500978534782,49.810930925661651],[6.744570433530686,49.810932277971688],[6.744639888531843,49.810933630240122],[6.744637799320688,49.81097856710425],[6.744707254391306,49.810979919333228],[6.74477670946718,49.810981271520625],[6.744846164548306,49.810982623666412],[6.744844075524517,49.811027560536516],[6.744913530675104,49.811028912642847],[6.744911441710268,49.811073849514685],[6.744909352740177,49.811118786386103],[6.744907263764836,49.81116372325711],[6.744905174784243,49.811208660127704],[6.744903085798398,49.811253596997872],[6.744833630326779,49.811252244880855],[6.744831541271476,49.811297181748465],[6.744762085740906,49.811295829587714],[6.744692630215591,49.81129447738536],[6.74462317469553,49.811293125141418],[6.744484263671175,49.811290420528742],[6.744414808166881,49.811289068160008],[6.744416897607424,49.811244131305216],[6.744277986743014,49.811241426447232],[6.744275897174059,49.811286363297754],[6.744206441685531,49.811285010804241],[6.744136986202259,49.811283658269126],[6.744139075899627,49.811238721422882],[6.744069620485819,49.81123736884831],[6.744000165077265,49.811236016232137],[6.744002254897793,49.811191079389758],[6.743932799558703,49.811189726734128],[6.743934889438182,49.811144789893468],[6.743865434168554,49.811143437198389],[6.743795978904183,49.8111420844617],[6.74379806890682,49.811097147624906],[6.743728613711911,49.811095794848761],[6.743659158522259,49.811094442031042],[6.743589703337865,49.81109308917172],[6.743591793527865,49.811048152340909],[6.743522338412934,49.811046799442117],[6.743452883303259,49.811045446501744],[6.743383428198843,49.811044093519776],[6.743385518576203,49.810999156694962],[6.743316063541251,49.810997803673537],[6.743246608511556,49.810996450610517],[6.743177153487119,49.810995097505895],[6.743179244051838,49.810950160687099],[6.743109789096865,49.810948807543028],[6.743040334147151,49.810947454357354],[6.742970879202693,49.810946101130092],[6.742972969954772,49.810901164317286],[6.74290351507978,49.810899811050561],[6.742834060210046,49.810898457742248],[6.742764605345571,49.810897104392339],[6.742766696285008,49.810852167585544],[6.742697241489996,49.810850814196179],[6.742627786700245,49.810849460765219],[6.742558331915753,49.810848107292664],[6.742560423042546,49.810803170491866],[6.742490968327519,49.810801816979847],[6.74242151361775,49.810800463426247],[6.742352058913243,49.810799109831045],[6.742354150227391,49.810754173036244],[6.742284695592349,49.810752819401586],[6.742215240962565,49.810751465725332],[6.742217332399863,49.810706528934418],[6.742147877839545,49.810705175218708],[6.742078423284487,49.810703821461409],[6.74200896873469,49.810702467662509],[6.742011060359342,49.810657530877592],[6.74194160587901,49.810656177039242],[6.741872151403939,49.810654823159283],[6.741802696934129,49.810653469237749],[6.741804788746133,49.810608532458843],[6.74173533434579,49.810607178497833],[6.741665879950705,49.810605824495255],[6.741596425560885,49.810604470451068],[6.74159851756024,49.810559533678152],[6.741529063239883,49.810558179594516],[6.741459608924789,49.810556825469291],[6.741390154614956,49.810555471302465],[6.741392246801662,49.810510534535567],[6.741322792561296,49.810509180329277],[6.741253338326191,49.810507826081412],[6.741183884096349,49.810506471791939],[6.741185976470406,49.810461535031038],[6.74111652231003,49.810460180702108],[6.741047068154917,49.81045882633159],[6.740977614005067,49.810457471919484],[6.740908159860481,49.810456117465783],[6.740910252486087,49.810411180713039],[6.740840798410967,49.810409826219875],[6.740771344341111,49.810408471685122],[6.740701890276517,49.810407117108781],[6.740703983089471,49.810362180362034],[6.740634529094343,49.810360825746237],[6.740565075104482,49.810359471088844],[6.740495621119884,49.810358116389857],[6.740497714120182,49.810313179649121],[6.740428260205051,49.810311824910677],[6.740358806295184,49.810310470130652],[6.740289352390581,49.810309115309025],[6.740291445578224,49.810264178574307],[6.740221991743089,49.810262823713231],[6.740152537913218,49.810261468810552],[6.740083084088613,49.810260113866285],[6.740085177463599,49.810215177137565],[6.740015723708461,49.810213822153855],[6.739946269958589,49.810212467128537],[6.739876816213981,49.810211112061637],[6.739878909776311,49.810166175338914],[6.739809456101171,49.810164820232558],[6.739740002431298,49.810163465084607],[6.73967054876669,49.81016210989506],[6.73967264251636,49.810117173178384],[6.739603188921219,49.810115817949374],[6.739533735331346,49.81011446267879],[6.73946428174674,49.810113107366597],[6.739394828167399,49.810111752012837],[6.73939692216861,49.810066815304282],[6.739327468658738,49.810065459911058],[6.739258015154133,49.81006410447624],[6.739188561654794,49.810062748999819],[6.739190655843345,49.810017812297296],[6.739121202413475,49.810016456781426],[6.739051748988873,49.810015101223975],[6.738982295569539,49.810013745624914],[6.738984389945426,49.809968808928396],[6.738914936595561,49.8099674532899],[6.738845483250962,49.809966097609802],[6.738776029911632,49.809964741888102],[6.73870657657757,49.809963386124821],[6.738708671204996,49.809918449436466],[6.738639217940404,49.809917093633729],[6.738569764681079,49.80991573778941],[6.738500311427023,49.809914381903489],[6.738502406241785,49.809869445221139],[6.738432953057198,49.809868089295769],[6.73836349987788,49.809866733328803],[6.738294046703833,49.809865377320257],[6.738296141705928,49.809820440643911],[6.738226688601349,49.809819084595922],[6.738157235502039,49.809817728506324],[6.738087782408001,49.809816372375117],[6.738089877597429,49.809771435704803],[6.738020424572859,49.809770079534168],[6.737950971553559,49.809768723321938],[6.73788151853953,49.809767367068105],[6.737883613916289,49.809722430403802],[6.73781416097173,49.809721074110527],[6.737744708032442,49.809719717775657],[6.737675255098423,49.809718361399192],[6.737605802169675,49.809717004981145],[6.737607897797965,49.809672068325007],[6.737538444938687,49.809670711867511],[6.737468992084682,49.809669355368406],[6.737399539235946,49.80966799882772],[6.737401635051567,49.809623062177593],[6.737332182272302,49.809621705597465],[6.737262729498309,49.809620348975734],[6.737193276729589,49.809618992312409],[6.737195372732536,49.8095740556683],[6.737125920033287,49.809572698965539],[6.737056467339309,49.809571342221162],[6.736917561967169,49.809568628607664],[6.736919658221642,49.809523691971727],[6.73685020560768,49.809522335104738],[6.73678075299899,49.80952097819614],[6.736711300395573,49.809519621245961],[6.736641847797429,49.809518264254187],[6.736643944303428,49.809473327626407],[6.736574491774756,49.80947197059519],[6.736505039251357,49.809470613522379],[6.73643558673323,49.809469256407972],[6.736366134220379,49.809467899251985],[6.736368230977901,49.809422962632361],[6.736298778534522,49.80942160543691],[6.736229326096415,49.809420248199878],[6.736159873663582,49.809418890921251],[6.736161970608428,49.809373954307652],[6.736092518245069,49.809372596989583],[6.736023065886982,49.809371239629918],[6.735953613534171,49.809369882228658],[6.73595571066634,49.809324945621071],[6.735886258383001,49.809323588180369],[6.735816806104937,49.809322230698079],[6.735747353832148,49.809320873174187],[6.735749451151637,49.809275936572639],[6.735679998948322,49.809274579009305],[6.735610546750282,49.809273221404375],[6.735541094557516,49.80927186375785],[6.735471642370027,49.809270506069744],[6.735473739941034,49.809225569476347],[6.735404287823018,49.809224211748798],[6.735334835710278,49.809222853979634],[6.735265383602814,49.809221496168895],[6.73526748136114,49.809176559581537],[6.735198029323148,49.809175201731342],[6.735128577290434,49.809173843839574],[6.73513067517188,49.809128907256088],[6.73506122320864,49.809127549324863],[6.734991771250676,49.80912619135205],[6.734922319297987,49.809124833337634],[6.73492441736675,49.809079896760174],[6.734854965483536,49.809078538706324],[6.7347855136056,49.809077180610878],[6.734716061732942,49.809075822473837],[6.734718159989019,49.809030885902402],[6.734648708185835,49.809029527725919],[6.734579256387929,49.809028169507847],[6.734509804595299,49.809026811248188],[6.734440352807948,49.809025452946926],[6.734442451315537,49.80898051638367],[6.734372999597659,49.808979158042966],[6.734303547885061,49.808977799660667],[6.734234096177741,49.808976441236801],[6.734236194872644,49.808931504679549],[6.734166743234797,49.808930146216227],[6.734097291602231,49.808928787711295],[6.734027839974943,49.808927429164797],[6.734029938857158,49.80888249261357],[6.733960487299345,49.808881134027615],[6.733891035746812,49.808879775400079],[6.733821584199556,49.808878416730934],[6.733823683269081,49.808833480185761],[6.733754231791303,49.808832121477174],[6.733684780318804,49.808830762726998],[6.733615328851584,49.808829403935242],[6.733545877389643,49.80882804510189],[6.733547976710676,49.808783108564867],[6.733478525318212,49.808781749692074],[6.733409073931027,49.808780390777684],[6.733339622549124,49.808779031821707],[6.733341722057464,49.808734095290724],[6.733272270745037,49.808732736295305],[6.733202819437889,49.808731377258297],[6.733133368136023,49.808730018179688],[6.733063916839439,49.808728659059483],[6.733066016599281,49.808683722536678],[6.732996565372172,49.808682363377052],[6.732927114150346,49.808681004175817],[6.732929214033298,49.808636067656892],[6.732859762880949,49.808634708416228],[6.73279031173388,49.808633349133963],[6.732720860592091,49.80863198981011],[6.732651409455586,49.808630630444675],[6.73265350959004,49.808585693933921],[6.732584058523012,49.80858433452903],[6.732514607461266,49.808582975082544],[6.732445156404802,49.808581615594491],[6.73244725672656,49.808536679089769],[6.732377805739573,49.80853531956226],[6.732308354757871,49.808533959993149],[6.732238903781449,49.80853260038247],[6.732241004290509,49.808487663883781],[6.732171553383566,49.808486304233654],[6.732102102481906,49.808484944541924],[6.732032651585528,49.808483584808613],[6.731963200694436,49.808482225033721],[6.731965301454991,49.808437288543203],[6.731895850633376,49.808435928728855],[6.731826399817044,49.808434568872926],[6.731756949005996,49.808433208975408],[6.731759049953853,49.808388272490937],[6.731689599212282,49.808386912553978],[6.731620148475997,49.808385552575416],[6.731550697744996,49.808384192555273],[6.731552798880153,49.80833925607682],[6.73148334821863,49.808337896017242],[6.731413897562391,49.808336535916055],[6.731344446911439,49.808335175773287],[6.73127499626577,49.808333815588938],[6.731277097652418,49.80828887911867],[6.731207647076229,49.808287518894872],[6.731138196505325,49.808286158629485],[6.731068745939707,49.808284798322504],[6.731070847513652,49.80823986185829],[6.731001397017511,49.808238501511873],[6.730931946526659,49.808237141123861],[6.730862496041091,49.808235780694261],[6.730864597802332,49.808190844236073],[6.730795147386243,49.808189483767023],[6.730725696975441,49.808188123256414],[6.730586796169694,49.808185402110375],[6.730517345774754,49.808184041474981],[6.730519447851674,49.808139105027138],[6.730449997526212,49.808137744352294],[6.730380547206036,49.808136383635869],[6.730311096891149,49.808135022877842],[6.730313199155363,49.808090086436039],[6.730243748909953,49.808088725638576],[6.730174298669834,49.808087364799533],[6.730104848435,49.808086003918895],[6.730106950886507,49.808041067483124],[6.730037500721155,49.808039706563044],[6.729968050561091,49.808038345601382],[6.729898600406314,49.808036984598125],[6.729900703045111,49.807992048168387],[6.729831252959815,49.807990687125688],[6.729761802879807,49.807989326041408],[6.729692352805089,49.80798796491554],[6.729622902735659,49.807986603748077],[6.729625005625938,49.807941667326524],[6.729555555625989,49.807940306119619],[6.729486105631328,49.807938944871132],[6.729416655641957,49.807937583581058],[6.729418758719525,49.807892647165552],[6.729349308799636,49.807891285836035],[6.729279858885037,49.807889924464924],[6.729210408975726,49.807888563052231],[6.729212512240581,49.807843626642764],[6.729143062400753,49.807842265190622],[6.729073612566213,49.807840903696899],[6.729004162736965,49.807839542161595],[6.728934712913007,49.807838180584703],[6.72893681642934,49.807793244183415],[6.728867366674864,49.807791882567088],[6.728797916925679,49.807790520909151],[6.728728467181784,49.807789159209626],[6.728730570885402,49.807744222814385],[6.728661121210989,49.807742861075454],[6.728591671541868,49.807741499294892],[6.728522221878038,49.807740137472763],[6.728524325768938,49.807695201083575],[6.72845487617459,49.807693839222011],[6.728385426585533,49.807692477318852],[6.728315977001769,49.807691115374098],[6.728246527423297,49.80768975338777],[6.728248631565672,49.807644817006754],[6.728179182056683,49.807643454980983],[6.728109732552984,49.807642092913625],[6.72804028305458,49.807640730804671],[6.728042387384236,49.807595794429709],[6.727972937955315,49.80759443228132],[6.727903488531685,49.807593070091357],[6.727834039113347,49.807591707859785],[6.727836143630284,49.807546771490884],[6.72776669428143,49.80754540921987],[6.727697244937871,49.807544046907289],[6.727627795599604,49.80754268455312],[6.72762990030382,49.807497748190244],[6.727560451035036,49.807496385796625],[6.727491001771548,49.807495023361419],[6.727421552513351,49.807493660884639],[6.727352103260448,49.807492298366256],[6.72728265401284,49.807490935806292],[6.727280548987673,49.807535872158397],[6.72721109968117,49.807534509554699],[6.727208994586522,49.807579445904224],[6.727139545221123,49.807578083256757],[6.727137440056992,49.807623019603739],[6.727135334887567,49.807667955950308],[6.727133229712851,49.807712892296429],[6.727131124532843,49.807757828642146],[6.727200574155003,49.807759191298217],[6.727198469033893,49.807804127645674],[6.72726791872554,49.807805490262311],[6.727615167263187,49.807812302721622],[6.727684616986597,49.807813665088716],[6.727754066715302,49.807815027414229],[6.727823516449298,49.807816389698147],[6.727892966188588,49.807817751940476],[6.727890861704098,49.807862688309051],[6.727888757214315,49.807907624677213],[6.727819307346643,49.807906262430578],[6.727749857484262,49.80790490014234],[6.727680407627176,49.807903537812528],[6.727610957775384,49.807902175441129],[6.727541507928883,49.807900813028148],[6.727472058087678,49.807899450573558],[6.727402608251766,49.807898088077387],[6.727333158421148,49.807896725539628],[6.727263708595824,49.807895362960288],[6.727194258775795,49.807894000339346],[6.727124808961062,49.807892637676808],[6.727055359151622,49.80789127497269],[6.726985909347477,49.807889912226983],[6.726916459548628,49.807888549439689],[6.726847009755073,49.807887186610813],[6.726844904297129,49.807932122946262],[6.726775454444679,49.807930760073631],[6.726706004597523,49.80792939715942],[6.726636554755665,49.807928034203606],[6.726567104919101,49.807926671206211],[6.726497655087835,49.807925308167228],[6.726428205261865,49.80792394508665],[6.726219855815731,49.807919855595387],[6.726150406010946,49.807918492348463],[6.726080956211459,49.807917129059945],[6.726011506417268,49.807915765729845],[6.726013612645508,49.807870829420246],[6.725944162920805,49.807869466050697],[6.725874713201401,49.807868102639567],[6.725805263487294,49.807866739186849],[6.725735813778485,49.807865375692536],[6.725666364074976,49.807864012156635],[6.725668470618873,49.80781907585741],[6.72559902098485,49.80781771228208],[6.725529571356127,49.807816348665156],[6.725460121732702,49.807814985006644],[6.725462228463875,49.807770048713465],[6.725392778909939,49.807768685015525],[6.725323329361301,49.807767321275996],[6.725253879817964,49.807765957494865],[6.725255986736411,49.80772102120774],[6.725186537262563,49.807719657387182],[6.725188644239904,49.80767472110179],[6.725119194835545,49.807673357241804],[6.725049745436485,49.807671993340222],[6.725051852536909,49.807627057058731],[6.724982403207339,49.807625693117728],[6.724912953883068,49.80762432913513],[6.724915061106576,49.807579392857512],[6.724845611851794,49.807578028835486],[6.724847719134194,49.807533092559623],[6.724778269948901,49.807531728498162],[6.724780377290193,49.80748679222404],[6.72471092817439,49.807485428123151],[6.724641479063888,49.80748406398066],[6.72464358652826,49.807439127710431],[6.724645693987334,49.807394191439791],[6.72457624501051,49.807392827260038],[6.724578352528474,49.807347890991139],[6.72450890362114,49.807346526771951],[6.724511011197995,49.807301590504778],[6.724441562360152,49.807300226246156],[6.724443669995896,49.807255289980738],[6.72437422122754,49.80725392568268],[6.724376328922174,49.80720898941901],[6.72430688022331,49.807207625081517],[6.724308987976832,49.807162688819581],[6.724311095725057,49.807117752557232],[6.72424164715987,49.807116388182465],[6.724243754966983,49.807071451921864],[6.724174306471284,49.807070087507668],[6.724176414337286,49.807025151248787],[6.724178522197989,49.806980214989494],[6.724109073835966,49.80697885053803],[6.724111181755557,49.806933914280485],[6.724113289669849,49.806888978022521],[6.724117505482535,49.806799105505362],[6.724119613380928,49.80675416924614],[6.724050165345142,49.806752804763867],[6.723980717314659,49.806751440239999],[6.723911269289476,49.806750075674557],[6.723841821269596,49.80674871106752],[6.723843929419438,49.806703774816505],[6.723774481469045,49.80670241017004],[6.723705033523956,49.806701045481979],[6.723707141796869,49.806656109234886],[6.723637693921268,49.806654744507398],[6.723568246050969,49.806653379738329],[6.723498798185974,49.806652014927671],[6.723500906646146,49.806607078686632],[6.723431458850639,49.806605713836525],[6.723362011060435,49.806604348944852],[6.723292563275534,49.806602984011597],[6.723294671922963,49.806558047776605],[6.723225224207551,49.806556682803901],[6.723155776497443,49.806555317789623],[6.723086328792639,49.806553952733765],[6.723088437627323,49.806509016504826],[6.723018989992007,49.80650765140954],[6.722949542361997,49.806506286272651],[6.72288009473729,49.806504921094174],[6.722810647117886,49.806503555874123],[6.722812756204012,49.806458619653398],[6.722743308654099,49.806457254393919],[6.722673861109489,49.806455889092845],[6.722604413570187,49.806454523750183],[6.722534966036187,49.80645315836594],[6.72253707537375,49.806408222153429],[6.722467627909242,49.806406856729758],[6.722398180450039,49.806405491264492],[6.72232873299614,49.806404125757645],[6.722259285547548,49.80640276020921],[6.722261395136549,49.80635782400492],[6.722191947757446,49.806356458417063],[6.722122500383651,49.806355092787605],[6.722053053015159,49.806353727116566],[6.722055162791411,49.806308790918337],[6.72198571549241,49.806307425207876],[6.721846820910331,49.806304693662177],[6.721777373627251,49.806303327826967],[6.721779483654936,49.806258391636959],[6.721710036441348,49.806257025762314],[6.721640589233065,49.806255659846066],[6.72157114203009,49.806254293888244],[6.721501694832422,49.806252927888828],[6.721503805111541,49.806207991707041],[6.721434357983364,49.806206625668203],[6.721364910860496,49.806205259587777],[6.721295463742935,49.806203893465771],[6.7212975742093,49.80615895729003],[6.721228127161232,49.806157591128596],[6.721089233081018,49.806154858680955],[6.721019786048873,49.806153492394763],[6.721021896766668,49.806108556227265],[6.720952449804016,49.806107189901638],[6.72088300284667,49.80610582353443],[6.720813555894637,49.806104457125635],[6.720815666799677,49.806059520964169],[6.720746219917134,49.806058154515966],[6.720676773039902,49.806056788026147],[6.720607326167977,49.806055421494754],[6.720609437260261,49.806010485339364],[6.72053999045783,49.806009118768557],[6.720470543660708,49.806007752156148],[6.720401096868897,49.806006385502151],[6.720331650082393,49.806005018806573],[6.720333761426103,49.805960082659418],[6.720264314709094,49.805958715924412],[6.720194867997394,49.805957349147832],[6.720125421291006,49.805955982329657],[6.720055974589927,49.805954615469894],[6.720058086185062,49.805909679330966],[6.719988639553477,49.805908312431775],[6.719849746306242,49.805905578508643],[6.719851858088616,49.805860642375777],[6.719782411537145,49.805859275353981],[6.71978029969059,49.805904211484695],[6.719710853080249,49.805902844419165],[6.7197087411642,49.805947780547292],[6.719706629242843,49.805992716675007],[6.719637182509447,49.805991349563577],[6.719635070518597,49.806036285688712],[6.719632958522436,49.806081221813436],[6.719630846520968,49.80612615793774],[6.719561399600335,49.806124790778235],[6.719559287529374,49.806169726899959],[6.719557175453101,49.806214663021272],[6.719487728409411,49.806213295815866],[6.719485616263646,49.806258231934592],[6.71948350411257,49.806303168052906],[6.719414056945825,49.806301800801592],[6.719411944725255,49.806346736917327],[6.719342497499639,49.806345369622264],[6.719340385209574,49.806390305735434],[6.719338272914199,49.806435241848185],[6.719407720268185,49.806436609147575],[6.719405608031686,49.806481545262059],[6.719403495789875,49.806526481376132],[6.719401383542754,49.806571417489792],[6.719399271290324,49.806616353603033],[6.719329823679598,49.80661498629501],[6.719260376074185,49.806613618945391],[6.719258263688072,49.8066585550539],[6.719188816023786,49.806657187660527],[6.719186703568178,49.806702123766463],[6.71911725584502,49.806700756329334],[6.719115143319915,49.806745692432685],[6.719045695537885,49.806744324951829],[6.719043582943284,49.806789261052593],[6.718974135102379,49.806787893527989],[6.718972022438282,49.806832829626188],[6.718969909768872,49.806877765723961],[6.719039357738148,49.806879133252899],[6.719037245127613,49.806924069352426],[6.719106693166389,49.806925436841937],[6.719176141210478,49.806926804289851],[6.719174028723005,49.806971740393294],[6.719243476836593,49.806973107801788],[6.719312924955495,49.806974475168694],[6.719310812591084,49.807019411276023],[6.719308700221363,49.807064347382962],[6.71937814847395,49.8070657147126],[6.719376036163107,49.807110650821265],[6.719373923846952,49.807155586929511],[6.719371811525487,49.807200523037345],[6.719369699198712,49.807245459144774],[6.719367586866625,49.807290395251769],[6.719365474529229,49.807335331358352],[6.719296025891518,49.807333964015747],[6.71922657725912,49.807332596631554],[6.719157128632034,49.807331229205765],[6.719087680010261,49.807329861738381],[6.718948782782657,49.807327126678871],[6.718879334176825,49.80732575908673],[6.718809885576307,49.807324391453008],[6.718807772720097,49.807369327541885],[6.718738324060705,49.807367959864415],[6.718668875406626,49.807366592145343],[6.718666762416729,49.807411528229487],[6.718597313703778,49.807410160466667],[6.71852786499614,49.807408792662272],[6.718458416293815,49.807407424816283],[6.718456303106042,49.807452360893521],[6.718454189912955,49.807497296970354],[6.71838474108757,49.807495929078449],[6.718382627824984,49.807540865152674],[6.718380514557083,49.807585801226509],[6.718378401283869,49.807630737299924],[6.718308952271235,49.807629369359944],[6.718306838928521,49.807674305430766],[6.718304725580492,49.807719241501189],[6.718302612227149,49.807764177571187],[6.718233163027263,49.807762809583139],[6.71823104960442,49.807807745650571],[6.718226822742793,49.80789761778415],[6.71822470930401,49.807942553850324],[6.718294158760655,49.807943921847027],[6.718363608222615,49.807945289802134],[6.718361494906897,49.807990225872224],[6.718430944438363,49.807991593787904],[6.718500393975142,49.807992961661988],[6.718569843517239,49.807994329494491],[6.718639293064648,49.807995697285421],[6.718637180000379,49.808040633363724],[6.718706629617293,49.808042001115219],[6.718704516611903,49.808086937195277],[6.718773966298322,49.808088304907336],[6.718843415990055,49.808089672577808],[6.718912865687102,49.808091040206698],[6.718910752868971,49.808135976292824],[6.718980202635523,49.808137343882272],[6.719049652407389,49.808138711430146],[6.719119102184568,49.808140078936432],[6.71918855196706,49.808141446401116],[6.719190664528429,49.808096510306342],[6.719260114252045,49.808097877727278],[6.719258001754866,49.808142813824212],[6.719327451547985,49.808144181205726],[6.719396901346417,49.808145548545646],[6.71939478897231,49.808190484646481],[6.719392676592891,49.808235420746911],[6.719462126525018,49.808236788049562],[6.71960102640521,49.808239522530116],[6.719598914213053,49.808284458636606],[6.719596802015589,49.808329394742671],[6.719527351944453,49.808328027518876],[6.719457901878632,49.808326660253485],[6.719388451818122,49.808325292946506],[6.719319001762926,49.808323925597939],[6.719249551713043,49.808322558207784],[6.719180101668472,49.808321190776034],[6.719177989080547,49.808366126868727],[6.719108538977099,49.808364759393235],[6.719106426319672,49.808409695483341],[6.719036976157345,49.808408327964102],[6.719034863430413,49.808453264051629],[6.719032750698172,49.808498200138743],[6.718963300412775,49.808496832573589],[6.718893850132694,49.808495464966846],[6.718891737266754,49.808540401049228],[6.718822286927794,49.808539033398723],[6.718820173992352,49.808583969478519],[6.718750723594513,49.808582601784259],[6.718681273201989,49.808581234048432],[6.718611822814778,49.808579866270989],[6.718613935942798,49.808534930197681],[6.718544485625095,49.808533562380823],[6.718546598811994,49.808488626309256],[6.718477148563798,49.808487258452963],[6.718407698320917,49.80848589055509],[6.71833824808335,49.808484522615629],[6.718336134703876,49.808529458680717],[6.718266684407435,49.8085280906975],[6.718264570958456,49.808573026759994],[6.718195120603137,49.808571658733037],[6.718193007084651,49.808616594792973],[6.718190893560854,49.808661530852483],[6.718121443082466,49.808660162779596],[6.718051992609394,49.808658794665128],[6.718049878951897,49.808703730719891],[6.717980428419949,49.808702362561668],[6.717978314692946,49.808747298613866],[6.71790886410212,49.808745930411888],[6.717839413516613,49.808744562168329],[6.717837299655909,49.808789498215774],[6.717767849011525,49.808788129928452],[6.717698398372458,49.808786761599556],[6.717696284378055,49.808831697642255],[6.717626833680111,49.80883032926959],[6.717557382987485,49.808828960855344],[6.71755526885938,49.80887389689331],[6.717553154725961,49.808918832930871],[6.717483703910265,49.808917464470703],[6.717481589707337,49.808962400505678],[6.717479475499093,49.809007336540233],[6.717477361285535,49.809052272574363],[6.717475247066662,49.809097208608087],[6.71740579599951,49.809095840097683],[6.717403681711126,49.809140776128835],[6.717401567417427,49.809185712159568],[6.717332116227205,49.809184343603249],[6.717334230585098,49.809139407574669],[6.717336344937674,49.809094471545691],[6.717338459284937,49.809049535516287],[6.717269008292614,49.80904816692486],[6.717271122698753,49.809003230897225],[6.717340573626882,49.809004599486485],[6.717342687963512,49.808959663456257],[6.717344802294826,49.808914727425616],[6.717414253099887,49.808916095968954],[6.717416367361692,49.808871159935713],[6.717485818107877,49.808872528435309],[6.717487932300175,49.80882759239951],[6.717490046487156,49.808782656363299],[6.717492160668823,49.808737720326654],[6.717494274845174,49.808692784289597],[6.717563725339906,49.808694152738944],[6.717567953548279,49.808604280659267],[6.717637403919943,49.808605649062706],[6.717639517951965,49.808560713020071],[6.717708968264754,49.808562081379762],[6.717711082227269,49.808517145334548],[6.71771319618447,49.808472209288922],[6.717715310136356,49.808427273242884],[6.717717424082926,49.808382337196434],[6.717786874144265,49.808383705505889],[6.717788988021329,49.808338769456839],[6.717791101893081,49.808293833407376],[6.717793215759518,49.808248897357515],[6.717797443476448,49.808159025256529],[6.717866893222148,49.808160393513575],[6.71786900700845,49.808115457460303],[6.717871120789439,49.808070521406606],[6.717873234565114,49.808025585352482],[6.717875348335474,49.80798064929796],[6.71787746210052,49.807935713243019],[6.717946911530587,49.807937081447655],[6.71794902522613,49.807892145390127],[6.717951138916358,49.807847209332202],[6.71802058822336,49.807848577490923],[6.718022701844085,49.807803641430404],[6.718024815459497,49.807758705369473],[6.718026929069595,49.807713769308123],[6.718096378189346,49.807715137418768],[6.718098491729941,49.807670201354831],[6.718100605265223,49.807625265290504],[6.71810271879519,49.807580329225736],[6.718106945839186,49.807490457094964],[6.718109059353213,49.807445521028946],[6.718111172861928,49.807400584962529],[6.718115399863416,49.807310712828425],[6.718045951321359,49.807309344737234],[6.71804806487832,49.80726440867172],[6.71811751335619,49.807265776760751],[6.718186961839374,49.807267144808186],[6.718256410327873,49.807268512814041],[6.718325858821689,49.807269880778307],[6.718395307320819,49.807271248700978],[6.71839742055153,49.807226312624245],[6.718466868991786,49.807227680503175],[6.718468982152999,49.807182744423841],[6.718471095308897,49.807137808344116],[6.718401646997013,49.807136440469506],[6.718403760211786,49.807091504391529],[6.718473208459483,49.807092872263965],[6.718475321604757,49.807047936183395],[6.718544769793581,49.807049304012097],[6.718546882869355,49.807004367928947],[6.718548995939818,49.806959431845392],[6.718618444005582,49.806960799628172],[6.718620557006545,49.806915863542038],[6.718622670002198,49.806870927455471],[6.718624782992538,49.806825991368498],[6.718626895977565,49.806781055281114],[6.718557448168543,49.806779687506975],[6.718488000364838,49.806778319691254],[6.718490113472924,49.806733383607778],[6.718559561212444,49.806734751421331],[6.718561674251034,49.806689815335282],[6.718492226575698,49.806688447523882],[6.71849433967316,49.806643511439567],[6.71856378728431,49.8066448792488],[6.718565900312275,49.806599943161906],[6.718635347864554,49.806601310927391],[6.718704795422147,49.806602678651302],[6.718706908316429,49.806557742559669],[6.718776355815153,49.806559110239824],[6.718778468639938,49.806514174145605],[6.718847916079789,49.806515541782019],[6.718850028835079,49.80647060568522],[6.718919476216058,49.80647197327788],[6.718921588901851,49.80642703717853],[6.71899103622396,49.806428404727441],[6.718993148840258,49.806383468625491],[6.719062596103495,49.806384836130654],[6.719132043372046,49.806386203594229],[6.719134155854663,49.806341267487547],[6.719136268331971,49.806296331380452],[6.719205715477465,49.806297698798105],[6.719207827885278,49.80625276268843],[6.719277274971901,49.806254130062356],[6.719279387310218,49.80620919395011],[6.719281499643226,49.806164257837438],[6.719283611970923,49.806119321724353],[6.719353058870308,49.806120689050204],[6.71935517112851,49.806075752934539],[6.719357283381403,49.806030816818463],[6.719359395628986,49.805985880701968],[6.719361507871258,49.805940944585068],[6.719430954519224,49.805942311860676],[6.719433066692003,49.805897375741196],[6.719435178859474,49.80585243962129],[6.719437291021634,49.805807503500972],[6.719439403178483,49.805762567380228],[6.719369956787249,49.805761200113245],[6.719300510401326,49.805759832804696],[6.719231064020717,49.805758465454545],[6.719233176364805,49.805713529339876],[6.719163730053689,49.805712161950311],[6.719094283747887,49.80571079451915],[6.719024837447397,49.805709427046409],[6.719026949978718,49.805664490937808],[6.718957503747724,49.805663123425646],[6.718888057522043,49.805661755871903],[6.718818611301675,49.805660388276557],[6.718749165086619,49.805659020639638],[6.718751277869357,49.805614084539272],[6.718681831723798,49.805612716862925],[6.718612385583552,49.805611349144989],[6.71854293944862,49.80560998138548],[6.718545052418591,49.805565045291175],[6.718475606353155,49.805563677492238],[6.718406160293032,49.805562309651705],[6.718336714238224,49.805560941769599],[6.718267268188732,49.805559573845905],[6.718269381410115,49.805514637759842],[6.718199935430119,49.80551326979672],[6.718130489455437,49.805511901792016],[6.718061043486068,49.805510533745739],[6.718063156894683,49.80546559766573],[6.717993710994811,49.805464229580025],[6.717924265100256,49.805462861452725],[6.717854819211015,49.805461493283836],[6.71785693280686,49.805416557209909],[6.717787486987115,49.805415189001614],[6.717718041172687,49.805413820751724],[6.717648595363574,49.805412452460246],[6.717579149559778,49.805411084127194],[6.71758126340703,49.805366148061502],[6.717511817672731,49.805364779689029],[6.717442371943748,49.805363411274968],[6.717372926220081,49.805362042819311],[6.717375040254562,49.805317106759681],[6.717305594600393,49.805315738264611],[6.71723614895154,49.805314369727959],[6.717166703308004,49.805313001149727],[6.717168817529711,49.805268065096172],[6.717099371955672,49.805266696478512],[6.717029926386952,49.805265327819264],[6.716960480823548,49.805263959118427],[6.716891035265462,49.805262590376017],[6.716893149738572,49.805217654330697],[6.716823704249985,49.805216285548873],[6.716754258766714,49.805214916725447],[6.716684813288762,49.805213547860454],[6.716686927949097,49.805168611821202],[6.716617482540643,49.805167242916774],[6.716548037137507,49.805165873970758],[6.716478591739691,49.805164504983161],[6.716409146347192,49.80516313595399],[6.716411261258928,49.805118199922987],[6.716341815935928,49.805116830854388],[6.716272370618247,49.805115461744208],[6.716202925305886,49.805114092592433],[6.716205040404843,49.805069156567512],[6.71613559516198,49.805067787376323],[6.716066149924436,49.805066418143554],[6.715996704692213,49.805065048869196],[6.71599881997839,49.805020112850336],[6.715929374815666,49.805018743536571],[6.715859929658261,49.805017374181197],[6.715790484506176,49.805016004784257],[6.715721039359411,49.805014635345728],[6.715723154896986,49.804969699335125],[6.715653709819722,49.804968329857168],[6.715584264747775,49.804966960337637],[6.715514819681151,49.804965590776526],[6.715445374619849,49.804964221173833],[6.715447490408819,49.804919285171458],[6.715378045417017,49.80491791552933],[6.715308600430534,49.804916545845636],[6.715239155449374,49.804915176120339],[6.715241271425562,49.804870240124046],[6.715171826513901,49.804868870359343],[6.715102381607561,49.804867500553058],[6.715032936706544,49.804866130705186],[6.715035052869948,49.804821194714968],[6.714965608038431,49.804819824827675],[6.714896163212235,49.8048184548988],[6.714826718391362,49.804817084928338],[6.714757273575812,49.804815714916295],[6.714759389990608,49.804770778934319],[6.714689945244559,49.804769408882855],[6.714620500503831,49.80476803878981],[6.714551055768428,49.804766668655184],[6.714481611038347,49.804765298478976],[6.714483727704533,49.804720362505243],[6.714414283043953,49.804718992289615],[6.714344838388696,49.804717622032399],[6.714275393738764,49.804716251733595],[6.71427751059216,49.804671315765958],[6.714208066011729,49.804669945427747],[6.714138621436621,49.804668575047948],[6.714069176866837,49.804667204626561],[6.713999732302378,49.8046658341636],[6.714001849407163,49.804620898204206],[6.713932404912205,49.804619527701817],[6.713862960422571,49.804618157157854],[6.713793515938263,49.804616786572296],[6.713795633230257,49.804571850618991],[6.71372618881545,49.80457047999402],[6.713656744405968,49.80456910932746],[6.713587300001811,49.804567738619333],[6.713517855602981,49.804566367869626],[6.713519973146359,49.804521431924542],[6.713450528817029,49.80452006113542],[6.713311640174347,49.804517319432399],[6.713313757904933,49.804472383493412],[6.713244313655757,49.804471012581693],[6.713174869411907,49.804469641628394],[6.713105425173385,49.804468270633514],[6.713107543091176,49.804423334700616],[6.713038098922156,49.804421963666314],[6.712968654758463,49.804420592590439],[6.712899210600095,49.804419221472962],[6.71290132870509,49.80437428554616],[6.712831884616227,49.804372914389269],[6.71276244053269,49.804371543190811],[6.712692996454479,49.804370171950772],[6.712623552381597,49.804368800669131],[6.712625670737972,49.804323864750572],[6.712556226734593,49.804322493429517],[6.712486782736541,49.804321122066888],[6.712484664251815,49.80436605798112],[6.712415220194915,49.80436468657475],[6.712413101640688,49.804409622486382],[6.712482545761763,49.804410993894926],[6.712480427266386,49.804455929808334],[6.712410983081135,49.804454558397609],[6.712408864516256,49.804499494308416],[6.712339420272155,49.804498122853964],[6.712337301637772,49.804543058762185],[6.712267857334824,49.804541687263971],[6.712198413037204,49.804540315724175],[6.712128968744912,49.804538944142799],[6.712059524457949,49.804537572519827],[6.712057405561535,49.80458250841896],[6.711987961215724,49.804581136752248],[6.711918516875243,49.804579765043947],[6.71184907254009,49.804578393294079],[6.711846953445819,49.804623329186299],[6.711777509051818,49.804621957392662],[6.711775389888043,49.804666893282288],[6.711705945435196,49.804665521444903],[6.711703826201917,49.804710457331957],[6.711634381690223,49.804709085450817],[6.711564937183857,49.804707713528089],[6.711562817816896,49.804752649410396],[6.711493373251684,49.80475127744392],[6.711423928691802,49.80474990543587],[6.711354484137251,49.804748533386245],[6.71128503958803,49.804747161295019],[6.711282919959031,49.804792097168217],[6.711280800324704,49.804837033041004],[6.71121135565246,49.804835660903862],[6.711141910985546,49.804834288725139],[6.711139791217533,49.804879224593179],[6.711070346491774,49.804877852370701],[6.711000901771346,49.804876480106635],[6.710931457056248,49.804875107800996],[6.710862012346482,49.804873735453768],[6.710864132371203,49.804828799594404],[6.710794687730946,49.804827427207762],[6.710725243096022,49.804826054779539],[6.710727363243768,49.804781118924105],[6.710657918678351,49.804779746456461],[6.710660038884945,49.804734810602788],[6.710729483386184,49.80473618306825],[6.710731603523269,49.804691247211984],[6.710801047965663,49.804692619633691],[6.710803168033243,49.804647683774839],[6.710805288095492,49.804602747915574],[6.710807408152413,49.804557812055883],[6.710876852407607,49.804559184429507],[6.710878972395022,49.80451424856723],[6.710881092377107,49.804469312704533],[6.710950536509282,49.80447068503225],[6.710952656421862,49.804425749166967],[6.710954776329112,49.804380813301272],[6.710956896231032,49.804335877435172],[6.710959016127624,49.804290941568631],[6.710961136018887,49.804246005701692],[6.711030579835515,49.804247377976978],[6.711032699657273,49.804202442107446],[6.711034819473703,49.804157506237487],[6.710965375785425,49.804156133966565],[6.710895932102479,49.804154761654026],[6.710898052041929,49.804109825788004],[6.71082860842849,49.804108453436058],[6.710759164820381,49.804107081042552],[6.71076128488285,49.804062145180453],[6.710691841344249,49.804060772747512],[6.71062239781098,49.804059400272997],[6.710552954283042,49.804058027756895],[6.710555074532706,49.804013091900892],[6.710485631074276,49.804011719345382],[6.710416187621177,49.804010346748278],[6.710414067243164,49.804055282599961],[6.71041194685982,49.804100218451211],[6.710342503283705,49.804098845808198],[6.710340382830857,49.804143781656876],[6.710338262372677,49.804188717505127],[6.710336141909168,49.804233653352959],[6.710266698145861,49.804232280661857],[6.710264577612845,49.804277216507117],[6.710195133790696,49.80427584377226],[6.710193013188174,49.804320779614919],[6.710123569307182,49.804319406836314],[6.710054125431523,49.80431803401612],[6.710056246162396,49.804273098177795],[6.710058366887936,49.804228162339058],[6.710060487608147,49.804183226499887],[6.71012993129128,49.804184599313565],[6.710132051941983,49.80413966347183],[6.710134172587356,49.804094727629668],[6.710203616147473,49.804096100397423],[6.710205736723339,49.804051164552682],[6.710207857293875,49.804006228707507],[6.710209977859081,49.803961292861928],[6.710212098418956,49.803916357015936],[6.710142655115535,49.803914984256849],[6.710073211817448,49.803913611456188],[6.710075332500341,49.803868675614098],[6.710005889271762,49.80386730277403],[6.709936446048516,49.80386592989236],[6.709938566854424,49.803820994054213],[6.709869123700685,49.803819621133144],[6.709871244565434,49.803774685296744],[6.709801801481204,49.803773312336261],[6.709732358402306,49.803771939334197],[6.709734479390071,49.80372700350172],[6.70966503638068,49.803725630460242],[6.709667157427286,49.80368069462952],[6.709597714487403,49.803679321548636],[6.709528271552855,49.803677948426163],[6.709530392722475,49.803633012599363],[6.709460949857434,49.803631639437491],[6.709391506997727,49.803630266234023],[6.70939362829036,49.803585330411138],[6.709324185500162,49.803583957168271],[6.709254742715297,49.803582583883809],[6.709256864130943,49.803537648064868],[6.709187421415585,49.803536274740992],[6.709117978705564,49.803534901375549],[6.709048536000878,49.803533527968526],[6.709050657603707,49.803488592155666],[6.708981214968529,49.803487218709222],[6.708911772338687,49.803485845221203],[6.708909650607512,49.803530781029728],[6.708840207918834,49.803529407497948],[6.708770765235491,49.8035280339246],[6.708768643370639,49.80357296972835],[6.708766521500451,49.803617905531702],[6.708764399624931,49.803662841334614],[6.708833842500792,49.803664214914477],[6.708831720684109,49.803709150719165],[6.708762277744076,49.803707777137127],[6.708760155857886,49.803752712939222],[6.708690712859017,49.803751339313429],[6.70868859090332,49.80379627511293],[6.708619147845613,49.803794901443382],[6.708617025820409,49.803839837240297],[6.708547582703867,49.803838463526994],[6.708549704793244,49.803793527732253],[6.708480261746209,49.803792153979551],[6.708410818704514,49.803790780185267],[6.70840869648679,49.803835715975666],[6.70840657426373,49.80388065176566],[6.708404452035336,49.80392558755522],[6.708402329801607,49.803970523344375],[6.708400207562543,49.804015459133105],[6.708469650925108,49.804016832938252],[6.708467528744883,49.804061768728737],[6.708465406559324,49.804106704518809],[6.708534850055574,49.804108078286717],[6.708532727928853,49.804153014078551],[6.708602171494614,49.804154387807039],[6.708600049426733,49.804199323600614],[6.708597927353519,49.804244259393791],[6.708595805274969,49.804289195186527],[6.708665249038591,49.804290568879949],[6.708663127018882,49.804335504674455],[6.708661004993838,49.804380440468542],[6.708730448891147,49.804381814124717],[6.708728326924944,49.804426749920559],[6.708726204953408,49.804471685715981],[6.708656760927747,49.80447031205545],[6.708587316907423,49.804468938353359],[6.708589439007311,49.804424002562271],[6.7085199950565,49.804422628820745],[6.708450551111025,49.804421255037646],[6.708381107170887,49.804419881212958],[6.708383229457969,49.804374945427966],[6.708313785587345,49.804373571563879],[6.708174897862108,49.80437082371094],[6.708105454007497,49.804369449722088],[6.708103331463716,49.804414385498383],[6.708033887550267,49.804413011465783],[6.708031764936973,49.804457947239499],[6.707962320964689,49.804456573163137],[6.70789287699774,49.804455199045215],[6.707823433036131,49.804453824885691],[6.707821310224976,49.804498760652464],[6.707819187408483,49.804543696418833],[6.707749743323861,49.804542322213393],[6.707747620437857,49.804587257977161],[6.7076781762944,49.804585883727945],[6.70760873215628,49.804584509437177],[6.707606609136587,49.804629445196177],[6.707604486111557,49.804674380954772],[6.707673930378028,49.804675755249903],[6.707671807411837,49.804720691010246],[6.707741251747825,49.804722065265963],[6.707739128840473,49.804767001028061],[6.707737005927785,49.804811936789761],[6.707806450397463,49.804813311008232],[6.707804327543616,49.804858246771673],[6.70787377208281,49.804859620950737],[6.707871649287804,49.804904556715933],[6.707869526487459,49.804949492480709],[6.707938971160348,49.804950866622526],[6.707936848418844,49.804995802389072],[6.707934725672004,49.805040738155199],[6.70786528087076,49.805039364009033],[6.707863158054407,49.805084299772545],[6.707861035232717,49.805129235535659],[6.707930480162316,49.805130609686174],[6.707928357399466,49.805175545451043],[6.70792623463128,49.805220481215486],[6.707856789573326,49.80521910706063],[6.707854666735625,49.805264042822493],[6.707785221618832,49.80526266862389],[6.707715776507377,49.805261294383698],[6.707713653535983,49.805306230140793],[6.707644208365688,49.805304855856846],[6.707574763200734,49.805303481531304],[6.707572640095646,49.805348417283646],[6.707570516985221,49.805393353035569],[6.707501071697247,49.805391978664105],[6.707498948517307,49.805436914413448],[6.707496825332027,49.805481850162352],[6.707427379921035,49.805480475744957],[6.70742525666624,49.805525411491288],[6.70735581119641,49.805524037030146],[6.70728636573192,49.805522662527402],[6.707288489115075,49.805477726785426],[6.707219043720103,49.805476352243282],[6.707149598330473,49.805474977659543],[6.707080152946183,49.805473603034244],[6.707078029370493,49.805518538769711],[6.707008583927363,49.805517164100635],[6.707004336631607,49.805607035565977],[6.70700221297572,49.805651971298019],[6.707000089314494,49.805696907029642],[6.70699796564793,49.805741842760845],[6.707067411411956,49.805743217440785],[6.707065287804233,49.805788153173744],[6.706995841976027,49.805786778491644],[6.706993718298785,49.805831714222023],[6.706924272411739,49.805830339496168],[6.706928519889245,49.805740468039332],[6.706930643619988,49.805695532310295],[6.706932767345394,49.805650596580847],[6.70686332172041,49.805649221822087],[6.706865445504655,49.805604286094386],[6.706867569283562,49.805559350366281],[6.706798123792278,49.805557975570288],[6.706802371462432,49.805468104117139],[6.706804495289501,49.805423168389964],[6.706735049996094,49.805421793558899],[6.706737173882002,49.805376857833473],[6.70673929776257,49.805331922107605],[6.706669852602863,49.805330547239315],[6.70667197654227,49.805285611515224],[6.70667410047634,49.805240675790699],[6.706604655450331,49.805239300885162],[6.706606779443237,49.805194365162414],[6.706608903430805,49.805149429439233],[6.706539458538492,49.805148054496463],[6.706541582584898,49.805103118775051],[6.706611027413032,49.805104493715646],[6.706613151389921,49.805059557991633],[6.706682596159219,49.805060932888473],[6.70675204093386,49.805062307743732],[6.706754164777053,49.805017372014966],[6.706823609492857,49.805018746826477],[6.706825733266536,49.80497381109511],[6.706827857034875,49.804928875363331],[6.706897301627666,49.804930250128898],[6.706899425326488,49.804885314394532],[6.706968869860443,49.804886689116358],[6.70697099348975,49.804841753379392],[6.707040437964869,49.80484312805747],[6.707042561524661,49.804798192317925],[6.707044685079115,49.80475325657796],[6.707183573788668,49.804756005800648],[6.707185697209431,49.804711070055916],[6.707187820624855,49.804666134310771],[6.707257264859289,49.804667508855395],[6.707259388205199,49.804622573107665],[6.707189944034941,49.804621198565215],[6.70719206743969,49.804576262819239],[6.707122623338948,49.804574888237369],[6.707124746802536,49.804529952493162],[6.707126870260782,49.804485016748522],[6.707196314233173,49.804486391326037],[6.707198437621908,49.804441455578811],[6.707200561005305,49.804396519831165],[6.707131117161264,49.804395145257992],[6.707061673322564,49.804393770643244],[6.706992229489205,49.804392395986902],[6.706922785661186,49.804391021288986],[6.706924909295946,49.804346085549611],[6.706994353059788,49.804347460245367],[6.706996476625035,49.804302524503399],[6.707065920330045,49.804303899155386],[6.707068043825776,49.804258963410838],[6.707137487471952,49.804260338019077],[6.707206931123467,49.804261712585728],[6.707209054485513,49.804216776836419],[6.707211177842219,49.804171841086699],[6.707141734319053,49.804170466524383],[6.707002847288741,49.804167717275014],[6.706933403781596,49.804166342587962],[6.706931280168191,49.804211278328999],[6.706929156549448,49.804256214069625],[6.706927032925366,49.804301149809824],[6.706857589231038,49.804299775074661],[6.706859712919295,49.804254839336643],[6.70679026929448,49.804253464562073],[6.706792393041573,49.804208528825797],[6.706794516783327,49.804163593089108],[6.706796640519741,49.804118657351992],[6.706657753671185,49.804115907691155],[6.706659877530608,49.804070971957977],[6.706662001384693,49.804026036224371],[6.706664125233439,49.803981100490361],[6.706666249076845,49.803936164755932],[6.706735692241757,49.803937539598451],[6.706737816015652,49.803892603861428],[6.706668372914913,49.803891229021083],[6.706598929819514,49.803889854139157],[6.706601053716415,49.803844918406064],[6.706603177607978,49.803799982672551],[6.706672620575031,49.803801357550128],[6.706742063547424,49.803802732386131],[6.706811506525158,49.803804107180547],[6.706813630218862,49.803759171440113],[6.706815753907228,49.80371423569926],[6.706746311057839,49.803712860909179],[6.706676868213792,49.803711486077525],[6.706678992025164,49.80366655034058],[6.706681115831199,49.803621614603237],[6.706750558546902,49.803622989430544],[6.706752682283423,49.803578053690615],[6.706754806014607,49.803533117950245],[6.706756929740452,49.803488182209485],[6.706687487217265,49.803486807388694],[6.70661804469942,49.803485432526301],[6.706548602186915,49.803484057622363],[6.706546478268556,49.803528993356615],[6.70647703569722,49.803527618408907],[6.706479159679753,49.80348268267683],[6.70640971717793,49.803481307689722],[6.706411841219295,49.803436371959393],[6.706342398786988,49.803434996932872],[6.706272956360021,49.803433621864762],[6.706203513938396,49.803432246755072],[6.706134071522114,49.803430871603808],[6.706136195814825,49.803385935881749],[6.706205638166936,49.803387311030853],[6.70627508052439,49.803388686138362],[6.706277204683418,49.803343750411557],[6.706279328837105,49.803298814684332],[6.706281452985454,49.803253878956674],[6.706350895155736,49.803255254016086],[6.706353019234574,49.803210318285849],[6.706355143308072,49.8031653825552],[6.706285701266133,49.803164007500129],[6.706216259229533,49.803162632403485],[6.706146817198277,49.803161257265266],[6.706077375172364,49.80315988208546],[6.706007933151793,49.803158506864072],[6.706010057540804,49.803113571143861],[6.705940615589745,49.803112195883067],[6.705871173644029,49.803110820580692],[6.705801731703654,49.803109445236736],[6.705803856279837,49.803064509522642],[6.705734414408977,49.803063134139286],[6.70566497254346,49.803061758714335],[6.705595530683286,49.803060383247811],[6.705597655446637,49.803015447539821],[6.705528213655977,49.803014072033889],[6.705530338478156,49.802969136327647],[6.705599780204646,49.802970511831404],[6.705601904957314,49.802925576122568],[6.705671346624979,49.802926951582577],[6.705673471308137,49.802882015871155],[6.705604029704642,49.802880640413328],[6.705606154446627,49.802835704703668],[6.705608279183272,49.802790768993582],[6.705677720658429,49.802792144447054],[6.705679845325562,49.802747208734395],[6.705610403914576,49.80274583328309],[6.705612528640538,49.802700897572173],[6.705614653361159,49.802655961860843],[6.705545212083853,49.802654586372306],[6.705475770811891,49.802653210842188],[6.705406329545272,49.802651835270481],[6.705336888283996,49.802650459657215],[6.70533901325595,49.802605523954163],[6.705269572064187,49.802604148301469],[6.705200130877768,49.802602772607216],[6.705202255972718,49.802557836908086],[6.705132814855811,49.802556461174419],[6.705063373744249,49.80255508539917],[6.705065498962191,49.802510149703998],[6.704996057920142,49.802508773889336],[6.704926616883438,49.802507398033114],[6.704928742224374,49.80246246234185],[6.704859301257183,49.802461086446215],[6.704861426656944,49.802416150756713],[6.704791985759265,49.802414774821663],[6.70479411121785,49.802369839133924],[6.704724670389683,49.802368463159475],[6.704726795907094,49.80232352747349],[6.70465735514844,49.802322151459641],[6.704659480724675,49.802277215775412],[6.704590040035533,49.802275839722157],[6.704592165670591,49.802230904039696],[6.704522725050962,49.802229527947034],[6.704524850744844,49.802184592266322],[6.704526976433383,49.80213965658519],[6.704457535947432,49.80213828045531],[6.704459661694793,49.802093344775948],[6.704390221278356,49.802091968606646],[6.70439234708454,49.802047032929025],[6.704394472885379,49.802002097251005],[6.704396598680876,49.801957161572552],[6.704327158462283,49.801955785368207],[6.704329284316601,49.801910849691524],[6.704331410165576,49.801865914014421],[6.704333536009206,49.801820978336892],[6.704335661847492,49.801776042658943],[6.704266221890908,49.801774666421714],[6.704268347788016,49.801729730745549],[6.704272599566199,49.801639859391919],[6.704274725447275,49.801594923714504],[6.704276851323006,49.801549988036648],[6.704278977193395,49.801505052358372],[6.704281103058438,49.801460116679692],[6.70435054256587,49.801461492901694],[6.704352668361407,49.801416557220413],[6.704354794151599,49.801371621538721],[6.704356919936448,49.801326685856623],[6.704359045715952,49.801281750174084],[6.704361171490114,49.801236814491141],[6.704430610682072,49.80123819066069],[6.704432736386727,49.801193254975146],[6.704434862086038,49.801148319289197],[6.704436987780005,49.801103383602822],[6.704439113468629,49.801058447916041],[6.70444123915191,49.801013512228835],[6.704510678028401,49.801014888345925],[6.704512803642175,49.800969952656132],[6.704514929250607,49.80092501696592],[6.704517054853695,49.800880081275281],[6.704521306043842,49.800790209892781],[6.704523431630901,49.800745274200899],[6.704592870127764,49.800746650263363],[6.704594995645317,49.800701714568902],[6.704599246664398,49.800611843178686],[6.704601372165922,49.800566907482974],[6.704603497662105,49.800521971786821],[6.704605623152945,49.800477036090264],[6.704536185041048,49.800475660040838],[6.704538310590704,49.80043072434605],[6.704540436135019,49.800385788650829],[6.70454256167399,49.800340852955188],[6.704544687207617,49.800295917259135],[6.704546812735902,49.800250981562677],[6.704477374950152,49.800249605482549],[6.704479500537254,49.800204669787838],[6.704481626119013,49.800159734092709],[6.704483751695428,49.800114798397161],[6.7044858772665,49.800069862701193],[6.704488002832231,49.80002492700482],[6.704418565372621,49.800023550893997],[6.704420690997167,49.799978615199379],[6.704422816616369,49.799933679504335],[6.704424942230229,49.799888743808879],[6.704355504968441,49.799887367663004],[6.704357630641116,49.799842431969303],[6.704359756308447,49.799797496275183],[6.704361881970436,49.799752560580657],[6.704292444906468,49.799751184399732],[6.70429457062727,49.799706248706954],[6.70429669634273,49.799661313013772],[6.704298822052844,49.799616377320163],[6.704229385186696,49.7996150011042],[6.704231510955625,49.79957006541234],[6.704233636719212,49.799525129720067],[6.704235762477455,49.799480194027382],[6.704166325809124,49.799478817776347],[6.704168451626181,49.799433882085424],[6.704170577437893,49.799388946394089],[6.704172703244262,49.79934401070232],[6.704174829045287,49.79929907501014],[6.704105392638929,49.799297698726242],[6.704107518498765,49.799252763035831],[6.704109644353261,49.799207827344979],[6.704111770202411,49.799162891653729],[6.704042333993867,49.799161515334781],[6.704044459901829,49.799116579645293],[6.704046585804448,49.799071643955372],[6.704048711701723,49.799026708265046],[6.704050837593654,49.798981772574308],[6.704052963480242,49.798936836883129],[6.70398352759782,49.798935460533485],[6.70398565354322,49.798890524844076],[6.703987779483274,49.798845589154261],[6.703989905417985,49.798800653464028],[6.703992031347352,49.798755717773361],[6.703922595726895,49.798754341390833],[6.703924721715071,49.798709405701942],[6.703926847697907,49.798664470012618],[6.703928973675397,49.798619534322889],[6.703931099647542,49.798574598632733],[6.703933225614344,49.798529662942173],[6.703935351575802,49.798484727251186],[6.703937477531916,49.798439791559794],[6.703868042365881,49.798438415150919],[6.703870168380805,49.798393479461275],[6.703872294390385,49.798348543771212],[6.703874420394619,49.798303608080737],[6.703876546393511,49.798258672389835],[6.703880798375262,49.79816880100681],[6.703882924358122,49.798123865314658],[6.703885050335638,49.7980789296221],[6.703887176307809,49.798033993929117],[6.703893554192261,49.797899186847687],[6.703895680143058,49.797854251153019],[6.70389780608851,49.797809315457961],[6.703899932028619,49.797764379762484],[6.703904183892806,49.797674508370264],[6.703906309816883,49.797629572673536],[6.703912687557054,49.797494765580822],[6.703914813459757,49.797449829882432],[6.703916939357116,49.797404894183614],[6.703919065249131,49.797359958484371],[6.703921191135804,49.797315022784723],[6.703923317017132,49.797270087084655],[6.703925442893117,49.797225151384161],[6.703994876327075,49.797226527734296],[6.703997002133567,49.797181592031222],[6.704001253730523,49.797091720623804],[6.704003379520985,49.79704678491948],[6.70400763108588,49.796956913509561],[6.704009756860312,49.796911977803987],[6.704011882629402,49.796867042098],[6.704014008393147,49.796822106391581],[6.704016134151551,49.796777170684742],[6.70401825990461,49.796732234977497],[6.704087692638287,49.796733611262127],[6.704089818321855,49.796688675552289],[6.704091944000082,49.796643739842033],[6.704094069672966,49.796598804131357],[6.704096195340505,49.796553868420261],[6.704098321002703,49.796508932708754],[6.704100446659557,49.79646399699682],[6.704102572311069,49.796419061284482],[6.704172004601063,49.796420437512332],[6.704174130183087,49.796375501797392],[6.704176255759767,49.796330566082027],[6.704178381331104,49.796285630366256],[6.704182632457751,49.796195758933465],[6.70418475801306,49.79615082321645],[6.704186883563026,49.79610588749901],[6.70425631540935,49.796107263670059],[6.704258440889828,49.796062327950025],[6.704260566364964,49.796017392229572],[6.704262691834758,49.795972456508714],[6.70426481729921,49.79592752078743],[6.70426694275832,49.795882585065733],[6.704271193660511,49.795792713621083],[6.704340625063168,49.795794089735331],[6.704342750442107,49.79574915401021],[6.704344875815703,49.795704218284676],[6.704347001183957,49.795659282558717],[6.70434912654687,49.79561434683233],[6.704353377256667,49.795524475378336],[6.704422808279809,49.795525851437958],[6.704424933562552,49.795480915708161],[6.704427058839953,49.795435979977945],[6.704429184112012,49.79539104424731],[6.704431309378729,49.795346108516256],[6.704433434640104,49.795301172784789],[6.704435559896139,49.79525623705289],[6.704504990539771,49.79525761305792],[6.704507115726321,49.795212677323441],[6.704509240907528,49.795167741588543],[6.704511366083396,49.795122805853225],[6.704513491253921,49.795077870117503],[6.704515616419104,49.795032934381354],[6.704517741578947,49.794987998644785],[6.704519866733447,49.794943062907805],[6.704589296933433,49.794944438856035],[6.704591422018451,49.794899503116454],[6.704593547098128,49.794854567376476],[6.704595672172463,49.794809631636078],[6.704597797241458,49.794764695895246],[6.704602047363422,49.794674824412347],[6.70467147718391,49.794676200305958],[6.704673602172742,49.794631264561701],[6.70467572715623,49.79458632881704],[6.704677852134378,49.79454139307196],[6.704679977107187,49.794496457326453],[6.704682102074652,49.794451521580548],[6.704684227036778,49.794406585834203],[6.704686351993562,49.79436165008746],[6.704755781370419,49.794363025924277],[6.704757906257723,49.794318090174926],[6.704760031139687,49.794273154425177],[6.70476215601631,49.794228218674995],[6.704764280887592,49.794183282924408],[6.704766405753533,49.794138347173394],[6.704768530614134,49.794093411421969],[6.704770655469395,49.794048475670131],[6.704840084402627,49.794049851450168],[6.704842209188409,49.794004915695716],[6.70484433396885,49.793959979940865],[6.70484645874395,49.793915044185603],[6.704848583513711,49.793870108429914],[6.704850708278132,49.793825172673799],[6.704852833037211,49.793780236917293],[6.704922261590963,49.793781612642711],[6.704924386280565,49.793736676883597],[6.704926510964827,49.793691741124071],[6.704928635643749,49.793646805364133],[6.704930760317331,49.793601869603762],[6.704932884985572,49.793556933842972],[6.704935009648474,49.793511998081769],[6.704937134306035,49.793467062320168],[6.704939258958255,49.793422126558134],[6.705008687004262,49.793423502224599],[6.705010811587007,49.793378566459978],[6.705012936164413,49.793333630694931],[6.705015060736478,49.793288694929473],[6.705017185303205,49.793243759163609],[6.70501930986459,49.793198823397312],[6.705021434420637,49.793153887630602],[6.705025683516707,49.79306401609594],[6.705027808056733,49.793019080327987],[6.705097235530871,49.793020455933316],[6.705099360001423,49.792975520162763],[6.705101484466637,49.792930584391797],[6.705103608926509,49.79288564862042],[6.705105733381043,49.792840712848616],[6.705107857830237,49.7927957770764],[6.705109982274091,49.792750841303771],[6.705112106712606,49.792705905530717],[6.705114231145782,49.792660969757236],[6.705183658112194,49.792662345303611],[6.705185782475898,49.792617409527558],[6.705187906834261,49.792572473751079],[6.705190031187286,49.792527537974188],[6.70519215553497,49.792482602196884],[6.705194279877317,49.792437666419147],[6.705196404214323,49.792392730640998],[6.705198528545991,49.79234779486243],[6.705200652872318,49.792302859083463],[6.705202777193308,49.792257923304064],[6.705272203587874,49.792259298789311],[6.705274327839393,49.792214363007325],[6.705276452085572,49.792169427224927],[6.705278576326413,49.792124491442095],[6.705280700561914,49.792079555658866],[6.7052849490169,49.791989684091135],[6.705287073236385,49.791944748306655],[6.70528919745053,49.791899812521748],[6.705291321659337,49.79185487673643],[6.705293445862806,49.791809940950678],[6.705362871621408,49.79181131637263],[6.705364995755408,49.791766380584306],[6.705367119884069,49.791721444795556],[6.705369244007391,49.791676509006386],[6.705371368125374,49.791631573216804],[6.705373492238019,49.791586637426803],[6.705377740447293,49.791496765845558],[6.705379864543922,49.791451830054314],[6.705381988635213,49.791406894262643],[6.705384112721164,49.79136195847056],[6.705386236801777,49.791317022678072],[6.705455661860303,49.791318398034548],[6.705457785871451,49.791273462239438],[6.705459909877259,49.791228526443938],[6.70546203387773,49.791183590648018],[6.705464157872862,49.791138654851672],[6.705466281862655,49.791093719054913],[6.705468405847111,49.791048783257743],[6.705470529826228,49.791003847460146],[6.705472653800006,49.790958911662131],[6.70547690173155,49.790869040064862],[6.705479025689314,49.790824104265603],[6.705481149641741,49.790779168465932],[6.705483273588828,49.790734232665834],[6.705552697819046,49.790735607952477],[6.705554821696671,49.790690672149786],[6.705556945568957,49.790645736346697],[6.705559069435905,49.790600800543174],[6.705561193297515,49.79055586473924],[6.705563317153788,49.790510928934893],[6.705565441004723,49.79046599313012],[6.705567564850319,49.790421057324927],[6.705569688690577,49.790376121519323],[6.705571812525498,49.790331185713306],[6.705573936355081,49.79028624990687],[6.705576060179327,49.790241314100015],[6.705578183998234,49.790196378292734],[6.705580307811805,49.790151442485062],[6.705582431620037,49.790106506676956],[6.705584555422931,49.790061570868424],[6.705586679220487,49.790016635059487],[6.705588803012706,49.789971699250131],[6.705658226158148,49.789973074458288],[6.705660349880906,49.789928138646331],[6.70566459731041,49.789838267021189],[6.705668844718564,49.789748395394376],[6.705670968414635,49.789703459580338],[6.705673092105369,49.789658523765894],[6.705675215790764,49.789613587951038],[6.705677339470824,49.789568652135742],[6.705679463145544,49.789523716320048],[6.705681586814928,49.789478780503934],[6.705683710478975,49.789433844687395],[6.705685834137684,49.789388908870443],[6.705687957791056,49.789343973053079],[6.705692205081789,49.789254101417086],[6.705694328719148,49.789209165598479],[6.705696452351171,49.789164229779445],[6.705700699599206,49.78907435814012],[6.705770121467557,49.789075733263246],[6.705772245019449,49.789030797440773],[6.705778615643101,49.788895989970896],[6.705780739173646,49.788851054146782],[6.705782862698852,49.788806118322235],[6.705784986218722,49.788761182497268],[6.705787109733256,49.788716246671882],[6.705789233242452,49.788671310846084],[6.70579135674631,49.788626375019874],[6.705795603738019,49.788536503366217],[6.705797727225869,49.788491567538735],[6.705799850708381,49.788446631710862],[6.705801974185555,49.788401695882577],[6.705804097657395,49.788356760053851],[6.705806221123897,49.788311824224721],[6.705810468040889,49.788221952565202],[6.705816838376355,49.788087145072808],[6.705886258839446,49.788088520106562],[6.705888382209811,49.788043584272764],[6.70589475228889,49.787908776768838],[6.70589687563791,49.787863840933355],[6.70590112231994,49.787773969261167],[6.705905368980625,49.787684097587309],[6.705907492302964,49.787639161749752],[6.705909615619966,49.787594225911768],[6.705911738931631,49.787549290073372],[6.705915985538954,49.787459418395343],[6.705918108834609,49.787414482555704],[6.705920232124931,49.787369546715645],[6.705922355409916,49.787324610875167],[6.705926601963876,49.787234739192961],[6.705928725232852,49.787189803351225],[6.70593084849649,49.787144867509092],[6.705932971754796,49.787099931666532],[6.705935095007764,49.787054995823546],[6.705937218255395,49.787010059980148],[6.70594146473465,49.786920188292108],[6.705943587966273,49.786875252447459],[6.705945711192561,49.786830316602405],[6.705947834413512,49.786785380756925],[6.705952080839407,49.7866955090647],[6.705954204044352,49.786650573217976],[6.70595632724396,49.786605637370826],[6.705958450438231,49.786560701523257],[6.705964819989032,49.78642589397807],[6.705966943161961,49.786380958128824],[6.705969066329554,49.78633602227918],[6.705971189491811,49.786291086429109],[6.70597331264873,49.786246150578641],[6.705975435800316,49.786201214727726],[6.705977558946567,49.786156278876405],[6.705979682087481,49.786111343024679],[6.705981805223059,49.78606640717252],[6.705986051478209,49.785976535466979],[6.70591663402841,49.785975160535351],[6.705918757212091,49.785930224684115],[6.705920880390435,49.785885288832468],[6.705923003563443,49.785840352980401],[6.705925126731115,49.785795417127929],[6.705927249893453,49.785750481275024],[6.705929373050455,49.785705545421706],[6.70593149620212,49.785660609567984],[6.70593361934845,49.785615673713828],[6.705864202416856,49.785614298758027],[6.705866325621956,49.78556936290564],[6.705868448821723,49.785524427052835],[6.705937865625102,49.78552580200428],[6.705939988755426,49.785480866148887],[6.706009405500035,49.785482241056613],[6.706011528560915,49.785437305198634],[6.706080945246756,49.785438680062626],[6.706150361937935,49.785440054885065],[6.706148239005269,49.785484990747392],[6.706217655765891,49.78548636553046],[6.706215532891997,49.785531301394549],[6.706213410012769,49.785576237258226],[6.706211287128204,49.78562117312147],[6.706209164238304,49.785666108984316],[6.706207041343071,49.785711044846742],[6.706204918442501,49.78575598070875],[6.706202795536597,49.785800916570331],[6.706200672625357,49.785845852431507],[6.706198549708783,49.785890788292257],[6.706267967051712,49.785892163053312],[6.706265844193911,49.785937098915824],[6.706263721330775,49.78598203477793],[6.706261598462305,49.786026970639597],[6.706259475588499,49.786071906500865],[6.706257352709357,49.786116842361707],[6.706255229824881,49.786161778222123],[6.70625310693507,49.786206714082141],[6.706322524732101,49.786208088816842],[6.706320401901065,49.786253024678615],[6.706318279064694,49.786297960539962],[6.706316156222987,49.786342896400896],[6.706314033375945,49.786387832261397],[6.706309787665858,49.78647770398117],[6.706307664802812,49.786522639840442],[6.70630554193443,49.786567575699287],[6.706303419060712,49.78661251155772],[6.706301296181662,49.786657447415713],[6.706299173297275,49.786702383273315],[6.706297050407553,49.786747319130498],[6.706294927512496,49.786792254987262],[6.706292804612104,49.786837190843606],[6.706290681706376,49.786882126699531],[6.706360100470409,49.786883501425272],[6.706357977623459,49.786928437282945],[6.706427396456942,49.786929811969323],[6.70649681529576,49.786931186614112],[6.706566234139918,49.786932561217363],[6.706568356794531,49.78688762535316],[6.706637775579913,49.786888999912684],[6.70663989816508,49.786844064045887],[6.706709316891685,49.786845438561663],[6.706711439407406,49.786800502692294],[6.706780858075236,49.786801877164343],[6.706850276748401,49.786803251594854],[6.706919695426903,49.786804625983805],[6.706921817744954,49.786759690107488],[6.70699123636468,49.786761064452691],[6.706993358613285,49.786716128573801],[6.706995480856556,49.786671192694484],[6.707064899353395,49.786672566993794],[6.707069143695715,49.786582695229576],[6.706999725327099,49.786581320934609],[6.707001847554371,49.786536385054028],[6.707071265858874,49.786537759346828],[6.707073388016703,49.786492823463675],[6.707075510169195,49.786447887580103],[6.707144928350814,49.786449261827002],[6.707147050433863,49.786404325940836],[6.707149172511579,49.786359390054265],[6.707218590570312,49.786360764255271],[6.707220712578585,49.786315828366106],[6.707151294583964,49.786314454167275],[6.707153416651014,49.786269518279866],[6.707083998725837,49.786268144041657],[6.707086120851666,49.786223208155988],[6.707155538712732,49.786224582392023],[6.707157660769116,49.786179646503783],[6.707227078571408,49.786181020696084],[6.707229200558349,49.786136084805271],[6.707231322539958,49.786091148914011],[6.707300740219365,49.786092523060425],[6.707370157904107,49.786093897165287],[6.707439575594184,49.786095271228596],[6.707508993289595,49.786096645250339],[6.70757841099034,49.786098019230529],[6.70758053264607,49.786053083328007],[6.707582654296466,49.786008147425072],[6.707584775941531,49.785963211521704],[6.707586897581265,49.785918275617924],[6.707656315030907,49.785919649547871],[6.707658436601199,49.785874713641505],[6.707660558166159,49.78582977773474],[6.707662679725789,49.785784841827535],[6.707593262468472,49.785783467904096],[6.707595384086877,49.785738531998653],[6.707664801280085,49.785739905919925],[6.707734218478627,49.785741279799637],[6.70773209698844,49.785786215709422],[6.707801514256424,49.785787589549734],[6.707803635682504,49.78574265363779],[6.707873052891713,49.785744027434397],[6.707875174248353,49.785699091519845],[6.707877295599663,49.785654155604881],[6.70794671268599,49.785655529355573],[6.707948833967861,49.785610593438037],[6.7079509552444,49.78556565752006],[6.708020372207843,49.785567031224879],[6.708022493414943,49.785522095304323],[6.708024614616714,49.785477159383341],[6.708026735813152,49.785432223461967],[6.708096152589607,49.785433597118697],[6.708098273716607,49.785388661194723],[6.708167690434287,49.785390034807733],[6.70816981149185,49.78534509888118],[6.708171932544084,49.785300162954194],[6.708241349138882,49.785301536521317],[6.708243470121677,49.785256600591744],[6.708245591099145,49.785211664661773],[6.708315007571061,49.785213038182995],[6.70831712847909,49.785168102250417],[6.70831924938179,49.785123166317426],[6.708321370279159,49.785078230384023],[6.708323491171199,49.785033294450194],[6.708392907392023,49.785034667921181],[6.708395028214626,49.78498973198478],[6.708397149031899,49.784944796047952],[6.708399269843844,49.784899860110698],[6.708468685877683,49.784901233533631],[6.708470806620192,49.784856297593798],[6.708540222595257,49.784857670972997],[6.708542343268332,49.784812735030577],[6.708544463936076,49.784767799087739],[6.708613879788263,49.784769172421043],[6.708616000386574,49.784724236475626],[6.708685416179986,49.784725609765196],[6.70868329564578,49.784770545712789],[6.70875271150863,49.784771918962981],[6.708822127376811,49.784773292171622],[6.708824247782807,49.784728356219695],[6.708893663592214,49.784729729384608],[6.708895783928775,49.784684793430088],[6.708965199679409,49.784686166551282],[6.708967319946537,49.784641230594168],[6.709036735638396,49.784642603671642],[6.709106151335583,49.784643976707564],[6.709175567038103,49.784645349701911],[6.709244982745951,49.78464672265472],[6.709247102751334,49.784601786688526],[6.709316518400407,49.784603159597602],[6.70938593405481,49.784604532465139],[6.709455349714544,49.784605905291109],[6.709524765379606,49.784607278075534],[6.709594181049998,49.784608650818413],[6.709596300729531,49.784563714840935],[6.709598420403736,49.784518778863053],[6.709667835951248,49.784520151560024],[6.709737251504089,49.784521524215442],[6.709806667062258,49.784522896829316],[6.709808786538824,49.784477960844512],[6.709810906010063,49.784433024859283],[6.709813025475976,49.784388088873655],[6.70974361011012,49.784386716266283],[6.709674194749591,49.784385343617373],[6.709676314338386,49.784340407635653],[6.709678433921853,49.784295471653529],[6.709747849154175,49.784296844298098],[6.709817264391824,49.784298216901114],[6.709886679634803,49.784299589462599],[6.709884560243645,49.784344525451239],[6.709882440847162,49.78438946143946],[6.709951856223677,49.784390833963705],[6.71002127160552,49.784392206446412],[6.71009068699269,49.784393578887567],[6.710092806196862,49.78434864289283],[6.710094925395708,49.784303706897688],[6.710097044589228,49.784258770902113],[6.710166459789416,49.784260143295192],[6.710168578913506,49.784215207297052],[6.710237994054918,49.784216579646412],[6.710307409201656,49.784217951954233],[6.710309528192216,49.784173015951325],[6.710378943280179,49.784174388215412],[6.71038106220131,49.784129452209918],[6.710450477230498,49.784130824430285],[6.7104525960822,49.784085888422226],[6.710454714928579,49.784040952413733],[6.710524129834886,49.784042324588206],[6.710526248611838,49.78399738857712],[6.710528367383464,49.783952452565636],[6.710597782166894,49.78395382469423],[6.710599900869094,49.783908888680138],[6.710669315593747,49.783910260765012],[6.710671434226521,49.783865324748348],[6.710740848892399,49.783866696789488],[6.710742967455746,49.783821760770238],[6.710812382062847,49.783823132767679],[6.710814500556769,49.783778196745843],[6.710883915105095,49.783779568699543],[6.710886033529591,49.783734632675127],[6.71095544801914,49.783736004585109],[6.711024862514017,49.783737376453544],[6.711026980804985,49.783692440424367],[6.711096395241085,49.783693812249076],[6.71109851346263,49.783648876217327],[6.711167927839952,49.783650247998317],[6.711237342222601,49.783651619737753],[6.711239460310618,49.783606683701258],[6.711241578393314,49.783561747664329],[6.711310992653084,49.783563119357879],[6.71138040691818,49.783564491009884],[6.71138252486735,49.783519554968201],[6.71145193907367,49.783520926576472],[6.711521353285312,49.783522298143211],[6.711523471100958,49.783477362096782],[6.711592885253825,49.783478733619788],[6.711662299412017,49.783480105101241],[6.711664417094139,49.783435169050065],[6.711733831193553,49.783436540487791],[6.71180324529829,49.783437911883972],[6.711805362846889,49.783392975828043],[6.71187477689285,49.783394347180497],[6.711944190944134,49.783395718491406],[6.71194630835921,49.783350782430745],[6.712015722351717,49.783352153697933],[6.712085136349547,49.783353524923584],[6.712154550352699,49.783354896107667],[6.712156667570153,49.783309960040064],[6.71222608151453,49.783311331180435],[6.712228198662563,49.783266395110246],[6.712297612548159,49.783267766206897],[6.712367026439079,49.783269137261996],[6.712369143453591,49.783224201187068],[6.712438557285733,49.783225572198454],[6.712440674230825,49.783180636120932],[6.712442791170597,49.78313570004299],[6.712444908105049,49.783090763964651],[6.712447025034183,49.783045827885879],[6.712516438615246,49.783047198847036],[6.712514321750214,49.783092134927976],[6.7125837354007,49.783093505849749],[6.712581618594447,49.783138441932429],[6.712651032314354,49.783139812814817],[6.712720446039583,49.783141183655665],[6.712722562717636,49.78309624756865],[6.712791976384087,49.783097618365773],[6.712789859770133,49.783142554454955],[6.71278774315086,49.783187490543718],[6.712926570756124,49.783190232021965],[6.712928687247198,49.783145295928868],[6.712998100993711,49.7831466666035],[6.713067514745544,49.783148037236593],[6.713069631103098,49.783103101138742],[6.713071747455333,49.78305816504048],[6.713141161084289,49.783059535627672],[6.713210574718564,49.783060906173326],[6.713212690937283,49.783015970070309],[6.713214807150682,49.782971033966895],[6.71328422066208,49.782972404466648],[6.713286336806062,49.782927468360633],[6.713355750258679,49.782928838816673],[6.713357866333245,49.782883902708079],[6.713359982402493,49.78283896659908],[6.713429395732233,49.782840337009233],[6.713431511732064,49.782795400897648],[6.713500925003023,49.782796771264096],[6.713503040933438,49.782751835149931],[6.713572454145619,49.782753205472645],[6.713641867363118,49.782754575753827],[6.713643983160019,49.782709639634923],[6.713646098951604,49.782664703515572],[6.713648214737871,49.782619767395815],[6.713717627768395,49.782621137628944],[6.713719743485245,49.782576201506615],[6.713650330518822,49.782574831275653],[6.713652446294454,49.782529895155072],[6.71365456206477,49.782484959034065],[6.713656677829769,49.782440022912652],[6.713660909343817,49.782350150668556],[6.713663025092865,49.782305214545893],[6.713665140836598,49.782260278422804],[6.713671488035892,49.782125470051064],[6.713673603758358,49.78208053392629],[6.713675719475505,49.782035597801141],[6.713677835187337,49.781990661675557],[6.713679950893852,49.781945725549555],[6.713682066595049,49.781900789423133],[6.713684182290931,49.781855853296307],[6.713686297981496,49.781810917169047],[6.713616886110032,49.781809546933346],[6.713619001859375,49.781764610807841],[6.713621117603402,49.781719674681923],[6.713551705865447,49.781718304409011],[6.713553821668252,49.781673368284835],[6.71355593746574,49.781628432160261],[6.713558053257911,49.78158349603526],[6.713627464803581,49.781584866301678],[6.713629580526341,49.781539930174091],[6.713631696243784,49.781494994046085],[6.71363381195591,49.781450057917674],[6.713635927662721,49.78140512178885],[6.713638043364213,49.781360185659594],[6.713642274751249,49.781270313399851],[6.713711685853581,49.781271683609567],[6.713713801475031,49.7812267474769],[6.713783212518587,49.781228117642904],[6.71378109696123,49.781273053777738],[6.713850508074199,49.781274423904364],[6.713852623567463,49.781229487767362],[6.713922034621656,49.781230857850261],[6.713924150045509,49.781185921710694],[6.713993561040929,49.78118729174988],[6.713995676395373,49.781142355607727],[6.714065087332017,49.781143725603201],[6.714067202617052,49.781098789458468],[6.714136613494921,49.781100159410236],[6.714138728710548,49.781055223262918],[6.714140843920862,49.78101028711518],[6.714210254675862,49.781011657021061],[6.714212369816766,49.78096672087073],[6.714214484952357,49.780921784720007],[6.714283895584489,49.780923154580009],[6.714286010650672,49.780878218426693],[6.714355421224029,49.780879588242982],[6.714357536220805,49.78083465208708],[6.714359651212266,49.78078971593078],[6.714429061662757,49.780791085701189],[6.714431176584811,49.780746149542296],[6.714500586976527,49.780747519268999],[6.714502701829177,49.780702583107526],[6.71450481667651,49.780657646945635],[6.714574226945359,49.780659016626451],[6.714576341723288,49.78061408046198],[6.714645751933363,49.780615450099084],[6.714647866641886,49.780570513932034],[6.714649981345095,49.780525577764571],[6.714652096042989,49.780480641596682],[6.714721506066106,49.780482011185747],[6.714723620694597,49.780437075015286],[6.714725735317773,49.780392138844405],[6.714727849935636,49.780347202673092],[6.714797259771799,49.78034857221413],[6.714799374320258,49.780303636040252],[6.714801488863402,49.780258699865954],[6.7148708985767,49.780260069361105],[6.714873013050441,49.780215133184228],[6.714942422704965,49.780216502635668],[6.714944537109304,49.780171566456204],[6.715013946705052,49.780172935863945],[6.715016061039988,49.780127999681895],[6.71501817536961,49.780083063499433],[6.715087584842497,49.780084432861294],[6.715089699102717,49.780039496676252],[6.715159108516827,49.780040865994408],[6.715161222707646,49.779995929806795],[6.715163336893152,49.779950993618755],[6.715232746184399,49.779952362891031],[6.715234860300503,49.779907426700412],[6.715236974411295,49.77986249050938],[6.715239088516774,49.77981755431793],[6.71524120261694,49.779772618126074],[6.715310611657149,49.779773987348143],[6.715312725687915,49.779729051153701],[6.715314839713368,49.779684114958833],[6.715384248630714,49.77968548413503],[6.715386362586767,49.779640547937589],[6.71545577144534,49.779641917070073],[6.715525180309228,49.779643286161004],[6.715527294131793,49.779598349958825],[6.715529407949048,49.779553413756219],[6.715598816690073,49.77955478280127],[6.715600930437928,49.779509846596092],[6.71567033912018,49.779511215597452],[6.715672452798636,49.779466279389688],[6.715674566471781,49.779421343181518],[6.715605157917702,49.779419974184499],[6.715607271649622,49.77937503797807],[6.715537863164946,49.779373668941659],[6.715539976955641,49.779328732736978],[6.715470568540366,49.779327363661189],[6.715468454685584,49.779372299863709],[6.715399046211535,49.779370930744214],[6.715401160130403,49.779325994543854],[6.715403274043961,49.779281058343081],[6.715405387952206,49.779236122141896],[6.715474796233996,49.779237491254911],[6.715476910072842,49.779192555051132],[6.715479023906378,49.779147618846956],[6.715481137734601,49.779102682642353],[6.71541172964507,49.779101313535847],[6.71540961575276,49.779146249738275],[6.715340207604459,49.779144880588042],[6.715342321560854,49.779099944387781],[6.715272913481951,49.779098575198162],[6.71527079946147,49.779143511396271],[6.715201391323796,49.779142142162947],[6.715131983191437,49.779140772888077],[6.715062575064391,49.779139403571676],[6.715060460846339,49.779184339762878],[6.714991052660524,49.779182970402751],[6.714988938373073,49.77922790659138],[6.714984709782233,49.779317778967361],[6.714980481170141,49.779407651341685],[6.714911072669207,49.779406281929198],[6.71484166417359,49.779404912475165],[6.714843778610465,49.779359976292533],[6.71477437018425,49.779358606799114],[6.714776484679899,49.779313670618244],[6.714778599170235,49.779268734436947],[6.714848007468277,49.779270103926031],[6.714850121889214,49.779225167742162],[6.714919530128486,49.779226537187547],[6.714921644480023,49.779181601001078],[6.714923758826247,49.77913666481421],[6.714925873167158,49.779091728626923],[6.714856465120143,49.779090359188032],[6.714858579519826,49.779045423002501],[6.714860693914198,49.779000486816528],[6.714930101833041,49.779001856251085],[6.714999509757199,49.779003225644104],[6.715001624018085,49.778958289453399],[6.715071031883472,49.778959658802698],[6.715073146074961,49.778914722609414],[6.715142553881578,49.778916091915015],[6.715144668003669,49.778871155719145],[6.715214075751516,49.778872524981026],[6.715216189804209,49.77882758878259],[6.71521830385159,49.778782652583729],[6.715287711476581,49.778784021799744],[6.715357119106886,49.7787853909742],[6.715359233020786,49.778740454770599],[6.715428640592321,49.778741823901356],[6.715430754436824,49.778696887695169],[6.715500161949588,49.778698256782221],[6.715569569467665,49.77869962582772],[6.715571683178688,49.778654689616786],[6.715641090637996,49.778656058618573],[6.715710498102616,49.778657427578828],[6.715712611680159,49.778612491363155],[6.715782019086009,49.778613860279698],[6.71585142649717,49.778615229154688],[6.715853539941233,49.778570292934276],[6.715922947293625,49.778571661765561],[6.715925060668294,49.778526725542569],[6.715994467961913,49.778528094330149],[6.716133282565089,49.778530831780657],[6.716202689874646,49.7785322004436],[6.716204802987669,49.778487264211542],[6.716274210238453,49.778488632830772],[6.716276323282083,49.778443696596121],[6.716345730474095,49.778445065171653],[6.71641513767142,49.778446433705632],[6.716417250581572,49.778401497466241],[6.716486657720124,49.778402865956515],[6.716556064863989,49.778404234405237],[6.716558177640663,49.778359298161121],[6.716627584725754,49.77836066656613],[6.716696991816156,49.7783620349296],[6.71676639891187,49.778363403251525],[6.716768511490987,49.778318467000503],[6.716837918527928,49.778319835278722],[6.716840031037653,49.778274899025121],[6.716842143542069,49.778229962771107],[6.716911550456154,49.778231331003454],[6.716980957375548,49.778232699194255],[6.717050364300253,49.778234067343512],[6.717052476607112,49.778189131082591],[6.717121883473044,49.778190499188156],[6.717123995710514,49.778145562924628],[6.717126107942675,49.778100626660716],[6.717056701204909,49.778099258559486],[6.716987294472451,49.778097890416717],[6.71698940682747,49.778052954156706],[6.716991519177181,49.778008017896276],[6.716993631521584,49.777963081635434],[6.716995743860679,49.77791814537418],[6.716926337389862,49.777916777198506],[6.716928449787731,49.777871840938978],[6.716930562180291,49.777826904679067],[6.716999968522944,49.777828272850414],[6.717002080846116,49.777783336587895],[6.717071487129998,49.777784704715543],[6.717073599383781,49.777739768450452],[6.717075711632255,49.777694832184956],[6.717077823875422,49.777649895919033],[6.71714722997237,49.777651263998649],[6.717149342146148,49.77760632773014],[6.717218748184326,49.777607695766044],[6.717288154227812,49.777609063760394],[6.717357560276607,49.777610431713214],[6.717359672252836,49.77756549543782],[6.717429078242859,49.777566863346927],[6.717498484238193,49.777568231214488],[6.717500596080953,49.777523294934355],[6.717570002017513,49.777524662758218],[6.717639407959383,49.777526030540528],[6.717641519668675,49.777481094255648],[6.717710925551772,49.777482461994254],[6.717713037191678,49.777437525706809],[6.717715148826278,49.777392589418938],[6.717717260455571,49.777347653130647],[6.717719372079559,49.777302716841945],[6.717721483698242,49.777257780552823],[6.717790889266245,49.777259148239082],[6.717793000815542,49.777214211947388],[6.717795112359532,49.777169275655275],[6.717864517804686,49.777170643295662],[6.717866629279292,49.77712570700097],[6.717936034665674,49.777127074597658],[6.71794025747081,49.777037202002695],[6.718009662734341,49.777038569553525],[6.718011774064871,49.776993633253262],[6.718081179269632,49.776995000760387],[6.718083290530777,49.776950064457552],[6.718152695676766,49.776951431920963],[6.718222100828062,49.77695279934283],[6.718224211955746,49.776907863035255],[6.71829361704827,49.776909230413423],[6.7183630221461,49.776910597750053],[6.718432427249238,49.776911965045123],[6.718434538179383,49.776867028730649],[6.718503943223747,49.776868395982028],[6.718506054084508,49.776823459664989],[6.718508164939966,49.776778523347502],[6.718510275790119,49.776733587029618],[6.718579680647556,49.776734954232971],[6.718581791428328,49.776690017912514],[6.718651196226992,49.776691385072169],[6.718653306938382,49.776646448749119],[6.718722711678275,49.776647815865068],[6.718724822320283,49.776602879539446],[6.718726932956988,49.776557943213412],[6.71872904358839,49.776513006886958],[6.718731154214487,49.776468070560099],[6.718800558703377,49.77646943762587],[6.718869963197572,49.776470804650089],[6.719008772201877,49.776473538573896],[6.719010882566363,49.776428602237978],[6.719080287012397,49.776429969135407],[6.719082397307504,49.776385032796902],[6.719151801694764,49.77638639965064],[6.719153911920491,49.776341463309571],[6.719223316248979,49.776342830119596],[6.719292720582772,49.776344196888076],[6.719294830675044,49.776299260542267],[6.719299050843683,49.776209387849391],[6.71936845499055,49.776210754569853],[6.719370565002839,49.776165818220647],[6.719439969090935,49.77616718489741],[6.719442079033848,49.776122248545605],[6.719444188971457,49.776077312193401],[6.719513592936704,49.776078678824298],[6.719515702804936,49.776033742469515],[6.719517812667868,49.77598880611432],[6.719519922525498,49.775943869758692],[6.719589326303822,49.775945236341578],[6.719591436092076,49.775900299983384],[6.719660839811628,49.775901666522557],[6.719662949530504,49.775856730161784],[6.71966505924408,49.7758117938006],[6.719734462840785,49.775813160293914],[6.719736572484985,49.775768223930157],[6.719805976022919,49.775769590379774],[6.719808085597743,49.77572465401343],[6.719877489076906,49.775726020419356],[6.719879598582354,49.775681084050447],[6.719949002002745,49.775682450412653],[6.719951111438819,49.775637514041165],[6.720020514800438,49.775638880359679],[6.720022624167136,49.775593943985626],[6.720092027469983,49.775595310260428],[6.720161430778132,49.775596676493699],[6.720230834091584,49.775598042685431],[6.720300237410337,49.775599408835618],[6.720369640734392,49.775600774944266],[6.720439044063747,49.775602141011383],[6.720441153040702,49.775557204623944],[6.720510556311286,49.775558570647355],[6.720512665218867,49.775513634257358],[6.720514774121148,49.775468697866927],[6.720584177268885,49.775470063844473],[6.720586286101794,49.77542512745147],[6.720588394929404,49.775380191058062],[6.720590503751716,49.775335254664228],[6.720592612568728,49.775290318269981],[6.720594721380442,49.775245381875322],[6.720596830186857,49.775200445480245],[6.720598938987973,49.775155509084748],[6.720601047783792,49.775110572688831],[6.720531645148641,49.775109206728558],[6.720533754003232,49.77506427033439],[6.720535862852524,49.775019333939817],[6.720537971696517,49.77497439754481],[6.720468569258884,49.774973031549465],[6.720399166826551,49.774971665512574],[6.72040127579339,49.774926729121475],[6.720403384754928,49.774881792729971],[6.720333982456041,49.774880426655855],[6.72033187343043,49.774925363045206],[6.720262471072773,49.774923996927399],[6.720264580162456,49.774879060540208],[6.720266689246839,49.774834124152584],[6.720197287022625,49.774832757997558],[6.72019939616578,49.774787821611689],[6.720129994010941,49.774786455417271],[6.720060591861403,49.774785089181336],[6.720062701127401,49.774740152799353],[6.720064810388099,49.774695216416973],[6.719995408372005,49.774693850143798],[6.719997517691474,49.774648913763151],[6.719999627005643,49.7746039773821],[6.719930225122993,49.7746026110717],[6.719860823245646,49.774601244719769],[6.719862932682656,49.774556308342611],[6.71979353087468,49.774554941951294],[6.719795640370461,49.774510005575877],[6.719726238631859,49.774508639145182],[6.719728348186409,49.774463702771513],[6.71965894651718,49.77446233630144],[6.719589544853253,49.774460969789828],[6.719520143194631,49.774459603236657],[6.719522252936089,49.774414666869042],[6.719524362672248,49.774369730501029],[6.71959376420273,49.774371097049865],[6.719595873869519,49.774326160679273],[6.719597983531004,49.774281224308254],[6.719600093187191,49.774236287936823],[6.719602202838077,49.774191351564959],[6.71953280156387,49.774189985024769],[6.719534911273523,49.77414504865466],[6.719537020977875,49.774100112284138],[6.719539130676926,49.774055175913212],[6.719541240370678,49.774010239541852],[6.719610641388608,49.774011606073415],[6.719612751012989,49.773966669699483],[6.71961486063207,49.773921733325132],[6.71961697024585,49.773876796950368],[6.719547569420123,49.773875430425285],[6.719549679092671,49.773830494052262],[6.719551788759916,49.773785557678835],[6.719482388067627,49.773784191116533],[6.719484497793641,49.773739254744832],[6.719486607514352,49.77369431837274],[6.719417206955502,49.773692951773214],[6.71941931673498,49.773648015402841],[6.719488717229764,49.773649382000194],[6.71955811772985,49.77365074855603],[6.719560227375893,49.773605812180939],[6.719629627817215,49.773607178693055],[6.71963173739389,49.773562242315386],[6.719701137776449,49.773563608783817],[6.719703247283757,49.773518672403569],[6.719705356785764,49.773473736022893],[6.719707466282472,49.77342879964182],[6.719709575773879,49.773383863260307],[6.719778975905474,49.77338522967856],[6.719781085327515,49.773340293294495],[6.719850485400345,49.773341659669043],[6.719852594753019,49.7732967232824],[6.719854704100395,49.773251786895329],[6.719924104050396,49.773253153224033],[6.719926213328404,49.773208216834398],[6.719928322601113,49.773163280444336],[6.719997722428285,49.773164646727174],[6.719999831631629,49.773119710334534],[6.720001940829674,49.773074773941502],[6.720071340534017,49.773076140178489],[6.720073449662697,49.773031203782864],[6.720075558786077,49.772986267386827],[6.720144958367592,49.772987633577948],[6.720147067421608,49.772942697179346],[6.720149176470325,49.772897760780317],[6.720218575929012,49.772899126925594],[6.720220684908365,49.772854190523987],[6.720290084308288,49.772855556625558],[6.720292193218279,49.772810620221378],[6.720294302122971,49.772765683816779],[6.720363701400068,49.772767049872513],[6.720365810235397,49.772722113465349],[6.720367919065426,49.772677177057766],[6.720437318219694,49.772678543067641],[6.720439426980362,49.772633606657472],[6.720508826075867,49.772634972623642],[6.720510934767175,49.772590036210907],[6.720513043453181,49.772545099797746],[6.720582442425861,49.772546465718072],[6.720584551042506,49.772501529302346],[6.720586659653854,49.772456592886201],[6.720656058503707,49.772457958760675],[6.720658167045694,49.772413022341958],[6.720727565836784,49.772414388172741],[6.72072967430941,49.772369451751445],[6.720799073041738,49.772370817538516],[6.720801181445004,49.772325881114661],[6.720870580118568,49.772327246858048],[6.720872688452475,49.772282310431585],[6.720874796781083,49.772237374004732],[6.720944195331821,49.772238739702274],[6.720946303591071,49.772193803272827],[6.721015702083046,49.772195168926672],[6.721017810272936,49.77215023249466],[6.72101991845753,49.77210529606225],[6.720950520093678,49.772103930412733],[6.720881121735125,49.772102564721671],[6.720811723381872,49.772101198989077],[6.720809615005093,49.772146135415021],[6.720740216593078,49.772144769638736],[6.720738108146939,49.7721897060621],[6.720668709676162,49.772188340242124],[6.720666601160664,49.772233276662924],[6.720597202631125,49.772231910799235],[6.720595094046266,49.772276847217469],[6.720525695457964,49.772275481310089],[6.720523586803746,49.772320417725737],[6.720521478144229,49.77236535414098],[6.720452079433104,49.772363988187749],[6.720449970704224,49.772408924600413],[6.720380571934336,49.77240755860349],[6.720378463136098,49.77245249501356],[6.720376354332561,49.77249743142324],[6.720306955439844,49.772496065380466],[6.720304846566947,49.772541001787559],[6.72023544761547,49.772539635701087],[6.720233338673209,49.772584572105607],[6.720231229725648,49.772629508509716],[6.720161830651347,49.772628142377393],[6.720159721634424,49.772673078778915],[6.720157612612202,49.772718015180033],[6.720088213415075,49.772716649001843],[6.72008610432349,49.772761585400389],[6.720016705067597,49.772760219178508],[6.72001459590665,49.772805155574467],[6.720012486740403,49.772850091970007],[6.719943087361686,49.772848725702289],[6.719940978126075,49.77289366209525],[6.719871578688593,49.772892295783826],[6.719869469383617,49.772937232174215],[6.719867360073343,49.772982168564191],[6.719797960513035,49.772980802206909],[6.719795851133395,49.773025738594313],[6.719726451514325,49.773024372193341],[6.719724342065321,49.773069308578158],[6.719654942387487,49.773067942133487],[6.719585542714957,49.773066575647277],[6.719583433132522,49.773111512027356],[6.71951403340123,49.773110145497448],[6.719516143047729,49.773065209119515],[6.719518252688929,49.773020272741164],[6.719587652292091,49.773021639266766],[6.719589761863927,49.772976702885828],[6.719591871430461,49.772931766504499],[6.719661270910796,49.772933132984228],[6.719663380407965,49.77288819660032],[6.719665489899833,49.772843260215978],[6.719667599386402,49.772798323831218],[6.719669708867671,49.772753387446052],[6.719600309643591,49.772752020974963],[6.719530910424814,49.772750654462328],[6.719528800815418,49.772795590843167],[6.719526691200722,49.772840527223593],[6.71945729185912,49.7728391606651],[6.719455182175057,49.772884097042969],[6.719453072485695,49.772929033420404],[6.719383673021268,49.772927666816052],[6.71938156326254,49.772972603190915],[6.719312163739351,49.772971236542872],[6.719310053911259,49.773016172915163],[6.719307944077864,49.773061109287028],[6.719305834239168,49.77310604565848],[6.719236434529088,49.773104678962419],[6.719234324621025,49.773149615331299],[6.719232214707662,49.773194551699767],[6.719162814874754,49.77319318495784],[6.719160704892024,49.773238121323736],[6.719091305000354,49.773236754538111],[6.719089194948257,49.773281690901428],[6.719019794997826,49.773280324072118],[6.719017684876361,49.773325260432841],[6.719015574749593,49.773370196793167],[6.718946174676335,49.773368829917985],[6.7189440644802,49.773413766275738],[6.71887466434818,49.773412399356872],[6.718872554082677,49.773457335712024],[6.718870443811872,49.773502272066786],[6.718801043557024,49.773500905102054],[6.718798933216848,49.773545841454229],[6.718729532903238,49.773544474445799],[6.718660132594932,49.773543107395838],[6.718590732291932,49.773541740304324],[6.718588621754255,49.7735866766496],[6.718519221392493,49.773585309514395],[6.718449821036036,49.773583942337659],[6.718447710364924,49.773628878678196],[6.718445599688506,49.773673815018327],[6.718376199209221,49.773672447795732],[6.718378309949705,49.773627511457761],[6.718308909539792,49.773626144195774],[6.718306798735242,49.773671080531585],[6.718237398266568,49.773669713225907],[6.718235287392647,49.773714649559132],[6.718233176513421,49.773759585891952],[6.718163775921921,49.773758218540401],[6.718161664973325,49.773803154870635],[6.718092264323061,49.773801787475406],[6.717953463038453,49.773799052560314],[6.71795135189235,49.773843988883641],[6.717949240740944,49.773888925206556],[6.717879839978465,49.773887557682372],[6.717877728757687,49.773932494002729],[6.717875617531603,49.773977430322645],[6.717806216646294,49.773976062752617],[6.717808327936447,49.773931126434846],[6.717810439221294,49.773886190116663],[6.717812550500835,49.773841253798075],[6.717814661775072,49.773796317479061],[6.717745261151343,49.773794949876134],[6.71767586053292,49.773793582231669],[6.717673749130548,49.773838518546349],[6.717671637722871,49.773883454860631],[6.717669526309888,49.773928391174486],[6.71760012550457,49.773927023481995],[6.717598014022214,49.773971959793279],[6.717595902534554,49.774016896104143],[6.717526501606408,49.774015528365787],[6.717524390049374,49.774060464674072],[6.717522278487033,49.774105400981945],[6.717452877436059,49.774104033197723],[6.717450765804346,49.774148969503017],[6.717448654167325,49.774193905807884],[6.717379252993522,49.774192537977818],[6.717377141287127,49.774237474280113],[6.717375029575427,49.774282410582003],[6.717305628278794,49.774281042706058],[6.717303516497718,49.774325979005361],[6.717301404711336,49.774370915304239],[6.717299292919649,49.774415851602726],[6.717229891436117,49.774414483678754],[6.717227779575053,49.774459419974654],[6.717225667708684,49.774504356270128],[6.71715626610232,49.774502988300313],[6.717154154166574,49.774547924593215],[6.717152042225522,49.77459286088569],[6.717149930279163,49.774637797177753],[6.717080528485899,49.774636429159905],[6.717078416470163,49.774681365449389],[6.717076304449121,49.774726301738461],[6.717006902533023,49.774724933674754],[6.717004790442603,49.77476986996124],[6.717002678346876,49.774814806247335],[6.7169984541395,49.774904678818238],[6.717067856311881,49.774906046890592],[6.717137258489569,49.774907414921408],[6.717139370467769,49.774862478631846],[6.71714148244066,49.774817542341864],[6.717143594408246,49.774772606051457],[6.717145706370526,49.774727669760637],[6.717215108297239,49.774729037741274],[6.717217220190141,49.774684101447882],[6.717219332077736,49.774639165154063],[6.717288733881619,49.774640533088835],[6.717290845699837,49.774595596792444],[6.717360247444956,49.774596964683511],[6.717429649195386,49.774598332533046],[6.717427537505308,49.774643268833756],[6.717496939325113,49.774644636643913],[6.717566341150229,49.774646004412517],[6.717564229582985,49.774690940717143],[6.717562118010436,49.774735877021335],[6.71756000643258,49.774780813325144],[6.71755789484942,49.774825749628512],[6.717553671667182,49.774915622233998],[6.717551560068104,49.774960558536122],[6.717620962347023,49.774961926278323],[6.717618850806711,49.775006862582181],[6.717616739261094,49.775051798885634],[6.717686141673463,49.775053166590624],[6.71775554409114,49.775054534254068],[6.717753432668361,49.775099470561429],[6.717822835155417,49.775100838185487],[6.717824946514125,49.775055901875973],[6.717894348942417,49.775057269456319],[6.717963751376017,49.775058636995148],[6.718033153814924,49.775060004492438],[6.71803104264843,49.77510494080844],[6.718100445156717,49.775106308266338],[6.718169847670308,49.775107675682705],[6.718167736626655,49.775152612002607],[6.718237139209625,49.775153979379581],[6.718306541797903,49.775155346715032],[6.71830443087709,49.775200283038842],[6.718373833534746,49.775201650334907],[6.718375944391485,49.775156714008929],[6.718445346990375,49.775158081261296],[6.718514749594569,49.775159448472102],[6.718516860317861,49.7751145121414],[6.71858626286329,49.775115879308508],[6.718655665414023,49.7751172464341],[6.718653554818876,49.775162182769122],[6.718651444218426,49.77520711910374],[6.71872084690261,49.775208486192099],[6.718790249592099,49.775209853238913],[6.718859652286893,49.775211220244188],[6.718929054986993,49.775212587207925],[6.718931165331154,49.775167650864674],[6.719000567972485,49.775169017784698],[6.718998457692397,49.775213954130116],[6.718996347407007,49.775258890475122],[6.719065750181788,49.775260257357928],[6.719135152961875,49.775261624199203],[6.719204555747265,49.775262990998932],[6.719202445648791,49.775307927349999],[6.719271848503558,49.775309294110343],[6.719341251363629,49.775310660829149],[6.719339141388001,49.775355597184124],[6.719408544317448,49.775356963863544],[6.719406434400589,49.775401900220267],[6.719402214550969,49.775491772932433],[6.719400104618204,49.775536709287898],[6.719330701432463,49.775535342599824],[6.719261298252023,49.775533975870218],[6.71919189507689,49.775532609099074],[6.719189784946603,49.775577545447625],[6.719120381712699,49.775576178632775],[6.719118271513037,49.775621114978762],[6.719048868220364,49.775619748120221],[6.718979464932994,49.77561838122012],[6.718910061650931,49.775617014278481],[6.718840658374171,49.775615647295311],[6.718771255102717,49.775614280270595],[6.718701851836568,49.775612913204341],[6.718632448575725,49.775611546096542],[6.718630337922241,49.775656482426989],[6.71856093460263,49.775655115275477],[6.718558823879769,49.775700051603366],[6.718489420501388,49.775698684408162],[6.71848730970915,49.775743620733458],[6.718417906272,49.775742253494556],[6.718415795410382,49.775787189817279],[6.718413684543461,49.775832126139576],[6.71834428098347,49.775830758854809],[6.718274877428784,49.775829391528497],[6.718205473879406,49.775828024160646],[6.718203362814956,49.775872960476057],[6.718133959206809,49.775871593064501],[6.718131848072979,49.775916529377334],[6.718129736933846,49.775961465689754],[6.718060333202856,49.775960098232325],[6.717990929477173,49.775958730733372],[6.717993040744457,49.775913794425279],[6.717854233437163,49.775911059307049],[6.717852122041728,49.775955995610822],[6.717850010640989,49.77600093191419],[6.717847899234944,49.776045868217118],[6.717778495397033,49.776044500589208],[6.717709091564429,49.77604313291976],[6.717639687737133,49.776041765208767],[6.717570283915145,49.776040397456235],[6.717568172247494,49.77608533375011],[6.717498768366738,49.77608396595388],[6.717496656629705,49.776128902245183],[6.717427252690183,49.776127534405241],[6.717431476287095,49.776037661826543],[6.717362072481031,49.776036293949389],[6.717292668680278,49.776034926030682],[6.717290556756325,49.776079862315925],[6.717221152896803,49.776078494353513],[6.717219040903467,49.776123430636169],[6.717149636985181,49.776122062630066],[6.717147524922463,49.776166998910128],[6.717145412854438,49.776211935189799],[6.717143300781105,49.776256871469052],[6.717073896675901,49.776255503414902],[6.717071784533186,49.77630043969156],[6.717002380369213,49.776299071593726],[6.716932976210551,49.776297703454347],[6.716930863934377,49.776342639726266],[6.716861459716947,49.776341271543181],[6.716792055504827,49.776339903318565],[6.716789943095193,49.776384839585738],[6.716720538824307,49.776383471317402],[6.716718426345287,49.77642840758201],[6.716649022015636,49.776427039269976],[6.716651134558732,49.776382103007535],[6.716581730298468,49.776380734656115],[6.716579617691295,49.776425670916389],[6.716510213372264,49.776424302521271],[6.716440809058545,49.776422934084614],[6.71643869631791,49.776467870340149],[6.716369291945425,49.776466501859773],[6.716367179135406,49.776511438112749],[6.716297774704154,49.776510069588674],[6.716295661824749,49.776555005839043],[6.716293548940035,49.776599942089014],[6.716224144385942,49.776598573519074],[6.716154739837158,49.776597204907588],[6.716156852850028,49.776552268661952],[6.716158965857585,49.776507332415903],[6.716089561442269,49.7765059637672],[6.716020157032264,49.77650459507695],[6.715950752627571,49.776503226345177],[6.715948639427782,49.776548162584739],[6.715946526222682,49.776593098823881],[6.715877121695148,49.776591730046228],[6.715875008420661,49.776636666282805],[6.715872895140865,49.776681602518963],[6.715803490490488,49.77668023369543],[6.715801377141305,49.776725169929009],[6.71579926378681,49.776770106162175],[6.715797150427006,49.776815042394908],[6.715792923691466,49.776904914859152],[6.715723518726012,49.776903545983259],[6.715721405286199,49.776948482212589],[6.71565200026198,49.776947113293005],[6.715649886752778,49.776992049519755],[6.715580481669794,49.776990680556466],[6.715578368091202,49.777035616780651],[6.715576254507299,49.777080553004389],[6.715506849301472,49.777079183995227],[6.715437444100958,49.777077814944526],[6.715435330383587,49.777122751163525],[6.715433216660904,49.777167687382125],[6.715363811337546,49.777166318285545],[6.715361697545473,49.777211254501566],[6.715359583748089,49.777256190717168],[6.715357469945393,49.777301126932358],[6.71528806443511,49.777299757787745],[6.715290178301886,49.777254821574715],[6.715292292163349,49.77720988536128],[6.715153481415043,49.777207146956087],[6.71515136742542,49.777252083165187],[6.715081961995158,49.77725071389812],[6.715012556570211,49.777249344589492],[6.715010442447119,49.777294280793868],[6.714941036963407,49.777292911441542],[6.71487163148501,49.777291542047678],[6.714869517228448,49.777336478247278],[6.714800111691284,49.777335108809709],[6.714797997365329,49.777380045006744],[6.714728591769402,49.777378675525455],[6.714724362973394,49.777468547913948],[6.714654957254623,49.777467178386793],[6.714652842784569,49.777512114578251],[6.714650728309202,49.777557050769296],[6.714581322467585,49.777555681196262],[6.71457709337275,49.777645553572782],[6.714646499342527,49.777646923150151],[6.714644384851221,49.777691859339932],[6.7146422703546,49.777736795529314],[6.714640155852667,49.777781731718278],[6.71463804134542,49.777826667906822],[6.714635926832861,49.777871604094955],[6.714633812314987,49.777916540282682],[6.714703218674565,49.777917909831466],[6.714772625039458,49.777919279338725],[6.714842031409667,49.777920648804439],[6.714844145735296,49.777875712610232],[6.714846260055613,49.777830776415605],[6.714915666302973,49.77783214583544],[6.714913552046739,49.777877082032234],[6.714911437785191,49.777922018228601],[6.714980844166029,49.777923387611231],[6.71497872996325,49.77796832380934],[6.715048136413485,49.777969693152578],[6.715046022269476,49.778014629352448],[6.714976615755159,49.77801326000705],[6.714974501541755,49.778058196204327],[6.714905094968672,49.778056826815209],[6.714835688400903,49.778055457384554],[6.714833574054023,49.778100393577084],[6.714764167427487,49.778099024102723],[6.714762053011211,49.778143960292681],[6.714692646325907,49.778142590774607],[6.714690531840235,49.778187526961986],[6.714688417349252,49.778232463148946],[6.714619010541099,49.778231093584992],[6.714616895980718,49.77827602976938],[6.714614781415023,49.778320965953348],[6.71454537448402,49.778319596343522],[6.714543259848931,49.77836453252489],[6.714541145208526,49.778409468705867],[6.714539030562808,49.778454404886418],[6.71446962344487,49.778453035228573],[6.714467508729756,49.778497971406537],[6.714465394009326,49.77854290758409],[6.714395986768539,49.778541537880344],[6.714393871978712,49.778586474055324],[6.714391757183572,49.778631410229877],[6.714322349819933,49.778630040480266],[6.714320234955394,49.778674976652248],[6.71431812008554,49.778719912823803],[6.714316005210372,49.778764848994946],[6.714246597659797,49.778763479197302],[6.714248712599049,49.778718543028319],[6.714179305117875,49.778717173191289],[6.714109897642018,49.778715803312714],[6.714040490171478,49.778714433392587],[6.714038375039972,49.778759369555075],[6.713968967510665,49.778757999591242],[6.713899559986674,49.778756629585871],[6.713830152468002,49.77875525953894],[6.713760744954646,49.778753889450478],[6.713758629561488,49.778798825603886],[6.713828037138927,49.778800195694515],[6.713825921804538,49.778845131849671],[6.713823806464834,49.778890068004408],[6.713893214175761,49.778891438057826],[6.713891098894825,49.778936374214311],[6.713888983608575,49.778981310370391],[6.71395839145299,49.778982680386584],[6.713956276225509,49.779027616544411],[6.713954160992713,49.779072552701813],[6.714023568970616,49.779073922680801],[6.714092976953835,49.779075292618245],[6.71408874672864,49.779165164940451],[6.714084516482187,49.779255037260995],[6.714082401350987,49.779299973420649],[6.714012993047336,49.779298603472398],[6.714010877846735,49.779343539629458],[6.713941469484316,49.779342169637495],[6.713939354214314,49.779387105791962],[6.713937238938996,49.779432041946038],[6.713867830453721,49.779430671908194],[6.713865715109001,49.779475608059684],[6.713863599758965,49.779520544210754],[6.713794191150834,49.779519174127024],[6.713792075731395,49.779564110275516],[6.713789960306641,49.779609046423595],[6.713720551575653,49.779607676293985],[6.713718436081495,49.779652612439484],[6.713716320582021,49.779697548584551],[6.713646911728177,49.779696178409075],[6.713644796159299,49.77974111455157],[6.713642680585106,49.779786050693644],[6.713640565005595,49.779830986835307],[6.713571155964806,49.779829616611792],[6.713569040315891,49.779874552750876],[6.713566924661661,49.779919488889526],[6.713497515498013,49.779918118620131],[6.713495399774377,49.779963054756216],[6.713493284045425,49.780007990891868],[6.713491168311156,49.780052927027121],[6.71342175896056,49.780051556709672],[6.713419643156886,49.780096492842333],[6.713417527347894,49.780141428974595],[6.71334811787444,49.780140058611266],[6.713346001996043,49.780184994740935],[6.713343886112328,49.780229930870185],[6.713274476516013,49.780228560460991],[6.713272360562892,49.780273496587647],[6.713270244604454,49.780318432713905],[6.713268128640698,49.780363368839737],[6.713198718857435,49.780361998382496],[6.713196602824272,49.780406934505756],[6.713194486785791,49.780451870628589],[6.713192370741994,49.78049680675101],[6.713122960771779,49.780495436245722],[6.713120844658574,49.78054037236555],[6.713118728540051,49.78058530848498],[6.71311661241621,49.780630244603977],[6.713047202259042,49.780628874050649],[6.713045086065793,49.780673810167059],[6.713042969867225,49.780718746283078],[6.712973559587195,49.780717375683864],[6.712971443319219,49.780762311797289],[6.712969327045926,49.780807247910289],[6.712899916643032,49.780805877265195],[6.712897800300328,49.780850813375615],[6.712895683952306,49.780895749485623],[6.71282627342655,49.780894378794635],[6.712824157009119,49.780939314902071],[6.712822040586368,49.78098425100908],[6.712819924158299,49.781029187115678],[6.712817807724912,49.781074123221842],[6.712748396948107,49.781072752480661],[6.712746280445309,49.781117688584246],[6.712676869609733,49.781116317799345],[6.712674753037524,49.781161253900358],[6.712672636459994,49.781206190000951],[6.712603225501554,49.781204819170156],[6.712601108854614,49.781249755268178],[6.712598992202354,49.781294691365765],[6.712596875544777,49.781339627462948],[6.712527464399377,49.781338256584107],[6.712525347672385,49.781383192678703],[6.712523230940077,49.78142812877288],[6.712453819671811,49.781426757848159],[6.712451702870088,49.78147169393975],[6.712449586063046,49.781516630030943],[6.712380174671915,49.781515259060335],[6.712378057795459,49.781560195148927],[6.712308646345556,49.781558824134621],[6.712306529399687,49.781603760220634],[6.712304412448496,49.781648696306227],[6.712235000875725,49.781647325246027],[6.712232883855123,49.781692261329034],[6.71216347222358,49.781690890225107],[6.712161355133562,49.78173582630555],[6.712159238038223,49.781780762385559],[6.712089826283813,49.781779391235766],[6.712087709119059,49.781824327313188],[6.712018297305877,49.781822956119676],[6.712016180071707,49.781867892194519],[6.712014062832218,49.781912828268958],[6.711944650896168,49.781911457029565],[6.711942533587262,49.781956393101396],[6.71187312159244,49.781955021818277],[6.711871004214118,49.78199995788755],[6.711801592160524,49.781998586560704],[6.711799474712784,49.782043522627376],[6.711797357259726,49.78208845869365],[6.711727945083261,49.782087087320932],[6.711725827560785,49.782132023384612],[6.711656415325548,49.782130651968174],[6.711654297733654,49.782175588029261],[6.711584885439646,49.782174216569111],[6.711582767778333,49.782219152627626],[6.711513355425553,49.782217781123741],[6.711511237694823,49.782262717179677],[6.711509119958771,49.782307653235193],[6.711507002217398,49.782352589290284],[6.71143758967765,49.782351217738359],[6.71143970748312,49.782306281685429],[6.711370295012794,49.782304910094126],[6.711368177143227,49.782349846144896],[6.711298764614129,49.782348474509867],[6.711229352090355,49.782347102833285],[6.711227234087271,49.782392038879294],[6.711157821504726,49.782390667158992],[6.711155703432223,49.782435603202423],[6.711086290790904,49.782434231438415],[6.711084172648983,49.782479167479238],[6.71101475994889,49.782477795671511],[6.711012641737549,49.782522731709768],[6.710943228978686,49.782521359858315],[6.710945347254126,49.782476423822224],[6.710947465524241,49.782431487785736],[6.710878052898899,49.782430115897071],[6.71088017122779,49.78238517986231],[6.710810758671869,49.782383807934266],[6.710741346121274,49.782382435964664],[6.710743464573034,49.782337499933831],[6.710674052091862,49.782336127924864],[6.710676170602395,49.782291191895773],[6.710606758190644,49.782289819847421],[6.710537345784221,49.782288447757502],[6.710467933383123,49.782287075626044],[6.710470052080622,49.782242139603049],[6.710539464417624,49.782243511732339],[6.710541583045702,49.782198575706758],[6.710610995323933,49.782199947792336],[6.710608876759951,49.782244883820077],[6.710678289107605,49.782246255866276],[6.710680407607491,49.782201319836368],[6.710682526102053,49.78215638380604],[6.710684644591293,49.782111447775293],[6.710615232435926,49.782110075735609],[6.710545820285887,49.782108703654366],[6.710476408141173,49.78210733153157],[6.710474289459647,49.782152267555809],[6.710404877256164,49.782150895389307],[6.710402758505218,49.782195831410959],[6.710333346242965,49.782194459200731],[6.710263933986038,49.782193086948958],[6.710194521734441,49.782191714655617],[6.710055697247223,49.782188969944315],[6.710053578170472,49.782233905954719],[6.710051459088394,49.782278841964697],[6.709982046724583,49.782277469542379],[6.709979927573086,49.782322405549777],[6.709910515150507,49.78232103308374],[6.709841102733257,49.78231966057615],[6.709771690321333,49.782318288027021],[6.709702277914738,49.78231691543634],[6.709632865513471,49.782315542804099],[6.709630746036164,49.782360478800236],[6.70956133357613,49.782359106124275],[6.709491921121423,49.782357733406769],[6.709489801510597,49.782402669398145],[6.709420388997122,49.782401296636927],[6.709350976488977,49.782399923834141],[6.709348856744632,49.782444859820764],[6.709346736994959,49.782489795806974],[6.709277324363948,49.782488422958309],[6.709207911738267,49.782487050068084],[6.709138499117915,49.782485677136329],[6.709140619059879,49.78244074115662],[6.709210031616134,49.782442114086216],[6.709212151488672,49.782397178103935],[6.709214271355885,49.782352242121235],[6.709283683789276,49.782353615004943],[6.709285803587064,49.78230867901965],[6.709287923379526,49.782263743033951],[6.709218511074327,49.782262370154584],[6.70921639121777,49.782307306138115],[6.709077566495168,49.782304560250388],[6.709079686479917,49.782259624271198],[6.709010274190707,49.782258251267173],[6.708871449628274,49.782255505134479],[6.708802037355054,49.782254132005811],[6.708732625087165,49.78225275883559],[6.708593800567375,49.782250012370497],[6.708524388315475,49.782248639075625],[6.708454976068909,49.782247265739201],[6.708385563827672,49.782245892361225],[6.708316151591766,49.78224451894171],[6.708246739361192,49.782243145480635],[6.70817732713595,49.782241771978015],[6.708107914916038,49.782240398433842],[6.708038502701459,49.782239024848117],[6.707969090492212,49.782237651220839],[6.707899678288297,49.782236277552023],[6.707830266089713,49.782234903841648],[6.707760853896463,49.782233530089734],[6.707691441708546,49.782232156296253],[6.707689320441876,49.782277092232036],[6.707619908195196,49.782275718394843],[6.707550495953848,49.782274344516104],[6.707481083717834,49.782272970595805],[6.707483205176791,49.782228034666524],[6.707413793010206,49.782226660706854],[6.707411671487153,49.782271596633954],[6.707342259261805,49.782270222630565],[6.707340137669325,49.782315158555079],[6.707338016071514,49.782360094479181],[6.707268603723308,49.782358720429897],[6.707199191380435,49.782357346339047],[6.707129779042898,49.782355972206673],[6.707060366710695,49.782354598032718],[6.706990954383825,49.782353223817232],[6.706988832460201,49.78239815973005],[6.70691942007457,49.782396785470844],[6.706917298081517,49.782441721381076],[6.706847885637123,49.78244034707815],[6.706845763574644,49.782485282985782],[6.706915176083132,49.782486657290889],[6.706910932070365,49.782576529109278],[6.706980344712384,49.782577903377174],[6.706978222762098,49.782622839287917],[6.707047635473547,49.782624213516442],[6.707045513582026,49.782669149428926],[6.70697610080648,49.782667775198242],[6.70697397884553,49.782712711108147],[6.706904566011222,49.782711336833735],[6.706902443980841,49.78275627274104],[6.706833031087769,49.782754898422908],[6.706830908987959,49.782799834327633],[6.706900321945128,49.782801208647932],[6.706898199904082,49.782846144554441],[6.706967612930684,49.782847518835368],[6.707037025962619,49.782848893074735],[6.707034904044438,49.782893828985138],[6.706965490948404,49.782892454743596],[6.706896077857705,49.782891080460494],[6.706826664772341,49.782889706135848],[6.706757251692311,49.782888331769641],[6.706759373866884,49.782843395867928],[6.706689960856287,49.782842021462343],[6.706620547851027,49.782840647015213],[6.706551134851101,49.78283927252653],[6.706412308867256,49.782836523424507],[6.706342895883338,49.782835148811174],[6.70620406993151,49.782832399459856],[6.706206192613532,49.782787463575083],[6.706136779709721,49.782786088839266],[6.705997953918107,49.782783339242982],[6.706000076787086,49.78273840336432],[6.706069489616127,49.78273977818106],[6.706071612415674,49.782694842299819],[6.706073735209888,49.782649906418158],[6.706075857998766,49.78260497053607],[6.706006445362016,49.782603595725838],[6.705937032730603,49.782602220874061],[6.705867620104526,49.782600845980738],[6.705798207483786,49.782599471045856],[6.70579608443852,49.782644406919246],[6.705726671759021,49.782643031940651],[6.705724548644325,49.782687967811448],[6.705722425524291,49.78273290368184],[6.705653012721934,49.78273152865733],[6.705583599924917,49.782730153591288],[6.705514187133238,49.782728778483687],[6.705444774346896,49.78272740333454],[6.705446897723316,49.782682467472853],[6.70537748500641,49.782681092284321],[6.705379608441593,49.782636156424381],[6.70531019579412,49.782634781196478],[6.705240783151988,49.782633405927022],[6.705171370515194,49.782632030616014],[6.705173494137329,49.782587094762178],[6.705104081569971,49.782585719411792],[6.70503466900795,49.78258434401986],[6.705036792752941,49.78253940816996],[6.704967380260357,49.782538032738643],[6.704897967773112,49.782536657265787],[6.704828555291206,49.782535281751379],[6.70483067922315,49.782490345907583],[6.70476126681068,49.782488970353782],[6.704763390801383,49.782444034511734],[6.704693978458348,49.782442658918576],[6.704624566120654,49.782441283283859],[6.70462669023421,49.782396347445747],[6.704557277965951,49.782394971771666],[6.704487865703032,49.782393596056018],[6.704418453445453,49.782392220298838],[6.704349041193215,49.782390844500092],[6.704279628946318,49.782389468659794],[6.704277504512282,49.782434404487049],[6.70420809220663,49.782433028603023],[6.704205967703158,49.782477964427684],[6.70413655533875,49.782476588499947],[6.704134430765845,49.782521524322007],[6.704203843194349,49.782522900251927],[6.7042017186802,49.782567836075735],[6.704271131178141,49.782569211966276],[6.70426900672275,49.782614147791847],[6.70426688226202,49.782659083617013],[6.704336294893495,49.782660459470335],[6.704334170491524,49.782705395297256],[6.704403583192437,49.782706771111215],[6.704401458849222,49.782751706939884],[6.704399334500671,49.782796642768155],[6.704468747335118,49.782798018544916],[6.704466623045325,49.782842954374921],[6.704536035949209,49.782844330112304],[6.704533911718175,49.782889265944071],[6.704531787481804,49.782934201775426],[6.704601200519225,49.782935577475598],[6.704599076341612,49.782980513308708],[6.704668489448469,49.782981888969502],[6.704666365329618,49.783026824804374],[6.704596952158663,49.783025449141405],[6.704594827970372,49.783070384973684],[6.704525414740659,49.783069009266981],[6.704456001516285,49.783067633518741],[6.704386588297252,49.783066257728933],[6.704388712677836,49.783021321903178],[6.704319299528242,49.783019946073992],[6.704321423967584,49.782975010249999],[6.704323548401587,49.782930074425579],[6.70425413538553,49.782928698559203],[6.704256259878291,49.782883762736546],[6.704186846931673,49.782882386830792],[6.704188971483194,49.78283745100989],[6.704119558606013,49.782836075064758],[6.704121683216292,49.78279113924561],[6.704123807821231,49.782746203426051],[6.704054395077587,49.782744827443715],[6.704056519741284,49.78269989162591],[6.703987107067078,49.782698515604203],[6.703989231789532,49.782653579788168],[6.703919819184764,49.782652203727075],[6.703921943965976,49.782607267912788],[6.703924068741849,49.782562332098081],[6.703854656270614,49.782560955999799],[6.703856781105244,49.782516020186854],[6.703787368703447,49.782514644049193],[6.703789493596833,49.782469708238004],[6.703791618484879,49.782424772426381],[6.703722206216617,49.782423396251517],[6.703724331163419,49.782378460441677],[6.703654918964594,49.782377084227434],[6.703657043970151,49.782332148419343],[6.703587631840764,49.782330772165736],[6.703589756905076,49.782285836359407],[6.703520344845126,49.782284460066407],[6.703522469968192,49.78223952426184],[6.70352459508592,49.782194588456846],[6.703455183159503,49.782193212126657],[6.703457308335985,49.782148276323412],[6.703387896479005,49.782146899953858],[6.703390021714241,49.782101964152382],[6.703320609926698,49.782100587743436],[6.703322735220689,49.782055651943722],[6.703253323502583,49.782054275495405],[6.703255448855327,49.782009339697446],[6.703186037206658,49.782007963209765],[6.703188162618154,49.78196302741356],[6.703118751038923,49.781961650886494],[6.703120876509172,49.781916715092052],[6.70305146499938,49.781915338525614],[6.703053590528381,49.781870402732935],[6.703055716052041,49.781825466939821],[6.702986304675778,49.781824090336194],[6.70298843025819,49.781779154544843],[6.702919018951365,49.78177777790183],[6.702921144592528,49.781732842112255],[6.702851733355139,49.781731465429871],[6.702853859055055,49.781686529642045],[6.702784447887104,49.781685152920282],[6.70278657364577,49.781640217134211],[6.702717162547254,49.781638840373091],[6.702719288364671,49.781593904588782],[6.702721414176747,49.78154896880406],[6.702652003211761,49.781547592005722],[6.702654129082586,49.781502656222756],[6.702584718187037,49.781501279385061],[6.702586844116611,49.78145634360385],[6.7025174332905,49.78145496672677],[6.702519559278825,49.78141003094732],[6.702450148522148,49.781408654030876],[6.702452274569223,49.781363718253182],[6.702382863881983,49.781362341297367],[6.702384989987806,49.781317405521442],[6.702315579370003,49.781316028526255],[6.702317705534576,49.781271092752064],[6.702248294986209,49.781269715717507],[6.702250421209529,49.781224779945084],[6.702181010730599,49.781223402871156],[6.702183137012667,49.781178467100503],[6.702113726603173,49.781177089987196],[6.70211585294399,49.781132154218298],[6.702046442603931,49.78113077706562],[6.702048569003495,49.781085841298484],[6.702050695397715,49.781040905530929],[6.701981285191184,49.781039528341061],[6.701983411644152,49.780994592575247],[6.701914001507057,49.780993215346001],[6.701916128018771,49.780948279581978],[6.701846717951112,49.78094690231336],[6.701848844521572,49.780901966551085],[6.70177943452335,49.780900589243096],[6.701781561152556,49.780855653482568],[6.701712151223768,49.780854276135209],[6.70171427791172,49.780809340376464],[6.701644868052369,49.780807962989741],[6.701646994799067,49.780763027232723],[6.701577585009152,49.780761649806628],[6.701579711814594,49.780716714051387],[6.701510302094116,49.780715336585907],[6.701512428958302,49.780670400832427],[6.701443019307258,49.78066902332759],[6.70144514623019,49.780624087575866],[6.701375736648581,49.780622710031658],[6.701377863630256,49.780577774281696],[6.701308454118085,49.780576396698109],[6.701310581158504,49.780531460949902],[6.701241171715767,49.780530083326965],[6.70124329881493,49.780485147580514],[6.70117388944163,49.780483769918199],[6.701176016599536,49.780438834173509],[6.701106607295671,49.780437456471816],[6.70110873451232,49.780392520728888],[6.70103932527789,49.780391142987838],[6.701041452553281,49.780346207246666],[6.700972043388287,49.78034482946623],[6.70097417072242,49.780299893726827],[6.700904761626862,49.780298515907035],[6.700906889019737,49.780253580169401],[6.700837479993614,49.780252202310223],[6.700839607445229,49.780207266574337],[6.700770198488542,49.780205888675802],[6.7007723259989,49.780160952941678],[6.700702917111649,49.780159575003765],[6.700705044680747,49.780114639271396],[6.700635635862931,49.780113261294133],[6.700637763490771,49.780068325563526],[6.700568354742389,49.780066947546871],[6.700570482428969,49.780022011818033],[6.700501073750022,49.780020633762021],[6.700503201495341,49.779975698034939],[6.700433792885831,49.779974319939562],[6.700435920689889,49.779929384214235],[6.700366512149815,49.77992800607948],[6.700368640012612,49.779883070355922],[6.700299231541972,49.779881692181803],[6.700229823076682,49.779880313966139],[6.700231951062304,49.779835378246517],[6.700162542666449,49.779833999991475],[6.70016467071081,49.779789064273622],[6.70009526238439,49.779787685979215],[6.700097390487488,49.779742750263111],[6.700027982230504,49.77974137192934],[6.700030110392341,49.779696436215012],[6.699960702204792,49.77969505784187],[6.699962830425366,49.779650122129297],[6.699893422307252,49.779648743716784],[6.699895550586564,49.779603808005973],[6.699826142537884,49.779602429554096],[6.699828270875933,49.77955749384504],[6.699758862896689,49.779556115353799],[6.699760991293473,49.779511179646505],[6.699691583383665,49.779509801115893],[6.699622175479208,49.779508422543735],[6.699624303998811,49.779463486840392],[6.699554896163789,49.77946210822887],[6.69955702474213,49.779417172527275],[6.699487616976542,49.779415793876382],[6.699489745613619,49.779370858176549],[6.699420337917466,49.779369479486299],[6.699350930226665,49.779368100754503],[6.69935305898656,49.779323165058607],[6.699283651365193,49.779321786287447],[6.699285780183823,49.779276850593313],[6.699216372631892,49.779275471782782],[6.699218501509256,49.779230536090409],[6.69914909402676,49.779229157240501],[6.699079686549616,49.77922777834906],[6.699081815549797,49.779182842660646],[6.699012408142089,49.779181463729827],[6.699014537201003,49.779136528043161],[6.69894512986273,49.779135149072992],[6.698947258980378,49.779090213388081],[6.69887785171154,49.779088834378548],[6.698808444448054,49.779087455327449],[6.698810573688516,49.779042519646495],[6.698741166494465,49.77904114055606],[6.698743295793662,49.778996204876833],[6.698673888669046,49.778994825747027],[6.698604481549784,49.778993446575669],[6.698606610971794,49.778948510900399],[6.698537203921967,49.778947131689677],[6.698539333402709,49.778902196016183],[6.698469926422317,49.778900816766082],[6.698400519447279,49.778899437474458],[6.698402649050833,49.778854501804901],[6.69833324214523,49.778853122473897],[6.698335371807516,49.778808186806096],[6.698265964971347,49.778806807435735],[6.698196558140533,49.778805428023823],[6.69819868792563,49.778760492359979],[6.698129281164252,49.778759112908702],[6.698059874408227,49.778757733415894],[6.698062004316136,49.778712797755979],[6.697992597629547,49.7787114182238],[6.697923190948313,49.778710038650068],[6.697925320979032,49.778665102994097],[6.697855914367233,49.778663723381023],[6.69785804445668,49.778618787726806],[6.697788637914319,49.778617408074346],[6.69771923137731,49.778616028380362],[6.697721361589567,49.778571092730083],[6.697651955121996,49.778569712996728],[6.697582548659779,49.77856833322182],[6.697584678994844,49.778523397575498],[6.697515272602063,49.77852201776124],[6.697445866214638,49.778520637905423],[6.697447996672511,49.778475702263052],[6.697378590354522,49.778474322367877],[6.697309184041887,49.778472942431158],[6.697311314622568,49.778428006792723],[6.69724190837937,49.778426626816646],[6.697172502141529,49.778425246799017],[6.697174632845016,49.778380311164533],[6.69710522667661,49.778378931107532],[6.697035820513562,49.778377551009008],[6.697037951339855,49.77833261537846],[6.696968545246243,49.778331235240564],[6.696899139157987,49.778329855061124],[6.696901270107085,49.778284919434526],[6.696831864088264,49.778283539215735],[6.696762458074802,49.778282158955385],[6.696764589146706,49.778237223332731],[6.69669518320268,49.778235843033023],[6.69662577726401,49.778234462691778],[6.696627908458717,49.778189527073067],[6.696558502589484,49.778188146692464],[6.69648909672561,49.778186766270302],[6.69649122804312,49.778141830655528],[6.696421822248682,49.778140450194016],[6.696352416459601,49.778139069690965],[6.69628301067588,49.778137689146348],[6.696285142180271,49.778092753537713],[6.696215736465986,49.778091372953746],[6.696146330757059,49.778089992328255],[6.696148462384252,49.778045056723542],[6.696079056744762,49.77804367605868],[6.696009651110631,49.778042295352265],[6.696011782860625,49.777997359751517],[6.695942377295932,49.777995979005745],[6.695872971736597,49.777994598218427],[6.695803566182621,49.777993217389572],[6.695805698119493,49.777948281794963],[6.695736292634955,49.777946900926736],[6.695666887155776,49.777945520016971],[6.695597481681957,49.777944139065674],[6.695599613805705,49.777899203477169],[6.695530208401324,49.777897822486509],[6.695460803002303,49.77789644145431],[6.695462935248851,49.777851505869755],[6.695393529919267,49.777850124798192],[6.695324124595044,49.777848743685084],[6.69525471927618,49.777847362530423],[6.695256851709602,49.777802426952022],[6.695187446460178,49.777801045757997],[6.695118041216112,49.777799664522448],[6.695048635977409,49.777798283245346],[6.695050768597707,49.777753347673062],[6.694981363428441,49.777751966356604],[6.694911958264536,49.7777505849986],[6.694842553105993,49.777749203599058],[6.694844685913164,49.777704268032899],[6.69477528082406,49.777702886593993],[6.694705875740317,49.777701505113548],[6.694636470661936,49.777700123591558],[6.694638603655978,49.777655188031545],[6.694569198647035,49.777653806470191],[6.694499793643455,49.777652424867313],[6.694430388645237,49.777651043222882],[6.694432521826149,49.777606107668987],[6.694363116897371,49.777604725985192],[6.694293711973955,49.777603344259859],[6.694224307055901,49.77760196249298],[6.694226440423685,49.777557026945217],[6.694157035575069,49.777555645138996],[6.694087630731818,49.777554263291215],[6.694018225893929,49.777552881401895],[6.694020359448581,49.777507945860279],[6.693950954680131,49.77750656393161],[6.693812145159323,49.777503799949613],[6.693742740406965,49.777502417896322],[6.693744874212561,49.777457482363019],[6.693675469529643,49.777456100270349],[6.693606064852089,49.777454718136156],[6.693536660179898,49.777453335960409],[6.693538794172361,49.777408400433231],[6.693469389569612,49.777407018218128],[6.693399984972226,49.777405635961486],[6.693330580380206,49.777404253663292],[6.69326117579355,49.777402871323559],[6.693263310036953,49.777357935804723],[6.693193905519736,49.777356553425633],[6.693124501007888,49.777355171005006],[6.693055096501403,49.777353788542833],[6.692985692000283,49.777352406039121],[6.692987826494625,49.777307470528598],[6.692918422062947,49.777306087985522],[6.692849017636633,49.777304705400923],[6.692779613215686,49.777303322774763],[6.692710208800106,49.777301940107073],[6.692712343545386,49.777257004604863],[6.692642939199247,49.777255621897815],[6.692573534858474,49.777254239149215],[6.692504130523069,49.777252856359084],[6.692506265455211,49.77720792086302],[6.692436861189245,49.777206538033532],[6.692367456928649,49.777205155162491],[6.692298052673418,49.777203772249926],[6.692228648423553,49.777202389295809],[6.69223078360663,49.777157453808073],[6.692161379426208,49.777156070814591],[6.692091975251154,49.777154687779586],[6.692022571081467,49.777153304703027],[6.692024706451404,49.777108369221416],[6.69195530235116,49.777106986105508],[6.691885898256284,49.777105602948055],[6.691888033749002,49.777060667470394],[6.691818629723567,49.777059284273605],[6.691749225703502,49.777057901035242],[6.691679821688806,49.777056517755362],[6.691610417679477,49.777055134433937],[6.691541013675517,49.777053751070959],[6.691402205683703,49.777050984220388],[6.69133280169585,49.777049600732816],[6.691263397713366,49.777048217203678],[6.691193993736253,49.777046833632994],[6.691196129864347,49.777001898176785],[6.691126725956678,49.777000514566751],[6.691057322054377,49.776999130915172],[6.690987918157447,49.776997747222062],[6.690918514265885,49.77699636348742],[6.690849110379696,49.776994979711219],[6.690779706498876,49.776993595893479],[6.690710302623426,49.776992212034209],[6.69071243919467,49.776947276592878],[6.690643035388666,49.776945892694243],[6.690573631588032,49.776944508754077],[6.690504227792769,49.776943124772359],[6.690434824002878,49.776941740749109],[6.690365420218359,49.776940356684307],[6.690226612665433,49.776937588430094],[6.690228749679824,49.776892653003664],[6.690159345975493,49.776891268816435],[6.690089942276533,49.776889884587668],[6.690020538582946,49.776888500317348],[6.689951134894732,49.776887116005497],[6.689881731211888,49.776885731652101],[6.689812327534419,49.776884347257166],[6.689742923862322,49.776882962820686],[6.689673520195598,49.776881578342675],[6.689604116534246,49.776880193823118],[6.689534712878269,49.776878809262023],[6.689536850528024,49.776833873857043],[6.689467446941493,49.776832489256591],[6.689398043360335,49.776831104614601],[6.689328639784552,49.776829719931065],[6.689259236214142,49.776828335206005],[6.689120429089447,49.776825565631228],[6.689051025535159,49.776824180781531],[6.688981621986247,49.77682279589029],[6.688912218442709,49.776821410957524],[6.688842814904548,49.776820025983199],[6.688773411371758,49.776818640967349],[6.688775549720945,49.776773705586031],[6.688706146257605,49.776772320530831],[6.68863674279964,49.776770935434072],[6.688567339347051,49.776769550295782],[6.688428532458001,49.776766779894572],[6.688289725590455,49.776764009327209],[6.688081515329458,49.776759853164613],[6.688012111919879,49.776758467694009],[6.687942708515678,49.776757082181838],[6.687873305116853,49.776755696628143],[6.687803901723405,49.77675431103291],[6.687665094952643,49.776751539717822],[6.687595691575328,49.776750153997959],[6.687526288203392,49.776748768236558],[6.687456884836832,49.776747382433619],[6.687387481475652,49.776745996589142],[6.687389621100915,49.776701061251174],[6.687459024398022,49.776702447093463],[6.687528427700509,49.776703832894221],[6.687597831008373,49.776705218653419],[6.687599970436043,49.776660283308487],[6.687669373685214,49.776661669023966],[6.687667234321617,49.776706604371093],[6.687736637640237,49.776707990047214],[6.687738776939761,49.776663054697899],[6.687808180199687,49.776664440330293],[6.687877583464989,49.77666582592115],[6.687946986735669,49.776667211470475],[6.68794484762836,49.776712146826362],[6.68801425096849,49.776713532336331],[6.688016390011726,49.776668596978247],[6.688155196579971,49.776671367869184],[6.68815305766488,49.776716303231638],[6.68822246102114,49.776717688616976],[6.688291864382776,49.776719073960791],[6.688361267749788,49.776720459263053],[6.688430671122177,49.77672184452377],[6.688432809780978,49.77667690915257],[6.688502213094671,49.776678294369546],[6.688571616413737,49.776679679545005],[6.688569477883082,49.776724614920603],[6.688638881271599,49.776726000056705],[6.68870828466549,49.776727385151261],[6.688777688064757,49.776728770204279],[6.6888470914694,49.776730155215759],[6.688916494879416,49.7767315401857],[6.68891863308971,49.77668660479916],[6.688920771294631,49.776641669412221],[6.688851368012759,49.776640284446664],[6.688781964736262,49.776638899439554],[6.68871256146514,49.776637514390913],[6.688643158199394,49.776636129300726],[6.688645296655231,49.776591193922101],[6.688575893458932,49.776589808792572],[6.688506490268007,49.776588423621504],[6.68843708708246,49.776587038408877],[6.688367683902288,49.776585653154733],[6.688298280727493,49.776584267859022],[6.688300419498318,49.776539332490934],[6.688231016392969,49.776537947155894],[6.688228877558074,49.776582882521794],[6.68815947439403,49.77658149714302],[6.688161613292999,49.776536561779302],[6.688092210198404,49.776535176361172],[6.688022807109185,49.776533790901503],[6.68788400094688,49.776531019857551],[6.687814597873794,49.77652963427326],[6.687816737087745,49.776484698920086],[6.687747334084107,49.776483313296445],[6.687677931085847,49.776481927631266],[6.687608528092963,49.776480541924556],[6.687539125105459,49.776479156176293],[6.687469722123332,49.776477770386485],[6.687400319146583,49.776476384555146],[6.687330916175212,49.776474998682268],[6.687261513209219,49.776473612767852],[6.68726365293037,49.776428677431753],[6.687124847142663,49.776425905482689],[6.686986041376474,49.776423133367437],[6.686916638501448,49.776421747247504],[6.686847235631801,49.776420361086046],[6.686777832767534,49.776418974883029],[6.686779972931804,49.776374039561873],[6.686710570136986,49.776372653319505],[6.686641167347551,49.776371267035614],[6.686571764563494,49.776369880710178],[6.686502361784817,49.776368494343195],[6.686432959011522,49.776367107934682],[6.686363556243605,49.776365721484623],[6.686294153481071,49.776364334993026],[6.686296294088459,49.776319399686791],[6.686226891395376,49.776318013155837],[6.686157488707673,49.776316626583359],[6.686088086025353,49.776315239969328],[6.686018683348413,49.776313853313759],[6.685949280676855,49.776312466616652],[6.685879878010678,49.776311079878013],[6.685810475349883,49.776309693097822],[6.68574107269447,49.776308306276107],[6.685743213809043,49.776263370986968],[6.685673811223084,49.776261984125902],[6.685604408642505,49.776260597223292],[6.685535006067309,49.776259210279129],[6.685465603497496,49.776257823293449],[6.685396200933066,49.776256436266209],[6.685326798374017,49.776255049197438],[6.685328939867633,49.776210113921039],[6.685259537378038,49.776208726812918],[6.685190134893826,49.776207339663266],[6.685120732414999,49.776205952472075],[6.685051329941555,49.77620456523934],[6.685053471686069,49.776159629971282],[6.684984069282078,49.776158242699196],[6.684914666883471,49.77615685538558],[6.684845264490249,49.776155468030424],[6.684775862102411,49.776154080633717],[6.684706459719956,49.776152693195485],[6.684637057342885,49.7761513057157],[6.6845676549712,49.776149918194385],[6.6844982526049,49.776148530631531],[6.684428850243984,49.776147143027131],[6.684359447888453,49.776145755381194],[6.684290045538309,49.776144367693711],[6.684220643193548,49.776142979964703],[6.684151240854174,49.776141592194151],[6.684153383426213,49.776096656954174],[6.684083981156293,49.776095269144271],[6.684014578891761,49.776093881292837],[6.684012436191582,49.776138816528423],[6.683943033868366,49.776137428633255],[6.683526620042183,49.776129100389909],[6.683457217756674,49.776127712203959],[6.683387815476553,49.776126323976477],[6.683318413201817,49.77612493570745],[6.68324901093247,49.776123547396885],[6.68317960866851,49.776122159044782],[6.68311020640994,49.77612077065114],[6.683108062871474,49.776165705857785],[6.683038660554221,49.77616431742041],[6.682969258242357,49.776162928941496],[6.68289985593588,49.77616154042105],[6.682830453634794,49.77616015185906],[6.682761051339096,49.776158763255523],[6.682691649048786,49.776157374610456],[6.682622246763866,49.776155985923843],[6.682552844484335,49.776154597195699],[6.682414039941443,49.776151819614775],[6.682344637678081,49.776150430762009],[6.682275235420108,49.776149041867704],[6.682205833167528,49.776147652931861],[6.682136430920335,49.77614626395448],[6.682067028678532,49.776144874935568],[6.681997626442122,49.776143485875103],[6.681928224211103,49.776142096773093],[6.681858821985474,49.776140707629565],[6.681856677288371,49.776185642796285],[6.681787275004063,49.77618425360901],[6.681717872725148,49.776182864380196],[6.681648470451623,49.776181475109851],[6.681579068183489,49.776180085797961],[6.681509665920748,49.776178696444525],[6.681440263663398,49.776177307049558],[6.681438118576491,49.776222242202692],[6.681368716260464,49.776220852763984],[6.681299313949829,49.776219463283752],[6.681229911644587,49.776218073761967],[6.681160509344737,49.776216684198644],[6.681162654687923,49.776171749054285],[6.681093252457535,49.776170359451619],[6.681023850232541,49.776168969807429],[6.681021704761217,49.77621390494739],[6.680952302477544,49.776212515259452],[6.680882900199267,49.776211125529969],[6.680813497926382,49.776209735758954],[6.680744095658891,49.776208345946394],[6.680674693396795,49.776206956092302],[6.680605291140091,49.776205566196666],[6.680535888888781,49.77620417625949],[6.680466486642866,49.776202786280784],[6.680397084402344,49.776201396260532],[6.680327682167219,49.776200006198728],[6.680258279937486,49.776198616095407],[6.68018887771315,49.77619722595054],[6.680191023953304,49.776152290836926],[6.68012162179843,49.776150900652716],[6.680052219648953,49.776149510426961],[6.67998281750487,49.776148120159682],[6.679913415366182,49.776146729850844],[6.67984401323289,49.776145339500488],[6.67984186667239,49.77619027460311],[6.679839720106498,49.776235209705312],[6.679909122367929,49.776236600060081],[6.679978524634754,49.776237990373296],[6.679976378191606,49.776282925479478],[6.680045780527896,49.776284315753365],[6.680115182869582,49.776285705985693],[6.680184585216662,49.776287096176503],[6.680253987569138,49.776288486325768],[6.680251841376874,49.77633342144032],[6.680321243798815,49.776334811550242],[6.68039064622615,49.776336201618619],[6.680460048658879,49.776337591645458],[6.680529451097002,49.776338981630765],[6.680598853540521,49.77634037157452],[6.680596707663215,49.776385306699638],[6.680666110176197,49.776386696604057],[6.680735512694571,49.776388086466945],[6.680804915218341,49.776389476288273],[6.680874317747503,49.776390866068091],[6.680872172121085,49.776435801201565],[6.680802769527851,49.776434411419565],[6.680733366940012,49.776433021596027],[6.680525159208857,49.776428851876176],[6.680527305155627,49.77638391675368],[6.680457902653433,49.776382526766177],[6.680388500156634,49.776381136737136],[6.680319097665229,49.776379746666571],[6.68024969517922,49.776378356554446],[6.680180292698605,49.776376966400797],[6.680110890223384,49.776375576205602],[6.680113036549179,49.776330641095868],[6.680043634143424,49.776329250861323],[6.679974231743064,49.776327860585241],[6.679904829348099,49.776326470267634],[6.679835426958531,49.776325079908482],[6.679837573535211,49.776280144807103],[6.679768171215108,49.776278754408608],[6.6796987689004,49.776277363968575],[6.679629366591089,49.776275973486996],[6.679559964287175,49.776274582963872],[6.679562111114739,49.776229647870885],[6.679492708880288,49.776228257308425],[6.679423306651236,49.776226866704434],[6.67935390442758,49.776225476058897],[6.67928450220932,49.776224085371823],[6.679286649287766,49.776179150287199],[6.679217247138973,49.776177759560781],[6.679147844995577,49.776176368792832],[6.679078442857578,49.776174977983331],[6.679009040724977,49.776173587132313],[6.679011188054303,49.776128652056052],[6.678941785991169,49.776127261165684],[6.678872383933431,49.77612587023377],[6.678802981881092,49.776124479260325],[6.678805129397228,49.776079544190232],[6.678735727414355,49.776078153177451],[6.678666325436883,49.776076762123111],[6.678596923464807,49.776075371027254],[6.67852752149813,49.776073979889844],[6.678529669265144,49.776029044828142],[6.678460267367933,49.776027653651397],[6.678390865476123,49.776026262433106],[6.678321463589711,49.776024871173291],[6.678323611543533,49.775979936117757],[6.678254209726589,49.775978544818585],[6.678184807915043,49.775977153477882],[6.678115406108898,49.775975762095641],[6.678117554249526,49.775930827046295],[6.678048152512849,49.775929435624711],[6.677978750781571,49.775928044161589],[6.677909349055692,49.775926652656935],[6.677911497383127,49.775881717613757],[6.677842095726716,49.77588032606976],[6.677772694075706,49.775878934484226],[6.677774842525877,49.775833999445027],[6.677705440944334,49.775832607820156],[6.677636039368194,49.77583121615374],[6.677638187941101,49.775786281118521],[6.677568786434427,49.775784889412769],[6.677499384933155,49.775783497665479],[6.677429983437284,49.775782105876651],[6.677432132196992,49.775737170847627],[6.67736273077059,49.775735779019456],[6.677293329349588,49.775734387149754],[6.677295478232033,49.775689452124681],[6.6772260768805,49.775688060215636],[6.677156675534369,49.77568666826506],[6.677087274193639,49.775685276272938],[6.677089423262885,49.775640341254061],[6.677020021991624,49.775638949222603],[6.676950620725765,49.775637557149608],[6.676952769917742,49.775592622134724],[6.676883368721353,49.775591230022386],[6.676813967530364,49.775589837868509],[6.67674456634478,49.775588445673094],[6.676746715723557,49.775543510664384],[6.676677314607441,49.77554211842962],[6.676607913496729,49.775540726153352],[6.676538512391417,49.775539333835525],[6.676540661956992,49.775494398832983],[6.676471260921153,49.775493006475827],[6.676401859890715,49.775491614077126],[6.676263057846051,49.775488829155115],[6.676124255823003,49.775486044066959],[6.676126405767572,49.775441109077214],[6.676057004828219,49.775439716473024],[6.675987603894271,49.775438323827302],[6.675918202965728,49.775436931140042],[6.675920353097092,49.775391996156472],[6.675850952238019,49.775390603429869],[6.675781551384349,49.775389210661736],[6.675712150536087,49.775387817852064],[6.675714300854244,49.775342882874668],[6.675644900075451,49.77534149002566],[6.675575499302062,49.775340097135121],[6.675577649742947,49.775295162161726],[6.67550824903903,49.775293769231837],[6.675438848340518,49.775292376260417],[6.675440998904129,49.775247441291],[6.675371598275088,49.775246048280245],[6.675302197651453,49.775244655227951],[6.675304348337791,49.775199720262513],[6.675234947783627,49.775198327170877],[6.675165547234868,49.775196934037716],[6.675096146691517,49.775195540863017],[6.675098297564643,49.775150605903768],[6.675028897090763,49.775149212689719],[6.674959496622288,49.775147819434153],[6.67496164761814,49.775102884478883],[6.674892247219137,49.775101491183982],[6.674822846825542,49.77510009784752],[6.674824997944117,49.775055162896244],[6.674755597619992,49.775053769520468],[6.674686197301274,49.77505237610314],[6.674616796987965,49.775050982644281],[6.674618948293327,49.775006047699193],[6.674549548049488,49.775004654200998],[6.674480147811057,49.775003260661265],[6.674482299239141,49.774958325720164],[6.674412899070182,49.774956932141095],[6.674343498906631,49.774955538520494],[6.674345650457436,49.774910603583379],[6.674276250363357,49.774909209923443],[6.674206850274686,49.774907816221969],[6.674209001948213,49.774862881288833],[6.674139601929013,49.77486148754803],[6.674070201915222,49.774860093765689],[6.674072353711469,49.774815158836532],[6.67400295376715,49.774813765014862],[6.673933553828241,49.77481237115164],[6.67386415389474,49.774810977246894],[6.673862001906302,49.774855912169436],[6.673792601914148,49.774854518220948],[6.673790449856241,49.774899453140868],[6.673721049805433,49.77489805914864],[6.673651649760034,49.774896665114873],[6.673649497568594,49.774941600029962],[6.673580097464542,49.774940205952468],[6.67357794520363,49.774985140864949],[6.673508545040924,49.774983746743708],[6.67350639271054,49.775028681653552],[6.67343699248918,49.77502728748857],[6.673367592273229,49.775025893282049],[6.67336974473174,49.774980958376602],[6.673300344585265,49.774979564130746],[6.6732309444442,49.774978169843358],[6.673161544308547,49.774976775514432],[6.673163696953839,49.774931840615167],[6.67309429688766,49.774930446246913],[6.673024896826891,49.774929051837113],[6.672955496771533,49.774927657385781],[6.672886096721587,49.774926262892919],[6.672816696677053,49.774924868358511],[6.672818849637252,49.774879933469848],[6.672749449662193,49.774878538896111],[6.672680049692545,49.774877144280843],[6.672610649728308,49.77487574962403],[6.672612802875289,49.774830814741556],[6.672543402980529,49.774829420045414],[6.67247400309118,49.774828025307734],[6.672476156360874,49.774783090429253],[6.672406756541002,49.774781695652237],[6.67233735672654,49.774780300833697],[6.672267956917493,49.774778905973605],[6.672198557113858,49.774777511071974],[6.672200710634392,49.774732576201899],[6.672131310900233,49.774731181260954],[6.672061911171487,49.774729786278456],[6.671923111730236,49.774726996188868],[6.671925265501609,49.774682061327184],[6.671855865853166,49.774680666222295],[6.671786466210137,49.774679271075868],[6.671647666940321,49.7746764806584],[6.671578267313534,49.774675085387358],[6.671580421399806,49.774630150536275],[6.671511021842496,49.774628755225905],[6.671441622290602,49.774627359873996],[6.671372222744122,49.774625964480556],[6.671302823203055,49.774624569045571],[6.671304977540163,49.774579634202908],[6.671235578068572,49.774578238728601],[6.671166178602399,49.774576843212749],[6.67116402413717,49.774621778051014],[6.671094624612349,49.774620382491435],[6.671025225092944,49.77461898689031],[6.670955825578957,49.774617591247647],[6.670886426070385,49.774616195563453],[6.670884271343493,49.774661130392481],[6.670814871776274,49.774659734664539],[6.670812716979907,49.774704669490951],[6.670743317354042,49.774703273719268],[6.670741162488199,49.774748208543052],[6.67067176280369,49.774746812727628],[6.670669607868369,49.774791747548782],[6.670600208125214,49.774790351689617],[6.670602363124598,49.77474541687068],[6.670532963450921,49.774744020972193],[6.670394164119819,49.774741229050591],[6.670324764462395,49.774739833027496],[6.670322609206762,49.774784767837623],[6.670253209490693,49.774783371770781],[6.670255364810387,49.774738436962856],[6.670185965163798,49.774737040856685],[6.670116565522624,49.774735644708983],[6.670047165886871,49.774734248519742],[6.669977766256535,49.774732852288963],[6.669979921827061,49.774687917489452],[6.669910522266205,49.774686521219337],[6.669841122710768,49.774685124907691],[6.669771723160749,49.774683728554514],[6.669702323616148,49.774682332159799],[6.669632924076968,49.774680935723545],[6.669635079962386,49.774636000934656],[6.669565680492687,49.774634604459074],[6.669496281028404,49.774633207941953],[6.669426881569542,49.774631811383294],[6.6693574821161,49.774630414783111],[6.669359638252348,49.774585480002614],[6.669290238868387,49.774584083363109],[6.669220839489845,49.774582686682038],[6.669151440116722,49.77458128995945],[6.669082040749021,49.774579893195337],[6.66901264138674,49.774578496389672],[6.669014797837876,49.774533561619798],[6.668945398545077,49.774532164774811],[6.668875999257698,49.774530767888294],[6.668806599975739,49.774529370960217],[6.668737200699201,49.774527973990622],[6.668667801428084,49.774526576979497],[6.668669958194109,49.774481642220238],[6.668600558992474,49.774480245169784],[6.668531159796261,49.774478848077791],[6.66846176060547,49.774477450944254],[6.668392361420101,49.774476053769192],[6.668322962240152,49.774474656552592],[6.668325119321062,49.774429721803948],[6.668327276396551,49.774384787054906],[6.668257877350146,49.77438338980118],[6.668188478309165,49.77438199250593],[6.668190635507355,49.774337057760846],[6.668121236535855,49.774335660426267],[6.668051837569777,49.774334263050143],[6.667982438609121,49.774332865632488],[6.66798028121875,49.774377800370935],[6.667978123822958,49.774422735108935],[6.667908724739605,49.774421337645343],[6.667910882199457,49.774376402909539],[6.667772084177142,49.774373607862131],[6.667702685174119,49.774372210276134],[6.667633286176518,49.774370812648598],[6.667563887184342,49.77436941497951],[6.667566044959076,49.774324480254322],[6.667496646036384,49.774323082545919],[6.667427247119116,49.774321684795986],[6.667357848207272,49.774320287004521],[6.667288449300852,49.774318889171504],[6.667290607326403,49.774273954454735],[6.667221208489467,49.774272556582403],[6.667151809657955,49.774271158668533],[6.66708241083187,49.774269760713132],[6.667013012011208,49.774268362716192],[6.667015170287575,49.774223428007843],[6.666945771536398,49.774222029971583],[6.666876372790647,49.774220631893783],[6.66680697405032,49.774219233774446],[6.666737575315419,49.774217835613577],[6.666668176585944,49.77421643741117],[6.666598777861894,49.774215039167231],[6.666600936517196,49.774170104471715],[6.666531537862632,49.774168706188455],[6.666462139213492,49.774167307863657],[6.666392740569782,49.774165909497306],[6.66639489941184,49.774120974808],[6.666397058248472,49.774076040118274],[6.666399217079681,49.774031105428136],[6.666401375905465,49.773986170737572],[6.666405693540762,49.773896301355187],[6.666407852350274,49.773851366663365],[6.666477250545575,49.773852765014226],[6.666479409285604,49.773807830319782],[6.666481568020211,49.773762895624913],[6.666412169953027,49.773761497278457],[6.666342771891268,49.773760098890477],[6.666344930748567,49.773715164199608],[6.666275532756292,49.7737137657723],[6.666206134769444,49.77371236730346],[6.666136736788024,49.773710968793075],[6.666067338812031,49.773709570241174],[6.666065179698502,49.773754504923204],[6.665995781663877,49.773753106327554],[6.665993622480865,49.773798041006962],[6.66592422438761,49.773796642367564],[6.665854826299782,49.773795243686628],[6.66585698561091,49.773750309011632],[6.665787587592567,49.773748910291381],[6.665718189579652,49.773747511529592],[6.665648791572166,49.773746112726258],[6.665509995573476,49.773743314995009],[6.665440597582274,49.773741916067088],[6.665442757272322,49.773696981404939],[6.665373359350606,49.773695582437689],[6.665303961434318,49.773694183428908],[6.665234563523459,49.773692784378596],[6.665165165618029,49.773691385286739],[6.665095767718028,49.77368998615335],[6.665026369823456,49.773688586978423],[6.665024209749063,49.773733521627307],[6.665022049669243,49.773778456275764],[6.665019889583996,49.773823390923788],[6.664950491502681,49.7738219917007],[6.664948331347948,49.773866926346109],[6.664878933208004,49.773865527079273],[6.664809535073491,49.773864127770914],[6.66481169535634,49.773819193129924],[6.664742297291314,49.773817793782236],[6.664744457632792,49.773772859143051],[6.664675059637253,49.773771459756034],[6.664605661647147,49.773770060327486],[6.664536263662469,49.773768660857399],[6.664466865683223,49.773767261345782],[6.664397467709407,49.773765861792633],[6.664399628365746,49.773720927164071],[6.664330230461418,49.773719527571593],[6.664334551885924,49.77362965831766],[6.664403949662137,49.773631057905703],[6.664406110302189,49.773586123275898],[6.664408270936812,49.773541188645673],[6.664338873288713,49.773539789062042],[6.664341033981965,49.773494854433608],[6.664343194669788,49.77344991980474],[6.664345355352181,49.773404985175461],[6.664206560456615,49.773402185896877],[6.664137163016979,49.773400786195289],[6.664135002142416,49.773445720817925],[6.664065604644154,49.773444321072589],[6.664063443700106,49.773489255692603],[6.663994046143221,49.773487855903525],[6.663924648591766,49.773486456072895],[6.663855251045744,49.773485056200748],[6.663785853505154,49.77348365628707],[6.663788014705428,49.773438721675895],[6.663718617234326,49.773437321722888],[6.663649219768657,49.773435921728343],[6.663579822308421,49.773434521692273],[6.663510424853617,49.773433121614666],[6.663512586304685,49.773388187011932],[6.66344318891937,49.773386786894989],[6.663373791539488,49.773385386736535],[6.663371629960307,49.77343032133485],[6.663369468375694,49.773475255932745],[6.663367306785651,49.773520190530206],[6.663365145190178,49.773565125127256],[6.663295747559503,49.773563724918411],[6.663226349934263,49.773562324668028],[6.663156952314456,49.77356092437612],[6.663087554700083,49.773559524042668],[6.663018157091144,49.773558123667684],[6.6630203190069,49.773513189081697],[6.662950921467451,49.773511788667399],[6.662881523933437,49.773510388211562],[6.662812126404856,49.773508987714195],[6.66274272888171,49.773507587175295],[6.66274489104826,49.773462652597736],[6.662675493594605,49.773461252019523],[6.662606096146384,49.773459851399757],[6.6625366987036,49.77345845073846],[6.66246730126625,49.773457050035638],[6.662397903834336,49.773455649291279],[6.662400066315733,49.773410714724378],[6.662330668953309,49.773409313940704],[6.662261271596322,49.773407913115484],[6.662191874244771,49.773406512248741],[6.662122476898655,49.773405111340466],[6.662124639630842,49.773360176781985],[6.662055242354218,49.773358775834389],[6.66198584508303,49.773357374845261],[6.66191644781728,49.773355973814596],[6.661918610736199,49.773311039262339],[6.661779816349118,49.77330823708084],[6.661781979390715,49.773263302532598],[6.661712582269384,49.773261901381758],[6.661643185153491,49.773260500189394],[6.661573788043035,49.773259098955492],[6.661504390938014,49.773257697680059],[6.661506554230398,49.773212763140251],[6.661437157194872,49.773211361825489],[6.661367760164782,49.773209960469217],[6.661298363140131,49.773208559071392],[6.661228966120918,49.773207157632037],[6.661231129664086,49.77316222310067],[6.661233293201818,49.773117288568876],[6.661163896316153,49.773115887092423],[6.661094499435925,49.773114485574425],[6.661025102561136,49.773113084014909],[6.660955705691786,49.773111682413848],[6.660886308827875,49.773110280771263],[6.660888472680444,49.773065346250114],[6.660890636527575,49.773020411728567],[6.660821239797213,49.77301901004887],[6.660751843072286,49.773017608327649],[6.660682446352801,49.773016206564883],[6.660613049638755,49.773014804760606],[6.660543652930148,49.773013402914771],[6.660545817092114,49.772968468403882],[6.660476420453,49.772967066518731],[6.660407023819327,49.772965664592057],[6.660337627191094,49.772964262623852],[6.660339791539783,49.772919328119194],[6.660270394981044,49.772917926111667],[6.660200998427745,49.772916524062602],[6.660203162899104,49.772871589561944],[6.660205327365025,49.772826655060861],[6.660135930945273,49.772825252974705],[6.660066534530962,49.772823850847018],[6.659997138122092,49.772822448677793],[6.659927741718663,49.77282104646703],[6.659858345320673,49.772819644214742],[6.659788948928127,49.77281824192093],[6.659719552541021,49.77281683958558],[6.659721717449877,49.772771905099582],[6.659652321132266,49.772770502724917],[6.659582924820096,49.772769100308714],[6.659513528513369,49.772767697850988],[6.659444132212083,49.772766295351715],[6.659374735916238,49.772764892810912],[6.65937690113992,49.772719958335585],[6.659307504913571,49.772718555755482],[6.659238108692665,49.772717153133833],[6.659168712477202,49.772715750470645],[6.659099316267181,49.772714347765948],[6.659101481741634,49.772669413299049],[6.659032085601109,49.77266801055503],[6.658962689466027,49.772666607769473],[6.658964855063144,49.772621673306602],[6.658895458997558,49.772620270481738],[6.658826062937415,49.772618867615321],[6.658756666882715,49.772617464707388],[6.658687270833459,49.77261606175793],[6.658689436681344,49.772571127303493],[6.658620040701585,49.772569724314714],[6.658550644727269,49.772568321284396],[6.658481248758398,49.77256691821254],[6.658483414792999,49.772521983764364],[6.658414018893624,49.772520580653193],[6.658344622999693,49.772519177500492],[6.658275227111206,49.772517774306266],[6.658205831228164,49.772516371070516],[6.65820799751353,49.772471436630781],[6.658138601699985,49.77247003335571],[6.658069205891886,49.7724686300391],[6.657999810089231,49.772467226680959],[6.657930414292023,49.772465823281287],[6.657932580828153,49.772420888849993],[6.657863185100441,49.772419485411014],[6.657793789378175,49.772418081930496],[6.657724393661355,49.772416678408447],[6.657726560384196,49.772371743983392],[6.657657164736874,49.772370340422043],[6.657587769094997,49.772368936819142],[6.657589935940496,49.772324002398108],[6.657520540368117,49.772322598755906],[6.657451144801184,49.772321195072166],[6.657453311769341,49.77227626065514],[6.657383916271908,49.772274856932086],[6.657314520779919,49.772273453167507],[6.657316687870734,49.772228518754495],[6.657247292448242,49.772227114950603],[6.657177897031199,49.772225711105179],[6.657108501619603,49.772224307218231],[6.657039106213454,49.77222290328973],[6.657041273555027,49.772177968885188],[6.656971878218377,49.772176564917373],[6.656902482887173,49.772175160908056],[6.656904650351402,49.772130226507507],[6.656835255089697,49.77212882245886],[6.656696464582632,49.772126014236974],[6.656627069337272,49.772124610063742],[6.65655767409736,49.77212320584897],[6.656559841876394,49.772078271459108],[6.656490446705981,49.772076867205023],[6.656421051541017,49.77207546290942],[6.656351656381501,49.772074058572287],[6.656282261227435,49.7720726541936],[6.656212866078818,49.772071249773397],[6.656215034172655,49.772026315394214],[6.656145639093538,49.77202491093469],[6.65607624401987,49.772023506433648],[6.656006848951652,49.772022101891061],[6.656004680665665,49.772067036263607],[6.656002512374231,49.772111970635699],[6.655933117183362,49.772110566047168],[6.655935285538846,49.772065631677272],[6.655865890417477,49.772064227049412],[6.65579649530156,49.772062822380029],[6.655727100191092,49.7720614176691],[6.655657705086075,49.772060012916654],[6.65565987369231,49.772015078555206],[6.655590478656794,49.772013673763446],[6.65552108362673,49.772012268930155],[6.655451688602114,49.772010864055325],[6.655312898569239,49.772008054181086],[6.655315067490274,49.771963119830332],[6.655245672546062,49.771961714833132],[6.655176277607302,49.771960309794409],[6.655106882673995,49.771958904714154],[6.655037487746139,49.771957499592354],[6.654898697906784,49.771954689224181],[6.654900867206665,49.771909754886337],[6.654831472359215,49.771908349642175],[6.654762077517218,49.771906944356481],[6.654553893023944,49.771902728250225],[6.65455606263862,49.771857793923054],[6.654486667882484,49.771856388473459],[6.654417273131802,49.771854982982333],[6.654347878386572,49.771853577449683],[6.654350048187944,49.77180864312875],[6.654280653512217,49.771807237556786],[6.654211258841944,49.77180583194329],[6.654141864177126,49.771804426288263],[6.654072469517761,49.771803020591705],[6.654074639569874,49.771758086279249],[6.654005244980012,49.771756680543383],[6.653935850395604,49.771755274765979],[6.653866455816651,49.771753868947059],[6.653797061243153,49.771752463086607],[6.653799231546009,49.771707528782613],[6.653729837042015,49.77170612288284],[6.653660442543474,49.771704716941549],[6.65359104805039,49.771703310958735],[6.65352165356276,49.771701904934382],[6.653452259080586,49.771700498868491],[6.653382864603869,49.771699092761075],[6.653313470132606,49.771697686612129],[6.653315640878347,49.771652752323256],[6.653246246476589,49.771651346135002],[6.653176852080287,49.771649939905217],[6.653038063304052,49.771647127321067],[6.65296866892412,49.771645720966688],[6.652899274549643,49.771644314570786],[6.652901445674217,49.771599380294838],[6.652832051369246,49.77159797385962],[6.652762657069733,49.771596567382886],[6.652693262775676,49.771595160864614],[6.652623868487078,49.771593754304817],[6.652554474203936,49.771592347703482],[6.652556645643292,49.771547413438206],[6.652487251429656,49.771546006797578],[6.652485079926253,49.771590941060616],[6.652415685654027,49.771589534376226],[6.652417857221478,49.771544600115405],[6.652348463018758,49.771543193391707],[6.652279068821496,49.771541786626493],[6.652209674629693,49.771540379819719],[6.652211846383832,49.771495445565151],[6.652142452261533,49.771494038719084],[6.652073058144694,49.771492631831492],[6.652003664033314,49.771491224902363],[6.651934269927393,49.771489817931723],[6.651936441932263,49.771444883685618],[6.651867047895848,49.771443476675664],[6.651797653864892,49.771442069624158],[6.651728259839396,49.771440662531141],[6.65165886581936,49.771439255396587],[6.651661038074959,49.771394321158972],[6.651591644124429,49.77139291398511],[6.65152225017936,49.771391506769731],[6.65145285623975,49.771390099512807],[6.651383462305601,49.771388692214373],[6.65138563481193,49.771343757985221],[6.651316240947288,49.771342350647458],[6.651246847088106,49.771340943268179],[6.651177453234385,49.771339535847375],[6.651108059386124,49.77133812838504],[6.651038665543325,49.771336720881166],[6.651040838364427,49.771291786662722],[6.650971444591137,49.771290379119542],[6.650902050823306,49.771288971534844],[6.650832657060938,49.771287563908608],[6.650763263304029,49.771286156240848],[6.650765436375857,49.771241222030866],[6.650696042688458,49.771239814323806],[6.650626649006521,49.771238406575208],[6.650557255330046,49.771236998785071],[6.650487861659033,49.771235590953424],[6.650418467993482,49.771234183080246],[6.65042064138008,49.771189248880972],[6.650351247784038,49.77118784096848],[6.65028185419346,49.771186433014464],[6.650212460608344,49.771185025018916],[6.650143067028691,49.771183616981844],[6.650145240666011,49.77113868279104],[6.650075847155867,49.771137274714668],[6.650006453651185,49.771135866596765],[6.649937060151969,49.771134458437309],[6.649867666658216,49.771133050236344],[6.649798273169926,49.771131641993854],[6.649800447122012,49.771086707813758],[6.649731053703232,49.771085299531961],[6.649661660289915,49.77108389120864],[6.649592266882063,49.771082482843767],[6.649522873479676,49.771081074437383],[6.649525047682481,49.771036140265771],[6.649455654349604,49.77103473182008],[6.649386261022191,49.771033323332865],[6.649316867700245,49.771031914804112],[6.649247474383762,49.771030506233835],[6.649178081072744,49.771029097622034],[6.649180255590311,49.770984163461144],[6.649110862348803,49.770982754810021],[6.649041469112763,49.770981346117388],[6.648972075882187,49.770979937383217],[6.648902682657077,49.770978528607522],[6.64890485742536,49.770933594455109],[6.64883546426976,49.770932185640099],[6.648766071119629,49.770930776783587],[6.648696677974963,49.770929367885522],[6.648627284835761,49.77092795894594],[6.648557891702028,49.770926549964827],[6.64856006678507,49.770881615823129],[6.648490673720847,49.770880206802708],[6.648421280662093,49.770878797740757],[6.648351887608805,49.770877388637288],[6.648282494560984,49.770875979492281],[6.648213101518631,49.77087457030575],[6.648215276916429,49.77082963617476],[6.648145883943587,49.770828226948922],[6.648076490976214,49.770826817681574],[6.648007098014308,49.77082540837268],[6.647937705057871,49.770823999022269],[6.647868312106902,49.77082258963032],[6.647870487819454,49.770777655510038],[6.647801094937998,49.770776246078796],[6.647731702062009,49.770774836606016],[6.64766230919149,49.770773427091711],[6.64759291632644,49.770772017535876],[6.647454130612745,49.770769198299625],[6.647384737764102,49.770767788619217],[6.647315344920929,49.770766378897271],[6.647317521140364,49.770721444794383],[6.647248128366704,49.770720035033136],[6.647178735598513,49.770718625230366],[6.647109342835793,49.770717215386064],[6.64711151924189,49.770672281289443],[6.647042126548683,49.770670871405848],[6.646972733860946,49.770669461480722],[6.646903341178682,49.770668051514043],[6.646905517771439,49.770623117423696],[6.646836125158688,49.770621707417725],[6.646766732551407,49.77062029737025],[6.646697339949596,49.770618887281231],[6.646699516729016,49.77057395319715],[6.64663012419672,49.77057254306883],[6.646560731669894,49.770571132898979],[6.646562908571932,49.770526198818921],[6.64649351611462,49.770524788609784],[6.646424123662778,49.770523378359115],[6.646426300687431,49.770478444283086],[6.646356908305107,49.770477033993117],[6.646287515928253,49.770475623661618],[6.646218123556872,49.770474213288587],[6.646220300768181,49.770429279218845],[6.646150908466315,49.770427868806514],[6.646153085736198,49.770382934738571],[6.646083693503845,49.770381524286947],[6.646085870832299,49.770336590220815],[6.646016478669461,49.770335179729884],[6.646018656056487,49.770290245665556],[6.645949263963162,49.770288835135347],[6.64595144140876,49.77024390107281],[6.645882049384952,49.770242490503293],[6.645812657366614,49.770241079892244],[6.645814834934824,49.770196145833758],[6.645745442986002,49.770194735183409],[6.645747620612783,49.770149801126735],[6.645678228733475,49.770148390437093],[6.64560883685964,49.770146979705913],[6.645611014609032,49.770102045653282],[6.645541622804712,49.770100634882816],[6.645472231005866,49.770099224070805],[6.645402839212492,49.770097813217284],[6.645405017148535,49.770052879170905],[6.645335625424678,49.770051468278098],[6.645266233706294,49.770050057343745],[6.645268411764946,49.770005123301409],[6.645199020116078,49.770003712327764],[6.645129628472684,49.770002301312587],[6.645131806653945,49.769957367274294],[6.645062415080066,49.769955956219825],[6.644993023511661,49.769954545123824],[6.644923631948731,49.769953133986306],[6.644854240391276,49.769951722807242],[6.644784848839297,49.769950311586676],[6.644787027335288,49.769905377559084],[6.644717635852824,49.769903966299218],[6.644648244375835,49.769902554997813],[6.644650422994433,49.769857620974292],[6.644581031586959,49.769856209633588],[6.644511640184962,49.769854798251359],[6.644442248788441,49.769853386827606],[6.644444427593685,49.769808452810352],[6.644375036266679,49.769807041347299],[6.64430564494515,49.769805629842722],[6.644236253629098,49.769804218296613],[6.644238432620986,49.769759284285634],[6.644169041374449,49.769757872700232],[6.644099650133389,49.769756461073314],[6.644101829247882,49.76971152706637],[6.644032438076338,49.769710115400144],[6.643963046910271,49.769708703692395],[6.643965226147369,49.769663769689494],[6.643895835050818,49.769662357942437],[6.643826443959745,49.76966094615387],[6.64375705287415,49.769659534323772],[6.64375923229789,49.769614600327138],[6.64368984128181,49.76961318845774],[6.643620450271209,49.769611776546832],[6.643622629817549,49.769566842554234],[6.643553238876465,49.769565430604018],[6.64348384794086,49.769564018612272],[6.643414457010731,49.769562606579008],[6.643416636743712,49.769517672592691],[6.643347245883101,49.769516260520128],[6.643277855027968,49.76951484840604],[6.64328003488355,49.769469914423759],[6.643210644097933,49.769468502270378],[6.643141253317797,49.769467090075473],[6.64307186254314,49.769465677839037],[6.643074042585359,49.769420743863037],[6.643004651880219,49.769419331587308],[6.642935261180558,49.769417919270047],[6.642937441345377,49.769372985298084],[6.642868050715233,49.769371572941537],[6.642798660090569,49.76937016054346],[6.642800840377986,49.769325226575539],[6.64273144982284,49.769323814138161],[6.642662059273174,49.769322401659274],[6.642592668728986,49.769320989138848],[6.642594849203039,49.769276055177208],[6.642525458728371,49.769274642617489],[6.642456068259182,49.769273230016239],[6.642458248855831,49.76922829605865],[6.642388858456162,49.769226883418106],[6.642319468061971,49.769225470736046],[6.642321648781217,49.769180536782493],[6.642252258456545,49.769179124061139],[6.642182868137353,49.769177711298262],[6.642185048979194,49.769132777348744],[6.642115658729521,49.769131364546574],[6.64204626848533,49.769129951702872],[6.642048449449764,49.769085017757405],[6.641979059275092,49.76908360487441],[6.641909669105901,49.769082191949899],[6.64191185019293,49.769037258008474],[6.641842460093255,49.769035845044669],[6.641773069999065,49.769034432039334],[6.641703679910355,49.769033018992474],[6.641705861184014,49.768988085057316],[6.641636471164824,49.768986671971163],[6.641567081151115,49.768985258843486],[6.641569262547367,49.768940324912386],[6.641499872603177,49.768938911745416],[6.641430482664469,49.768937498536921],[6.641432664183312,49.768892564609871],[6.641363274314124,49.768891151362077],[6.641293884450419,49.768889738072765],[6.641296066091853,49.768844804149744],[6.641226676297665,49.768843390821146],[6.641228857997655,49.768798456899944],[6.641159468272988,49.768797043532047],[6.641090078553802,49.768795630122625],[6.64109226037638,49.768750696205487],[6.641022870726715,49.768749282756758],[6.640953481082533,49.768747869266527],[6.640955663027701,49.76870293535341],[6.64088627345304,49.768701521823878],[6.64081688388386,49.76870010825283],[6.640819065951617,49.76865517434377],[6.640749676451957,49.768653760733429],[6.640680286957783,49.768652347081542],[6.640682469148126,49.768607413176539],[6.640613079723471,49.768605999485381],[6.640543690304298,49.768604585752705],[6.64054587261723,49.768559651851724],[6.640476483267578,49.768558238079748],[6.640407093923412,49.768556824266255],[6.640409276358929,49.768511890369332],[6.640339887084281,49.768510476516539],[6.640342069578349,49.768465542621442],[6.640272680373222,49.768464128729349],[6.640203291173579,49.768462714795746],[6.640205473790233,49.768417780904677],[6.64013608466011,49.768416366931788],[6.640066695535472,49.768414952917375],[6.640068878274709,49.768370019030357],[6.639999489219592,49.768368604976629],[6.64000167201738,49.768323671091444],[6.639932283031782,49.768322256998452],[6.639862894051671,49.768320842863922],[6.639865076972042,49.768275908982773],[6.639795688061449,49.768274494808956],[6.63979787104037,49.768229560929619],[6.639728482199298,49.768228146716517],[6.639659093363712,49.768226732461883],[6.639661276465215,49.768181798586603],[6.639591887699148,49.768180384292684],[6.639594070859199,49.768135450419216],[6.639524682162653,49.768134036086003],[6.639455293471594,49.768132621711274],[6.639457476754226,49.768087687841849],[6.639388088132688,49.768086273427819],[6.639390271473867,49.76804133956022],[6.639320882921847,49.768039925106905],[6.639251494375315,49.768038510612087],[6.639253677839074,49.767993576748509],[6.639184289362063,49.767992162214398],[6.639186472884368,49.767947228352639],[6.639117084476876,49.767945813779242],[6.639119268057729,49.76790087991931],[6.639049879719756,49.767899465306613],[6.638980491387271,49.767898050652391],[6.638982675090702,49.767853116796509],[6.638913286827737,49.767851702102988],[6.638843898570261,49.767850287367963],[6.638846082396268,49.767805353516131],[6.638776694208312,49.767803938741814],[6.638778878092865,49.767759004891793],[6.638709489974429,49.767757590078183],[6.638711673917527,49.767712656229975],[6.638642285868612,49.767711241377079],[6.638572897825186,49.767709826482665],[6.638575081890858,49.767664892638514],[6.638505693916952,49.767663477704801],[6.638507878041169,49.767618543862469],[6.638438490136783,49.767617128889476],[6.638369102237886,49.767615713874953],[6.638371286484677,49.767570780036657],[6.638301898655301,49.767569364982862],[6.638304082960635,49.767524431146398],[6.638234695200778,49.767523016053303],[6.638236879564655,49.767478082218631],[6.638167491874319,49.76747666708625],[6.638169676296739,49.76743173325341],[6.638100288675923,49.76743031808175],[6.638102473156886,49.767385384250723],[6.638033085605588,49.767383969039784],[6.638035270145093,49.767339035210561],[6.637965882663316,49.767337619960323],[6.637968067261363,49.767292686132933],[6.637898679849105,49.767291270843401],[6.637900864505691,49.767246337017816],[6.637831477162956,49.76724492168902],[6.637833661878084,49.76719998786524],[6.637764274604868,49.767198572497144],[6.637766459378536,49.76715363867519],[6.63769707217484,49.767152223267807],[6.637699257007048,49.767107289447679],[6.637629869872872,49.767105874001011],[6.63763205476362,49.767060940182688],[6.637562667698964,49.767059524696734],[6.637564852648253,49.76701459088023],[6.637567037592051,49.766969657063314],[6.637497650660943,49.766968241540312],[6.637499835663282,49.766923307725193],[6.637430448801692,49.766921892162898],[6.63743263386257,49.766876958349599],[6.6373632470705,49.766875542748032],[6.637365432189916,49.766830608936566],[6.637296045467366,49.766829193295699],[6.637298230645321,49.76678425948603],[6.63722884399229,49.766782843805899],[6.637231029228782,49.766737909998035],[6.63716164264527,49.766736494278618],[6.6371638279403,49.766691560472594],[6.637094441426308,49.766690144713884],[6.637096626779876,49.766645210909672],[6.637098812127953,49.766600277105013],[6.637029425747508,49.766598861309255],[6.637031611154121,49.766553927506443],[6.636962224843195,49.766552511671406],[6.636964410308345,49.766507577870399],[6.636895024066937,49.766506161996077],[6.636897209590623,49.766461228196881],[6.636827823418734,49.766459812283273],[6.636830009000958,49.766414878485904],[6.636760622898588,49.766413462533009],[6.636762808539347,49.766368528737452],[6.636693422506497,49.766367112745279],[6.636695608205788,49.76632217895154],[6.636626222242458,49.766320762920074],[6.636628408000286,49.766275829128148],[6.636630593752622,49.766230895335795],[6.636561207922837,49.766229479267288],[6.636563393733707,49.766184545476776],[6.63649400797344,49.766183129368976],[6.636496193842844,49.766138195580261],[6.636426808152095,49.766136779433197],[6.636428994080035,49.766091845646294],[6.636359608458803,49.766090429459943],[6.636361794445277,49.766045495674852],[6.636363980426258,49.766000561889356],[6.636294594938571,49.765999145665958],[6.636296780978086,49.765954211882274],[6.636227395559915,49.76595279561959],[6.636229581657962,49.765907861837725],[6.636160196309311,49.765906445535762],[6.636162382465891,49.765861511755709],[6.636092997186758,49.765860095414467],[6.636095183401869,49.765815161636233],[6.636025798192255,49.765813745255699],[6.636027984465898,49.765768811479283],[6.635958599325803,49.76576739505947],[6.635960785657977,49.765722461284859],[6.6358914005874,49.765721044825767],[6.635893586978105,49.76567611105299],[6.635824201977044,49.765674694554619],[6.63582638842628,49.765629760783654],[6.635757003494739,49.765628344245989],[6.635759190002505,49.765583410476843],[6.635689805140482,49.7655819938999],[6.635691991706778,49.765537060132573],[6.635622606914274,49.765535643516351],[6.635624793539099,49.765490709750843],[6.635555408816113,49.765489293095342],[6.63555759549947,49.765444359331632],[6.635488210846,49.765442942636852],[6.635490397587884,49.765398008874975],[6.635421013003934,49.765396592140902],[6.635423199804348,49.765351658380844],[6.635353815289914,49.7653502416075],[6.635356002148857,49.765305307849268],[6.635286617703941,49.765303891036645],[6.635288804621412,49.76525895728021],[6.635219420246014,49.765257540428301],[6.635221607222012,49.765212606673693],[6.635152222916132,49.765211189782505],[6.635154409950659,49.765166256029701],[6.635156596979692,49.765121322276492],[6.63508721280735,49.765119905348271],[6.635089399894909,49.765074971596874],[6.635020015792086,49.765073554629367],[6.635022202938171,49.765028620879789],[6.634952818904866,49.765027203872997],[6.634955006109478,49.764982270125238],[6.634885622145689,49.764980853079173],[6.634887809408828,49.764935919333233],[6.634818425514558,49.76493450224789],[6.634820612836221,49.764889568503762],[6.634822800152391,49.764844634759214],[6.634753416391656,49.764843217636823],[6.634755603766351,49.764798283894095],[6.634686220075136,49.764796866732425],[6.634688407508356,49.764751932991516],[6.634619023886657,49.764750515790574],[6.634621211378402,49.764705582051484],[6.634623398864649,49.764660648311981],[6.634554015376488,49.764659231073978],[6.634556202921263,49.764614297336287],[6.634486819502617,49.764612880059033],[6.634489007105914,49.76456794632314],[6.634491194703716,49.764523012586849],[6.634421811418608,49.764521595272541],[6.634423999074933,49.764476661538069],[6.634426186725762,49.764431727803164],[6.634356803574188,49.764430310451822],[6.63435899128354,49.764385376718749],[6.634361178987398,49.764340442985237],[6.634363366685759,49.764295509251319],[6.634293983731738,49.764294091865175],[6.634296171488621,49.764249158133062],[6.63429835924001,49.764204224400544],[6.634300546985902,49.7641592906676],[6.634231164229432,49.764157873246653],[6.634161781478462,49.764156455784189],[6.634163969346893,49.764111522055302],[6.634166157209829,49.764066588325996],[6.634168345067267,49.76402165459627],[6.634170532919211,49.763976720866104],[6.634101150429808,49.763975303371076],[6.63410552624524,49.763885435913998],[6.634107714144711,49.763840502184827],[6.634109902038686,49.763795568455237],[6.634040519810847,49.763794150927652],[6.634042707763343,49.763749217199873],[6.633973325605019,49.763747799633023],[6.633975513616035,49.763702865907057],[6.633906131527226,49.763701448300914],[6.633908319596759,49.76365651457678],[6.633838937577465,49.763655096931366],[6.633769555563668,49.763653679244449],[6.633771743755737,49.763608745524358],[6.633702361811457,49.763607327798148],[6.633704550062045,49.763562394079898],[6.633706738307136,49.763517460361207],[6.633637356496385,49.763516042597971],[6.633639544799994,49.763471108881113],[6.633570163058757,49.763469691078583],[6.633572351420885,49.763424757363538],[6.633502969749163,49.763423339521736],[6.633505158169807,49.763378405808524],[6.633507346584954,49.763333472094871],[6.633437965046761,49.763332054216043],[6.633440153520425,49.763287120504209],[6.633442341988593,49.763242186791963],[6.633372960583928,49.763240768876102],[6.633375149110612,49.763195835165661],[6.633377337631798,49.763150901454807],[6.633307956360661,49.763149483501905],[6.633310144940362,49.763104549792878],[6.633312333514566,49.763059616083424],[6.633242952376957,49.763058198093489],[6.633245141009677,49.763013264385847],[6.633247329636898,49.762968330677793],[6.633249518258623,49.76292339696932],[6.633251706874849,49.762878463260421],[6.633182325998793,49.762877045237929],[6.633184514673533,49.762832111530841],[6.633186703342777,49.762787177823348],[6.633117322600245,49.76278575976383],[6.633119511328004,49.762740826058142],[6.633121700050262,49.762695892352042],[6.633123888767024,49.762650958645523],[6.63305450822203,49.762649540551195],[6.633056696997305,49.762604606846494],[6.633058885767083,49.762559673141375],[6.632989505355612,49.762558255010013],[6.632991694183902,49.762513321306706],[6.632993883006694,49.762468387602972],[6.632996071823988,49.76242345389884],[6.632926691610053,49.762422035732691],[6.63292888048586,49.762377102030364],[6.632931069356168,49.762332168327625],[6.632933258220978,49.762287234624438],[6.632863878204575,49.762285816423507],[6.632866067127898,49.762240882722153],[6.632870444958045,49.762151015318189],[6.632872633864872,49.76210608161557],[6.6328748227662,49.762061147912547],[6.632877011662029,49.762016214209076],[6.632946391294371,49.762017632396578],[6.632948580120693,49.761972698690442],[6.632950768941515,49.761927764983902],[6.632881389437193,49.761926346800884],[6.632883578316527,49.76188141309617],[6.632885767190364,49.761836479391022],[6.6328879560587,49.761791545685469],[6.632818576751906,49.76179012746767],[6.632820765678754,49.761745193763922],[6.632822954600103,49.761700260059747],[6.632753575426827,49.761698841804915],[6.632755764406685,49.761653908102573],[6.632757953381045,49.761608974399799],[6.632760142349907,49.761564040696612],[6.632762331313272,49.761519106992999],[6.632764520271135,49.761474173288967],[6.632695141423401,49.761472755003837],[6.632697330439775,49.761427821301609],[6.63269951945065,49.761382887598984],[6.632630140736432,49.761381469276813],[6.632632329805816,49.761336535576],[6.632634518869701,49.76129160187476],[6.632565140288999,49.761290183515548],[6.63256732941139,49.761245249816135],[6.632569518528285,49.761200316116309],[6.632500140081097,49.761198897720064],[6.6325023292565,49.76115396402205],[6.632504518426401,49.76110903032361],[6.632506707590806,49.76106409662475],[6.632437329341139,49.761062678193724],[6.632439518564048,49.761017744496691],[6.632441707781461,49.760972810799231],[6.632372329665308,49.760971392331172],[6.632374518941225,49.760926458635531],[6.632376708211643,49.760881524939478],[6.632307330229002,49.760880106434385],[6.632309519557928,49.76083517274013],[6.632311708881354,49.760790239045477],[6.632242331032226,49.76078882050335],[6.632244520414157,49.760743886810523],[6.632246709790588,49.760698953117249],[6.63224889916152,49.760654019423562],[6.632179521509908,49.760652600846662],[6.632181710939346,49.760607667154801],[6.632183900363283,49.760562733462507],[6.632114522845184,49.760561314848566],[6.632116712327625,49.760516381158105],[6.632118901804566,49.760471447467225],[6.632049524419977,49.760470028816258],[6.632051713955422,49.760425095127189],[6.632053903485369,49.760380161437688],[6.632056093009816,49.760335227747795],[6.63198671582274,49.76033380906204],[6.631917338641165,49.760332390334774],[6.631919528288119,49.760287456648932],[6.631921717929573,49.760242522962649],[6.631852340881506,49.760241104198357],[6.631854530581464,49.760196170513915],[6.631856720275919,49.760151236829046],[6.631787343361362,49.76014981802772],[6.63178953311432,49.76010488434467],[6.631791722861778,49.760059950661208],[6.631722346080728,49.760058531822857],[6.631724535886689,49.760013598141207],[6.631726725687148,49.759968664459123],[6.631657349039607,49.759967245583752],[6.631659538898567,49.759922311903509],[6.631661728752028,49.759877378222832],[6.631592352237993,49.759875959310421],[6.631594542149955,49.75983102563157],[6.631525165705423,49.759829606679894],[6.631527355675887,49.759784673002869],[6.631529545640848,49.759739739325418],[6.631460169329824,49.759738320336723],[6.631462359353285,49.759693386661077],[6.631464549371246,49.759648452985026],[6.631395173193727,49.759647033959304],[6.631397363270188,49.759602100285065],[6.631399553341146,49.759557166610421],[6.631330177297133,49.759555747547665],[6.631332367426591,49.759510813874826],[6.631262991452082,49.759509394772806],[6.631265181640039,49.759464461101793],[6.631267371822495,49.75941952743036],[6.63119799598149,49.759418108291314],[6.631200186222444,49.7593731746217],[6.631202376457898,49.759328240951668],[6.631133000750396,49.759326821775581],[6.631135191044347,49.759281888107381],[6.631065815406349,49.759280468892037],[6.631068005758799,49.759235535225642],[6.631070196105745,49.759190601558828],[6.631000820601249,49.759189182306464],[6.631003011006693,49.759144248641476],[6.631005201406636,49.759099314976055],[6.630935826035644,49.759097895686658],[6.630938016494083,49.75905296202307],[6.63094020694702,49.759008028359055],[6.630870831709529,49.759006609032646],[6.630873022220962,49.75896167537045],[6.630875212726894,49.758916741707829],[6.630805837622904,49.758915322344393],[6.630808028187332,49.758870388683611],[6.630810218746257,49.758825455022382],[6.630740843775768,49.758824035621913],[6.630743034393188,49.758779101962524],[6.6306736594922,49.758777682522791],[6.630675850168116,49.758732748865221],[6.630678040838528,49.758687815207225],[6.630608666071041,49.758686395730471],[6.630610856799949,49.758641462074301],[6.630613047523354,49.758596528417712],[6.630543672889367,49.758595108903933],[6.630545863671267,49.758550175249155],[6.630476489106781,49.758548755696118],[6.630478679947173,49.75850382204316],[6.630480870782064,49.758458888389789],[6.630411496351076,49.758457468799719],[6.63041368724446,49.758412535148167],[6.630415878132339,49.758367601496204],[6.630346503834851,49.758366181869107],[6.630348694781224,49.758321248218955],[6.630279320553238,49.758319828552594],[6.630281511558104,49.758274894904268],[6.630212137399618,49.758273475198642],[6.630214328462976,49.758228541552135],[6.630216519520831,49.75818360790521],[6.630147145495844,49.758182188162564],[6.630149336612189,49.75813725451745],[6.630151527723032,49.758092320871931],[6.63008215383154,49.758090901092267],[6.630084345000874,49.758045967448552],[6.630086536164704,49.758001033804426],[6.630088727323031,49.75795610015988],[6.630019353629031,49.757954680345435],[6.630021544845848,49.757909746702701],[6.629952171221347,49.757908326848991],[6.629954362496655,49.75786339320809],[6.629956553766458,49.757818459566778],[6.629958745030758,49.757773525925018],[6.629889371603746,49.757772106036533],[6.629891562926536,49.757727172396599],[6.629893754243821,49.757682238756246],[6.629895945555602,49.757637305115487],[6.629826572326079,49.757635885192222],[6.62982876369635,49.757590951553269],[6.629830955061115,49.75754601791391],[6.629761581965085,49.757544597953625],[6.62976377338834,49.757499664316079],[6.62976596480609,49.757454730678113],[6.629768156218337,49.757409797039728],[6.629698783319791,49.757408377044662],[6.629700974790524,49.757363443408082],[6.629703166255756,49.757318509771096],[6.629633793490701,49.757317089739011],[6.629635985014419,49.757272156103852],[6.629566612318864,49.757270736032503],[6.62956880390107,49.757225802399162],[6.629499431275014,49.757224382288548],[6.629501622915705,49.75717944865702],[6.629503814550893,49.757134515025086],[6.629506006180576,49.757089581392719],[6.629508197804753,49.75704464775994],[6.629577570174843,49.757046067861573],[6.629579761729524,49.75700113422613],[6.629581953278701,49.75695620059026],[6.629584144822374,49.756911266953956],[6.62958633636054,49.756866333317255],[6.629516964246415,49.756864913224597],[6.629519155843069,49.756819979589693],[6.629521347434218,49.756775045954384],[6.629451975453581,49.7567736258247],[6.629454167103215,49.75672869219121],[6.629384795192075,49.756727272022253],[6.629386986900195,49.75668233839059],[6.629389178602809,49.7566374047585],[6.629319806825155,49.756635984552538],[6.629321998586255,49.756591050922282],[6.629324190341848,49.756546117291585],[6.629254818697682,49.756544697048611],[6.62925701051176,49.75649976341974],[6.629259202320333,49.756454829790449],[6.629261394123401,49.756409896160733],[6.629263585920963,49.756364962530625],[6.629194214538261,49.756363542255102],[6.629196406394307,49.756318608626799],[6.629198598244848,49.756273674998063],[6.62912922699563,49.756272254685541],[6.629131418904653,49.756227321058624],[6.629133610808172,49.756182387431302],[6.629064239692439,49.756180967081754],[6.629066431654439,49.756136033456244],[6.629068623610934,49.756091099830321],[6.628999252628685,49.756089679443754],[6.629001444643662,49.756044745819658],[6.629003636653134,49.755999812195121],[6.6290058286571,49.755954878570179],[6.62893645787232,49.755953458148845],[6.628938649934767,49.755908524525715],[6.628940841991709,49.755863590902166],[6.628943034043144,49.755818657278205],[6.628873663455834,49.755817236822104],[6.628875855565751,49.755772303199954],[6.628878047670161,49.755727369577393],[6.628880239769066,49.755682435954405],[6.628810869379223,49.75568101546353],[6.62881306153661,49.755636081842347],[6.628815253688487,49.755591148220766],[6.628817445834861,49.755546214598759],[6.628748075642485,49.75554479407311],[6.628750267847338,49.755499860452922],[6.628752460046683,49.755454926832329],[6.628754652240525,49.755409993211288],[6.628685282245613,49.755408572650872],[6.628687474497933,49.75536363903165],[6.628689666744745,49.75531870541203],[6.628759036611687,49.75532012596797],[6.628761228789008,49.755275192345678],[6.628691858986052,49.755273771791991],[6.628694051221853,49.755228838171512],[6.628696243452147,49.755183904550634],[6.628698435676935,49.755138970929316],[6.628700627896218,49.755094037307572],[6.628702820109993,49.755049103685423],[6.628633450632468,49.755047683101445],[6.628635642904722,49.755002749481122],[6.628637835171469,49.754957815860365],[6.62864002743271,49.754912882239189],[6.628642219688444,49.754867948617601],[6.628572850472363,49.754866528001088],[6.628575042786574,49.754821594381319],[6.62857723509528,49.754776660761124],[6.628579427398479,49.754731727140509],[6.628510058379854,49.754730306489236],[6.628512250741529,49.754685372870448],[6.628514443097698,49.754640439251233],[6.628516635448362,49.754595505631599],[6.628518827793517,49.754550572011539],[6.628449459036331,49.754549151327744],[6.628451651439963,49.754504217709517],[6.628453843838089,49.754459284090856],[6.628456036230707,49.754414350471777],[6.628458228617818,49.754369416852278],[6.62838886012207,49.754367996135969],[6.628391052567657,49.754323062518282],[6.628393245007737,49.754278128900197],[6.628397629871378,49.754188261662733],[6.628328261637063,49.754186840913881],[6.628330454124603,49.754141907296784],[6.628332646606638,49.754096973679239],[6.628334839083165,49.754052040061268],[6.6282654710463,49.754050619277656],[6.628267663581301,49.754005685661532],[6.628269856110796,49.753960752044968],[6.628200488207401,49.753959331224344],[6.628202680795368,49.753914397609606],[6.628133312961462,49.753912976749731],[6.628063945133065,49.75391155584834],[6.628066137843486,49.75386662223768],[6.628068330548397,49.753821688626594],[6.628072715941701,49.753731821403164],[6.628074908630093,49.753686887790799],[6.628077101312977,49.753641954178022],[6.628079293990353,49.753597020564825],[6.628081486662223,49.75355208695121],[6.628012119351169,49.753550666026285],[6.62801431208151,49.753505732414496],[6.628016504806343,49.75346079880228],[6.628018697525669,49.753415865189645],[6.628020890239489,49.753370931576576],[6.627951523189856,49.75336951061913],[6.627953715962146,49.753324577007909],[6.627955908728928,49.753279643396233],[6.627958101490202,49.753234709784167],[6.627960294245971,49.753189776171666],[6.627962486996229,49.753144842558747],[6.627893120271994,49.753143421571025],[6.627895313080725,49.753098487959939],[6.627897505883947,49.753053554348405],[6.627899698681661,49.753008620736466],[6.627901891473869,49.752963687124115],[6.627906277041761,49.75287381989812],[6.627908469817447,49.752828886284497],[6.627910662587625,49.752783952670441],[6.627912855352296,49.752739019055966],[6.627915048111458,49.752694085441092],[6.627984414195931,49.752695506406354],[6.627986606885612,49.752650572788795],[6.627988799569784,49.75260563917081],[6.628058165531817,49.752607060090099],[6.628060358146508,49.752562126469456],[6.62806474335937,49.752472259226892],[6.628069128550204,49.752382391982657],[6.62807351371901,49.752292524736745],[6.628075706295154,49.752247591113132],[6.628077898865791,49.752202657489114],[6.628008533479528,49.752201236590039],[6.628010726108632,49.75215630296784],[6.628012918732228,49.752111369345229],[6.628015111350318,49.752066435722192],[6.6280173039629,49.752021502098742],[6.628019496569976,49.751976568474859],[6.628021689171545,49.751931634850543],[6.628023881767607,49.751886701225828],[6.627954516834667,49.751885280300961],[6.627956709489195,49.751840346678073],[6.627887344625734,49.751838925713948],[6.627889537338728,49.751793992092864],[6.627891730046214,49.751749058471383],[6.627893922748192,49.751704124849461],[6.627896115444664,49.751659191227112],[6.627898308135629,49.751614257604359],[6.627904886175481,49.751479456733541],[6.627907078844419,49.75143452310909],[6.627909271507848,49.751389589484212],[6.627911464165771,49.751344655858929],[6.627913656818187,49.75129972223322],[6.627915849465096,49.751254788607078],[6.627918042106498,49.75120985498053],[6.627920234742394,49.751164921353542],[6.627924619997664,49.75107505409833],[6.627926812617039,49.751030120470084],[6.627929005230906,49.750985186841419],[6.627931197839267,49.750940253212342],[6.627933390442123,49.750895319582831],[6.627864026927555,49.750893898624369],[6.627866219588872,49.750848964996678],[6.627868412244683,49.750804031368574],[6.627870604894986,49.750759097740044],[6.627872797539782,49.750714164111102],[6.627874990179071,49.750669230481734],[6.627877182812854,49.750624296851932],[6.627807819687607,49.750622875865446],[6.627810012379851,49.750577942237484],[6.627812205066588,49.750533008609082],[6.627814397747818,49.750488074980275],[6.627745034819986,49.750486653959015],[6.627747227559676,49.750441720332027],[6.627749420293859,49.75039678670462],[6.627751613022534,49.750351853076801],[6.627682250292112,49.750350432020781],[6.627684443079248,49.750305498394773],[6.627686635860878,49.75026056476834],[6.627688828636999,49.750215631141494],[6.627691021407615,49.750170697514214],[6.627693214172723,49.75012576388653],[6.627695406932323,49.750080830258412],[6.627697599686416,49.750035896629882],[6.627628237409268,49.750034475548077],[6.627630430221821,49.749989541921373],[6.627632623028866,49.749944608294228],[6.627634815830405,49.749899674666672],[6.627637008626436,49.749854741038696],[6.627641394201976,49.749764873781487],[6.627643586981485,49.749719940152247],[6.627645779755487,49.74967500652258],[6.627647972523983,49.749630072892487],[6.627578610828031,49.749628651789415],[6.627580803654983,49.749583718161148],[6.627582996476429,49.749538784532469],[6.627585189292367,49.749493850903363],[6.627589574907723,49.749403983643894],[6.62759176770714,49.749359050013531],[6.62759396050105,49.749314116382735],[6.627596153289452,49.749269182751526],[6.627598346072348,49.749224249119898],[6.627600538849737,49.749179315487837],[6.627531177798931,49.749177894365701],[6.627533370634774,49.74913296073548],[6.627537756289942,49.749043093473759],[6.627542141923081,49.74895322621034],[6.62754433473139,49.748908292578008],[6.627546527534191,49.748863358945243],[6.627548720331487,49.748818425312059],[6.627550913123274,49.748773491678463],[6.627553105909555,49.748728558044434],[6.627555298690328,49.748683624409985],[6.627557491465595,49.748638690775138],[6.627559684235354,49.748593757139837],[6.627561876999607,49.74854882350413],[6.627566262511592,49.748458956231438],[6.627568455259324,49.748414022594467],[6.627499095301371,49.748412601469006],[6.627503480908233,49.748322734198283],[6.627505673703405,49.748277800562292],[6.62750786649307,49.748232866925875],[6.62751444482902,49.748098066014101],[6.627516637596655,49.748053132376],[6.627518830358786,49.748008198737473],[6.627523215866524,49.747918331459161],[6.627525408612133,49.747873397819369],[6.627527601352234,49.747828464179157],[6.627529794086831,49.747783530538527],[6.627531986815918,49.747738596897477],[6.6275341795395,49.747693663256015],[6.627536372257575,49.747648729614106],[6.627538564970144,49.747603795971798],[6.627540757677205,49.747558862329058],[6.627545143074808,49.747468995042318],[6.62754733576535,49.747424061398313],[6.627549528450384,49.747379127753888],[6.627551721129914,49.747334194109037],[6.627553913803935,49.747289260463766],[6.627564877091443,49.747064592231119],[6.627567069732426,49.747019658583305],[6.627569262367904,49.746974724935093],[6.627571454997872,49.746929791286455],[6.627573647622336,49.746884857637397],[6.62764300540574,49.746886278686524],[6.627645197960742,49.746841345034781],[6.627647390510238,49.74679641138264],[6.627649583054228,49.746751477730065],[6.62765177559271,49.746706544077071],[6.627653968125688,49.746661610423665],[6.627656160653159,49.746616676769833],[6.627658353175124,49.746571743115574],[6.627662738202536,49.746481875805792],[6.627664930707982,49.746436942150275],[6.627667123207922,49.746392008494325],[6.627669315702357,49.746347074837963],[6.627678085625034,49.746167340208281],[6.627684663009229,49.746032539231607],[6.627686855459616,49.745987605571869],[6.627756211969467,49.745989026534595],[6.627758404350397,49.7459440928722],[6.627760596725819,49.74589915920938],[6.627762789095738,49.745854225546118],[6.62776498146015,49.745809291882459],[6.627767173819056,49.745764358218374],[6.627769366172457,49.745719424553862],[6.627771558520353,49.745674490888923],[6.627778135531004,49.745539689891594],[6.627786904801462,49.74535995522259],[6.627789097105313,49.745315021554291],[6.627791289403658,49.745270087885558],[6.627860644895816,49.745271508770877],[6.627862837124707,49.745226575099494],[6.627865029348092,49.745181641427678],[6.627867221565973,49.745136707755442],[6.627797866265661,49.745135286876859],[6.627800058541984,49.745090353206443],[6.627869413778347,49.74509177408278],[6.627871605985218,49.745046840409714],[6.627873798186582,49.745001906736221],[6.627875990382441,49.744956973062294],[6.627806635337922,49.744955552192685],[6.627808827592224,49.744910618520578],[6.627878182572796,49.744912039387948],[6.627880374757645,49.74486710571319],[6.627884759110829,49.744777238362381],[6.627886951279162,49.744732304686366],[6.627889143441991,49.744687371009903],[6.627891335599315,49.744642437333034],[6.627893527751134,49.744597503655747],[6.627897912038256,49.744507636299886],[6.627902296303358,49.744417768942341],[6.627904488427652,49.744372835262944],[6.627908872659725,49.744282967902876],[6.627978226750552,49.744284388697338],[6.627980418794387,49.744239455014416],[6.627986994892859,49.744104653963163],[6.627989186914673,49.744059720278571],[6.627993570941789,49.743969852908116],[6.628000146941178,49.743835051849274],[6.628002338929965,49.743790118162146],[6.628006722891027,49.743700250786624],[6.628008914863299,49.743655317098231],[6.628011106830069,49.743610383409425],[6.628013298791333,49.743565449720201],[6.628015490747094,49.743520516030543],[6.628019874642101,49.743430648649962],[6.628026450443329,49.743295847575951],[6.628028642366062,49.743250913883756],[6.628097994991696,49.743252334585101],[6.628100186844984,49.743207400890256],[6.628102378692768,49.743162467194992],[6.628104570535047,49.743117533499294],[6.628106762371822,49.743072599803178],[6.628113337849124,49.742937798712312],[6.628115529663883,49.742892865014511],[6.628117721473139,49.742847931316277],[6.62811991327689,49.742802997617645],[6.62812648865512,49.742668196519183],[6.628133063983813,49.742533395416942],[6.628135255749037,49.742488461715332],[6.628137447508757,49.742443528013325],[6.628068096034048,49.742442107352375],[6.628070287852202,49.742397173652186],[6.628139639262971,49.742398594310892],[6.628144022754892,49.742308726904746],[6.628146214492597,49.74226379320104],[6.628150597951495,49.742173925792379],[6.628152789672687,49.742128992087423],[6.628157173098563,49.742039124676225],[6.628159364803245,49.741994190969997],[6.628161556502422,49.741949257263336],[6.628163748196098,49.74190432355627],[6.628165939884268,49.741859389848777],[6.628170323244101,49.74176952243252],[6.62817251491576,49.741724588723763],[6.628174706581916,49.741679655014586],[6.628176898242571,49.741634721304976],[6.628181281547366,49.741544853884513],[6.628183473191508,49.741499920173659],[6.628185664830147,49.741454986462372],[6.628255014903745,49.741456407032452],[6.628257206472946,49.741411473318493],[6.628259398036644,49.741366539604108],[6.628261589594837,49.741321605889325],[6.628263781147528,49.741276672174102],[6.628265972694716,49.741231738458467],[6.6282681642364,49.741186804742405],[6.62827035577258,49.741141871025917],[6.628201006146526,49.741140450471534],[6.628203197741137,49.741095516756886],[6.628205389330246,49.74105058304179],[6.628207580913852,49.741005649326297],[6.628209772491953,49.740960715610377],[6.628214155631649,49.740870848177252],[6.62821634719324,49.740825914460075],[6.628220730299916,49.740736047024427],[6.628222921844999,49.740691113305985],[6.628225113384578,49.740646179587117],[6.628227304918656,49.740601245867808],[6.628157956065302,49.740599825298879],[6.628160147657808,49.740554891581418],[6.628162339244811,49.740509957863516],[6.62816453082631,49.740465024145195],[6.628166722402305,49.740420090426461],[6.628175488651257,49.7402403555473],[6.628177680199737,49.740195421826442],[6.628179871742714,49.740150488105193],[6.628182063280189,49.74010555438349],[6.628186446338626,49.740015686938854],[6.628188637859592,49.7399707532159],[6.628190829375054,49.739925819492527],[6.628195212389468,49.739835952044515],[6.628264560155994,49.739837372575295],[6.628266751591017,49.739792438848418],[6.628268943020537,49.739747505121102],[6.628271134444556,49.739702571393373],[6.628273325863069,49.739657637665225],[6.62820397835226,49.739656217143441],[6.628206169829201,49.739611283417105],[6.62820836130064,49.73956634969035],[6.628210552766575,49.739521415963203],[6.628212744227007,49.739476482235602],[6.628214935681937,49.739431548507596],[6.628217127131363,49.739386614779164],[6.628225892874043,49.739206879861214],[6.628228084295956,49.739161946130679],[6.628230275712366,49.739117012399717],[6.628160928974196,49.739115591863367],[6.628163120449031,49.739070658134224],[6.628232467123273,49.739072078668336],[6.628234658528678,49.739027144936536],[6.62823684992858,49.738982211204316],[6.62823904132298,49.738937277471663],[6.628169694840517,49.738935856944295],[6.628171886293341,49.738890923213461],[6.628241232711877,49.738892343738591],[6.628243424095271,49.738847410005107],[6.628245615473163,49.738802476271189],[6.628176269182479,49.738801055750542],[6.628178460618794,49.738756122018451],[6.628180652049606,49.738711188285954],[6.628182843474915,49.738666254553017],[6.628187226309027,49.738576387085885],[6.628189417717828,49.738531453351698],[6.628191609121128,49.738486519617076],[6.628122263283425,49.738485099070672],[6.628124454745146,49.73844016533787],[6.628133220537002,49.738260430402484],[6.628202566055085,49.738261850937661],[6.628204757425368,49.738216917200518],[6.62820694879015,49.738171983462948],[6.628209140149429,49.738127049724952],[6.628139794823118,49.738125629196496],[6.628141986240817,49.738080695460333],[6.62814636905971,49.737990827986735],[6.628148560460901,49.737945894249307],[6.62815075185659,49.737900960511453],[6.628152943246778,49.737856026773187],[6.628083598309509,49.737854606216708],[6.628085789758115,49.73780967248026],[6.62808798120122,49.737764738743387],[6.628090172638822,49.737719805006087],[6.628159517384324,49.737721225555823],[6.628161708752502,49.737676291815866],[6.628163900115176,49.737631358075475],[6.628094555497516,49.73762993753023],[6.628096746918611,49.737585003791679],[6.628098938334202,49.737540070052702],[6.628101129744291,49.737495136313299],[6.628105512547959,49.737405268833228],[6.628107703941541,49.737360335092553],[6.62810989532962,49.737315401351466],[6.628040551164914,49.737313980780442],[6.62804274261141,49.737269047041181],[6.628044934052403,49.737224113301501],[6.628047125487896,49.737179179561387],[6.628049316917886,49.737134245820847],[6.628051508342372,49.737089312079902],[6.628055891174836,49.736999444596741],[6.628058082582815,49.736954510854524],[6.627988738934973,49.736953090259973],[6.627990930401368,49.736908156519597],[6.627993121862261,49.736863222778766],[6.627995313317651,49.736818289037529],[6.628064656773738,49.736819709625344],[6.628066848159706,49.736774775881443],[6.628069039540173,49.736729842137116],[6.627999696211925,49.736728421553792],[6.628001887650806,49.736683487811298],[6.628004079084187,49.736638554068378],[6.628006270512066,49.736593620325031],[6.62800846193444,49.736548686581266],[6.628010653351312,49.736503752837073],[6.627941310348159,49.736502332223509],[6.627943501823447,49.736457398481136],[6.627945693293232,49.736412464738343],[6.627947884757514,49.736367530995153],[6.627950076216295,49.736322597251508],[6.627880733474314,49.736321176605436],[6.627882924991509,49.736276242863624],[6.6278851165032,49.736231309121401],[6.62788730800939,49.73618637537875],[6.627889499510076,49.736141441635681],[6.62789169100526,49.736096507892192],[6.627822348588367,49.736095087215865],[6.627824540141964,49.736050153474189],[6.627826731690059,49.736005219732093],[6.627828923232651,49.735960285989592],[6.62783111476974,49.735915352246657],[6.627835497827409,49.73582548475953],[6.627837689347991,49.735780551015324],[6.627768347384011,49.735779130313233],[6.627770538963004,49.735734196570853],[6.627772730536495,49.73568926282806],[6.627774922104483,49.735644329084828],[6.627777113666967,49.735599395341204],[6.627779305223949,49.735554461597147],[6.627781496775429,49.735509527852663],[6.627783688321405,49.735464594107754],[6.627714346810333,49.735463173379891],[6.62771653841472,49.7354182396368],[6.627718730013606,49.735373305893305],[6.627720921606988,49.735328372149382],[6.627725304777243,49.735238504660266],[6.627727496354118,49.735193570915087],[6.627658155232029,49.735192150159214],[6.627660346867313,49.735147216415839],[6.627662538497095,49.735102282672045],[6.627664730121372,49.735057348927839],[6.627666921740148,49.735012415183213],[6.627597580879215,49.735010994394855],[6.627599772556399,49.734966060652027],[6.62760196422808,49.734921126908816],[6.62760415589426,49.73487619316515],[6.627673496563458,49.734877613946786],[6.627675688160222,49.734832680200476],[6.627677879751483,49.73478774645374],[6.627680071337242,49.734742812706571],[6.627610730859779,49.734741391931671],[6.627612922503946,49.734696458186342],[6.627615114142611,49.734651524440594],[6.627617305775773,49.734606590694405],[6.627619497403431,49.734561656947797],[6.627621689025587,49.734516723200784],[6.627552348873182,49.734515302395629],[6.627554540553746,49.734470368650427],[6.627556732228806,49.734425434904821],[6.627558923898363,49.734380501158775],[6.627561115562419,49.734335567412295],[6.627563307220971,49.73429063366541],[6.627493967393622,49.734289212830006],[6.627496159110581,49.734244279084947],[6.627498350822036,49.734199345339455],[6.627504925923385,49.734064544100477],[6.627507117612828,49.734019610353315],[6.627437778174439,49.734018189489909],[6.627439969922289,49.733973255744552],[6.627442161664636,49.733928321998782],[6.627444353401479,49.733883388252586],[6.62744654513282,49.733838454505978],[6.627448736858656,49.733793520758951],[6.627379397745313,49.73379209986529],[6.627381589529556,49.733747166120082],[6.627383781308295,49.733702232374441],[6.627385973081532,49.733657298628401],[6.627388164849264,49.733612364881921],[6.627318825997056,49.733610943955775],[6.627321017823194,49.733566010211113],[6.627323209643826,49.733521076466047],[6.627325401458958,49.733476142720548],[6.627329785072709,49.733386275228291],[6.627331976871329,49.733341341481534],[6.627262638408067,49.733339920527378],[6.627264830265091,49.73329498678244],[6.627267022116611,49.733250053037089],[6.627269213962628,49.733205119291313],[6.627271405803143,49.733160185545103],[6.627273597638154,49.73311525179848],[6.627204259499926,49.733113830814077],[6.62720645139334,49.733068897069273],[6.627208643281249,49.733023963324058],[6.627210835163655,49.732979029578416],[6.627213027040559,49.732934095832356],[6.627143689163455,49.732932674815459],[6.627145881098761,49.732887741071202],[6.627148073028561,49.732842807326556],[6.62715026495286,49.732797873581461],[6.627152456871653,49.732752939835962],[6.627083119255674,49.732751518786571],[6.627085311232869,49.732706585042898],[6.62708750320456,49.732661651298798],[6.627089695170748,49.732616717554265],[6.627091887131432,49.732571783809327],[6.627022549776574,49.732570362727451],[6.627024741795657,49.73252542898431],[6.62702693380924,49.732480495240765],[6.627029125817316,49.732435561496807],[6.627031317819888,49.732390627752423],[6.626961980726147,49.732389206638054],[6.626964172787121,49.732344272895482],[6.62696636484259,49.732299339152497],[6.626968556892556,49.732254405409087],[6.626970748937017,49.732209471665257],[6.626901412104392,49.732208050518395],[6.62690360420725,49.732163116776398],[6.626905796304607,49.732118183033968],[6.62690798839646,49.732073249291119],[6.626910180482808,49.732028315547851],[6.626912372563654,49.731983381804149],[6.626843036056042,49.731981960627046],[6.626845228195284,49.731937026885177],[6.626847420329022,49.731892093142889],[6.626849612457258,49.731847159400182],[6.626780276146856,49.731845738188341],[6.626782468333487,49.731800804447452],[6.626784660514614,49.731755870706138],[6.626786852690238,49.731710936964419],[6.626789044860358,49.731666003222259],[6.626791237024975,49.731621069479687],[6.62672190103958,49.731619648237604],[6.626724093262592,49.731574714496851],[6.626726285480099,49.731529780755679],[6.626728477692104,49.731484847014087],[6.626659141903914,49.731483425737274],[6.626661334174313,49.731438491997494],[6.626663526439208,49.731393558257309],[6.626665718698599,49.731348624516684],[6.626667910952486,49.731303690775654],[6.626670103200869,49.731258757034198],[6.626600767737679,49.731257335727143],[6.626602960044457,49.731212401987506],[6.626605152345731,49.731167468247449],[6.626607344641499,49.731122534506973],[6.626538009375513,49.731121113165187],[6.626540201729676,49.73107617942653],[6.626542394078334,49.731031245687454],[6.626544586421489,49.730986311947952],[6.626475251352701,49.730984890571442],[6.62647744375425,49.730939956833772],[6.626479636150293,49.73089502309567],[6.626481828540832,49.730850089357148],[6.626412493669243,49.730848667945892],[6.626414686118175,49.730803734209204],[6.626416878561602,49.730758800472088],[6.626419070999524,49.730713866734568],[6.626349736325134,49.730712445288574],[6.626351928821448,49.730667511552866],[6.626354121312258,49.730622577816732],[6.626284786771167,49.730621156333761],[6.626286979320369,49.730576222599453],[6.626289171864064,49.730531288864725],[6.626291364402256,49.730486355129578],[6.626222030058361,49.730484933611876],[6.626224222654944,49.730439999878548],[6.626226415246022,49.730395066144794],[6.626157081035424,49.73039364459013],[6.626159273684892,49.730348710858202],[6.626161466328857,49.730303777125854],[6.626092132251556,49.730302355534199],[6.62609432495391,49.730257421803678],[6.626096517650759,49.730212488072738],[6.626098710342102,49.730167554341371],[6.626029376461993,49.730166132714984],[6.626031569211727,49.730121198985451],[6.626033761955954,49.730076265255491],[6.625964428209143,49.730074843592135],[6.625966621011759,49.730029909863987],[6.625968813808871,49.72998497613542],[6.625971006600476,49.729940042406454],[6.625901673050854,49.72993862070836],[6.625903865900849,49.7298936869812],[6.625906058745339,49.729848753253627],[6.625836725329012,49.729847331518563],[6.625838918231888,49.729802397792817],[6.62584111112926,49.729757464066637],[6.625771777846226,49.729756042294603],[6.625773970801985,49.729711108570235],[6.625776163752239,49.729666174845477],[6.625778356696986,49.729621241120284],[6.625709023611139,49.72961981931352],[6.625711216614274,49.729574885590146],[6.625713409611902,49.729529951866354],[6.625715602604026,49.729485018142135],[6.625646269715363,49.729483596300646],[6.625648462765872,49.729438662578247],[6.625650655810875,49.729393728855442],[6.625652848850373,49.729348795132211],[6.625655041884364,49.72930386140856],[6.625585709256778,49.729302439534578],[6.625587902349155,49.729257505812754],[6.625590095436026,49.729212572090503],[6.625592288517391,49.729167638367826],[6.625596674663603,49.729077770921208],[6.62559886772845,49.729032837197273],[6.625529535489718,49.72903141529531],[6.625531728612949,49.728986481573202],[6.625533921730676,49.728941547850674],[6.625536114842895,49.728896614127713],[6.625538307949609,49.728851680404333],[6.625540501050817,49.728806746680526],[6.625542694146518,49.728761812956314],[6.625544887236714,49.728716879231669],[6.625547080321405,49.728671945506598],[6.625477748599297,49.728670523581137],[6.625479941742372,49.728625589857899],[6.625482134879938,49.728580656134234],[6.625484328011999,49.728535722410143],[6.625414996487068,49.728534300449965],[6.625417189677512,49.7284893667277],[6.625419382862449,49.728444433005023],[6.625350051470803,49.728443011007862],[6.625352244714123,49.728398077287011],[6.625354437951936,49.728353143565741],[6.625285106693575,49.72835172153161],[6.62528729998977,49.728306787812144],[6.625289493280459,49.728261854092274],[6.625220162155381,49.728260432021166],[6.625222355504451,49.728215498303129],[6.62515302444877,49.728214076192813],[6.625155217856221,49.728169142476581],[6.625157411258165,49.728124208759937],[6.625088080335767,49.728122786612644],[6.625090273796092,49.728077852897826],[6.62509246725091,49.728032919182581],[6.625023136461795,49.728031496998319],[6.625025329974993,49.727986563284894],[6.625027523482683,49.727941629571063],[6.624958192826852,49.727940207349825],[6.624888862176529,49.72793878508714],[6.624819531531715,49.727937362782974],[6.624817337832365,49.727982296490076],[6.624748007129176,49.727980874142197],[6.624678676431495,49.727979451752873],[6.624676482598865,49.728024385455051],[6.624607151842807,49.728022963022013],[6.62453782109226,49.728021540547502],[6.624535627126347,49.728066474244784],[6.624466296317425,49.72806505172656],[6.624396965514012,49.728063629166883],[6.624394771414819,49.728108562859227],[6.624325440553029,49.728107140255837],[6.62425610969675,49.728105717610973],[6.624186778845983,49.728104294924641],[6.624188973136837,49.728059361239048],[6.624191167422183,49.728014427553006],[6.62419336170202,49.727969493866546],[6.624262692361127,49.727970916546127],[6.624264886571569,49.727925982857002],[6.6243342171723,49.727927405492878],[6.624403547778543,49.727928828087293],[6.624472878390296,49.72793025064022],[6.62447507240357,49.72788531694394],[6.624544402956948,49.727886739453176],[6.624613733515836,49.72788816192093],[6.624615927395829,49.72784322821974],[6.624685257896341,49.727844650643796],[6.624687451706941,49.72779971693992],[6.624756782149076,49.727801139320256],[6.624826112596721,49.727802561659146],[6.624828306274042,49.727757627950361],[6.624897636663311,49.727759050245531],[6.624899830271239,49.727714116534074],[6.624902023873659,49.727669182822197],[6.624832693612161,49.727667760531517],[6.62483488727296,49.727622826821467],[6.624904217470571,49.727624249109894],[6.624906411061978,49.727579315397172],[6.624908604647877,49.727534381684045],[6.624910798228269,49.72748944797047],[6.624841468222313,49.727488025688785],[6.624843661861084,49.727443091977044],[6.624774331924519,49.72744166965613],[6.624776525621666,49.727396735946215],[6.624707195754498,49.727395313586094],[6.624637865892839,49.727393891184505],[6.624640059712247,49.727348957478661],[6.624642253526148,49.727304023772405],[6.624572923797768,49.727302601333847],[6.624575117670045,49.727257667629416],[6.624505788011058,49.727256245151644],[6.624436458357581,49.72725482263241],[6.624438652352119,49.727209888932038],[6.624369322768036,49.727208466373597],[6.624371516820949,49.72716353267505],[6.624302187306261,49.72716211007738],[6.624304381417549,49.727117176380666],[6.624235051972255,49.727115753743789],[6.624237246141917,49.727070820048901],[6.624167916766019,49.727069397372802],[6.624170110994056,49.727024463679747],[6.62410078168755,49.727023040964433],[6.624102975973961,49.726978107273197],[6.624033646736849,49.726976684518668],[6.623964317505248,49.726975261722679],[6.623966511913916,49.726930328035515],[6.623897182751709,49.726928905200317],[6.623899377218751,49.72688397151498],[6.623830048125938,49.72688254864056],[6.623832242651354,49.726837614957034],[6.623762913627935,49.726836192043407],[6.623765108211724,49.726791258361722],[6.623834437171261,49.726792681273103],[6.623836631685657,49.726747747588753],[6.623905960586824,49.726749170456429],[6.623908155031829,49.7267042367694],[6.623910349471325,49.726659303081959],[6.623912543905313,49.726614369394092],[6.624051201340889,49.726617214991563],[6.624049007034666,49.726662148683921],[6.624046812722933,49.726707082375867],[6.624116141576751,49.72670850511691],[6.624113947323391,49.726753438810682],[6.624183276246602,49.726754861512511],[6.624181082051615,49.726799795208095],[6.62425041104422,49.726801217870708],[6.624252605175323,49.726756284172865],[6.624254799300919,49.726711350474595],[6.624256993421007,49.72666641677592],[6.624187664620049,49.726664994120057],[6.62418985879851,49.726620060423194],[6.624120530066945,49.726618637728116],[6.624122724303779,49.726573704033079],[6.624124918535103,49.726528770337623],[6.624055589936811,49.726527347605568],[6.62405778422651,49.726482413911938],[6.623988455697609,49.726480991140669],[6.623990650045679,49.726436057448879],[6.623921321586171,49.726434634638395],[6.623923515992614,49.726389700948424],[6.623925710393546,49.72634476725802],[6.623856382067312,49.726343344410566],[6.623858576526616,49.726298410721995],[6.623789248269773,49.726296987835326],[6.623791442787448,49.726252054148588],[6.623722114599997,49.726250631222712],[6.623724309176043,49.726205697537786],[6.62372650374658,49.726160763852448],[6.623657175692401,49.726159340889602],[6.623659370321308,49.72611440720609],[6.623590042336518,49.726112984204043],[6.623592237023796,49.726068050522358],[6.623594431705564,49.726023116840238],[6.623525103854047,49.726021693801229],[6.623527298594184,49.725976760120936],[6.623457970812058,49.725975337042698],[6.623388643035444,49.725973913923006],[6.623386448167548,49.726018847598802],[6.623384253294143,49.726063781274171],[6.623453581198515,49.72606520439836],[6.623451386383477,49.726110138075548],[6.623449191562932,49.726155071752316],[6.623518519600576,49.72615649483955],[6.623516324838398,49.726201428518145],[6.623585652945435,49.726202851566164],[6.623583458241629,49.726247785246578],[6.623514130070713,49.726246362196321],[6.623444801905308,49.726244939104603],[6.623375473745416,49.726243515971426],[6.62337327884446,49.726288449644677],[6.623303950626201,49.726287026467794],[6.623306145591037,49.726242092796788],[6.623308340550364,49.726197159125356],[6.623310535504181,49.72615222545349],[6.623241207483074,49.726150802241889],[6.62324340249526,49.726105868571871],[6.623245597501935,49.726060934901412],[6.6231762696141,49.726059511652842],[6.623178464679145,49.726014577984223],[6.623109136860701,49.726013154696432],[6.623111331984114,49.725968221029632],[6.623113527102016,49.725923287362413],[6.623044199416844,49.725921864037666],[6.623046394593114,49.725876930372273],[6.623048589763873,49.725831996706468],[6.622979262211972,49.725830573344759],[6.622981457441099,49.725785639680765],[6.622983652664714,49.725740706016346],[6.622914325246082,49.725739282617681],[6.622916520528066,49.725694348955095],[6.622918715804537,49.725649415292082],[6.622849388519176,49.725647991856448],[6.622851583854015,49.725603058195269],[6.622782256638045,49.725601634720419],[6.622784452031248,49.725556701061066],[6.622786647418941,49.725511767401301],[6.62271732033624,49.725510343889482],[6.6227195157823,49.725465410231536],[6.622650188768989,49.725463986680509],[6.622652384273414,49.725419053024389],[6.622654579772327,49.725374119367849],[6.622585252892283,49.725372695779861],[6.622587448449561,49.72532776212514],[6.622518121638909,49.725326338497943],[6.622520317254551,49.72528140484507],[6.622522512864683,49.725236471191764],[6.622453186187299,49.72523504752759],[6.622455381855794,49.725190113876124],[6.6223860552478,49.725188690172743],[6.622388250974659,49.725143756523089],[6.622318924436055,49.725142332780514],[6.622321120221279,49.725097399132679],[6.622323316000989,49.725052465484424],[6.622253989595652,49.725051041704887],[6.622256185433725,49.725006108058466],[6.622186859097779,49.725004684239714],[6.622117532767346,49.725003260379495],[6.622119728727657,49.724958326737159],[6.622121924682458,49.72491339309439],[6.62205259848529,49.724911969197215],[6.622054794498452,49.724867035556279],[6.621985468370675,49.724865611619904],[6.6219876644422,49.724820677980766],[6.621918338383814,49.724819254005176],[6.621920534513698,49.724774320367899],[6.621851208524702,49.724772896353095],[6.621853404712949,49.724727962717637],[6.621855600895681,49.72468302908176],[6.621786275039949,49.72468160503],[6.621788471281043,49.724636671395949],[6.621719145494701,49.724635247304974],[6.621721341794156,49.724590313672749],[6.621652016077204,49.724588889542574],[6.621654212435019,49.724543955912168],[6.621584886787456,49.72454253174277],[6.62158708320363,49.724497598114219],[6.621517757625456,49.724496173905621],[6.621519954099991,49.724451240278874],[6.621450628591207,49.724449816031068],[6.6214528251241,49.724404882406155],[6.621383499684708,49.724403458119127],[6.62138569627596,49.724358524496054],[6.621316370905955,49.724357100169833],[6.621318567555567,49.724312166548579],[6.621249242254953,49.724310742183143],[6.621251438962923,49.724265808563707],[6.621182113731697,49.724264384159071],[6.621184310498024,49.724219450541469],[6.62111498533619,49.72421802609761],[6.621117182160874,49.724173092481848],[6.621047857068428,49.724171667998796],[6.62105005395147,49.724126734384853],[6.620980728928414,49.724125309862572],[6.620982925869813,49.724080376250463],[6.620913600916146,49.724078951688995],[6.620915797915902,49.724034018078704],[6.620846473031624,49.724032593478029],[6.620848670089736,49.723987659869564],[6.620779345274849,49.723986235229681],[6.620781542391318,49.72394130162305],[6.620712217645817,49.723939876943959],[6.620714414820642,49.723894943339147],[6.620645090144532,49.723893518620841],[6.620647287377712,49.723848585017876],[6.620577962770991,49.723847160260362],[6.620580160062524,49.723802226659224],[6.620510835525194,49.72380080186251],[6.620513032875083,49.72375586826319],[6.62044370840714,49.723754443427275],[6.620445905815383,49.723709509829789],[6.62037658141683,49.723708084954659],[6.620378778883429,49.723663151358984],[6.620309454554264,49.723661726444654],[6.620311652079216,49.723616792850827],[6.620242327819441,49.723615367897288],[6.620244525402747,49.72357043430528],[6.62017520121236,49.723569009312541],[6.620177398854019,49.723524075722374],[6.620108074733022,49.723522650690413],[6.620038750617544,49.723521225616999],[6.620040948381424,49.723476292030909],[6.619971624335337,49.723474866918295],[6.619973822157569,49.723429933334046],[6.61990449818087,49.723428508182209],[6.619906696061455,49.723383574599772],[6.619837372154144,49.723382149408749],[6.619768048252354,49.723380724176273],[6.61977024625516,49.723335790597901],[6.619700922422758,49.723334365326217],[6.619703120483915,49.723289431749699],[6.619633796720903,49.7232880064388],[6.619635994840411,49.723243072864108],[6.619566671146788,49.723241647514008],[6.619568869324646,49.723196713941142],[6.619499545700411,49.723195288551835],[6.61950174393662,49.72315035498081],[6.619503942167311,49.72310542140935],[6.619434618676332,49.723103995983095],[6.619436816965374,49.723059062413455],[6.619367493543785,49.723057636947992],[6.619369691891175,49.723012703380199],[6.619300368538974,49.723011277875536],[6.619302566944714,49.722966344309569],[6.619233243661903,49.72296491876569],[6.619235442125992,49.72291998520155],[6.619166118912569,49.722918559618485],[6.619168317435005,49.722873626056177],[6.619170515951922,49.722828692493451],[6.619101192871756,49.722827266873416],[6.619103391447021,49.722782333312509],[6.619034068436243,49.722780907653281],[6.619036267069856,49.722735974094221],[6.618966944128466,49.722734548395785],[6.618969142820426,49.722689614838536],[6.618899819948425,49.7226881891009],[6.618902018698733,49.722643255545492],[6.61883269589612,49.722641829768641],[6.618834894704774,49.722596896215066],[6.618837093507908,49.722551962661072],[6.61876777083855,49.722550536847272],[6.618769969700031,49.722505603295104],[6.618700647100059,49.722504177442097],[6.618702846019886,49.72245924389177],[6.618633523489303,49.722457817999562],[6.618635722467477,49.722412884451053],[6.618566400006282,49.722411458519652],[6.618568599042799,49.722366524972983],[6.618499276650993,49.722365099002367],[6.618501475745855,49.722320165457511],[6.618432153423437,49.722318739447715],[6.618434352576645,49.722273805904678],[6.618365030323613,49.722272379855674],[6.618367229535164,49.722227446314491],[6.618297907351521,49.722226020226273],[6.618300106621419,49.722181086686909],[6.618230784507163,49.722179660559497],[6.618232983835402,49.722134727021967],[6.618163661790534,49.722133300855347],[6.618165861177118,49.722088367319657],[6.618096539201637,49.722086941113837],[6.618098738646563,49.722042007579965],[6.618029416740471,49.722040581334952],[6.617960094839902,49.722039155048471],[6.617962294407036,49.721994221518692],[6.617892972575856,49.72199279519301],[6.61789517220133,49.721947861665065],[6.617825850439537,49.721946435300183],[6.617828050123355,49.721901501774063],[6.61775872843095,49.72190007536998],[6.61776092817311,49.721855141845687],[6.617691606550092,49.721853715402403],[6.617693806350592,49.721808781879957],[6.617624484796961,49.721807355397473],[6.617626684655802,49.721762421876846],[6.61755736317156,49.721760995355169],[6.617559563088743,49.721716061836361],[6.617490241673886,49.721714635275482],[6.61749244164941,49.721669701758515],[6.617423120303942,49.721668275158429],[6.617425320337805,49.721623341643287],[6.617355999061726,49.721621915004008],[6.617358199153928,49.721576981490699],[6.617288877947234,49.721575554812226],[6.617291078097777,49.721530621300751],[6.617221756960471,49.721529194583063],[6.617223957169353,49.721484261073421],[6.617154636101434,49.721482834316539],[6.617085315039041,49.721481407518198],[6.617087515370123,49.721436474012648],[6.617018194377119,49.721435047175099],[6.617020394766538,49.72139011367139],[6.61695107384292,49.721388686794647],[6.616953274290679,49.72134375329275],[6.616883953436449,49.721342326376814],[6.616886153942545,49.72129739287675],[6.616888354443117,49.721252459376274],[6.616819033722135,49.721251032423382],[6.61674971300668,49.721249605429058],[6.616751913629449,49.721204671932654],[6.616682592983381,49.721203244899122],[6.616684793664488,49.721158311404558],[6.61668699434007,49.721113377909582],[6.616617673827251,49.721111950839095],[6.616548353319957,49.721110523727155],[6.61647903281819,49.721109096573763],[6.61648123367983,49.721064163085117],[6.616483434535945,49.721019229596052],[6.616414114167426,49.721017802405726],[6.616416315081875,49.720972868918487],[6.616346994782744,49.720971441688953],[6.61634919575553,49.720926508203547],[6.616279875525784,49.720925080934826],[6.616282076556903,49.720880147451261],[6.616212756396546,49.720878720143325],[6.616143436241716,49.720877292793936],[6.61614563739503,49.720832359314457],[6.616076317309587,49.720830931925875],[6.616078518521235,49.720785998448228],[6.616080719727357,49.720741064970163],[6.61601139977516,49.720739637544639],[6.616013601039616,49.7206947040684],[6.615944281156806,49.720693276603676],[6.615946482479595,49.72064834312927],[6.615877162666172,49.720646915625352],[6.615879364047293,49.720601982152779],[6.615810044303258,49.720600554609668],[6.615740724564749,49.720599127025103],[6.615742926068063,49.720554193556609],[6.615673606398942,49.720552765932844],[6.615675807960587,49.72050783246619],[6.615606488360853,49.720506404803231],[6.615608689980829,49.72046147133841],[6.615539370450483,49.720460043636251],[6.61554157212879,49.720415110173263],[6.615472252667831,49.720413682431897],[6.615474454404469,49.720368748970742],[6.615405135012896,49.720367321190182],[6.615407336807865,49.720322387730874],[6.615338017485679,49.72032095991112],[6.61534021933898,49.720276026453639],[6.61527090008618,49.720274598594685],[6.61527310199781,49.72022966513903],[6.615203782814397,49.720228237240882],[6.615205984784356,49.720183303787074],[6.61513666567033,49.720181875849732],[6.61513886769862,49.720136942397744],[6.615069548653979,49.720135514421202],[6.615071750740599,49.720090580971053],[6.615002431765345,49.720089152955303],[6.615004633910292,49.720044219507002],[6.614935315004427,49.720042791452073],[6.614937517207703,49.719997858005584],[6.614868198371222,49.719996429911454],[6.614870400632825,49.719951496466805],[6.614801081865732,49.719950068333482],[6.614803284185665,49.719905134890666],[6.614733965487956,49.719903706718156],[6.614736167866217,49.71985877327716],[6.614666849237895,49.719857345065456],[6.614597530615105,49.719855916812293],[6.614599733115549,49.719810983375396],[6.614530414562146,49.719809555083046],[6.614532617120914,49.719764621647975],[6.614463298636897,49.719763193316432],[6.614465501253993,49.719718259883194],[6.614396182839362,49.719716831512457],[6.614398385514784,49.719671898081067],[6.61432906716954,49.719670469671129],[6.614331269903287,49.719625536241566],[6.614261951627429,49.719624107792427],[6.614264154419502,49.719579174364704],[6.614194836213032,49.719577745876371],[6.614197039063429,49.719532812450474],[6.614127720926343,49.719531383922948],[6.614129923835066,49.719486450498891],[6.614060605767367,49.719485021932172],[6.614062808734415,49.719440088509955],[6.613993490736103,49.719438659904036],[6.613995693761473,49.719393726483645],[6.613926375832547,49.719392297838546],[6.613857057909153,49.719390869151987],[6.613859261056702,49.719345935735696],[6.613789943202694,49.719344507009936],[6.613792146408567,49.719299573595471],[6.613722828623946,49.719298144830532],[6.613725031888142,49.7192532114179],[6.613655714172906,49.719251782613753],[6.613657917495425,49.719206849202962],[6.613588599849576,49.719205420359629],[6.613590803230416,49.71916048695067],[6.613521485653952,49.719159058068151],[6.613523689093117,49.719114124661033],[6.613454371586039,49.719112695739312],[6.613456575083524,49.719067762334014],[6.613387257645833,49.719066333373114],[6.613317940213676,49.719064904370747],[6.613320143833334,49.719019970969555],[6.613250826470565,49.719018541928001],[6.613253030148543,49.718973608528636],[6.613183712855158,49.718972179447896],[6.613185916591459,49.718927246050363],[6.613116599367459,49.71892581693043],[6.613047282148994,49.718924387769036],[6.613049486007467,49.718879454375603],[6.613051689860407,49.718834520981744],[6.612982372775181,49.718833091783431],[6.612913055695489,49.71883166254365],[6.612915259670601,49.718786729153891],[6.612845942660295,49.718785299874924],[6.612848146693725,49.718740366486998],[6.612778829752807,49.718738937168837],[6.612781033844555,49.718694003782744],[6.612711716973021,49.718692574425404],[6.612642400107022,49.718691145026604],[6.612644604320942,49.718646211644597],[6.612575287524329,49.71864478220661],[6.612577491796567,49.718599848826443],[6.61250817506934,49.71859841934927],[6.612510379399895,49.718553485970943],[6.612441062742055,49.71855205645457],[6.61237174608975,49.718550626896743],[6.612373950542473,49.718505693522509],[6.612304633959555,49.718504263925503],[6.612306838470595,49.71845933055311],[6.612237521957062,49.71845790091691],[6.612239726526419,49.71841296754635],[6.612170410082272,49.718411537870949],[6.612101093643663,49.718410108154103],[6.612103298335185,49.718365174787635],[6.612033981965961,49.718363745031596],[6.612036186715798,49.718318811666968],[6.611966870415961,49.718317381871749],[6.611969075224115,49.718272448508955],[6.611899758993664,49.718271018674535],[6.611830442768749,49.718269588798684],[6.611832647699067,49.718224655439968],[6.611763331543539,49.718223225524923],[6.611765536532172,49.718178292168062],[6.61169622044603,49.718176862213824],[6.611626904365426,49.718175432218132],[6.611629109476222,49.718130498865364],[6.611559793465003,49.718129068830486],[6.611490477459322,49.718127638754162],[6.611492682692282,49.718082705405472],[6.611423366755987,49.718081275289954],[6.611425572047258,49.718036341943119],[6.61135625618035,49.718034911788415],[6.61128694031898,49.718033481592265],[6.611289145732413,49.717988548249522],[6.61121982994043,49.717987118014172],[6.611222035412176,49.717942184673262],[6.611152719689579,49.717940754398732],[6.61108340397252,49.717939324082749],[6.611085609566427,49.71789439074594],[6.611016293918754,49.717892960390778],[6.611018499570974,49.717848027055801],[6.610949183992687,49.717846596661438],[6.61087986841994,49.717845166225629],[6.610882074194317,49.71780023289476],[6.610812758690956,49.717798802419765],[6.610814964523644,49.717753869090714],[6.610745649089671,49.717752438576539],[6.610676333661237,49.717751008020905],[6.610678539616083,49.717706074695954],[6.610609224257035,49.71770464410114],[6.610611430270191,49.717659710778037],[6.610542114980531,49.717658280144036],[6.61047279969641,49.717656849468582],[6.610475005831723,49.717611916149565],[6.610405690616988,49.717610485434925],[6.610407896810609,49.717565552117748],[6.610338581665263,49.717564121363921],[6.610269266525455,49.717562690568649],[6.610271472841232,49.717517757255578],[6.610202157770812,49.717516326421105],[6.610204364144899,49.717471393109868],[6.610135049143864,49.717469962236223],[6.610065734148371,49.717468531321117],[6.610067940644611,49.717423598013987],[6.609998625718505,49.717422167059695],[6.60992931079794,49.717420736063957],[6.609931517416332,49.717375802760913],[6.609862202565155,49.717374371725995],[6.609864409241855,49.717329438424798],[6.609795094460065,49.717328007350694],[6.609725779683814,49.717326576235145],[6.609727986482668,49.717281642938033],[6.609730193275982,49.717236709640503],[6.609660878632965,49.717235278488019],[6.609663085484585,49.717190345192328],[6.609593770910955,49.717188914000666],[6.60945514178032,49.717186051493002],[6.609457348817936,49.717141118203656],[6.609388034324777,49.717139686889922],[6.609390241420698,49.717094753602417],[6.609320926996926,49.71709332224949],[6.609251612578697,49.717091890855109],[6.609253819796767,49.717046957571718],[6.609184505447924,49.717045526138158],[6.609115191104625,49.717044094663152],[6.609117398444844,49.71699916138386],[6.609048084170931,49.716997729869654],[6.609050291569455,49.716952796592203],[6.608980977364928,49.716951365038831],[6.608911663165947,49.716949933444006],[6.608913870686617,49.716905000170641],[6.608844556557023,49.71690356853663],[6.608846764135998,49.716858635265112],[6.608777450075791,49.716857203591914],[6.608779657713066,49.716812270322237],[6.608710343722246,49.716810838609852],[6.608712551417826,49.716765905342022],[6.608643237496392,49.716764473590452],[6.608573923580504,49.716763041797435],[6.60850460967016,49.716761609962973],[6.608506817551727,49.716716676701495],[6.608437503710769,49.71671524482786],[6.608368189875356,49.716713812912765],[6.608370397879069,49.716668879655394],[6.608301084113043,49.71666744770112],[6.608231770352562,49.716666015705407],[6.608233978478419,49.716621082452129],[6.608164664787327,49.716619650417222],[6.608095351101777,49.716618218340869],[6.608026037421776,49.716616786223078],[6.60802382910439,49.71666171946957],[6.607954515366089,49.716660287308066],[6.607885201633334,49.716658855105109],[6.607815887906124,49.716657422860713],[6.607746574184459,49.716655990574864],[6.607748782757216,49.716611057337424],[6.607679469104941,49.716609625012403],[6.607610155458212,49.716608192645928],[6.607612364153111,49.716563259412581],[6.60754305057577,49.716561827006927],[6.607473737003976,49.716560394559828],[6.607475945821016,49.716515461330602],[6.607406632318611,49.716514028844315],[6.607337318821751,49.716512596316591],[6.60726800533044,49.716511163747413],[6.607270214333464,49.716466230524546],[6.60720090091154,49.716464797916181],[6.607131587495164,49.716463365266385],[6.607133796620327,49.716418432047611],[6.607064483273342,49.716416999358628],[6.606995169931903,49.7164155666282],[6.606997379179204,49.71637063341354],[6.606928065907154,49.716369200643925],[6.606858752640653,49.716367767832871],[6.606860962010091,49.716322834622304],[6.60679164881298,49.71632140177207],[6.606722335621415,49.716319968880377],[6.606724545112993,49.71627503567391],[6.606655231990818,49.716273602743037],[6.606585918874191,49.716272169770725],[6.606516605763114,49.716270736756968],[6.606518815440668,49.716225803556888],[6.606449502398981,49.716224370503944],[6.606380189362842,49.716222937409555],[6.606382399162532,49.716178004213567],[6.606313086195783,49.716176571080005],[6.606243773234583,49.71617513790499],[6.606245983156409,49.71613020471311],[6.606176670264599,49.716128771498916],[6.606107357378339,49.716127338243275],[6.606109567422298,49.716082405055502],[6.606040254605428,49.716080971760682],[6.605901628988336,49.716078105046712],[6.605903839218271,49.716033171865313],[6.605834526481891,49.716031738448415],[6.60576521375106,49.716030304990078],[6.60576742410313,49.715985371812771],[6.605698111441689,49.715983938315254],[6.605628798785799,49.715982504776292],[6.605631009259998,49.715937571603099],[6.605561696673499,49.715936138024965],[6.605492384092552,49.715934704405377],[6.605423071517155,49.715933270744337],[6.605425282177325,49.715888337577518],[6.60535596967132,49.715886903877305],[6.605286657170865,49.715885470135646],[6.605288867953167,49.715840536972941],[6.605219555522103,49.715839103192103],[6.605150243096591,49.715837669369819],[6.605152454001023,49.71579273621122],[6.605083141644901,49.715791302349743],[6.605013829294331,49.715789868446848],[6.605016040320892,49.715744935292342],[6.604946728039714,49.715743501350268],[6.604877415764087,49.715742067366733],[6.604879626912778,49.715697134216342],[6.604810314706542,49.715695700193628],[6.60474100250586,49.715694266129482],[6.604743213776677,49.71564933298319],[6.604673901645387,49.715647898879858],[6.604604589519647,49.715646464735073],[6.604606800912593,49.715601531592895],[6.604537488856246,49.715600097408945],[6.604468176805451,49.715598663183549],[6.604470388320522,49.715553730045471],[6.604401076339121,49.715552295780896],[6.604331764363272,49.715550861474874],[6.604262452392976,49.715549427127414],[6.604264664094011,49.715504493995716],[6.604195352193107,49.71550305960907],[6.604126040297758,49.715501625180984],[6.604128252120919,49.715456692053387],[6.60405894029496,49.715455257586122],[6.603989628474556,49.715453823077411],[6.603991840419842,49.715408889953949],[6.603922528668829,49.715407455406044],[6.603853216923373,49.715406020816722],[6.60385542899078,49.715361087697346],[6.603786117314716,49.71535965306883],[6.603716805644205,49.715358218398876],[6.603647493979249,49.715356783687476],[6.603649706232618,49.715311850574487],[6.603580394637055,49.715310415823907],[6.603511083047046,49.715308981031889],[6.603513295422536,49.715264047923014],[6.603443983901921,49.715262613091809],[6.60337467238686,49.715261178219173],[6.603376884884472,49.715216245114398],[6.603307573438805,49.715214810202575],[6.603238261998692,49.715213375249327],[6.603240474618426,49.715168442148659],[6.603171163247707,49.715167007156211],[6.603101851882545,49.715165572122338],[6.603104064624396,49.715120639025784],[6.603034753328625,49.715119203952725],[6.602965442038411,49.715117768838226],[6.602967654902383,49.715072835745779],[6.602898343681563,49.715071400592109],[6.602829032466299,49.715069965396978],[6.602759721256591,49.715068530160423],[6.602761934306518,49.715023597074357],[6.602692623166203,49.715022161798608],[6.602623312031446,49.715020726481434],[6.60262552520349,49.714975793399482],[6.602556214138126,49.714974358043122],[6.60248690307832,49.714972922645316],[6.602489116372481,49.714927989567471],[6.602419805382067,49.7149265541305],[6.602350494397212,49.714925118652083],[6.602352707813489,49.714880185578345],[6.602283396898027,49.714878750060748],[6.602214085988124,49.714877314501713],[6.602216299526517,49.714832381432096],[6.602146988686006,49.714830945833882],[6.602077677851055,49.714829510194228],[6.602008367021662,49.714828074513122],[6.602010580746004,49.714783141449885],[6.601941269986004,49.714781705729614],[6.601871959231564,49.714780269967896],[6.601874173078021,49.714735336908753],[6.601804862392974,49.714733901107863],[6.601735551713488,49.714732465265527],[6.601737765682056,49.714687532210519],[6.601668455071963,49.714686096329011],[6.60159914446743,49.714684660406057],[6.601601358558112,49.714639727355163],[6.601532048022972,49.714638291393022],[6.601462737493391,49.714636855389465],[6.601464951706186,49.714591922342677],[6.601395641246,49.714590486299933],[6.601326330791374,49.71458905021575],[6.601257020342308,49.714587614090128],[6.601259234741047,49.714542681049714],[6.601189924361377,49.714541244884906],[6.601120613987266,49.714539808678673],[6.601122828508116,49.71449487564238],[6.6010535182034,49.714493439396961],[6.600984207904244,49.714492003110109],[6.600986422547204,49.714447070077917],[6.600917112317444,49.714445633751879],[6.600847802093244,49.714444197384402],[6.600850016858312,49.714399264356345],[6.600780706703507,49.714397827949689],[6.600711396554264,49.714396391501609],[6.600642086410583,49.714394955012075],[6.600644301361593,49.714350021990391],[6.600574991287306,49.714348585461693],[6.600505681218581,49.714347148891541],[6.600507896291699,49.714302215873971],[6.60043858629237,49.714300779264647],[6.600369276298602,49.714299342613884],[6.600299966310396,49.714297905921683],[6.600302181569452,49.714252972910508],[6.600232871650642,49.714251536179134],[6.600235086967973,49.714206603169792],[6.600165777118559,49.714205166399239],[6.600096467274707,49.714203729587247],[6.600027157436418,49.714202292733823],[6.600029372939686,49.714157359730876],[6.599960063170793,49.714155922838266],[6.599890753407464,49.714154485904217],[6.599892969032835,49.714109552905384],[6.599823659338902,49.71410811593217],[6.599754349650531,49.71410667891751],[6.599756565398007,49.714061745922791],[6.599687255779032,49.714060308868959],[6.599617946165622,49.71405887177368],[6.5996201620352,49.71401393878309],[6.599550852491185,49.714012501648646],[6.599481542952734,49.71401106447275],[6.599412233419847,49.714009627255436],[6.59941444947536,49.713964694271219],[6.599345140011871,49.713963257014719],[6.599275830553945,49.713961819716779],[6.599278046731559,49.713916886736683],[6.599208737343028,49.713915449399565],[6.599139427960064,49.713914012021014],[6.599141644259778,49.713869079045047],[6.59907233494621,49.713867641627317],[6.599003025638207,49.713866204168156],[6.599005242060023,49.713821271196295],[6.598935932821416,49.713819833697954],[6.598866623588376,49.713818396158182],[6.5987973143609,49.713816958576956],[6.598799530968646,49.71377202561149],[6.598730221810567,49.713770587991107],[6.598660912658054,49.713769150329277],[6.598663129387897,49.713724217367918],[6.598593820304782,49.713722779666931],[6.598524511227232,49.71372134192449],[6.598526728079174,49.713676408967245],[6.598457419071021,49.713674971185647],[6.598388110068435,49.713673533362595],[6.598390327042473,49.713628600409479],[6.598321018109284,49.713627162547262],[6.598251709181663,49.713625724643592],[6.598182400259607,49.713624286698497],[6.598184617419571,49.713579353751776],[6.598115308566914,49.713577915767509],[6.598045999719823,49.713576477741796],[6.598048217001883,49.713531544799174],[6.597978908224191,49.713530106734297],[6.597909599452066,49.71352866862798],[6.597911816856221,49.713483735689479],[6.597842508153493,49.713482297543997],[6.597773199456333,49.713480859357063],[6.597775416982581,49.713435926422711],[6.597706108354821,49.713434488196611],[6.597636799732627,49.713433049929066],[6.597567491116001,49.713431611620095],[6.597569708828173,49.71338667869211],[6.597500400280945,49.713385240343968],[6.597431091739286,49.713383801954372],[6.59743330957355,49.713338869030522],[6.597364001101289,49.713337430601761],[6.597294692634597,49.713335992131569],[6.597296910590952,49.713291059211834],[6.597227602193659,49.713289620702476],[6.597158293801935,49.713288182151672],[6.597160511880381,49.713243249236051],[6.597091203558056,49.713241810646082],[6.597021895241299,49.713240372014667],[6.596952586930112,49.713238933341813],[6.596954805194478,49.713194000432594],[6.596885496952688,49.713192561720582],[6.59681618871647,49.713191122967118],[6.596818407102925,49.713146190062012],[6.596749098936105,49.713144751269397],[6.596679790774855,49.713143312435314],[6.5966820092834,49.713098379534344],[6.59661270119155,49.713096940661103],[6.596543393105269,49.713095501746437],[6.59647408502456,49.713094062790319],[6.59647630371902,49.713049129895744],[6.59640699570771,49.713047690900453],[6.59633768770197,49.713046251863737],[6.596339906518518,49.713001318973284],[6.596270598582177,49.712999879897396],[6.596201290651408,49.712998440780069],[6.596203509590041,49.712953507893737],[6.596134201728672,49.712952068737238],[6.596064893872875,49.7129506295393],[6.596067112933594,49.712905696657089],[6.595997805147195,49.712904257419986],[6.595928497366368,49.712902818141437],[6.595930716549172,49.712857885263361],[6.595861408837745,49.712856445945654],[6.595792101131889,49.712855006586516],[6.595722793431607,49.712853567185924],[6.595725012800323,49.712808634314229],[6.59565570516944,49.712807194874479],[6.595586397544131,49.71280575539329],[6.59558861703493,49.71276082252573],[6.595519309479019,49.712759383005377],[6.595450001928682,49.712757943443584],[6.595452221541564,49.712713010580146],[6.595382914060627,49.712711570979181],[6.595313606585262,49.71271013133677],[6.595244299115471,49.712708691652935],[6.595246518914262,49.712663758795898],[6.595177211513872,49.712662319072898],[6.595107904119055,49.712660879308444],[6.595110124039928,49.712615946455536],[6.595040816714511,49.712614506651924],[6.594971509394667,49.712613066806874],[6.594973729437621,49.712568133958079],[6.594904422187179,49.712566694073864],[6.594835114942311,49.712565254148224],[6.594837335107344,49.712520321303543],[6.594768027931877,49.712518881338724],[6.594698720761983,49.712517441332487],[6.594700941049096,49.712472508491942],[6.594631633948603,49.712471068446519],[6.594562326853685,49.712469628359671],[6.594493019764343,49.712468188231377],[6.59449524023736,49.712423255397233],[6.594425933217417,49.712421815229767],[6.594356626203052,49.712420375020869],[6.594358846798146,49.712375442190854],[6.594289539853181,49.712374001942791],[6.594220232913792,49.712372561653289],[6.594222453630962,49.712327628827396],[6.594153146760975,49.712326188498736],[6.594083839896562,49.712324748128644],[6.594086060735809,49.712279815306871],[6.594016753940799,49.712278374897608],[6.593947447151363,49.712276934446898],[6.593949668112685,49.712232001629275],[6.59388036139265,49.7122305611394],[6.593811054678195,49.712229120608093],[6.593813275761592,49.712184187794591],[6.593743969116536,49.712182747224112],[6.593674662477057,49.712181306612216],[6.593605355843156,49.712179865958859],[6.593607577112452,49.712134933151759],[6.593538270547952,49.712133492459252],[6.59346896398903,49.712132051725312],[6.593471185380398,49.712087118922334],[6.593401878890877,49.712085678149215],[6.593332572406934,49.712084237334672],[6.593334793920375,49.712039304535828],[6.593265487505835,49.712037863682127],[6.593196181096871,49.712036422786973],[6.593198402732384,49.711991489992236],[6.593129096392823,49.711990049057938],[6.59305979005884,49.71198860808218],[6.593062011816425,49.711943675291586],[6.592992705551843,49.711942234276691],[6.592923399292841,49.711940793220343],[6.592925621172496,49.711895860433877],[6.592856314982895,49.711894419338364],[6.592787008798873,49.711892978201419],[6.592789230800598,49.711848045419075],[6.592719924685977,49.711846604242979],[6.592650618576938,49.71184516302543],[6.592652840700731,49.711800230247228],[6.592583534661093,49.711798788990514],[6.592514228627036,49.711797347692375],[6.592516450872897,49.711752414918301],[6.592447144908242,49.711750973580997],[6.592377838949166,49.711749532202262],[6.592380061317096,49.711704599432302],[6.592310755427422,49.711703158014409],[6.59224144954333,49.711701716555062],[6.592172143664817,49.711700275054291],[6.592174366218635,49.711655342290747],[6.592105060409525,49.711653900750797],[6.592035754605996,49.711652459169429],[6.592037977281881,49.71160752641002],[6.591968671547753,49.711606084789494],[6.591899365819208,49.711604643127515],[6.591901588617158,49.711559710372235],[6.591832282958016,49.711558268671098],[6.591762977304453,49.711556826928529],[6.591765200224468,49.71151189417737],[6.59169589464031,49.711510452395643],[6.591626589061732,49.711509010572485],[6.591628812103811,49.711464077825468],[6.591559506594638,49.711462635963144],[6.591490201091045,49.711461194059382],[6.591492424255187,49.711416261316486],[6.591423118820999,49.711414819373559],[6.591353813392392,49.711413377389206],[6.591356036678596,49.711368444650454],[6.591286731319394,49.711367002626929],[6.591217425965773,49.71136556056198],[6.59121964937404,49.711320627827341],[6.591150344089823,49.71131918572322],[6.591081038811188,49.711317743577688],[6.591083262341517,49.711272810847184],[6.591013957132286,49.711271368662473],[6.590944651928638,49.71126992643633],[6.590946875581025,49.711224993709976],[6.590877570446781,49.711223551444675],[6.59080826531812,49.711222109137928],[6.590810489092569,49.711177176415696],[6.590741184033312,49.711175734069798],[6.590671878979638,49.711174291682461],[6.590674102876145,49.711129358964364],[6.590604797891875,49.711127916537869],[6.59053549291319,49.711126474069935],[6.590537716931756,49.711081541355973],[6.590468412022474,49.711080098848889],[6.590399107118777,49.711078656300359],[6.590401331259401,49.711033723590525],[6.590332026425108,49.711032281002844],[6.590262721596399,49.711030838373716],[6.590264945859079,49.710985905668025],[6.590195641099776,49.71098446299974],[6.590126336346055,49.710983020290037],[6.590128560730792,49.710938087588481],[6.590059256046477,49.710936644839613],[6.589989951367746,49.710935202049299],[6.589992175874539,49.710890269351871],[6.589922871265213,49.710888826522407],[6.589853566661473,49.71088738365151],[6.589855791290321,49.710842450958211],[6.589786486755986,49.710841008048149],[6.589717182227235,49.710839565096656],[6.589647877704071,49.710838122103723],[6.589650102518792,49.71079318941684],[6.589580798065032,49.710791746384764],[6.589583022937989,49.710746813699735],[6.589513718553634,49.710745370628494],[6.589444414174864,49.710743927515821],[6.589446639169874,49.710698994834921],[6.589377334860511,49.71069755168309],[6.589308030556733,49.71069610848982],[6.589310255673795,49.710651175813062],[6.589240951439423,49.710649732580649],[6.589171647210637,49.710648289306789],[6.58917387244975,49.710603356634159],[6.58910456829037,49.710601913321149],[6.589035264136578,49.710600469966693],[6.589037489497742,49.710555537298198],[6.588968185413353,49.710554093904591],[6.588898881334554,49.710552650469545],[6.588901106817768,49.7105077178052],[6.588831802808373,49.710506274330996],[6.588762498804566,49.710504830815367],[6.588693194806347,49.710503387258292],[6.588695420475427,49.710458454600357],[6.588626116546614,49.710457011004131],[6.588556812623389,49.710455567366473],[6.588559038414518,49.710410634712673],[6.588489734560699,49.710409191035858],[6.588420430712468,49.710407747317603],[6.588422656625644,49.71036281466796],[6.58835335284682,49.71036137091054],[6.588284049073584,49.710359927111703],[6.588286275108808,49.710314994466181],[6.588216971404977,49.710313550628186],[6.588147667706736,49.710312106748752],[6.588149893864006,49.710267174107365],[6.588080590235172,49.71026573018878],[6.588011286611925,49.710264286228764],[6.588013512891242,49.710219353591512],[6.587944209337404,49.710217909592345],[6.587874905789153,49.710216465551731],[6.587877132190514,49.710171532918622],[6.587807828711671,49.710170088838858],[6.587738525238418,49.710168644717655],[6.587740751761824,49.710123712088681],[6.587671448357976,49.710122267928327],[6.587602144959719,49.710120823726555],[6.587604371605168,49.710075891101724],[6.587535068276318,49.710074446860773],[6.587465764953057,49.710073002578405],[6.587467991720549,49.710028069957708],[6.587398688466697,49.710026625636175],[6.587329385218435,49.710025181273217],[6.587331612107969,49.709980248656663],[6.587262308929114,49.709978804254561],[6.58719300575585,49.709977359810999],[6.587195232767426,49.709932427198581],[6.587125929663569,49.709930982715882],[6.587056626565302,49.709929538191744],[6.58705885369892,49.709884605583447],[6.586989550670061,49.709883161020159],[6.586920247646794,49.709881716415438],[6.58692247490245,49.709836783811312],[6.586853171948591,49.709835339167427],[6.586783869000322,49.709833894482117],[6.586786096378019,49.709788961882111],[6.58671679349916,49.70978751715765],[6.58664749062589,49.709786072391751],[6.586649718125626,49.709741139795902],[6.586580415321765,49.709739694990844],[6.586511112523496,49.709738250144362],[6.58651334014527,49.709693317552642],[6.586444037416407,49.709691872667015],[6.586374734693139,49.709690427739943],[6.586305431975465,49.709688982771439],[6.58630765978309,49.709644050186142],[6.586238357134823,49.709642605178487],[6.586240585000671,49.709597672595038],[6.586171282421812,49.709596227548232],[6.586101979848546,49.709594782459988],[6.586104207836429,49.709549849880695],[6.58603490533257,49.709548404753313],[6.585965602834306,49.709546959584486],[6.585896300341635,49.70954551437422],[6.585898528515369,49.709500581801343],[6.585829226092105,49.709499136551941],[6.585759923674436,49.709497691261092],[6.585762151970204,49.709452758692358],[6.585692849621944,49.709451313362372],[6.585623547279279,49.709449867990941],[6.585621318855885,49.709494800555106],[6.585619090426897,49.709539733118852],[6.585616861992317,49.709584665682158],[6.585547559463807,49.709583220262452],[6.58554533095982,49.709628152823065],[6.585543102450242,49.709673085383258],[6.585473799799698,49.709671639917552],[6.585471571220712,49.709716572475024],[6.585469342636133,49.709761505032084],[6.585400039863557,49.70976005952037],[6.585402268511951,49.709715126965598],[6.585332965808783,49.709713681414733],[6.585263663111212,49.709712235822444],[6.58526589188164,49.709667303271807],[6.58519658925348,49.709665857640374],[6.585127286630914,49.709664411967495],[6.585057984013946,49.70966296625317],[6.58506021297022,49.709618033708971],[6.584990910422662,49.709616587955509],[6.5849216078807,49.709615142160608],[6.58492383695901,49.709570209620544],[6.584854534486457,49.709568763786486],[6.584785232019501,49.709567317911009],[6.584787461219842,49.709522385375109],[6.584718158822297,49.709520939460468],[6.584648856430348,49.709519493504409],[6.584651085752721,49.709474560972637],[6.584581783430184,49.709473114977413],[6.584512481113244,49.709471668940772],[6.584514710557647,49.709426736413128],[6.584445408310117,49.709425290337329],[6.584376106068184,49.709423844220105],[6.58430680383185,49.709422398061442],[6.584309033462096,49.709377465540236],[6.584239731295172,49.709376019342436],[6.584170429133846,49.709374573103183],[6.584172658886122,49.709329640586127],[6.584103356794208,49.709328194307723],[6.584034054707891,49.709326747987902],[6.584036284582195,49.709281815474988],[6.58396698256529,49.709280369115994],[6.583897680553983,49.70927892271559],[6.583899910550316,49.709233990206826],[6.58383060860842,49.709232543767271],[6.583761306672122,49.709231097286278],[6.583692004741425,49.709229650763845],[6.583694234923597,49.709184718261504],[6.583624933062311,49.709183271699935],[6.583555631206623,49.709181825096934],[6.583557861510822,49.709136892598735],[6.583488559724547,49.709135445956576],[6.583419257943871,49.709133999272993],[6.583421488370095,49.709089066778951],[6.58335218665883,49.709087620056202],[6.583282884953165,49.709086173292043],[6.583213583253102,49.709084726486445],[6.583215813865162,49.709039793998819],[6.58314651223451,49.709038347154078],[6.583077210609458,49.70903690026789],[6.583079441343543,49.708991967784428],[6.583010139787903,49.708990520859096],[6.582940838237864,49.708989073892333],[6.582943069093972,49.708944141413014],[6.582873767613344,49.708942694407099],[6.582804466138318,49.708941247359753],[6.58280669711645,49.708896314884583],[6.582737395710835,49.708894867798094],[6.582668094310822,49.708893420670172],[6.582670325410976,49.708848488199145],[6.582601024080375,49.708847041032072],[6.582531722755378,49.708845593823575],[6.58246242143598,49.708844146573647],[6.582464652721964,49.70879921410905],[6.58239535147198,49.70879776681997],[6.582326050227597,49.708796319489458],[6.582328281635602,49.708751387029004],[6.582258980460633,49.708749939659349],[6.582189679291266,49.708748492248255],[6.58219191082129,49.708703559791964],[6.582122609721336,49.708702112341733],[6.582053308626984,49.708700664850056],[6.581984007538235,49.708699217316962],[6.581986239254088,49.708654284867087],[6.581916938234753,49.708652837294842],[6.58184763722102,49.708651389681172],[6.581849869058891,49.708606457235454],[6.581780568114572,49.708605009582627],[6.581711267175855,49.708603561888374],[6.581713499135745,49.708558629446806],[6.581644198266441,49.708557181713402],[6.581574897402741,49.708555733938574],[6.581577129484648,49.708510801501156],[6.581507828690362,49.70850935368717],[6.58143852790168,49.708507905831759],[6.581369227118604,49.708506457934917],[6.581371459386334,49.708461525503942],[6.58130215867267,49.708460077567949],[6.58123285796461,49.708458629590538],[6.581163557262156,49.708457181571681],[6.58116578971571,49.708412249147145],[6.58109648908267,49.708410801089158],[6.581027188455232,49.708409352989726],[6.580957887833402,49.708407904848876],[6.58096012047278,49.708362972430741],[6.580890819920364,49.708361524250755],[6.580821519373552,49.708360076029315],[6.580823752134944,49.708315143615351],[6.580754451657547,49.708313695354782],[6.580685151185755,49.708312247052767],[6.580687384069159,49.708267314642967],[6.580618083666781,49.708265866301815],[6.580548783270011,49.708264417919231],[6.580479482878846,49.708262969495216],[6.58048171594807,49.708218037091839],[6.580412415626319,49.70821658862868],[6.580343115310176,49.708215140124089],[6.58034534850141,49.708170207724876],[6.580276048254682,49.708168759181142],[6.580206748013558,49.708167310595975],[6.580208981326805,49.708122378200912],[6.580139681155096,49.708120929576609],[6.580070380988997,49.708119480910867],[6.580072614424251,49.708074548519953],[6.580003314327564,49.708073099815067],[6.579934014236486,49.708071651068757],[6.579864714151016,49.708070202281007],[6.579866947772087,49.708025269896531],[6.579797647756031,49.708023821069638],[6.579728347745584,49.708022372201327],[6.579730581488663,49.707977439821008],[6.57966128154763,49.707975990913546],[6.579591981612206,49.707974541964653],[6.579594215477293,49.707929609588476],[6.579524915611284,49.707928160600446],[6.579455615750883,49.707926711570984],[6.579457849737977,49.707881779198971],[6.579388549946992,49.707880330130358],[6.579390783992284,49.707835397760221],[6.579321484270715,49.707833948652464],[6.579252184554753,49.70783249950329],[6.579182884844402,49.70783105031267],[6.579185119075507,49.707786117948963],[6.57911581943457,49.707784668719206],[6.579118053723874,49.707739736357361],[6.579048754152354,49.707738287088461],[6.578979454586443,49.707736837778135],[6.57898168899775,49.707691905420454],[6.578912389501253,49.707690456070992],[6.578843090010367,49.707689006680091],[6.578845324543678,49.707644074326559],[6.578776025122209,49.707642624896515],[6.578706725706348,49.707641175425053],[6.578708960361664,49.707596243075663],[6.578639661015219,49.707594793565065],[6.578570361674386,49.70759334401302],[6.578572596451702,49.707548411667794],[6.578503297180284,49.70754696207662],[6.578433997914476,49.707545512444014],[6.578436232813794,49.707500580102938],[6.578366933617404,49.707499130431188],[6.578369168574918,49.707454198091973],[6.578299869447942,49.707452748381073],[6.578230570326578,49.707451298628754],[6.578232805406092,49.707406366293718],[6.578163506354144,49.707404916502249],[6.578165741491855,49.707359984169052],[6.578096442509322,49.707358534338461],[6.578027143532402,49.70735708446643],[6.57802937879211,49.707312152137405],[6.577960079884606,49.707310702226231],[6.57796231520251,49.707265769899081],[6.577893016364421,49.707264319948756],[6.577823717531944,49.707262869957013],[6.577825952971845,49.707217937633999],[6.577756654208784,49.707216487603134],[6.57775888970688,49.707171555281995],[6.577689591013235,49.707170105211972],[6.577691826569524,49.707125172892688],[6.577622527945295,49.707123722783528],[6.577624763559776,49.707078790466113],[6.577555465004965,49.707077340317809],[6.577486166455765,49.707075890128095],[6.57741686791218,49.707074439896942],[6.57741910371246,49.707029507585979],[6.577349805238289,49.707028057315682],[6.577352041096762,49.70698312500658],[6.577282742692009,49.70698167469714],[6.577213444292868,49.706980224346296],[6.577215680273333,49.706935292041344],[6.57714638194361,49.706933841651342],[6.577148617982266,49.706888909348272],[6.577079319721959,49.706887458919127],[6.577081555818808,49.706842526617905],[6.577012257627917,49.70684107614963],[6.57694295944264,49.70683962563993],[6.57694519566148,49.706794693342879],[6.57687589754562,49.706793242794028],[6.576878133822651,49.706748310498845],[6.576808835776206,49.706746859910872],[6.576811072111426,49.706701927617544],[6.576741774134398,49.706700476990427],[6.576672476162983,49.706699026321893],[6.576674712620195,49.706654094032722],[6.576605414718198,49.706652643325029],[6.576607651233598,49.706607711037741],[6.576538353401018,49.706606260290918],[6.576540589974607,49.706561328005485],[6.576471292211442,49.706559877219519],[6.576473528843219,49.706514944935961],[6.576404231149471,49.706513494110865],[6.576406467839435,49.706468561829176],[6.576337170215104,49.706467110964937],[6.576339406963256,49.706422178685116],[6.576270109408341,49.70642072778174],[6.57627234621468,49.706375795503781],[6.576203048729181,49.706374344561269],[6.576133751249298,49.706372893577331],[6.576135988177623,49.706327961303536],[6.576066690767156,49.706326510280469],[6.57606892775367,49.706281578008536],[6.575999630412619,49.706280126946325],[6.576001867457318,49.706235194676246],[6.575932570185684,49.706233743574906],[6.575934807288569,49.70618881130671],[6.575865510086349,49.706187360166226],[6.575867747247421,49.706142427899898],[6.575798450114619,49.706140976720278],[6.575800687333874,49.706096044455812],[6.575731390270487,49.706094593237054],[6.575733627547928,49.706049660974458],[6.575664330553957,49.70604820971657],[6.575666567889582,49.706003277455842],[6.575597270965028,49.706001826158825],[6.575599508358838,49.705956893899952],[6.5755302115037,49.705955442563784],[6.575460914654179,49.705953991186206],[6.57546315216997,49.705909058931503],[6.575393855389866,49.705907607514781],[6.575396092963841,49.705862675261947],[6.575326796253152,49.705861223806096],[6.57532903388531,49.705816291555124],[6.575259737244037,49.705814840060135],[6.575261974934378,49.705769907811039],[6.575192678362521,49.705768456276907],[6.575194916111045,49.705723524029679],[6.575125619608604,49.705722072456417],[6.57512785741531,49.705677140211051],[6.575058560982285,49.70567568859866],[6.575060798847173,49.705630756355163],[6.574991502483564,49.705629304703635],[6.574993740406633,49.705584372462006],[6.574924444112439,49.705582920771342],[6.57492668209369,49.705537988531574],[6.574857385868912,49.705536536801787],[6.574859623908343,49.705491604563896],[6.574790327752981,49.705490152794965],[6.574792565850593,49.705445220558943],[6.574723269764647,49.705443768750868],[6.574725507920438,49.705398836516721],[6.574656211903908,49.705397384669517],[6.574658450117879,49.705352452437232],[6.574589154170765,49.705351000550898],[6.574591392442915,49.705306068320482],[6.574522096565216,49.705304616395011],[6.574524334895547,49.705259684166471],[6.574455039087264,49.705258232201864],[6.574457277475773,49.705213299975185],[6.574387981736906,49.705211847971455],[6.574390220183592,49.705166915746638],[6.574320924514141,49.705165463703779],[6.574323163019007,49.705120531480837],[6.574253867418969,49.705119079398841],[6.574256105982013,49.705074147177754],[6.574186810451392,49.705072695056629],[6.574189049072615,49.705027762837418],[6.574119753611408,49.705026310677155],[6.574121992290808,49.70498137845982],[6.574052696899017,49.704979926260421],[6.574054935636592,49.704934994044962],[6.573985640314218,49.704933541806433],[6.57398787910997,49.704888609592828],[6.573990117900105,49.704843677378804],[6.573920822710939,49.704842225103441],[6.57392306155925,49.704797292891278],[6.5738537664395,49.704795840576779],[6.573856005345987,49.704750908366492],[6.573786710295651,49.70474945601287],[6.573788949260313,49.704704523804445],[6.573791188219356,49.704659591595608],[6.57372189330223,49.704658139205144],[6.573724132319449,49.704613206998168],[6.573654837471737,49.70461175456856],[6.573657076547129,49.704566822363461],[6.573587781768833,49.704565369894738],[6.5735900209024,49.704520437691507],[6.57352072619352,49.704518985183633],[6.573522965385262,49.704474052982263],[6.573453670745794,49.704472600435274],[6.57345590999571,49.704427668235788],[6.573458149240007,49.704382736035868],[6.573388854733746,49.704381283452037],[6.573391094036216,49.704336351253986],[6.573321799599372,49.704334898631018],[6.573324038960014,49.70428996643485],[6.573254744592584,49.704288513772752],[6.573256984011398,49.704243581578439],[6.573187689713382,49.704242128877212],[6.57318992919037,49.704197196684767],[6.573192168661738,49.704152264491903],[6.573122874496928,49.704150811753848],[6.573125114026469,49.704105879562846],[6.573055819931072,49.704104426785662],[6.573058059518784,49.704059494596542],[6.572988765492802,49.704058041780215],[6.572991005138685,49.704013109592964],[6.572993244778949,49.703968177405272],[6.572923950886171,49.703966724552124],[6.572926190584606,49.703921792366302],[6.572856896761243,49.703920339474024],[6.572859136517847,49.703875407290084],[6.572861376268831,49.703830475105718],[6.572792082578672,49.703829022176599],[6.572722788894137,49.703827569206062],[6.57272502876708,49.70378263702586],[6.572727268634405,49.703737704845238],[6.572657975083073,49.703736251837846],[6.572660215008566,49.703691319659093],[6.572590921526649,49.703689866612585],[6.572593161510309,49.703644934435694],[6.572595401488352,49.703600002258391],[6.572526108139637,49.703598549175041],[6.572528348175847,49.703553616999606],[6.572459054896545,49.703552163877134],[6.572461294990924,49.703507231703576],[6.572392001781035,49.70350577854196],[6.572394241933583,49.703460846370263],[6.572396482080507,49.703415914198146],[6.572327189003821,49.703414460999717],[6.572329429208913,49.703369528829462],[6.572260136201641,49.703368075591904],[6.5722623764649,49.703323143423503],[6.57219308352704,49.703321690146815],[6.572195323848466,49.703276757980298],[6.572197564164271,49.703231825813376],[6.572128271359612,49.703230372499853],[6.572130511733583,49.703185440334778],[6.572061218998337,49.70318398698214],[6.571991926268717,49.703182533588055],[6.571989685767169,49.70322746574854],[6.571920392979385,49.703226012310736],[6.571851100197224,49.703224558831529],[6.571853340826348,49.703179626675634],[6.571784048113602,49.703178173157291],[6.571786288800892,49.703133241003286],[6.571716996157559,49.703131787445813],[6.571719236903013,49.703086855293677],[6.571649944329092,49.703085401697081],[6.571652185132713,49.703040469546799],[6.571582892628204,49.703039015911074],[6.571585133489989,49.702994083762675],[6.571515841054894,49.702992630087827],[6.571518081974842,49.702947697941298],[6.571448789609161,49.702946244227313],[6.571451030587273,49.702901312082652],[6.571381738291005,49.702899858329552],[6.571383979327281,49.702854926186774],[6.571314687100426,49.70285347239453],[6.571245394879196,49.70285201856089],[6.571247636037421,49.702807086422261],[6.571178343885607,49.702805632549477],[6.571180585101994,49.702760700412718],[6.571111293019593,49.702759246500804],[6.571113534294143,49.702714314365934],[6.571044242281152,49.702712860414898],[6.571046483613865,49.702667928281898],[6.570977191670288,49.702666474291746],[6.570979433061162,49.7026215421606],[6.570910141186999,49.702620088131319],[6.570912382636034,49.702575156002055],[6.570843090831284,49.702573701933645],[6.570845332338481,49.702528769806243],[6.570776040603143,49.702527315698717],[6.570706748873432,49.702525861549759],[6.570708990502575,49.702480929426535],[6.570639698842277,49.702479475238448],[6.570641940529582,49.702434543117093],[6.570572648938697,49.702433088889883],[6.57057489068416,49.702388156770397],[6.570505599162687,49.702386702504072],[6.570507840966311,49.702341770386454],[6.57043854951425,49.702340316080999],[6.570440791376034,49.702295383965264],[6.570371499993387,49.70229392962068],[6.570302208616369,49.702292475234671],[6.570232917244978,49.702291020807252],[6.570163625879217,49.702289566338393],[6.570161383762295,49.702334498444934],[6.570092092338378,49.70233304393237],[6.570089850152044,49.702377976036196],[6.570020558669971,49.702376521479913],[6.569951267193527,49.70237506688219],[6.569949024873996,49.702419998981007],[6.569879733339396,49.702418544339587],[6.569877490950454,49.702463476435653],[6.569808199357697,49.702462021750513],[6.569805956899343,49.702506953843873],[6.569736665248429,49.702505499115006],[6.569734422720663,49.702550431205644],[6.569665131011594,49.70254897643305],[6.569595839308155,49.702547521619046],[6.56959359664719,49.702592453704668],[6.569524304885597,49.702590998846929],[6.569522062155216,49.702635930929837],[6.569452770335467,49.702634476028379],[6.569450527535674,49.702679408108551],[6.569381235657768,49.702677953163381],[6.569311943785494,49.702676498176785],[6.5693097008525,49.702721430251941],[6.569240408922069,49.702719975221619],[6.569238165919662,49.70276490729406],[6.569168873931077,49.702763452220026],[6.569166630859255,49.702808384289725],[6.569097338812513,49.702806929171977],[6.569028046771404,49.702805474012798],[6.56902580356638,49.702850406077481],[6.568956511467116,49.702848950874582],[6.568954268192676,49.702893882936543],[6.568884976035256,49.702892427689925],[6.568882732691399,49.702937359749164]],[[6.618896920217678,49.732673410747807],[6.618894720683377,49.732718344224857],[6.618825383531997,49.732716918233713],[6.618827583130201,49.732671984758916],[6.618896920217678,49.732673410747807]],[[6.616009990888017,49.736347236314757],[6.616079333069814,49.736348664066718],[6.616077130648308,49.736393597423096],[6.616007788402596,49.736392169668875],[6.616009990888017,49.736347236314757]],[[6.617476089084561,49.737591839029228],[6.617545433113801,49.737593265929576],[6.617614777148569,49.737594692788463],[6.617612576047892,49.737639626185292],[6.617543231949204,49.737638199324159],[6.617473887856046,49.737636772421553],[6.617476089084561,49.737591839029228]],[[6.624725592748863,49.746916426012426],[6.62479495043419,49.74691784876719],[6.624792755240528,49.746962782325561],[6.624723397491248,49.74696135956853],[6.62472120222812,49.74700629312423],[6.624719006959478,49.747051226679488],[6.624649649087803,49.747049803876479],[6.624647453749693,49.747094737429087],[6.62457809581958,49.74709331458233],[6.624575900412003,49.747138248132266],[6.62464525840607,49.747139670981269],[6.624640867702285,49.747229538084362],[6.624571509580305,49.747228115230868],[6.624569314156188,49.74727304877954],[6.624567118726557,49.747317982327765],[6.624636476976446,49.747319405185756],[6.624634281605255,49.747364338735842],[6.624564923291411,49.747362915875605],[6.624562727850752,49.747407849422999],[6.624493369478467,49.747406426519028],[6.624424011111699,49.747405003573554],[6.624354652750445,49.747403580586592],[6.624356848382972,49.747358647045935],[6.62428749009119,49.747357224019723],[6.624289685782158,49.747312290480878],[6.624291881467612,49.747267356941641],[6.624294077147551,49.747222423401972],[6.624296272821977,49.747177489861869],[6.624226914791534,49.747176066803164],[6.624229110524399,49.747131133264901],[6.624231306251751,49.747086199726205],[6.62423350197359,49.747041266187082],[6.624302859812168,49.747042689239045],[6.624441575505875,49.74704553521849],[6.624510933361002,49.74704695814598],[6.624580291221645,49.747048381031973],[6.624582486618196,49.747003447481198],[6.624651844420399,49.747004870323465],[6.624654039747483,49.746959936770011],[6.624656235069052,49.746915003216145],[6.624725592748863,49.746916426012426]],[[6.62470494297331,49.748760124314231],[6.624635582665728,49.748758701467295],[6.624639973616517,49.74866883438839],[6.624642169083641,49.748623900848294],[6.624644364545252,49.7485789673078],[6.624575004499027,49.74857754442835],[6.624505644458318,49.748576121507412],[6.624436284423125,49.748574698544985],[6.624366924393449,49.748573275541062],[6.624371315811808,49.748483408476758],[6.624373511512716,49.748438474943974],[6.62437570720811,49.748393541410763],[6.624445066981947,49.748394964405698],[6.624447262607868,49.748350030869815],[6.624585982044173,49.748352876730706],[6.624655341770598,49.748354299598908],[6.624724701502541,49.748355722425615],[6.624729092226166,49.748265855334616],[6.624731287579709,49.74822092178848],[6.624733482927738,49.748175988241925],[6.624802842409362,49.748177411018148],[6.624800647125291,49.748222344566955],[6.624798451835708,49.748267278115335],[6.624796256540611,49.74831221166329],[6.624791865933877,49.748402078757934],[6.62478747530509,49.748491945850908],[6.624785279982428,49.74853687939676],[6.62478308465425,49.748581812942184],[6.624780889320561,49.748626746487183],[6.624778693981356,49.748671680031777],[6.624848054172049,49.748673102791223],[6.624841468313241,49.74880790342921],[6.624772107930665,49.748806480663013],[6.624702747553605,49.748805057855321],[6.62470494297331,49.748760124314231]],[[6.627480774365171,49.761590932968581],[6.627478580515209,49.761635866500022],[6.627476386659739,49.761680800031023],[6.627407007782484,49.761679378575153],[6.627409201701964,49.761634445046397],[6.627411395615933,49.761589511517201],[6.627480774365171,49.761590932968581]],[[6.627545765542505,49.761682221445383],[6.627543571745529,49.76172715497821],[6.627541377943044,49.761772088510618],[6.627610756959339,49.761773509887952],[6.627608563215351,49.761818443422186],[6.627606369465851,49.761863376956001],[6.627675748615674,49.761864798296308],[6.627671361228161,49.761954665367163],[6.62760198195032,49.761953244022365],[6.627532602677992,49.76195182263605],[6.627463223411178,49.761950401208225],[6.62746102951713,49.761995334736262],[6.627391650191821,49.761993913264675],[6.627393844149878,49.761948979738875],[6.627398232049458,49.761859112685983],[6.62740042599098,49.761814179158911],[6.627402619926993,49.761769245631413],[6.627471998932263,49.761770667091774],[6.627474192798756,49.761725733561605],[6.627476386659739,49.761680800031023],[6.627545765542505,49.761682221445383]],[[6.632517133233181,49.76655167917896],[6.63244774715155,49.766550260640564],[6.632449936789394,49.76650532698595],[6.632519322806998,49.766506745522094],[6.632517133233181,49.76655167917896]],[[6.663510883803509,49.776311735714117],[6.663441482243345,49.776310335536444],[6.663372080688616,49.776308935317246],[6.663374242487284,49.776264000741349],[6.663304841002053,49.776262600482816],[6.663235439522258,49.776261200182752],[6.663237601443627,49.776216265610856],[6.663307002859357,49.77621766590871],[6.663376404280521,49.776219066165027],[6.663445805707117,49.776220466379812],[6.663443643977947,49.776265400958344],[6.663513045474044,49.776266801133794],[6.663582446975576,49.776268201267726],[6.663580285369108,49.776313135850245],[6.663510883803509,49.776311735714117]],[[6.663168200033332,49.776214865271456],[6.663098798628471,49.776213464890532],[6.663029397229046,49.776212064468069],[6.662959995835054,49.776210664004061],[6.662962158007255,49.776165729440606],[6.662892756682765,49.776164328937277],[6.662823355363709,49.776162928392409],[6.662825517658608,49.776117993832969],[6.662756116409053,49.776116593248773],[6.662686715164934,49.776115192623045],[6.662617313926251,49.77611379195578],[6.662619476407915,49.776068857402542],[6.662550075238733,49.776067456695955],[6.662480674074986,49.77606605594783],[6.662482836679347,49.776021121398607],[6.662413435585102,49.77601972061116],[6.662344034496293,49.776018319782168],[6.66227463341292,49.776016918911644],[6.662276796204043,49.775971984368645],[6.662207395190172,49.775970583458793],[6.662137994181737,49.775969182507417],[6.662140157095556,49.775924247968412],[6.662070756156623,49.7759228469777],[6.662001355223127,49.775921445945457],[6.66193195429507,49.775920044871675],[6.661934117395647,49.775875110338902],[6.661864716537091,49.775873709225799],[6.661795315683971,49.77587230807115],[6.661797478907243,49.775827373542405],[6.661728078123626,49.775825972348429],[6.661658677345446,49.775824571112928],[6.661589276572705,49.775823169835881],[6.661591439982735,49.775778235313346],[6.661522039279495,49.775776833996979],[6.661524202748153,49.775731899476227],[6.661593603387329,49.775733300790385],[6.661595766786486,49.775688366267012],[6.661665167367036,49.775689767537415],[6.661663004031942,49.775734702063005],[6.661732404681993,49.775736103294079],[6.661801805337482,49.775737504483615],[6.66179964212508,49.775782439013213],[6.66186904285007,49.775783840163434],[6.661938443580498,49.775785241272111],[6.66193628049079,49.775830175805716],[6.662005681290718,49.775831576875078],[6.662075082096085,49.775832977902894],[6.662144482906888,49.775834378889186],[6.662142320003939,49.775879313429009],[6.662211720884244,49.775880714375965],[6.662281121769984,49.775882115281391],[6.662278958989731,49.775927049825228],[6.662348359944974,49.775928450691325],[6.662417760905653,49.775929851515883],[6.662487161871767,49.775931252298918],[6.662484999278274,49.775976186848979],[6.66255440031389,49.775977587592692],[6.662623801354941,49.775978988294852],[6.662621638884145,49.776023922848907],[6.662691039994697,49.776025323511746],[6.662760441110685,49.776026724133047],[6.662758278762587,49.776071658691116],[6.662827679948076,49.776073059273102],[6.662897081139,49.776074459813543],[6.662966482335358,49.776075860312453],[6.662964320174023,49.776120794876739],[6.663033721439882,49.77612219533632],[6.663103122711176,49.776123595754363],[6.663100960672541,49.776168530322657],[6.663170362013334,49.776169930701371],[6.663239763359564,49.776171331038555],[6.663237601443627,49.776216265610856],[6.663168200033332,49.776214865271456]],[[6.664951035025386,49.776700606848905],[6.665020437217594,49.776702006130428],[6.665018276907672,49.776746940755622],[6.664948874651395,49.776745541471897],[6.664879472400549,49.776744142146619],[6.664881632838608,49.776699207525837],[6.664951035025386,49.776700606848905]],[[6.669128508810057,49.777954190571371],[6.66905910462646,49.777952793724779],[6.668989700448285,49.777951396836663],[6.668991857177693,49.777906462093796],[6.668922453069012,49.777905065166337],[6.668853048965754,49.777903668197339],[6.66885520581789,49.777858733458473],[6.668785801784126,49.777857336450133],[6.668716397755784,49.777855939400261],[6.668646993732864,49.777854542308845],[6.668649150771798,49.777809607576188],[6.668579746818374,49.777808210445428],[6.668510342870372,49.777806813273145],[6.668512500032031,49.777761878544474],[6.668443096153524,49.777760481332862],[6.66837369228044,49.777759084079698],[6.668375849564824,49.777714149355035],[6.668445253373836,49.777715546605982],[6.668514657188271,49.777716943815399],[6.668584061008128,49.777718340983284],[6.66858190391596,49.777763275714562],[6.668651307805312,49.777764672843105],[6.668720711700087,49.777766069930109],[6.668718554730646,49.777811004665402],[6.668787958694915,49.777812401713057],[6.668857362664605,49.777813798719201],[6.668926766639717,49.777815195683779],[6.668924609857075,49.777860130425275],[6.668994013901683,49.777861527350524],[6.669063417951711,49.777862924234235],[6.669061261291795,49.777907858979724],[6.669130665411317,49.777909255824106],[6.669200069536262,49.77791065262695],[6.669197912999074,49.777955587376425],[6.669128508810057,49.777954190571371]],[[6.668306445761234,49.777712752062534],[6.668237041963069,49.77771135472851],[6.668167638170325,49.777709957352926],[6.668098234383005,49.777708559935817],[6.66810039191826,49.77766362521956],[6.668030988200434,49.777662227763123],[6.667961584488033,49.777660830265127],[6.66796374214601,49.777615895552877],[6.667894338503105,49.777614498015552],[6.667824934865623,49.777613100436689],[6.667755531233566,49.777611702816294],[6.667757689078337,49.777566768110248],[6.667688285515776,49.777565370450517],[6.667618881958639,49.777563972749235],[6.667621039926131,49.777519038047195],[6.667551636438491,49.777517640306598],[6.667482232956276,49.777516242524449],[6.667412829479484,49.777514844700768],[6.667414987633768,49.777469910004918],[6.667345584226474,49.777468512141908],[6.667276180824605,49.777467114237346],[6.667278339101609,49.777422179545511],[6.667208935769236,49.777420781601627],[6.667139532442288,49.777419383616206],[6.667141690842011,49.777374448928363],[6.66707228758456,49.777373050903613],[6.667002884332535,49.777371652837317],[6.666933481085937,49.777370254729476],[6.666935639672449,49.777325320047844],[6.666866236495347,49.777323921900681],[6.666868395140505,49.777278987220839],[6.666937798253537,49.777280385365785],[6.667007201371995,49.777281783469199],[6.667076604495878,49.777283181531082],[6.667074446042931,49.777328116217554],[6.667143849236311,49.777329514240101],[6.667213252435116,49.777330912221103],[6.667211094104887,49.777375846911575],[6.667280497373189,49.777377244853255],[6.667349900646916,49.777378642753391],[6.667419303926068,49.777380040611988],[6.66741714578263,49.777424975308655],[6.667486549131278,49.777426373127916],[6.667555952485351,49.777427770905646],[6.667553794464632,49.777472705606328],[6.667623197888202,49.777474103344723],[6.667692601317194,49.777475501041579],[6.667690443419196,49.777520435746254],[6.667759846917685,49.777521833403789],[6.667829250421598,49.777523231019771],[6.667898653930936,49.777524628594215],[6.667896496219731,49.777569563305086],[6.667965899798564,49.777570960840201],[6.668035303382821,49.777572358333778],[6.668033145794338,49.777617293048657],[6.668102549448091,49.777618690502884],[6.668171953107266,49.777620087915601],[6.668241356771865,49.777621485286758],[6.668239199370177,49.77766642000784],[6.668308603104271,49.777667817339669],[6.668378006843787,49.777669214629952],[6.668375849564824,49.777714149355035],[6.668306445761234,49.777712752062534]],[[6.666798992032898,49.777277589034334],[6.666729588930719,49.777276190806305],[6.666731747698595,49.77723125613047],[6.666801150736704,49.777232654356297],[6.66687055378024,49.777234052540578],[6.666868395140505,49.777278987220839],[6.666798992032898,49.777277589034334]],[[6.677914953614012,49.77871540775682],[6.677984359323203,49.778716799314722],[6.677982210847895,49.778761734338126],[6.677912805074627,49.778760342778021],[6.677914953614012,49.77871540775682]],[[6.734153176150534,49.818150284122659],[6.734155275601029,49.81810534763941],[6.734224740369952,49.818106706291211],[6.734222640983687,49.818151642776598],[6.734153176150534,49.818150284122659]],[[6.730481363169742,49.80449516974447],[6.730411918059222,49.804493809119066],[6.730414019959566,49.804448872645743],[6.730483465005906,49.804450233269009],[6.730481363169742,49.80449516974447]],[[6.719839429387379,49.804645999667578],[6.719769984574094,49.804644632662551],[6.719772096336181,49.804599696522338],[6.719841541085287,49.804601063525219],[6.719839429387379,49.804645999667578]],[[6.718835512901411,49.805300899444639],[6.718904958608329,49.805302267022682],[6.718902845991133,49.805347203130282],[6.718833400220032,49.805345835550092],[6.718763954454245,49.805344467928293],[6.718766067199804,49.805299531825014],[6.718835512901411,49.805300899444639]],[[6.709888799020634,49.784254653473532],[6.709890918401139,49.784209717484053],[6.709893037776317,49.784164781494169],[6.709895157146169,49.784119845503852],[6.709964572138063,49.784121218015095],[6.709962452832314,49.784166154007572],[6.709960333521238,49.784211089999637],[6.709958214204837,49.784256025991276],[6.709956094883109,49.78430096198251],[6.709886679634803,49.784299589462599],[6.709888799020634,49.784254653473532]],[[6.716985182112125,49.778142826676309],[6.716915775320897,49.778141458489827],[6.716917887745305,49.778096522232403],[6.716987294472451,49.778097890416717],[6.716985182112125,49.778142826676309]],[[6.719511923749428,49.773155081874975],[6.719442523959373,49.773153715301355],[6.719444633675239,49.773108778925994],[6.71951403340123,49.773110145497448],[6.719511923749428,49.773155081874975]],[[6.717665303468007,49.774018263800947],[6.717734704406769,49.774019631456234],[6.71773259304194,49.774064567770992],[6.717801994050076,49.774065935386893],[6.71779988274401,49.7741108717034],[6.717869283821521,49.77411223927993],[6.717867172574219,49.774157175598184],[6.717936573721106,49.774158543135329],[6.717934462532567,49.774203479455331],[6.717865061321611,49.774202111916033],[6.717862950063698,49.774247048233455],[6.717932351338724,49.774248415774927],[6.717930240139575,49.774293352094098],[6.717999641483976,49.774294719596178],[6.718069042833684,49.774296087056726],[6.718138444188698,49.774297454475736],[6.718136333176453,49.774342390800967],[6.718066931757369,49.774341023379797],[6.717997530343592,49.774339655917096],[6.717928128935122,49.774338288412864],[6.717858727531958,49.774336920867071],[6.717789326134103,49.774335553279741],[6.717787214796206,49.774380489593746],[6.717785103453005,49.77442542590736],[6.717715701932316,49.774424058274171],[6.717717813339586,49.774379121962731],[6.717719924741553,49.774334185650872],[6.717650523354311,49.774332817980479],[6.717652634815041,49.774287881670361],[6.717583233497176,49.774286513960575],[6.717587456530858,49.77419664134343],[6.717589568039739,49.774151705034228],[6.717591679543316,49.774106768724614],[6.717593791041587,49.774061832414588],[6.717595902534554,49.774016896104143],[6.717665303468007,49.774018263800947]],[[6.715285950563024,49.777344694000341],[6.715283836685626,49.777389630212532],[6.715214431052497,49.777388261022047],[6.715216544993975,49.77734332481203],[6.715218658930142,49.777298388601594],[6.71528806443511,49.777299757787745],[6.715285950563024,49.777344694000341]],[[6.629127035081102,49.756317188312018],[6.629057663773402,49.756315767955755],[6.629059855751921,49.756270834331495],[6.62912922699563,49.756272254685541],[6.629127035081102,49.756317188312018]],[[6.623695779257698,49.726789835408866],[6.623697973899858,49.72674490172902],[6.623767302790002,49.726746324679617],[6.623765108211724,49.726791258361722],[6.623695779257698,49.726789835408866]],[[6.5879047015535,49.713815407372103],[6.587906928210447,49.713770474766065],[6.587976236817457,49.713771918862555],[6.587978463404988,49.713726986253796],[6.58804777195376,49.71372843030656],[6.588045545430058,49.7137733629176],[6.58811485404825,49.713774806931205],[6.588112627582789,49.713819739544078],[6.588043318900768,49.713818295528199],[6.587974010224338,49.713816851470874],[6.587971783625631,49.713861784078766],[6.587902474890964,49.713860339977714],[6.587833166161886,49.713858895835223],[6.587835392888252,49.713813963231885],[6.5879047015535,49.713815407372103]],[[6.588105948152877,49.713954537380204],[6.588175257031976,49.713955981361487],[6.588173030607992,49.714000913974964],[6.588103721665064,49.713999469991393],[6.588105948152877,49.713954537380204]],[[6.588304969588121,49.714138599669333],[6.588307195901209,49.714093667052573],[6.588309422208709,49.714048734435394],[6.588378731232239,49.714050178296915],[6.588448040261358,49.714051622117012],[6.588517349296067,49.714053065895655],[6.588515123180058,49.714097998519691],[6.588584432284187,49.714099442259176],[6.588582206226421,49.714144374885066],[6.588512897058461,49.714142931143286],[6.588443587896092,49.714141487360074],[6.588374278739311,49.714140043535437],[6.588304969588121,49.714138599669333]],[[6.606278532580816,49.71828986396774],[6.606347848553819,49.718291297166253],[6.606345638557263,49.718336230344633],[6.606276322520412,49.718334797143847],[6.606278532580816,49.71828986396774]],[[6.619662697628414,49.728371199673546],[6.619664896116027,49.728326266137543],[6.619667094598121,49.7282813326011],[6.619597763728113,49.728279907164655],[6.619599962268575,49.728234973630059],[6.619530631467976,49.7282335481544],[6.619532830066804,49.728188614621608],[6.619602160803518,49.728190040095008],[6.619671491545751,49.728191465526955],[6.619673690011288,49.728146531989253],[6.619743020695157,49.72814795737748],[6.619740822293508,49.728192890917441],[6.619738623886338,49.728237824456968],[6.619807954703502,49.728239249808247],[6.619810153046784,49.728194316266453],[6.619879483805583,49.728195741573991],[6.619877285526186,49.728240675118037],[6.619875087241271,49.72828560866165],[6.619944418133366,49.72828703393224],[6.619942219906818,49.728331967477679],[6.619940021674753,49.728376901022699],[6.619870690654885,49.728375475747612],[6.619868492353414,49.728420409289953],[6.619799161275181,49.728418983971139],[6.619796962904304,49.728463917510815],[6.619727631767705,49.728462492148296],[6.61972983020247,49.728417558610865],[6.619732028631716,49.728372625073028],[6.619662697628414,49.728371199673546]],[[6.619265468609004,49.729397543007046],[6.619334801054137,49.729398968665656],[6.619404133504794,49.729400394282791],[6.619473465960974,49.729401819858452],[6.619471267213107,49.72944675337984],[6.619469068459721,49.729491686900801],[6.61939973587576,49.72949026132062],[6.619401934693037,49.729445327801905],[6.619332602178489,49.729443902182517],[6.619263269669465,49.729442476521669],[6.619265468609004,49.729397543007046]],[[6.619397537052962,49.729535194838903],[6.619328204410633,49.729533769215017],[6.619330403297321,49.72948883569898],[6.61939973587576,49.72949026132062],[6.619397537052962,49.729535194838903]],[[6.620714858306337,49.729562273814359],[6.620645525559104,49.729560848978309],[6.620647723231861,49.729515915419498],[6.620717055915201,49.729517340253295],[6.620714858306337,49.729562273814359]],[[6.620784191059088,49.729563698608935],[6.620853523817359,49.729565123362036],[6.620851326330759,49.729610056927179],[6.620920659158441,49.729611481641072],[6.620918461730215,49.729656415208055],[6.620916264296475,49.729701348774597],[6.620985597257459,49.729702773451528],[6.620983399882092,49.729747707019897],[6.620914066857216,49.729746282340727],[6.62091186941244,49.729791215906424],[6.620909671962147,49.729836149471716],[6.620840338815006,49.729834724746567],[6.620842536329191,49.729789791183535],[6.62077320325146,49.729788366419164],[6.62077540082402,49.729743432857973],[6.620777598391063,49.729698499296347],[6.620779795952589,49.729653565734303],[6.620710463072053,49.729652140935215],[6.620712660691954,49.72960720737499],[6.620714858306337,49.729562273814359],[6.620784191059088,49.729563698608935]],[[6.621108882347062,49.730020157682276],[6.621106685060863,49.730065091252207],[6.6210373515777,49.730063666640206],[6.621039548927791,49.730018733072527],[6.62097021551404,49.73001730842131],[6.620972412922507,49.729972374855471],[6.620903079578169,49.729970950165033],[6.620905277045011,49.729926016601006],[6.620974610325458,49.729927441289192],[6.621043943611423,49.729928865935918],[6.621041746272365,49.729973799504442],[6.621111079627743,49.729975224111932],[6.621108882347062,49.730020157682276]],[[6.6222875513189,49.730044369703634],[6.622289747513395,49.729999436095035],[6.622359080968087,49.730000859956149],[6.622356884837483,49.730045793566994],[6.6222875513189,49.730044369703634]],[[6.621509504542876,49.730343239545107],[6.621507307601429,49.73038817312559],[6.621505110654465,49.730433106705625],[6.621435776627039,49.730431682324422],[6.62136644260513,49.730430257901759],[6.621368639679884,49.730385324326214],[6.621299305727388,49.730383899864329],[6.621301502860518,49.730338966290617],[6.621303699988134,49.730294032716458],[6.621234366168945,49.73029260821761],[6.621236563354937,49.730247674645298],[6.621305897110233,49.730249099141901],[6.621375230871045,49.730250523597043],[6.621373033812841,49.730295457173838],[6.621442367643066,49.730296881589751],[6.621440170643239,49.730341815168401],[6.621509504542876,49.730343239545107]],[[6.621637188235256,49.730570756094757],[6.62170652247092,49.730572180358308],[6.621708719242746,49.730527246772773],[6.621778053420032,49.730528670992612],[6.621775856712103,49.730573604580393],[6.621773659998657,49.730618538167754],[6.621771463279695,49.730663471754688],[6.62176926655522,49.730708405341218],[6.621767069825228,49.730753338927315],[6.621697735328464,49.730751914696242],[6.621699932122351,49.730706981112377],[6.621702128910723,49.730662047528114],[6.621632794547268,49.730660623260064],[6.621634991394019,49.730615689677627],[6.621565657099977,49.730614265370356],[6.621567854005108,49.730569331789745],[6.621570050904724,49.730524398208715],[6.621639385070975,49.730525822511481],[6.621637188235256,49.730570756094757]],[[6.618705359399606,49.730915300960255],[6.618636024826293,49.730913874893332],[6.618638224459189,49.730868941410655],[6.618707558968607,49.730870367475326],[6.618705359399606,49.730915300960255]],[[6.62041674550804,49.731400274545265],[6.620414547475737,49.731445208081844],[6.620412349437915,49.731490141618004],[6.620343013959766,49.731488716560769],[6.620345212061486,49.731443783026862],[6.620347410157687,49.731398849492521],[6.62041674550804,49.731400274545265]],[[6.620481684921585,49.731491566633771],[6.620479486942142,49.731536500171778],[6.620410151394576,49.731535075153751],[6.620412349437915,49.731490141618004],[6.620481684921585,49.731491566633771]],[[6.620548822495233,49.731537925148324],[6.620618158053842,49.731539350083409],[6.620615960196679,49.731584283625473],[6.620613762333997,49.731629217167132],[6.620544426647591,49.731627792227556],[6.620546624574171,49.731582858688135],[6.620477288957183,49.731581433709344],[6.620479486942142,49.731536500171778],[6.620548822495233,49.731537925148324]],[[6.620683098025925,49.731630642065248],[6.620752433723372,49.73163206692189],[6.620754631458257,49.73158713337574],[6.620823967097326,49.731588558188662],[6.620893302741916,49.731589982960116],[6.620962638392023,49.731591407690097],[6.620960440848837,49.731636341243018],[6.621029776568363,49.731637765933783],[6.621031974047652,49.731592832378624],[6.621034171521424,49.731547898823052],[6.621103507118673,49.731549323467846],[6.621105704523028,49.731504389909588],[6.621175040061899,49.731505814510683],[6.621177237396839,49.731460880949754],[6.621179434726263,49.731415947388399],[6.621248770142855,49.731417371943515],[6.621250967402865,49.731372438379502],[6.621253164657357,49.731327504815049],[6.621322499951672,49.731328929324192],[6.62132469713675,49.731283995757082],[6.621394032372686,49.731285420222505],[6.621396229488349,49.731240486652716],[6.621465564665907,49.73124191107442],[6.621534899848982,49.73124333545465],[6.621604235037575,49.731244759793427],[6.62160643195603,49.731199826216468],[6.621675767086243,49.731201250511511],[6.621677963935285,49.731156316931887],[6.621747299007119,49.731157741183218],[6.621749495786748,49.731112807600923],[6.621751692560863,49.731067874018187],[6.621821027510419,49.731069298223545],[6.62182322421512,49.731024364638152],[6.621825420914307,49.73097943105234],[6.621827617607978,49.730934497466109],[6.621896952371362,49.730935921623256],[6.621899148995622,49.730890988034346],[6.621829814296134,49.730889563879444],[6.621832010978774,49.730844630292367],[6.621901345614366,49.730846054445003],[6.621903542227596,49.730801120855247],[6.621972876804808,49.730802544964178],[6.622042211387538,49.730803969031633],[6.6220400149021,49.730848902625887],[6.622035621914683,49.730938769813136],[6.622033425412701,49.730983703406125],[6.622102760256534,49.730985127441109],[6.622100563812935,49.731030061035931],[6.622098367363821,49.731074994630305],[6.622029032392195,49.73107357059083],[6.62202683587367,49.731118504182554],[6.622024639349629,49.731163437773859],[6.622020246285005,49.731253304955196],[6.622018049744421,49.731298238545229],[6.622013656646708,49.731388105724029],[6.622011460089579,49.731433039312797],[6.621942124612288,49.73143161521385],[6.621939927985746,49.73147654879994],[6.621870592450074,49.731475124657273],[6.621868395754118,49.73152005824069],[6.621866199052646,49.731564991823703],[6.621727527742261,49.73156214340495],[6.621729724571529,49.731517209826436],[6.621660388988512,49.731515785557107],[6.621591053411011,49.731514361246312],[6.621588856453946,49.731559294820322],[6.621586659491364,49.731604228393898],[6.621584462523267,49.731649161967056],[6.621653798292463,49.731650586284601],[6.621651601382748,49.731695519859606],[6.621649404467519,49.731740453434163],[6.621718740370031,49.73174187771474],[6.621716543513184,49.731786811291137],[6.621785879485115,49.731788235532505],[6.621783682686652,49.731833169110729],[6.621781485882674,49.731878102688526],[6.621779289073181,49.731923036265897],[6.621777092258172,49.731967969842863],[6.621846428491219,49.731969394051752],[6.621844231734594,49.732014327630544],[6.62191356803706,49.732015751800212],[6.621911371338821,49.732060685380823],[6.621909174635066,49.732105618961022],[6.62197851107085,49.73210704309372],[6.62197631442548,49.732151976675731],[6.622045650930684,49.732153400769214],[6.6220434543437,49.732198334353065],[6.622041257751202,49.732243267936497],[6.621971921118197,49.732241843838516],[6.621969724456283,49.732286777419269],[6.621900387764894,49.732285353277575],[6.621898191033563,49.732330286855642],[6.62182885428379,49.732328862670236],[6.621831051079023,49.7322839290944],[6.62183324786874,49.732238995518145],[6.621763911252288,49.732237571295748],[6.62176171439867,49.732282504869758],[6.621692377723835,49.732281080603641],[6.621690180800799,49.73232601417498],[6.621687983872247,49.732370947745885],[6.621685786938181,49.732415881316378],[6.621616450077158,49.732414457002044],[6.621547113221655,49.732413032646257],[6.621544916154267,49.732457966211811],[6.621475579240381,49.732456541812304],[6.621406242332013,49.732455117371309],[6.621408439527203,49.732410183810245],[6.621410636716877,49.732365250248755],[6.621412833901036,49.732320316686845],[6.621343497189891,49.732318892211133],[6.621345694432434,49.732273958651042],[6.621276357790709,49.732272534136122],[6.621278555091636,49.732227600577872],[6.621209218519332,49.732226176023708],[6.621211415878643,49.732181242467291],[6.621142079375758,49.732179817873927],[6.621144276793454,49.732134884319329],[6.621146474205631,49.732089950764305],[6.621077137836068,49.732088526133971],[6.62107933530663,49.73204359258078],[6.621009999006485,49.732042167911224],[6.621012196535431,49.731997234359874],[6.620942860304707,49.731995809651096],[6.620945057892034,49.73195087610155],[6.620947255473844,49.731905942551606],[6.620877919376441,49.731904517805859],[6.620880117016632,49.731859584257734],[6.620810780988649,49.731858159472765],[6.620812978687222,49.73181322592648],[6.620743642728658,49.731811801102303],[6.620745840485614,49.73176686755783],[6.620676504596468,49.731765442694432],[6.620678702411805,49.731720509151792],[6.620680900221624,49.731675575608733],[6.620611564465797,49.731674150708372],[6.620613762333997,49.731629217167132],[6.620683098025925,49.731630642065248]],[[6.622376959551307,49.732475055771381],[6.622446296536921,49.732476479631792],[6.622444100294746,49.732521413226188],[6.62237476324523,49.732519989363517],[6.622376959551307,49.732475055771381]],[[6.61847429800598,49.73279965458174],[6.618476497934742,49.732754721119036],[6.618545835122397,49.732756147319797],[6.618543635257538,49.732801080784746],[6.61847429800598,49.73279965458174]],[[6.621585691526394,49.733043526913093],[6.621583494445682,49.733088460475017],[6.621514156631633,49.733087036085465],[6.621516353776251,49.733042102525786],[6.621585691526394,49.733043526913093]],[[6.62158788860159,49.732998593350764],[6.621657226293348,49.733000017694351],[6.621659423299124,49.732955084129337],[6.621728760932498,49.732956508429204],[6.621798098571389,49.732957932687597],[6.621800295443842,49.732912999117659],[6.621869633024348,49.732914423332325],[6.621871829827381,49.732869489759743],[6.6219411673495,49.732870913930682],[6.621943364083114,49.732825980355422],[6.622012701546849,49.732827404482649],[6.6220820390161,49.732828828568394],[6.622084235616393,49.732783894988195],[6.622153573027258,49.732785319030228],[6.622155769558132,49.732740385447379],[6.622225106910613,49.732741809445685],[6.622227303372068,49.73269687586015],[6.622296640666163,49.732698299814743],[6.622365977965774,49.732699723727869],[6.622435315270901,49.732701147599521],[6.622433119001155,49.732746081191813],[6.622502456375702,49.73274750502425],[6.622571793755764,49.732748928815198],[6.622569597608311,49.732793862411562],[6.622638935057794,49.732795286163295],[6.622708272512792,49.732796709873561],[6.622777609973307,49.73279813354236],[6.622775414012049,49.732843067145055],[6.622844751541982,49.732844490774632],[6.622842555639114,49.732889424379152],[6.622840359730733,49.732934357983225],[6.622838163816837,49.732979291586901],[6.622768826095192,49.732977867950574],[6.622766630111879,49.73302280155157],[6.622764434123054,49.733067735152147],[6.622762238128715,49.733112668752305],[6.622831576042072,49.733114092395375],[6.622829380106125,49.733159025997359],[6.622898718088902,49.733160449601208],[6.622896522211345,49.733205383205011],[6.622894326328275,49.733250316808395],[6.62289213043969,49.733295250411345],[6.622889934545593,49.733340184013905],[6.622887738645983,49.733385117616024],[6.622885542740859,49.733430051217717],[6.62288334683022,49.733474984819004],[6.622881150914069,49.733519918419852],[6.622811812420048,49.73351849479802],[6.622742473931543,49.733517071134699],[6.622740277882067,49.733562004730629],[6.622670939335172,49.73356058102361],[6.622601600793793,49.733559157275103],[6.622599404610989,49.733604090866109],[6.622530066011221,49.733602667073889],[6.622527869758998,49.733647600662231],[6.622458531100839,49.733646176826298],[6.622456334779196,49.733691110411961],[6.622386996062646,49.733689686532294],[6.622384799671582,49.7337346201153],[6.622315460896644,49.733733196191913],[6.622246122127224,49.733731772227046],[6.62217678336332,49.733730348220718],[6.622174586775019,49.733775281796547],[6.622105247952725,49.733773857746492],[6.622103051295005,49.733818791319642],[6.622033712414322,49.733817367225875],[6.621964373539157,49.733815943090619],[6.621962176748107,49.733860876658859],[6.621892837814554,49.733859452479884],[6.62189064095408,49.733904386045452],[6.621821301962137,49.733902961822764],[6.621751962975712,49.733901537558594],[6.621749765981908,49.733946471119239],[6.621680426937095,49.73394504681135],[6.621611087897801,49.733943622461993],[6.621608890770665,49.733988556017721],[6.621539551672983,49.733987131624637],[6.621537354476424,49.734032065177679],[6.621468015320352,49.73403064074089],[6.6213986761698,49.734029216262613],[6.621396478839909,49.734074149810731],[6.621327139630968,49.734072725288726],[6.621257800427546,49.734071300725255],[6.621259997885252,49.734026367181627],[6.621190658751258,49.734024942578941],[6.621192856267355,49.733980009037133],[6.621195053777933,49.733935075494919],[6.621197251282994,49.733890141952266],[6.621127912346243,49.733888717314848],[6.621130109909693,49.733843783774027],[6.621132307467625,49.733798850232802],[6.621201646276565,49.733800274865708],[6.621270985091024,49.733801699457153],[6.621268787660904,49.733846633002898],[6.621338126544789,49.733848057555115],[6.621407465434194,49.733849482065864],[6.621476804329117,49.733850906535146],[6.621546143229559,49.733852330962939],[6.621548340404052,49.733807397408214],[6.621617679246107,49.73380882179228],[6.62168701809368,49.733810246134894],[6.621689215134842,49.733765312575237],[6.621758553924028,49.733766736874131],[6.621760750895766,49.733721803311795],[6.621830089626564,49.733723227566962],[6.621832286528882,49.733678294001948],[6.621762947861991,49.73367686974904],[6.621693609200618,49.733675445454651],[6.621624270544765,49.733674021118794],[6.621626467633284,49.733629087560104],[6.621695806225232,49.733630511893722],[6.62169800324433,49.733585578332374],[6.62176734177789,49.733587002622258],[6.621769538727564,49.733542069058245],[6.621771735671724,49.733497135493799],[6.621702397265976,49.73349571120842],[6.621633058865746,49.733494286881552],[6.621630861793776,49.733539220441493],[6.621561523335158,49.733537796070912],[6.621492184882061,49.733536371658865],[6.621489987676761,49.733581305213882],[6.62135131065931,49.733578456260865],[6.621281972158862,49.733577031722142],[6.621212633663936,49.733575607141944],[6.621143295174527,49.733574182520293],[6.621145492699356,49.733529248976517],[6.621147690218666,49.733484315432335],[6.621217028580263,49.733485740049481],[6.621286366947379,49.733487164625181],[6.62128856433336,49.733442231076062],[6.621357902642091,49.733443655608035],[6.621360099958649,49.733398722056251],[6.621429438208994,49.733400146544504],[6.621431635456132,49.733355212990034],[6.621500973648089,49.733356637434561],[6.621503170825805,49.733311703877433],[6.621572508959376,49.733313128278233],[6.62157470606767,49.733268194718434],[6.621644044142855,49.733269619075514],[6.621646241181727,49.733224685513044],[6.621715579198526,49.733226109826404],[6.621717776167979,49.733181176261255],[6.62178711412639,49.733182600530888],[6.621789311026422,49.733137666963081],[6.621858648926448,49.733139091189003],[6.621927986831992,49.733140515373442],[6.621930183598699,49.733095581800704],[6.621999521445856,49.733097005941424],[6.622001718143143,49.733052072366014],[6.62193238035989,49.73305064822754],[6.621934577115566,49.733005714653963],[6.621865239401735,49.733004290476259],[6.621795901693421,49.733002866257102],[6.621793704809937,49.733047799826167],[6.621724367043239,49.733046375563283],[6.621655029282056,49.733044951258918],[6.621585691526394,49.733043526913093],[6.62158788860159,49.732998593350764]],[[6.621062968664205,49.733797425558407],[6.621065166280528,49.733752492019008],[6.621134505020041,49.733753916691143],[6.621132307467625,49.733798850232802],[6.621062968664205,49.733797425558407]],[[6.620995827546535,49.733751067305391],[6.620998025221245,49.733706133767825],[6.621067363891332,49.733707558479182],[6.621065166280528,49.733752492019008],[6.620995827546535,49.733751067305391]],[[6.621622073450728,49.733718954677052],[6.621552734736487,49.733717530297469],[6.62155493189443,49.733672596741471],[6.621624270544765,49.733674021118794],[6.621622073450728,49.733718954677052]],[[6.621550537573028,49.733762463853054],[6.621481198800399,49.733761039429744],[6.621483396027765,49.733716105876411],[6.621552734736487,49.733717530297469],[6.621550537573028,49.733762463853054]],[[6.620031681541955,49.733596316440853],[6.619962343082499,49.733594891111927],[6.619964541699242,49.733549957606833],[6.620033880094795,49.73355138293352],[6.620036078642111,49.733506449425775],[6.620105416979279,49.733507874708728],[6.620107615457171,49.733462941198304],[6.620176953735956,49.733464366437552],[6.620174755321969,49.733509299950214],[6.620172556902462,49.733554233462478],[6.620103218495866,49.733552808218747],[6.620101020006935,49.73359774172831],[6.620031681541955,49.733596316440853]],[[6.619257962429875,49.733805302948099],[6.619188623711644,49.733803877151722],[6.619190823058959,49.733758943673514],[6.619260161713283,49.733760369467653],[6.619257962429875,49.733805302948099]],[[6.618763792540044,49.733975055357],[6.618765992292887,49.733930121894005],[6.618835331169688,49.733931547945978],[6.61883313148075,49.733976481411233],[6.618763792540044,49.733975055357]],[[6.618761592781676,49.734019988819561],[6.618692253782587,49.734018562721602],[6.61869445360486,49.733973629261293],[6.618763792540044,49.733975055357],[6.618761592781676,49.734019988819561]],[[6.621734386870823,49.73426100603195],[6.62180372636851,49.734262430314118],[6.62180592333702,49.734217496754177],[6.621875262776317,49.73421892099261],[6.621877459675401,49.734173987429998],[6.621946799056309,49.734175411624726],[6.62194899588597,49.734130478059441],[6.622018335208486,49.734131902210436],[6.622020531968724,49.73408696864248],[6.622089871232849,49.734088392749747],[6.622159210502494,49.734089816815555],[6.622161407129401,49.734044883242674],[6.622230746340655,49.734046307264755],[6.622232942898139,49.73400137368921],[6.622302282051002,49.734002797667571],[6.622371621209383,49.734004221604451],[6.622373817633536,49.733959288023975],[6.622443156733526,49.733960711917142],[6.622512495839033,49.733962135768834],[6.622514692129857,49.733917202183434],[6.622584031176974,49.733918625991407],[6.622653370229607,49.733920049757906],[6.622651174066597,49.733964983347811],[6.622720513188654,49.733966407075073],[6.622859191449315,49.733969254405203],[6.622856995472515,49.734014188001424],[6.622926334675028,49.73401561160653],[6.62292853058792,49.733970678008063],[6.62299786973204,49.733972101569456],[6.622995673883056,49.734017035170154],[6.622993478028556,49.734061968770455],[6.623062817306009,49.734063392294864],[6.623132156588975,49.734064815777806],[6.62312996085678,49.734109749382164],[6.623060621509905,49.734108325896983],[6.622991282168546,49.734106902370321],[6.62298908630302,49.734151835969769],[6.622919746903269,49.734150412399394],[6.622917550968322,49.73419534599617],[6.622848211510177,49.734193922382069],[6.622778872057548,49.734192498726493],[6.622776675989272,49.734237432318338],[6.622707336478252,49.734236008619042],[6.622637996972746,49.73423458487828],[6.622568657472758,49.734233161096036],[6.622566461207241,49.734278094680732],[6.622497121648862,49.734276670854769],[6.622427782095999,49.73427524698733],[6.622358442548652,49.734273823078425],[6.622289103006822,49.734272399128038],[6.622219763470511,49.734270975136177],[6.622217566879937,49.734315908709206],[6.622148227285232,49.734314484673632],[6.622078887696047,49.73431306059657],[6.62207669097214,49.734357994164668],[6.622007351324563,49.7343565700439],[6.621938011682506,49.734355145881651],[6.621799332414943,49.734352297432729],[6.621729992789438,49.73435087314607],[6.621660653169454,49.73434944881793],[6.621591313554988,49.734348024448316],[6.621593510726256,49.73430309089597],[6.621662850276813,49.734304515263339],[6.621732189832889,49.734305939589227],[6.621734386870823,49.73426100603195]],[[6.621589116378202,49.734392958000242],[6.621519776705347,49.734391533586908],[6.621517579459137,49.734436467136163],[6.621448239727891,49.73443504267911],[6.621450437038011,49.7343901091321],[6.621452634342612,49.734345175584671],[6.62152197394604,49.734346600037227],[6.621591313554988,49.734348024448316],[6.621589116378202,49.734392958000242]],[[6.620973850495941,49.734200402657983],[6.620971652760532,49.734245336190916],[6.620902313329077,49.734243911411077],[6.620904511128395,49.734198977880389],[6.620973850495941,49.734200402657983]],[[6.620969455019604,49.734290269723438],[6.621038794520486,49.734291694464055],[6.621036596837951,49.734336627998395],[6.620967257273159,49.734335203255533],[6.620969455019604,49.734290269723438]],[[6.621495606693601,49.734885802605511],[6.621493409386706,49.734930736150119],[6.621491212074291,49.734975669694307],[6.621560552577976,49.734977094136887],[6.621558355323956,49.735022027682923],[6.621627695897071,49.735023452086288],[6.621625498701444,49.735068385634136],[6.621623301500303,49.735113319181558],[6.621692642206758,49.735114743547953],[6.621690445064011,49.735159677097201],[6.621621104293642,49.73515825272856],[6.621551763528793,49.735156828318445],[6.621553960799364,49.735111894773688],[6.621484620103947,49.735110470324358],[6.621486817432912,49.735065536781441],[6.621417476806925,49.735064112292875],[6.621348136186456,49.735062687762834],[6.621278795571508,49.735061263191326],[6.62128099308669,49.735016329654727],[6.621283190596355,49.734971396117693],[6.6212853881005,49.734926462580262],[6.621216047682804,49.734925037974037],[6.621218245245345,49.734880104438417],[6.621220442802366,49.734835170902386],[6.621151102518011,49.734833746259177],[6.621155497743323,49.73474387919034],[6.621224837899857,49.734745303829044],[6.621227035440326,49.734700370291748],[6.621229232975276,49.734655436754032],[6.62123143050471,49.734610503215883],[6.621162090539906,49.734609078583937],[6.621164288127731,49.734564145047614],[6.621094948232355,49.734562720376445],[6.621097145878573,49.734517786841955],[6.621099343519272,49.734472853307039],[6.621030003757234,49.734471428598894],[6.621032201456324,49.734426495065826],[6.621034399149896,49.734381561532317],[6.621103738784116,49.734382986235964],[6.621101541154453,49.734427919771719],[6.6211708808581,49.734429344436144],[6.621168683286829,49.734474277973732],[6.621238023059906,49.734475702598921],[6.621235825547025,49.734520636138335],[6.62130516538953,49.734522060724309],[6.621302967935041,49.734566994265549],[6.621300770475035,49.734611927806377],[6.621370110450879,49.734613352355368],[6.621439450432243,49.734614776862905],[6.621437253094539,49.734659710407804],[6.621506593145331,49.734661134876106],[6.62150439586602,49.734706068422824],[6.621573735986242,49.734707492851911],[6.621571538765323,49.734752426400469],[6.621640878954974,49.734753850790334],[6.621638681792449,49.734798784340711],[6.621636484624407,49.734843717890676],[6.621567144306935,49.7348422934963],[6.621497803994982,49.734840869060463],[6.621495606693601,49.734885802605511]],[[6.622021771081854,49.73548133323002],[6.622019574214537,49.73552626678714],[6.621950232905277,49.735524842607873],[6.621952429836508,49.735479909052991],[6.622021771081854,49.73548133323002]],[[6.622015180463353,49.735616133900137],[6.622017377341702,49.735571200343841],[6.622086718720395,49.7355726244839],[6.622084521905958,49.735617558042435],[6.622082325086004,49.735662491600543],[6.622012983579487,49.735661067456007],[6.622015180463353,49.735616133900137]],[[6.621761016422423,49.736555465667223],[6.621830359190685,49.736556889981188],[6.621828162063144,49.736601823523699],[6.621689476404305,49.736598974849784],[6.62169167365968,49.736554041311777],[6.621761016422423,49.736555465667223]],[[6.62183255631271,49.736511956438271],[6.621901899022575,49.736513380708509],[6.621904096075166,49.736468447162899],[6.621973438726633,49.736469871389417],[6.621975635709791,49.73642493784115],[6.621906293122241,49.736423513616877],[6.621836950540208,49.736422089351151],[6.621767607963695,49.736420665043923],[6.621698265392701,49.73641924069522],[6.621702659853796,49.736329373615419],[6.621772002296957,49.736330797959624],[6.621774199455314,49.736285864416828],[6.621704857076067,49.736284440074883],[6.621707054292822,49.736239506533927],[6.621709251504061,49.736194572992538],[6.621639909258164,49.736193148613623],[6.621570567017788,49.736191724193233],[6.621501224782929,49.736190299731369],[6.621503422180396,49.736145366196304],[6.621572764351338,49.73614679065593],[6.621574961679373,49.736101857118207],[6.621644303791919,49.736103281534106],[6.621713645909987,49.736104705908524],[6.621715843104673,49.73605977236587],[6.621785185164343,49.736061196696568],[6.621787382289599,49.736016263151249],[6.621789579409339,49.735971329605505],[6.62179177652356,49.735926396059355],[6.621793973632266,49.735881462512772],[6.621863315441798,49.735882886792979],[6.621865512481073,49.735837953243724],[6.621796170735456,49.73583652896577],[6.621798367833128,49.735791595418334],[6.621867709514831,49.73579301969405],[6.621869906543073,49.735748086143957],[6.621939248166381,49.735749510375946],[6.622008589795207,49.735750934566468],[6.622010786690105,49.735706001011451],[6.622080128260536,49.735707425158246],[6.622149469836486,49.73570884926356],[6.622218811417954,49.735710273327399],[6.62228815300494,49.735711697349764],[6.622290349638667,49.735666763785332],[6.622359691167256,49.735668187763977],[6.622357494597442,49.735713121330669],[6.622426836195463,49.735714545270078],[6.622496177799,49.735715969168027],[6.622493981351498,49.735760902738797],[6.622563323024467,49.735762326597502],[6.622632664702953,49.735763750414755],[6.622702006386956,49.735765174190519],[6.622704202642716,49.735720240613006],[6.622773544268322,49.73572166434505],[6.622842885899444,49.73572308803562],[6.622840689771513,49.735768021617623],[6.622910031472065,49.735769445268964],[6.622907835402532,49.735814378852815],[6.622905639327485,49.735859312436219],[6.622903443246925,49.735904246019224],[6.622901247160851,49.735949179601803],[6.622899051069262,49.735994113183963],[6.622896854972158,49.736039046765697],[6.622894658869542,49.73608398034699],[6.622964001023012,49.736085403972609],[6.622961804978797,49.73613033755575],[6.622959608929066,49.736175271138457],[6.622890266647765,49.736173847508347],[6.622888070528606,49.73621878108839],[6.622957412873823,49.736220204720752],[6.622955216813064,49.736265138302635],[6.623024559227714,49.736266561895754],[6.623022363225357,49.736311495479448],[6.623020167217486,49.736356429062731],[6.623017971204102,49.736401362645587],[6.623015775185204,49.736446296228017],[6.623085117861034,49.736447719788657],[6.623082921900539,49.736492653372935],[6.623013579160792,49.736491229810035],[6.622944236426562,49.736489806205661],[6.622942040332719,49.736534739785007],[6.623011383130866,49.736536163391627],[6.623009187095425,49.736581096972799],[6.623078529963006,49.736582520540189],[6.623076333985968,49.736627454123187],[6.623074138003417,49.736672387705767],[6.623071942015352,49.736717321287912],[6.623141285080201,49.736718744820578],[6.62313908915054,49.736763678404557],[6.623136893215364,49.736808611988124],[6.623206236413562,49.736810035483806],[6.623204040536792,49.736854969069178],[6.623273383804424,49.736856392525645],[6.623271187986058,49.73690132611285],[6.623268992162177,49.736946259699657],[6.623338335563162,49.736947683119126],[6.623336139797686,49.736992616707738],[6.623333944026697,49.737037550295931],[6.623264600497875,49.737036126871949],[6.623262404657455,49.737081060457477],[6.62326020881152,49.737125994042586],[6.623258012960071,49.737170927627261],[6.623255817103111,49.737215861211517],[6.623325160887607,49.737217284644487],[6.62332296508905,49.737262218230576],[6.623320769284981,49.737307151816246],[6.623251425372645,49.737305728378779],[6.623249229499142,49.73735066196177],[6.623179885528402,49.737349238480562],[6.623177689585466,49.737394172060895],[6.623175493637015,49.73743910564081],[6.623106149543951,49.737437682113622],[6.623103953526067,49.737482615690858],[6.62310175750267,49.737527549267661],[6.623171101723573,49.737528972799325],[6.623168905758582,49.737573906377975],[6.623099561473756,49.737572482844051],[6.623097365439329,49.737617416420015],[6.623028021096101,49.737615992842372],[6.623025824992239,49.737660926415678],[6.623023628882862,49.737705859988544],[6.622954284417309,49.737704436364929],[6.622956480590606,49.737659502794301],[6.622958676758388,49.737614569223254],[6.622960872920657,49.737569635651781],[6.62296306907741,49.737524702079895],[6.622893724873055,49.737523278423794],[6.622895921088214,49.737478344853734],[6.622826576953297,49.737476921158404],[6.622824380674217,49.737521854726211],[6.622755036480897,49.737520430987161],[6.622757232823896,49.737475497421606],[6.622761625493351,49.737385630289204],[6.622692281497306,49.737384206515422],[6.622694477887682,49.737339272950834],[6.622625133961075,49.737337849137809],[6.622555790039987,49.737336425283317],[6.622557986552684,49.737291491722829],[6.622488642701032,49.7372900678291],[6.622490839272134,49.737245134270424],[6.622421495489919,49.737243710337481],[6.622423692119425,49.737198776780637],[6.622354348406647,49.737197352808451],[6.622356545094557,49.737152419253434],[6.622287201451215,49.737150995242033],[6.622217857813392,49.73714957118915],[6.622148514181086,49.7371481470948],[6.6220791705543,49.737146722958961],[6.622009826933031,49.737145298781648],[6.622007629925528,49.737190232325425],[6.621938286245859,49.737188808104378],[6.62186894257171,49.737187383841857],[6.621871139707052,49.737142450302592],[6.62180179610234,49.737141026000863],[6.621732452503148,49.737139601657638],[6.621663108909474,49.737138177272939],[6.621665306231056,49.737093243739992],[6.62173464976081,49.737094668122438],[6.621736847012954,49.737049734586833],[6.62180619048431,49.737051158925539],[6.621808387667019,49.737006225387262],[6.621877731079976,49.737007649682255],[6.621947074498451,49.737009073935759],[6.621949271547806,49.736964140392558],[6.622018614907883,49.736965564602343],[6.622020811887804,49.736920631056464],[6.622090155189482,49.736922055222536],[6.622159498496676,49.736923479347119],[6.622161695343245,49.736878545796316],[6.62223103859204,49.73687996987718],[6.622300381846353,49.736881393916562],[6.622302578559571,49.736836460360834],[6.622371921755485,49.73683788435649],[6.622441264956916,49.736839308310671],[6.622443461536783,49.736794374750033],[6.622512804679814,49.736795798660495],[6.622582147828362,49.736797222529461],[6.62258434427488,49.736752288963892],[6.62258654071588,49.736707355397904],[6.622517197695166,49.736705931533429],[6.62244785467997,49.736704507627472],[6.622450051243291,49.736659574065555],[6.622380708297528,49.736658150120391],[6.622378511670291,49.736703083680041],[6.62230916866613,49.736701659691128],[6.622170482674362,49.736698811588887],[6.622172679493351,49.736653878035973],[6.622242022422558,49.736655302105589],[6.622311365357285,49.736656726133724],[6.622313562042924,49.736611792575886],[6.622315758723047,49.736566859017636],[6.622246415916155,49.736565434994006],[6.622177073114782,49.736564010928888],[6.622107730318926,49.736562586822295],[6.622038387528587,49.736561162674235],[6.621969044743768,49.736559738484694],[6.621899701964468,49.736558314253685],[6.621830359190685,49.736556889981188],[6.62183255631271,49.736511956438271]],[[6.620209093381473,49.73706332212744],[6.620139749973187,49.7370618968325],[6.62014194869545,49.737016963348651],[6.62021129203982,49.737018388641339],[6.620213490692645,49.736973455154825],[6.620215689339951,49.736928521667885],[6.620077002912407,49.736925671050038],[6.620074804137266,49.736970604532473],[6.62000546086786,49.736969179159082],[6.619936117603978,49.736967753744231],[6.61986677434562,49.736966328287885],[6.619797431092785,49.736964902790064],[6.619799630123596,49.736919969316631],[6.619801829148885,49.736875035842779],[6.619804028168653,49.736830102368515],[6.6198062271829,49.736785168893825],[6.619808426191625,49.736740235418708],[6.619810625194829,49.736695301943165],[6.619741282331022,49.736693876417384],[6.619743481392621,49.736648942943667],[6.619812824192512,49.736650368467203],[6.619815023184673,49.736605434990821],[6.619817222171312,49.73656050151402],[6.619886564848895,49.73656192699157],[6.619888763766097,49.736516993512083],[6.619890962677776,49.736472060032185],[6.619893161583937,49.736427126551867],[6.619823819098102,49.736425701081068],[6.619826018062655,49.736380767602583],[6.619828217021687,49.736335834123665],[6.61989755937969,49.736337259589959],[6.619966901743217,49.736338685014772],[6.620036244112265,49.736340110398118],[6.620034045344981,49.736385043883779],[6.620031846572174,49.736429977369035],[6.620029647793847,49.736474910853865],[6.620098990360166,49.736476336202479],[6.620168332932008,49.736477761509626],[6.620237675509374,49.736479186775291],[6.620307018092262,49.736480611999482],[6.620304819564079,49.736525545492889],[6.620235476917273,49.736524120266445],[6.620166134275992,49.73652269499852],[6.620163935614456,49.736567628487002],[6.620161736947399,49.736612561975072],[6.62015953827482,49.736657495462715],[6.620157339596721,49.736702428949933],[6.620226682493669,49.736703854226867],[6.620224483873966,49.736748787715918],[6.620222285248743,49.736793721204542],[6.620220086618001,49.73683865469274],[6.620289429712222,49.73684007993495],[6.620287231139875,49.736885013424974],[6.620356574303537,49.736886438627963],[6.620354375789588,49.73693137211982],[6.620285032562008,49.736929946914593],[6.620282833978621,49.736974880403778],[6.620280635389713,49.737019813892545],[6.620349978745128,49.737021239102283],[6.620347780214617,49.737066172592883],[6.620345581678587,49.73711110608307],[6.620343383137035,49.737156039572817],[6.620274039589866,49.737154614356321],[6.620276238195334,49.737109680868819],[6.620278436795284,49.737064747380906],[6.620209093381473,49.73706332212744]],[[6.620412726689728,49.737157464747817],[6.620410528206575,49.737202398239411],[6.620408329717902,49.737247331730572],[6.620406131223709,49.737292265221313],[6.620475474973681,49.737293690361589],[6.620473276537886,49.737338623854164],[6.62047107809657,49.737383557346327],[6.620401734218761,49.737382132201532],[6.620403932723995,49.737337198711629],[6.620334588915627,49.737335773527626],[6.62033678747926,49.737290840039535],[6.620338986037372,49.737245906551053],[6.620341184589964,49.737200973062151],[6.620343383137035,49.737156039572817],[6.620412726689728,49.737157464747817]],[[6.620540421979903,49.737384982449633],[6.620538223596987,49.737429915943601],[6.620536025208551,49.737474849437163],[6.620466681197381,49.737473424329352],[6.620468879649735,49.737428490838042],[6.62047107809657,49.737383557346327],[6.620540421979903,49.737384982449633]],[[6.619032455936778,49.736994153024831],[6.618963112686322,49.736992727027044],[6.618960912877454,49.737037660472602],[6.618891569568605,49.737036234431081],[6.618889369690296,49.73708116787396],[6.618820026323055,49.737079741788712],[6.61875068296134,49.737078315661996],[6.618748482949671,49.737123249099938],[6.618679139529565,49.737121822929488],[6.618681339605152,49.737076889493785],[6.618611996254491,49.737075463284114],[6.618614196388473,49.737030529850237],[6.618616396516929,49.736985596415941],[6.618685739739756,49.736987022621122],[6.618755082968108,49.736988448784814],[6.618757282963205,49.736943515345601],[6.618826626133168,49.736944941465566],[6.618828826058824,49.736900008023667],[6.618898169170394,49.736901434099899],[6.618967512287489,49.736902860134663],[6.61903685541011,49.73690428612796],[6.619034655676206,49.736949219576601],[6.61910399886827,49.736950645530655],[6.619101799192761,49.736995578981158],[6.619032455936778,49.736994153024831]],[[6.618536052282511,49.737208837325262],[6.618466708751149,49.737207411025871],[6.618397365225313,49.737205984685005],[6.61839516487748,49.737250918110419],[6.618325821293253,49.737249491725827],[6.618323620875975,49.737294425148576],[6.618254277233357,49.73729299872025],[6.618184933596267,49.737291572250449],[6.618182733045627,49.737336505668267],[6.618113389350146,49.737335079154711],[6.618044045660192,49.737333652599716],[6.618041844976189,49.737378586012589],[6.617972501227844,49.737377159413846],[6.617970300474397,49.737422092824062],[6.617900956667661,49.737420666181592],[6.617898755844767,49.737465599589115],[6.617829411979643,49.737464172902918],[6.61782501018944,49.737554039712201],[6.617755666202005,49.737552612980025],[6.617753465234694,49.737597546381785],[6.617684121188867,49.737596119605854],[6.617686322220097,49.737551186206353],[6.617688523245801,49.737506252806419],[6.617690724265977,49.737461319406059],[6.617692925280627,49.7374163860053],[6.617762269070777,49.7374178127722],[6.617764470015982,49.737372879368742],[6.61776667095566,49.737327945964886],[6.617836014623499,49.737329372685807],[6.617905358296869,49.737330799365246],[6.617907559103184,49.737285865956451],[6.617976902718163,49.73728729259215],[6.618046246338668,49.737288719186395],[6.618048447011621,49.737243785772662],[6.618117790573739,49.737245212323167],[6.618119991177246,49.737200278906762],[6.618189334680971,49.737201705413533],[6.618258678190225,49.737203131878836],[6.61826087866037,49.7371581984575],[6.618330222111234,49.737159624879069],[6.618332422511936,49.737114691455055],[6.618401765904408,49.737116117832898],[6.618471109302407,49.737117544169266],[6.618468909029541,49.737162477597778],[6.618538252496984,49.737163903894924],[6.618536052282511,49.737208837325262]],[[6.620598774218578,49.737611074988386],[6.620529430010126,49.737609649915306],[6.620531628415121,49.737564716422995],[6.620600972559654,49.737566141493843],[6.620598774218578,49.737611074988386]],[[6.620806806877069,49.737615349958809],[6.620876151107609,49.737616774865984],[6.620873953016695,49.737661708369103],[6.620804608722234,49.737660283459675],[6.620806806877069,49.737615349958809]],[[6.620657126963979,49.737837167497624],[6.620587782430401,49.737835742454763],[6.620589980799076,49.73779080896233],[6.620592179162232,49.737745875469479],[6.620594377519867,49.7377009419762],[6.620663721861683,49.737702367012318],[6.620661523567968,49.737747300507849],[6.620659325268734,49.737792234002953],[6.620657126963979,49.737837167497624]],[[6.620867358710837,49.737796508875945],[6.620936703202581,49.737797933750649],[6.621006047699846,49.737799358583885],[6.621003849714697,49.737844292089818],[6.620934505153511,49.737842867254336],[6.620865160597845,49.737841442377366],[6.620867358710837,49.737796508875945]],[[6.620322584353673,49.73899973755676],[6.620253238180187,49.738998312289439],[6.620255436948089,49.738953378816987],[6.620324783057649,49.738954804082056],[6.620322584353673,49.73899973755676]],[[6.62059777064905,49.739050371694553],[6.620599969102846,49.739005438211251],[6.620669315303946,49.739006863271179],[6.620667116914074,49.739051796756733],[6.62059777064905,49.739050371694553]],[[6.620459078135567,49.739047521445762],[6.620528424389547,49.739048946590891],[6.620526225866304,49.739093880071522],[6.620456879548399,49.739092454924126],[6.620459078135567,49.739047521445762]],[[6.619342939976625,49.739159513808076],[6.619412286333996,49.739160939623645],[6.619481632696892,49.739162365397732],[6.619483832190058,49.739117431951733],[6.619553178494554,49.739118857682094],[6.619622524804575,49.739120283370973],[6.619624724164368,49.739075349920057],[6.619694070415987,49.739076775565202],[6.619696269706331,49.739031842111608],[6.619765615899553,49.739033267713019],[6.619834962098296,49.739034693272956],[6.619904308302565,49.739036118791404],[6.619906507395613,49.738991185330619],[6.61997585354148,49.73899261080534],[6.620045199692871,49.73899403623858],[6.620114545849787,49.738995461630346],[6.620112346948513,49.739040395097888],[6.620110148041719,49.73908532856499],[6.620179494332008,49.739086753919786],[6.620177295483619,49.739131687388713],[6.620107949129403,49.739130262031672],[6.620105750211567,49.739175195497936],[6.620036403798951,49.73917377009716],[6.619967057391857,49.739172344654904],[6.619964858340648,49.739217278116257],[6.619895511875154,49.739215852630274],[6.619826165415184,49.739214427102816],[6.6198239662306,49.739259360559217],[6.619754619712229,49.739257934988018],[6.619752420458197,49.739302868441762],[6.619683073881423,49.739301442826843],[6.619613727310175,49.739300017170429],[6.619611527922769,49.739344950619248],[6.619542181293119,49.739343524919107],[6.619472834668995,49.739342099177485],[6.619403488050397,49.739340673394395],[6.619405687629581,49.73929573995234],[6.619336341080433,49.739294314130021],[6.619338540718021,49.739249380689785],[6.619340740350085,49.739204447249143],[6.619342939976625,49.739159513808076]],[[6.622862318566448,49.732485021923353],[6.622931655590674,49.732486445493478],[6.622929459795815,49.732531379103598],[6.622927263995442,49.73257631271332],[6.622857926843412,49.732574889138711],[6.622788589696895,49.732573465522627],[6.622790785625073,49.732528531917403],[6.622721448547977,49.732527108262097],[6.622723644534542,49.732482174658713],[6.622654307526863,49.732480750964193],[6.622656503571819,49.732435817362635],[6.622725840515596,49.732437241054903],[6.622795177464888,49.732438664705711],[6.622864514419697,49.732440088315045],[6.622862318566448,49.732485021923353]],[[6.623416100172609,49.733935708452208],[6.623485439291427,49.733937131721028],[6.623483243895309,49.733982065337905],[6.623481048493679,49.734026998954363],[6.623478853086536,49.734071932570387],[6.623476657673882,49.734116866185992],[6.623474462255714,49.734161799801178],[6.623543801699586,49.734163223039786],[6.623541606339815,49.734208156656805],[6.623539410974533,49.734253090273384],[6.623537215603736,49.734298023889565],[6.62353502022743,49.734342957505312],[6.623604359932451,49.734344380711427],[6.623602164614541,49.734389314329],[6.623599969291118,49.734434247946162],[6.623595578627737,49.734524115179191],[6.623593383287777,49.734569048795095],[6.623524043263208,49.734567625577739],[6.623454703244154,49.734566202318902],[6.623456898711933,49.734521268707503],[6.623387558762302,49.734519845409444],[6.623389754288477,49.734474911799886],[6.62339194980914,49.734429978189894],[6.623394145324291,49.73438504457949],[6.62339634083393,49.734340110968667],[6.623327001145451,49.734338687638129],[6.623329196713486,49.734293754029117],[6.623331392276008,49.734248820419694],[6.623333587833017,49.734203886809837],[6.623335783384513,49.734158953199568],[6.623337978930496,49.73411401958888],[6.623268639567076,49.734112596228123],[6.623270835171455,49.734067662619246],[6.623273030770322,49.734022729009972],[6.623275226363675,49.73397779540025],[6.623277421951517,49.733932861790123],[6.623208082849243,49.73393143839688],[6.623210278495478,49.733886504788586],[6.623212474136203,49.733841571179852],[6.623214669771412,49.733796637570705],[6.623216865401109,49.733751703961147],[6.623219061025294,49.733706770351148],[6.623149722248071,49.733705346927678],[6.62315191793065,49.733660413319512],[6.623221256643967,49.733661836740737],[6.623290595362799,49.733663260120487],[6.623359934087146,49.733664683458777],[6.623357738596286,49.733709617073686],[6.623427077390055,49.733711040372739],[6.623422686519613,49.733800907605783],[6.623420491076125,49.73384584122168],[6.623418295627123,49.733890774837157],[6.623416100172609,49.733935708452208]],[[6.622694159569342,49.734505610147842],[6.622691963398557,49.734550543734507],[6.62262262344569,49.734549119977991],[6.622624819680384,49.734504186393572],[6.622694159569342,49.734505610147842]],[[6.622551087194221,49.734592629761735],[6.622481747188476,49.734591205920019],[6.622483943556503,49.734546272340545],[6.622553283498338,49.734547696180009],[6.622551087194221,49.734592629761735]],[[6.624318814250697,49.735348573274742],[6.624316619514557,49.735393506907762],[6.624314424772908,49.735438440540371],[6.624312230025746,49.735483374172553],[6.624242888662295,49.735481951366445],[6.624173547304356,49.73548052851887],[6.624175742179344,49.735435594891186],[6.62417793704882,49.735390661263075],[6.624180131912785,49.735345727634545],[6.624182326771239,49.735300794005589],[6.624112985674466,49.735299371125528],[6.624115180591321,49.735254437498412],[6.624119570408499,49.735164570242887],[6.624121765308821,49.735119636614513],[6.624123960203633,49.735074702985692],[6.624126155092933,49.735029769356451],[6.624056814385146,49.735028346448402],[6.624059009332846,49.734983412820995],[6.624061204275036,49.734938479193161],[6.624063399211715,49.734893545564915],[6.624065594142881,49.734848611936243],[6.624067789068538,49.734803678307145],[6.62399844868582,49.734802255368855],[6.624000643669875,49.73475732174159],[6.624069983988683,49.734758744677627],[6.624072178903317,49.734713811047683],[6.624141519163728,49.734715233940001],[6.624139324313004,49.73476016757219],[6.62413712945677,49.734805101203953],[6.624206469850514,49.734806524059287],[6.624204275052679,49.734851457692891],[6.624202080249334,49.734896391326053],[6.624199885440477,49.734941324958797],[6.624195495806234,49.735031192223026],[6.624264836525047,49.735032615048127],[6.624262641763571,49.735077548681851],[6.624260446996583,49.735122482315177],[6.624258252224085,49.735167415948055],[6.624256057446075,49.735212349580522],[6.624253862662556,49.735257283212562],[6.624323203706443,49.735258706007421],[6.624321008981324,49.735303639641295],[6.624318814250697,49.735348573274742]],[[6.623824645397305,49.735518347274876],[6.62382245019173,49.735563280890482],[6.623753108739048,49.735561857789563],[6.62368376729188,49.735560434647162],[6.623685962625283,49.735515501036062],[6.623688157953172,49.735470567424528],[6.623690353275552,49.735425633812568],[6.623621012025637,49.73542421063545],[6.623623207406417,49.735379277025324],[6.623625402781684,49.735334343414777],[6.623627598151439,49.735289409803805],[6.623629793515681,49.735244476192427],[6.623631988874411,49.735199542580609],[6.623562647949574,49.735198119373251],[6.623567038778321,49.73510825215287],[6.623569234184427,49.735063318542025],[6.623571429585021,49.735018384930775],[6.623573624980102,49.734973451319114],[6.623504284380336,49.734972028081522],[6.623506479833816,49.734927094471672],[6.623508675281784,49.734882160861403],[6.623510870724238,49.734837227250715],[6.623513066161181,49.734792293639607],[6.623515261592612,49.734747360028067],[6.623517457018529,49.734702426416121],[6.623586797234828,49.734703849640226],[6.623656137456642,49.734705272822865],[6.623653942158546,49.734750206439301],[6.623723282449784,49.734751629582703],[6.623721087210085,49.734796563200987],[6.623718891964875,49.734841496818845],[6.623716696714153,49.734886430436276],[6.623714501457919,49.734931364053288],[6.623712306196173,49.734976297669881],[6.62378164681248,49.734977720783043],[6.623779451609133,49.735022654401462],[6.623777256400275,49.735067588019454],[6.623775061185905,49.735112521637035],[6.623772865966022,49.735157455254189],[6.623770670740629,49.735202388870917],[6.623840011682009,49.735203811953852],[6.623837816515015,49.735248745572406],[6.623835621342509,49.735293679190541],[6.623833426164492,49.735338612808242],[6.623831230980963,49.735383546425545],[6.623829035791923,49.735428480042408],[6.62389837705838,49.73542990309511],[6.623896181927741,49.735474836713806],[6.623893986791589,49.735519770332075],[6.623824645397305,49.735518347274876]],[[6.624029574750049,49.737006848643787],[6.624027379618248,49.737051782254468],[6.624025184480932,49.73709671586473],[6.624022989338107,49.737141649474552],[6.624092333055429,49.737143072446784],[6.62408794288108,49.737232939669681],[6.624085747785637,49.737277873280505],[6.624083552684683,49.737322806890887],[6.624081357578217,49.737367740500865],[6.62407916246624,49.737412674110423],[6.62407696734875,49.737457607719556],[6.624074772225748,49.737502541328254],[6.624144116459945,49.737503964276989],[6.624141921395352,49.737548897887521],[6.624139726325247,49.737593831497634],[6.62407038196321,49.737592408544423],[6.624001037606689,49.737590985549701],[6.623998842403232,49.737635919154897],[6.623929497988303,49.73763449611647],[6.623931693255681,49.737589562513527],[6.623933888517547,49.737544628910157],[6.623864544235975,49.73754320583474],[6.623866739556249,49.737498272233204],[6.62387113018026,49.737408405028845],[6.623875520782223,49.737318537822809],[6.623877716074937,49.737273604219162],[6.623879911362138,49.737228670615089],[6.623810567533519,49.737227247513935],[6.623812762879128,49.737182313911681],[6.623882106643827,49.737183737010596],[6.623884301920002,49.737138803405678],[6.623886497190667,49.73709386980034],[6.623817153553806,49.737092446705937],[6.623819348882877,49.737047513102411],[6.623821544206436,49.737002579498487],[6.623823739524482,49.73695764589413],[6.623825934837017,49.736912712289353],[6.623828130144038,49.736867778684157],[6.623830325445548,49.736822845078542],[6.623832520741545,49.736777911472494],[6.623763177557627,49.736776488352341],[6.623765372912031,49.736731554748125],[6.623767568260921,49.736686621143491],[6.623771958942165,49.73659675393295],[6.623774154274519,49.736551820327051],[6.62377634960136,49.736506886720719],[6.62377854492269,49.736461953113974],[6.623780740238506,49.73641701950681],[6.62378293554881,49.736372085899212],[6.623785130853603,49.736327152291203],[6.62371578831437,49.736325729152057],[6.623717983677566,49.736280795545881],[6.623720179035251,49.736235861939271],[6.623724569734082,49.736145994724787],[6.623726765075229,49.736101061116919],[6.623728960410865,49.736056127508625],[6.623731155740988,49.736011193899905],[6.623733351065598,49.73596626029078],[6.62394137716587,49.735970529529823],[6.623939182033004,49.736015463145705],[6.623934791750738,49.736105330376205],[6.623932596601336,49.736150263990822],[6.623930401446424,49.736195197604999],[6.623928206285999,49.736240131218771],[6.623923815948615,49.736329998445058],[6.623921620771655,49.736374932057579],[6.623990963391348,49.736376355074533],[6.623988768272793,49.736421288688867],[6.623986573148725,49.736466222302774],[6.623984378019147,49.736511155916268],[6.623979987743454,49.736601023141979],[6.623977792597339,49.736645956754224],[6.623975597445713,49.73669089036602],[6.623973402288574,49.736735823977398],[6.623971207125925,49.736780757588363],[6.624040550326386,49.736782180584072],[6.624036160112387,49.736872047809236],[6.62403176987634,49.736961915032701],[6.624029574750049,49.737006848643787]],[[6.623509040296193,49.737715824192506],[6.623578384805874,49.737717247484291],[6.623576189202353,49.737762181074729],[6.623573993593319,49.737807114664747],[6.623504648955795,49.737805691368457],[6.623506844628751,49.737760757780684],[6.623509040296193,49.737715824192506]],[[6.624826568639897,49.744849481975322],[6.624824373635861,49.744894415550831],[6.624755018833826,49.744892992855711],[6.624757213901808,49.744848059282447],[6.624826568639897,49.744849481975322]],[[6.624843243300019,49.745929310376546],[6.624841048227636,49.74597424394419],[6.624838853149742,49.7460191775114],[6.624769496743467,49.746017754801578],[6.624771691885313,49.745972821236613],[6.624773887021647,49.745927887671215],[6.624843243300019,49.745929310376546]],[[6.624486782931542,49.747541227151949],[6.624417424372903,49.747539804199739],[6.624419619958016,49.747494870658095],[6.624488978452697,49.747496293608059],[6.624491173968339,49.747451360063749],[6.624560532404581,49.747452782969972],[6.624629890846337,49.747454205834714],[6.62469924929361,49.747455628657946],[6.624697053969836,49.747500562209012],[6.62469485864055,49.747545495759638],[6.624625500065364,49.747544072931909],[6.624556141495694,49.74754265006267],[6.624486782931542,49.747541227151949]],[[6.62447800079178,49.747720961323282],[6.624547359611761,49.747722384242991],[6.624616718437257,49.747723807121218],[6.62468607726827,49.74772522995795],[6.624683881911415,49.74777016350648],[6.624614523016447,49.747768740667496],[6.624612327590122,49.747813674213347],[6.624542968636712,49.747812251330636],[6.624473609688818,49.747810828406422],[6.624471414129065,49.747855761947349],[6.624467022993018,49.74794562902796],[6.624536382132785,49.747947051958917],[6.624534186620449,49.747991985500846],[6.624531991102599,49.748036919042335],[6.624529795579235,49.748081852583411],[6.624460436247595,49.748080429645704],[6.624391076921468,49.748079006666515],[6.62439327257275,49.748034073129936],[6.624395468218515,49.747989139592939],[6.624397663858767,49.747944206055514],[6.624399859493506,49.747899272517664],[6.624402055122729,49.747854338979408],[6.624332696121909,49.747852915969958],[6.624334891809577,49.747807982433507],[6.624337087491729,49.747763048896665],[6.624406446364635,49.747764471901604],[6.624408641977316,49.747719538362077],[6.62447800079178,49.747720961323282]],[[6.624451653843166,49.7482601637968],[6.624453849452545,49.748215230259667],[6.624523208976061,49.748216653204103],[6.624521013430642,49.748261586743503],[6.624451653843166,49.7482601637968]],[[6.626495660512323,49.751900364867907],[6.626565025393511,49.751901786666487],[6.626562831448515,49.751946720243645],[6.626493466503358,49.751945298442813],[6.626495660512323,49.751900364867907]],[[6.626054949936843,49.756659055101686],[6.625985578295747,49.756657632898936],[6.625987773139357,49.7566126993773],[6.626057144716464,49.756614121577798],[6.626054949936843,49.756659055101686]],[[6.626124321583454,49.756660477262919],[6.62612212686231,49.756705410788634],[6.62605275515171,49.756703988625148],[6.626054949936843,49.756659055101686],[6.626124321583454,49.756660477262919]],[[6.625153119032825,49.756640563228565],[6.62508374746344,49.75663914048625],[6.625085943138907,49.756594206993817],[6.625155314644305,49.756595629733887],[6.625224686155219,49.756597052432454],[6.625222490607729,49.75664198592937],[6.625220295054723,49.756686919425874],[6.625218099496205,49.756731852921945],[6.625215903932171,49.756776786417618],[6.625146532165299,49.756775363710055],[6.625148727793324,49.756730430216635],[6.625150923415831,49.75668549672281],[6.625153119032825,49.756640563228565]],[[6.625285275704559,49.756778209083656],[6.625283080199,49.756823142581148],[6.625280884687927,49.756868076078199],[6.625211512787559,49.756866653407648],[6.625213708362622,49.756821719912843],[6.625215903932171,49.756776786417618],[6.625285275704559,49.756778209083656]],[[6.625634329829348,49.756740388282182],[6.625703701570844,49.756741810696951],[6.625701506454736,49.756786744208341],[6.62563213464925,49.756785321791327],[6.625562762849279,49.756783899332802],[6.625564958093365,49.75673896582591],[6.625634329829348,49.756740388282182]],[[6.62526990704984,49.757092743557166],[6.625272102588486,49.757047810062218],[6.625341474750332,49.757049232700261],[6.625339279275676,49.757094166197447],[6.625408651507029,49.757095588796219],[6.625406456090849,49.757140522295252],[6.625337083795505,49.757139099694236],[6.625267711505678,49.757137677051702],[6.62526990704984,49.757092743557166]],[[6.626100179347669,49.757154746022586],[6.626097984565886,49.757199679543668],[6.626028612151393,49.757198257355462],[6.626030806997168,49.757153323836633],[6.62596143465218,49.757151901609177],[6.625963629556433,49.757106968092167],[6.626033001837429,49.757108390317391],[6.626102374123941,49.757109812501092],[6.626100179347669,49.757154746022586]],[[6.625330497321905,49.757273900182028],[6.62533269281862,49.757228966686512],[6.625402065241946,49.757230389292026],[6.625399869809223,49.757275322789795],[6.625330497321905,49.757273900182028]],[[6.62616077279944,49.7573359022578],[6.626158578059597,49.757380835779436],[6.626089205383622,49.757379413623759],[6.626091400187457,49.757334480104369],[6.62609359498578,49.757289546584545],[6.626162967533772,49.757290968735738],[6.62616077279944,49.7573359022578]],[[6.625813909794678,49.757328791075558],[6.6258832823846,49.757330213395022],[6.625881087388791,49.757375146907663],[6.625811714734876,49.757373724585946],[6.62574234208648,49.757372302222734],[6.625744537210273,49.757327368714591],[6.625813909794678,49.757328791075558]],[[6.625532028853099,49.75741296838504],[6.625534224174383,49.757368034884038],[6.625603596806232,49.757369457371787],[6.625601401548941,49.757414390875027],[6.625532028853099,49.75741296838504]],[[6.625874502368279,49.757509947443083],[6.62587669738063,49.7574650139317],[6.625946070168042,49.75746643621639],[6.625943875219684,49.757511369730025],[6.625874502368279,49.757509947443083]],[[6.626219171982554,49.757561991984929],[6.626149799045097,49.757560569861766],[6.626151993806991,49.757515636341815],[6.626221366680457,49.757517058462724],[6.626219171982554,49.757561991984929]],[[6.626288544925527,49.757563414066581],[6.626286350286104,49.757608347590605],[6.62621697727914,49.7576069255067],[6.626219171982554,49.757561991984929],[6.626288544925527,49.757563414066581]],[[6.625499098372146,49.758086970849298],[6.625501293776144,49.758042037354627],[6.625570667367887,49.758043459876077],[6.625572862702375,49.757998526378756],[6.62564223623564,49.757999948856444],[6.625644431500621,49.757955015356437],[6.625646626760088,49.757910081856018],[6.625648822014041,49.757865148355165],[6.625579448672757,49.757863725884206],[6.625581643985189,49.757818792385187],[6.625583839292107,49.757773858885741],[6.62558603459351,49.757728925385884],[6.625516661449722,49.757727502880165],[6.625518856809605,49.757682569382126],[6.625521052163973,49.757637635883661],[6.625523247512827,49.757592702384777],[6.625525442856167,49.75754776888548],[6.625594815743984,49.757549191382196],[6.625664188637317,49.757550613837424],[6.625661993421962,49.757595547341225],[6.625592620464636,49.757594124883759],[6.625590425179775,49.757639058384889],[6.6255882298894,49.757683991885592],[6.625657602974711,49.757685414347556],[6.625726976065539,49.757686836768023],[6.625729171227929,49.757641903262801],[6.625867917298147,49.757644747974709],[6.625865722263742,49.757689681484408],[6.625863527223824,49.75773461499368],[6.625932900395193,49.757736037291849],[6.626002273572077,49.757737459548537],[6.626000078654632,49.757782393061873],[6.625997883731674,49.757827326574805],[6.625995688803203,49.757872260087311],[6.625856942070991,49.757869415518975],[6.625854747009019,49.757914349026557],[6.625852551941533,49.757959282533726],[6.625783178455713,49.757957860182806],[6.62578098331872,49.758002793687311],[6.625778788176214,49.758047727191375],[6.625709414567922,49.758046304794455],[6.625707219355908,49.758091238295854],[6.625637845689137,49.758089815855179],[6.625635650407614,49.758134749353921],[6.625566276682366,49.758133326869483],[6.625568472027883,49.758088393372994],[6.625499098372146,49.758086970849298]],[[6.626203808942886,49.7578765266285],[6.626199419453368,49.757966393665733],[6.626197224700338,49.758011327183716],[6.626127851122947,49.758009905038094],[6.626130045939969,49.757964971522348],[6.62613224075148,49.757920038006191],[6.626134435557477,49.757875104489614],[6.626203808942886,49.7578765266285]],[[6.626260014183064,49.758147549846001],[6.626190640408176,49.758146127735131],[6.626192835177743,49.758101194218412],[6.626262208888638,49.758102616327029],[6.626260014183064,49.758147549846001]],[[6.626329387963469,49.758148971915354],[6.626327193316378,49.758193905436144],[6.626257819471979,49.758192483364532],[6.626260014183064,49.758147549846001],[6.626329387963469,49.758148971915354]],[[6.626119071799726,49.758189639096798],[6.626116876955138,49.758234572610426],[6.626047503063289,49.758233150412053],[6.625978129176955,49.75823172817217],[6.625980324149533,49.75818679466304],[6.626049697971871,49.758188216900678],[6.626119071799726,49.758189639096798]],[[6.627563315719921,49.761322753167548],[6.627493937349209,49.761321331771157],[6.627496131160595,49.761276398236781],[6.6275655094673,49.761277819630919],[6.627567703209168,49.761232886093872],[6.627637081457381,49.761234307444255],[6.627634887779518,49.761279240983548],[6.627632694096145,49.761324174522414],[6.627702072477883,49.761325595835778],[6.627699878853004,49.761370529376492],[6.627697685222618,49.761415462916759],[6.627628306712867,49.761414041598911],[6.627630500407261,49.761369108060883],[6.62756112196703,49.761367686703757],[6.627563315719921,49.761322753167548]],[[6.62776706373788,49.761416884193096],[6.627764870165989,49.761461817735203],[6.627834248750771,49.761463238972269],[6.627832055237376,49.761508172516194],[6.627829861718472,49.761553106059701],[6.62789924043678,49.761554527259747],[6.627897046976373,49.761599460805058],[6.627894853510456,49.761644394349972],[6.627825474664133,49.761642973145428],[6.627827668194057,49.76159803960276],[6.627758289417256,49.761596618358951],[6.627760483005677,49.761551684818123],[6.627762676588588,49.761506751276869],[6.627693297945312,49.761505329996041],[6.62769549158672,49.761460396456613],[6.627697685222618,49.761415462916759],[6.62776706373788,49.761416884193096]],[[6.62796423236229,49.761645815512999],[6.62796203895487,49.761690749059731],[6.627959845541941,49.76173568260603],[6.627890466562091,49.761734261438505],[6.627892660039027,49.761689327894459],[6.627894853510456,49.761644394349972],[6.62796423236229,49.761645815512999]],[[6.628029224527303,49.761737103732038],[6.628027031172871,49.76178203728017],[6.628096410227753,49.761783458366899],[6.62809421693182,49.761828391916858],[6.628092023630377,49.761873325466389],[6.628161402818787,49.761874746516099],[6.628159209575843,49.761919680067471],[6.628157016327391,49.761964613618403],[6.628087637010965,49.761963192564195],[6.628089830323426,49.761918259015509],[6.62802045107652,49.761916837922023],[6.628022644447481,49.761871904375163],[6.62802483781293,49.761826970827876],[6.627955458699553,49.761825549697377],[6.627957652123502,49.761780616151917],[6.627959845541941,49.76173568260603],[6.628029224527303,49.761737103732038]],[[6.628226395649328,49.761966034631101],[6.628224202459375,49.762010968183844],[6.628293581850834,49.76201238915727],[6.62829138871938,49.762057322711854],[6.628289195582417,49.762102256266004],[6.62821981606294,49.762100835288095],[6.628222009263912,49.762055901736183],[6.628152629813957,49.762054480718987],[6.628154823073428,49.762009547168908],[6.628157016327391,49.761964613618403],[6.628226395649328,49.761966034631101]],[[6.62835418894497,49.762193544313952],[6.628284809291964,49.762192123373069],[6.628287002439946,49.762147189819743],[6.628356382028942,49.762148610758381],[6.62835418894497,49.762193544313952]],[[6.628423568603488,49.762194965213325],[6.628421375578016,49.762239898770716],[6.628419182547037,49.762284832327673],[6.6283498027605,49.762283411423809],[6.628351995855489,49.762238477869104],[6.62835418894497,49.762193544313952],[6.628423568603488,49.762194965213325]],[[6.628488562339085,49.762286253190034],[6.628486369366605,49.762331186748817],[6.628484176388618,49.762376120307174],[6.628414796468551,49.762374699440336],[6.628416989510548,49.762329765884225],[6.628419182547037,49.762284832327673],[6.628488562339085,49.762286253190034]],[[6.628553556314197,49.762377541132508],[6.628551363394711,49.762422474692698],[6.628481983405122,49.762421053865125],[6.628484176388618,49.762376120307174],[6.628553556314197,49.762377541132508]],[[6.628618550528826,49.76246882904077],[6.628616357662333,49.762513762602367],[6.628546977539212,49.762512341811821],[6.628549170469716,49.762467408252469],[6.628618550528826,49.76246882904077]],[[6.628815727311835,49.762697758994001],[6.628813534609834,49.762742692560217],[6.628744154150126,49.762741271882994],[6.628746346916139,49.762696338319017],[6.628815727311835,49.762697758994001]],[[6.630592592029077,49.764713180706408],[6.630661975395679,49.76471460031766],[6.63065978424383,49.764759533928164],[6.630590400813209,49.764758114314667],[6.630592592029077,49.764713180706408]],[[6.630791978017137,49.764897173873031],[6.630722594383443,49.764895754335853],[6.630724785487787,49.764850820724362],[6.630794169057459,49.764852240259316],[6.630791978017137,49.764897173873031]],[[6.630861361656335,49.764898593368699],[6.630859170674529,49.764943526984233],[6.63078978697131,49.764942107486334],[6.630791978017137,49.764897173873031],[6.630861361656335,49.764898593368699]],[[6.633279504324228,49.763733621681034],[6.633348886427559,49.763735039663054],[6.633346697834902,49.763779973368429],[6.633277315667556,49.763778555384164],[6.633279504324228,49.763733621681034]],[[6.633342320633096,49.763869840777915],[6.633344509236748,49.763824907073385],[6.633413891473611,49.763826325018371],[6.633411702933975,49.763871258725146],[6.633342320633096,49.763869840777915]],[[6.631789630832363,49.764377839264952],[6.631787440748836,49.764422772914699],[6.631718057742277,49.764421353983444],[6.631720247889823,49.764376420335928],[6.631789630832363,49.764377839264952]],[[6.631125751831272,49.765173872676961],[6.631056367785928,49.765172453333903],[6.631058558603193,49.765127519713744],[6.631127942584516,49.765128939054549],[6.631125751831272,49.765173872676961]],[[6.68393874832372,49.776227299098785],[6.684077553231818,49.776230074856358],[6.684146955693946,49.776231462672847],[6.68421635816146,49.776232850447784],[6.684285760634361,49.776234238181175],[6.684283618174311,49.776279173424278],[6.68428147570888,49.776324108666962],[6.684350878315303,49.776325496363206],[6.684348735908558,49.77637043160766],[6.684279333238064,49.776369043909234],[6.684277190761864,49.776413979151087],[6.684275048280281,49.776458914392514],[6.684272905793316,49.776503849633528],[6.684203502935993,49.77650246188697],[6.684134100084056,49.776501074098874],[6.684064697237505,49.776499686269233],[6.684062554552942,49.776544621503248],[6.683993151647707,49.776543233629887],[6.68399529439634,49.77649829839806],[6.683925891560561,49.776496910485342],[6.68385648873017,49.776495522531086],[6.68385863160156,49.776450587303231],[6.683789228840625,49.776449199309624],[6.683791371770702,49.776404264083546],[6.683793514695394,49.776359328857055],[6.683797800528628,49.776269458402801],[6.683799943437166,49.776224523175046],[6.683869345877749,49.776225911157681],[6.68393874832372,49.776227299098785]],[[6.665087679169379,49.776748339997823],[6.665157081436516,49.776749739198479],[6.665154921249303,49.776794673827681],[6.665085518918097,49.776793274624822],[6.665087679169379,49.776748339997823]],[[6.665636418226025,49.776894336372777],[6.665705820728805,49.776895735247763],[6.66570366103786,49.776940669893392],[6.665634258471012,49.776939271016204],[6.665564855909594,49.77693787209747],[6.665567015728676,49.77689293745626],[6.665636418226025,49.776894336372777]],[[6.665773063610136,49.776942068729049],[6.665842466187842,49.776943467523161],[6.66584030661961,49.77698840217279],[6.665770903977835,49.776987003376469],[6.665701501341489,49.776985604538595],[6.66570366103786,49.776940669893392],[6.665773063610136,49.776942068729049]],[[6.665979111919444,49.776991199640818],[6.666048514577503,49.776992598312525],[6.666046355196053,49.777037532968372],[6.665976952473924,49.777036134294448],[6.665907549757224,49.777034735578994],[6.665909709266813,49.776989800927574],[6.665979111919444,49.776991199640818]],[[6.66611575792361,49.77703893160075],[6.666185160656595,49.777040330191582],[6.666183001397858,49.777085264851436],[6.666113598600803,49.777083866258387],[6.666044195809177,49.777082467623799],[6.666046355196053,49.777037532968372],[6.66611575792361,49.77703893160075]],[[6.66632180700825,49.777088061912913],[6.666391209821588,49.77708946038134],[6.666389050749634,49.777134395047391],[6.666319647872228,49.777132996576761],[6.666250245000247,49.777131598064571],[6.666252404200341,49.77708666340294],[6.66632180700825,49.777088061912913]],[[6.666458453632469,49.777135793476489],[6.66652785652073,49.77713719186405],[6.666525697571491,49.777182126534115],[6.66645629461916,49.777180728144344],[6.666386891672256,49.777179329713036],[6.666389050749634,49.777134395047391],[6.666458453632469,49.777135793476489]],[[6.66659510052925,49.777183524882346],[6.666664503492435,49.77718492318904],[6.666662344665914,49.777229857863098],[6.666592941638658,49.777228459554195],[6.666523538616829,49.777227061203746],[6.666525697571491,49.777182126534115],[6.66659510052925,49.777183524882346]],[[6.683742083016618,49.77743777417755],[6.683811487187147,49.777439162219402],[6.683809344197296,49.777484097438062],[6.683739939962693,49.777482709394],[6.683742083016618,49.77743777417755]],[[6.673275547491317,49.778397404368661],[6.673206142470137,49.778396009996889],[6.673208295334318,49.77835107512287],[6.673210448193087,49.778306140248404],[6.673279853086116,49.778307534615756],[6.673277700291421,49.778352469492425],[6.673347105253938,49.778353863820435],[6.673416510221865,49.778355258106913],[6.673414357549912,49.778400192987561],[6.673344952517909,49.778398798698888],[6.673275547491317,49.778397404368661]],[[6.678470199438746,49.77872653905689],[6.678468051411985,49.778771474095677],[6.678465903379824,49.778816409134052],[6.678396497504677,49.778815017862541],[6.678327091634928,49.778813626549493],[6.678329239795244,49.778768691515523],[6.678259833994974,49.778767300163132],[6.67826198221397,49.778722365130925],[6.678400793691756,49.778725147789778],[6.678470199438746,49.77872653905689]],[[6.707962727445364,49.782372459053015],[6.70789331504916,49.782371085377669],[6.707895436134203,49.782326149436201],[6.70796484846631,49.782327523109366],[6.707962727445364,49.782372459053015]],[[6.707819660344021,49.782459583538127],[6.707817539178891,49.782504519476163],[6.707748126601063,49.782503145711225],[6.707746005366506,49.782548081646688],[6.707676592729915,49.782546707838002],[6.707607180098655,49.782545333987791],[6.707609301461407,49.782500398056669],[6.707678714028569,49.782501771904712],[6.707680835321892,49.782456835971018],[6.70775024783029,49.782458209775349],[6.707752369054186,49.782413273839062],[6.707821781503821,49.782414647599659],[6.707819660344021,49.782459583538127]],[[6.704412080511904,49.782527027792362],[6.704414204828425,49.782482091961604],[6.704483617214196,49.782483467723132],[6.70448149296177,49.782528403556078],[6.704412080511904,49.782527027792362]],[[6.704616069613047,49.782621026632157],[6.704546657024306,49.78261965094719],[6.704548781223311,49.782574715112922],[6.704618193747955,49.782576090795708],[6.704616069613047,49.782621026632157]],[[6.704685482207126,49.782622402275564],[6.704683358130977,49.782667338113768],[6.7046139454728,49.78266596246818],[6.704616069613047,49.782621026632157],[6.704685482207126,49.782622402275564]],[[6.704752770794492,49.782668713717797],[6.704750646777103,49.782713649557756],[6.704681234049488,49.782712273951553],[6.704683358130977,49.782667338113768],[6.704752770794492,49.782668713717797]],[[6.704889472248349,49.782716400645512],[6.704958884991981,49.782717776127072],[6.704961008817081,49.782672840280597],[6.705030421501955,49.78267421571843],[6.705028297740951,49.782719151567079],[6.705097710495262,49.782720526965527],[6.705093463085438,49.782810398665944],[6.705091339372522,49.782855334515517],[6.705160752324463,49.782856709878935],[6.705158628670307,49.78290164573027],[6.705089215654269,49.782900270364678],[6.705019802643569,49.782898894957526],[6.704950389638208,49.782897519508822],[6.704880976638186,49.782896144018586],[6.704883100548733,49.782851208175941],[6.704885224453942,49.782806272332891],[6.704815811587454,49.78280489680543],[6.704817935551424,49.782759960964128],[6.704748522754374,49.782758585397303],[6.704750646777103,49.782713649557756],[6.704889472248349,49.782716400645512]],[[6.707947880149498,49.782687010646796],[6.707878467304618,49.782685636956266],[6.707880588426972,49.782640701017705],[6.707950001207755,49.782642074706082],[6.707947880149498,49.782687010646796]],[[6.708017292999711,49.782688384295774],[6.708086705855257,49.782689757903199],[6.708084584919864,49.78273469384785],[6.708015172000222,49.78273332023825],[6.707945759085911,49.782731946587099],[6.707947880149498,49.782687010646796],[6.708017292999711,49.782688384295774]],[[6.698507782263909,49.782499807301591],[6.698505652483224,49.782544742946058],[6.698436240300943,49.782543363602514],[6.698438370145722,49.782498427960221],[6.69844049998515,49.782453492317508],[6.698509912039241,49.782454871656697],[6.698579324098685,49.78245625095434],[6.698577194387448,49.782501186601408],[6.698507782263909,49.782499807301591]],[[6.698371087936414,49.782452112936774],[6.69830167589303,49.782450733514494],[6.698232263855004,49.782449354050655],[6.698162851822332,49.782447974545271],[6.698160721726524,49.782492910179251],[6.698091309635112,49.782491530630146],[6.698089179469857,49.782536466261533],[6.698084919123288,49.782626337523062],[6.698082788941973,49.782671273153206],[6.698080658755307,49.782716208782922],[6.698078528563287,49.782761144412227],[6.698076398365913,49.782806080041119],[6.698074268163188,49.782851015669578],[6.698072137955108,49.782895951297625],[6.69800272529219,49.782894571687336],[6.697933312634627,49.782893192035509],[6.697931182293001,49.782938127658788],[6.697861769576698,49.782936747963213],[6.697859639165622,49.782981683583884],[6.697790226390579,49.782980303844596],[6.697788095910052,49.783025239462667],[6.697718683076267,49.783023859679645],[6.697720813620889,49.782978924063748],[6.697722944160159,49.782933988447439],[6.69779235686575,49.782935368226099],[6.697794487335568,49.782890432607189],[6.697796617800033,49.782845496987854],[6.697866030382788,49.782846876720605],[6.697868160777802,49.78280194109869],[6.697937573301817,49.782803320787714],[6.697939703627383,49.782758385163184],[6.697941833947595,49.782713449538242],[6.697943964262453,49.782668513912881],[6.697874551930725,49.782667134230408],[6.697805139604354,49.782665754506361],[6.69780727004205,49.782620818884944],[6.697876682304326,49.782622198606802],[6.697878812672573,49.782577262982777],[6.697880943035465,49.782532327358354],[6.697883073393005,49.782487391733511],[6.697885203745192,49.782442456108242],[6.697887334092024,49.782397520482562],[6.697956746039182,49.782398900151954],[6.698026157991694,49.782400279779814],[6.698028288204984,49.782355344149359],[6.698097700098758,49.782356723733479],[6.698099830242602,49.782311788100415],[6.698169242077636,49.782313167640801],[6.698167111997886,49.782358103276046],[6.698164981912785,49.782403038910864],[6.698234393881362,49.782404418414082],[6.69823652390237,49.782359482777075],[6.698305935812209,49.782360862236551],[6.698375347727401,49.782362241654468],[6.698373217834583,49.782407177295838],[6.698442629819224,49.782408556674397],[6.69844049998515,49.782453492317508],[6.698371087936414,49.782452112936774]],[[6.69771655252629,49.783068795295122],[6.697647139633764,49.783067415468366],[6.697649270247839,49.783022479855063],[6.697718683076267,49.783023859679645],[6.69771655252629,49.783068795295122]],[[6.707314678143707,49.782854389616745],[6.707384091202313,49.782855763648364],[6.707453504266254,49.782857137638437],[6.707522917335528,49.782858511586952],[6.707592330410136,49.782859885493927],[6.707661743490076,49.782861259359343],[6.70773115657535,49.782862633183214],[6.707800569665956,49.782864006965525],[6.707802690873731,49.782819071030808],[6.707872103905572,49.782820444769399],[6.707941516942745,49.782821818466452],[6.707939395863169,49.782866754405511],[6.708008808969772,49.782868128063164],[6.708006687948962,49.782913064003978],[6.707937274778261,49.782911690344136],[6.707935153688022,49.782956626282356],[6.707865740458554,49.782955252578795],[6.707863619298887,49.783000188514428],[6.707794206010652,49.782998814767154],[6.707796327234417,49.782953878833695],[6.707726914015615,49.782952505047028],[6.707729035298147,49.782907569115324],[6.707590209004737,49.782904821421695],[6.70745138273266,49.782902073561864],[6.707381969604621,49.782900699569623],[6.707312556481916,49.78289932553583],[6.707314678143707,49.782854389616745]],[[6.705848513081945,49.783005268845812],[6.705846390052759,49.78305020471764],[6.705844267018239,49.783095140589033],[6.705774853692426,49.783093765630262],[6.705776976791045,49.783048829761022],[6.705779099884328,49.783003893891383],[6.705848513081945,49.783005268845812]],[[6.705913680349389,49.783096515506259],[6.705911557373633,49.783141451379414],[6.705842143978385,49.783140076460008],[6.705844267018239,49.783095140589033],[6.705913680349389,49.783096515506259]],[[6.706612058607949,49.783020390602211],[6.706609936283847,49.783065326497926],[6.706540522963429,49.783063951998386],[6.706538400569896,49.783108887891515],[6.706399573816872,49.783106138763429],[6.706401696338605,49.783061202874634],[6.70647110964835,49.783062577457287],[6.706473232100649,49.78301764156592],[6.706542645351632,49.783019016104831],[6.706612058607949,49.783020390602211]],[[6.7052910841085,49.783039203901346],[6.705221670889491,49.783037828612336],[6.705223794495558,49.78299289276007],[6.70529320765047,49.782994268046913],[6.705362620810721,49.78299564329221],[6.705360497332849,49.783040579148818],[6.705358373849641,49.783085515005013],[6.705427787143426,49.783086890213092],[6.70542566371898,49.783131826071028],[6.705356250361096,49.783130450860774],[6.705286837008551,49.783129075608962],[6.705288960561194,49.783084139755367],[6.7052910841085,49.783039203901346]],[[6.705495077082203,49.783133201239735],[6.70549720044255,49.783088265379625],[6.705566613747012,49.783089640504613],[6.705564490450763,49.783134576366898],[6.705562367149178,49.783179512228777],[6.705423540289198,49.783176761928551],[6.70542566371898,49.783131826071028],[6.705495077082203,49.783133201239735]],[[6.707095829676146,49.783074946831292],[6.707165243039242,49.783076320998426],[6.707163121222595,49.783121256911102],[6.7070937077954,49.783119882741786],[6.707095829676146,49.783074946831292]],[[6.707857255787902,49.783134996318822],[6.707787842307371,49.783133622565039],[6.707789963547128,49.783088686632816],[6.707859376963561,49.783090060384438],[6.707857255787902,49.783134996318822]],[[6.706740274103732,49.783247818968412],[6.706742396320969,49.783202883070018],[6.706811809849689,49.783204257451423],[6.706809687696549,49.783249193351992],[6.706740274103732,49.783247818968412]],[[6.707922427034655,49.783226241902909],[6.707991840654049,49.783227615577935],[6.707989719590597,49.783272551515417],[6.707920305907104,49.783271177838216],[6.707922427034655,49.783226241902909]],[[6.699590702648595,49.783106034911491],[6.699588573823891,49.783150970585403],[6.699519160722707,49.783149591878328],[6.699521289611508,49.783104656206611],[6.699590702648595,49.783106034911491]],[[6.697571334679958,49.783200842430915],[6.697501921605854,49.783199462514517],[6.697504052364184,49.78315452690682],[6.697506183117161,49.783109591298711],[6.697575596063071,49.78311097121076],[6.697573465374191,49.783155906821037],[6.697571334679958,49.783200842430915]],[[6.699302405073384,49.783325198164427],[6.69923299173722,49.78332381928243],[6.699235120903814,49.783278883621087],[6.699237250065058,49.783233947959324],[6.699306663273027,49.783235326836959],[6.699304534175882,49.783280262500888],[6.699302405073384,49.783325198164427]],[[6.705473843185245,49.783582559817944],[6.705543257194798,49.783583934966842],[6.705541133839854,49.783628870824536],[6.7054717197662,49.783627495673485],[6.705473843185245,49.783582559817944]],[[6.705374699931387,49.784210286536542],[6.705305285035092,49.784208911274121],[6.705307408651714,49.784163975428342],[6.705309532262998,49.784119039582173],[6.705240117500245,49.784117664282562],[6.705242241170295,49.784072728438133],[6.705244364835008,49.784027792593292],[6.705174950205799,49.784026417256456],[6.705177073929275,49.783981481413385],[6.705179197647417,49.783936545569887],[6.705109783151749,49.783935170195846],[6.705111906928654,49.783890234354104],[6.705114030700223,49.783845298511949],[6.705044616338098,49.783843923100704],[6.705046740168429,49.783798987260298],[6.705048863993424,49.783754051419479],[6.70497944976484,49.78375267597103],[6.704981573648597,49.783707740131973],[6.704983697527018,49.78366280429249],[6.704914283431973,49.783661428806838],[6.704916407369158,49.783616492969117],[6.704846993343555,49.783615117444093],[6.7048491173395,49.783570181608127],[6.704851241330108,49.783525245771735],[6.704781827438045,49.783523870209514],[6.704783951487415,49.783478934374884],[6.704786075531448,49.783433998539834],[6.704716661772923,49.783432622940403],[6.704718785875718,49.783387687107115],[6.704720909973175,49.783342751273409],[6.704651496348188,49.78334137563678],[6.704653620504406,49.783296439804822],[6.70458420694886,49.783295064128794],[6.704586331163839,49.783250128298612],[6.70458845537348,49.783205192468003],[6.704657868800829,49.783206568139676],[6.704659992941033,49.783161632306474],[6.704729406309624,49.783163007934412],[6.704731530380392,49.783118072098631],[6.704800943690223,49.78311944768285],[6.704798819683554,49.78316438352082],[6.704796695671547,49.783209319358363],[6.704866109114916,49.783210694905385],[6.70486398516167,49.783255630744684],[6.704861861203087,49.783300566583563],[6.704931274779994,49.783301942093374],[6.704929150880172,49.783346877934029],[6.704998564526516,49.783348253404455],[6.704996440685457,49.783393189246851],[6.70499431683906,49.783438125088836],[6.705063730618944,49.783439500522071],[6.705061606831308,49.783484436365811],[6.705131020680631,49.783485811759668],[6.705128896951759,49.783530747605155],[6.705126773217551,49.783575683450231],[6.705196187200412,49.783577058806891],[6.705194063524966,49.783621994653721],[6.705263477577267,49.783623369970989],[6.705261353960585,49.783668305819582],[6.705330768082325,49.783669681097471],[6.705328644524406,49.783714616947819],[6.705326520961152,49.78375955279774],[6.705465349477048,49.783762303237552],[6.705467472912102,49.783717367383289],[6.705536887113958,49.783718742538696],[6.705534763743006,49.783763678395147],[6.705604178014299,49.783765053511175],[6.705606301321152,49.78372011765255],[6.705675715533684,49.783721492724844],[6.705673592290934,49.78376642858565],[6.705743006572904,49.783767803618574],[6.705740883388919,49.783812739481121],[6.705738760199597,49.783857675343263],[6.705808174615107,49.783859050338982],[6.705806051484552,49.783903986202859],[6.70573663700494,49.783902611204972],[6.705734513804948,49.783947547066283],[6.70573239059962,49.783992482927168],[6.705801805207434,49.78399385792941],[6.705799682060872,49.784038793792043],[6.705797558908974,49.784083729654263],[6.705795435751741,49.784128665516072],[6.70572602095162,49.784127290507314],[6.705728144172956,49.78408235464768],[6.705658729442275,49.784080979599537],[6.705589314716931,49.784079604509863],[6.705587191367393,49.784124540365141],[6.705585068012517,49.784169476220015],[6.705582944652305,49.784214412074476],[6.705652359569955,49.78421578717068],[6.705650236268509,49.784260723026897],[6.705648112961729,49.784305658882687],[6.705717528012921,49.784307033941687],[6.705715404764907,49.784351969799232],[6.705713281511557,49.784396905656358],[6.705711158252871,49.784441841513079],[6.705780573501711,49.784443216537042],[6.705778450301794,49.784488152395504],[6.705776327096538,49.784533088253568],[6.705845742478923,49.784534463240334],[6.705841496180615,49.784624334959524],[6.705839373023458,49.784669270818512],[6.705908788603492,49.784670645770227],[6.705906665505103,49.784715581630962],[6.705904542401379,49.784760517491272],[6.705902419292319,49.784805453351176],[6.705971835070004,49.784806828267875],[6.705969712019713,49.784851764129513],[6.705967588964088,49.784896699990753],[6.705965465903127,49.784941635851574],[6.705896049933127,49.784940260928366],[6.705893926802726,49.7849851967866],[6.705824510773958,49.784983821819658],[6.70575509475053,49.784982446811163],[6.705685678732439,49.784981071761131],[6.705687802055156,49.784936135909426],[6.705689925372537,49.784891200057288],[6.705692048684583,49.784846264204752],[6.705622632864145,49.784844889119668],[6.705624756234958,49.784799953268895],[6.705626879600436,49.78475501741768],[6.705557463913546,49.784753642295392],[6.705559587337791,49.78470870644594],[6.705561710756701,49.784663770596083],[6.705563834170275,49.784618834745793],[6.705494418681035,49.784617459588475],[6.705496542153376,49.784572523739946],[6.705498665620381,49.784527587890999],[6.705500789082048,49.784482652041632],[6.705431373790458,49.784481276849277],[6.705433497310893,49.78443634100168],[6.705435620825993,49.78439140515367],[6.705437744335754,49.784346469305227],[6.705368329241812,49.784345094077842],[6.705370452810341,49.784300158231154],[6.705372576373532,49.784255222384061],[6.705374699931387,49.784210286536542]],[[6.687680627240674,49.804143434346109],[6.687682768667387,49.804098499212351],[6.687684910088719,49.804053564078181],[6.68775435249537,49.80405495029634],[6.687752211138209,49.804099885432706],[6.687750069775666,49.804144820568652],[6.687680627240674,49.804143434346109]],[[6.687747928407739,49.804189755704179],[6.687817371012287,49.80419114188733],[6.687815229703148,49.80423607702464],[6.687745787034428,49.804234690839301],[6.687747928407739,49.804189755704179]],[[6.689196484791458,49.805882843631878],[6.689198624946677,49.80583790846363],[6.68926806997993,49.805839293810806],[6.689265929888888,49.805884228981263],[6.689196484791458,49.805882843631878]],[[6.677035304031855,49.811621661094975],[6.677104756743161,49.81162305384769],[6.677102604953311,49.811667988586677],[6.67703315217781,49.811666595831745],[6.677035304031855,49.811621661094975]],[[6.70886720926887,49.782345377079437],[6.708936621675614,49.782346750170895],[6.709006034087687,49.782348123220814],[6.709003914028186,49.782393059196998],[6.709001793963358,49.782437995172771],[6.70893238142309,49.782436622118524],[6.708862968888154,49.782435249022718],[6.708865089081177,49.782390313051287],[6.708795676615667,49.78238893991611],[6.708797796867459,49.782344003946427],[6.70886720926887,49.782345377079437]],[[6.711708887189404,49.782491511879037],[6.711639474441394,49.782490140445269],[6.711641592070539,49.782445204387088],[6.711711004754451,49.782446575818696],[6.711708887189404,49.782491511879037]],[[6.708164602148016,49.782511387677651],[6.708166722992662,49.782466451728759],[6.708236135538386,49.782467825242229],[6.708234014757837,49.782512761193303],[6.708164602148016,49.782511387677651]],[[6.708095189543528,49.782510014120454],[6.708093068629454,49.782554950066775],[6.708090947710051,49.782599886012676],[6.7080215349827,49.782598512409585],[6.708023655966199,49.782553576465858],[6.70802577694437,49.782508640521705],[6.708095189543528,49.782510014120454]],[[6.708646249720796,49.782610873341547],[6.708576836950794,49.782609500070862],[6.708578957421516,49.782564564109776],[6.708648370127422,49.782565937378287],[6.708646249720796,49.782610873341547]],[[6.708368598672773,49.782605380009514],[6.708299185924095,49.782604006572626],[6.708301306651206,49.782559070620223],[6.708370719335787,49.78256044405493],[6.708368598672773,49.782605380009514]],[[6.713229620495579,49.782656481231236],[6.713227504319405,49.782701417337577],[6.713158091197922,49.782700046809261],[6.71308867808176,49.782698676239384],[6.713019264970916,49.782697305627977],[6.713017148597129,49.782742241727398],[6.712947735427508,49.782740871072257],[6.712878322263209,49.78273950037557],[6.712739495950573,49.782736758857538],[6.712737379315072,49.782781694947886],[6.712667966102638,49.782780324124374],[6.712598552895524,49.782778953259317],[6.712529139693733,49.782777582352701],[6.712531256521528,49.782732646268855],[6.712600669659222,49.782734017173304],[6.712602786417599,49.782689081086872],[6.712672199496516,49.782690451947602],[6.712674316185476,49.78264551585859],[6.712743729205616,49.7826468866756],[6.712813142231076,49.782648257451058],[6.712882555261859,49.782649628184956],[6.712951968297961,49.782650998877322],[6.713021381339384,49.782652369528122],[6.71309079438613,49.782653740137377],[6.713092910685182,49.782608804034943],[6.713162323673149,49.782610174600485],[6.713231736666436,49.782611545124475],[6.713229620495579,49.782656481231236]],[[6.709815670961556,49.782858892580336],[6.709746257780465,49.782857520005166],[6.709676844604701,49.782856147388443],[6.709607431434264,49.782854774730183],[6.709609550970161,49.782809838738629],[6.709678964076497,49.78281121139473],[6.709681083542968,49.782766275400604],[6.709750496590535,49.782767648012978],[6.709819909643431,49.7827690205838],[6.709822028976379,49.782724084584906],[6.709891441970506,49.782725457112015],[6.70989356123403,49.782680521110549],[6.709962974169386,49.782681893593931],[6.709965093363487,49.78263695758988],[6.710034506240073,49.782638330029542],[6.710036625364752,49.782593394022904],[6.710106038182568,49.782594766418839],[6.710175451005711,49.782596138773236],[6.71024486383418,49.782597511086081],[6.710246982761242,49.782552575072515],[6.710316395530942,49.782553947341626],[6.710385808305968,49.782555319569205],[6.71045522108632,49.782556691755239],[6.710457339815765,49.782511755734745],[6.710526752537347,49.782513127877053],[6.710596165264255,49.7825144999778],[6.710594046663005,49.782559436002636],[6.710591928056431,49.782604372027045],[6.710661340916861,49.782605744090588],[6.71065922236906,49.78265068011676],[6.710589809444533,49.782649308051042],[6.710520396525332,49.782647935943778],[6.710518277844012,49.782692871965189],[6.710448864866041,49.78269149981422],[6.710379451893395,49.782690127621677],[6.710377333078554,49.782735063638341],[6.710307920047137,49.782733691402079],[6.710238507021049,49.782732319124293],[6.710236388072688,49.782777255136189],[6.710166974987826,49.782775882814676],[6.710097561908292,49.782774510451603],[6.710028148834085,49.782773138046977],[6.710026029688105,49.782818074051953],[6.709956616555128,49.782816701603615],[6.709887203427479,49.782815329113724],[6.709885084147976,49.782860265113953],[6.709815670961556,49.782858892580336]],[[6.7129371531583,49.782965551552323],[6.712935036688502,49.783010487647083],[6.712865623139608,49.7830091169374],[6.712867739673506,49.7829641808448],[6.7129371531583,49.782965551552323]],[[6.709050006208615,49.782888727941987],[6.709119419400516,49.782890100934836],[6.709117299405279,49.782935036910359],[6.70904788614928,49.782933663915351],[6.709050006208615,49.782888727941987]],[[6.70890693946041,49.782975853769265],[6.708837526156302,49.782974480647425],[6.708768112857524,49.78297310748404],[6.708765992531138,49.783018043447889],[6.708696579173593,49.783016670240769],[6.708698699564078,49.782971734279094],[6.708700819949233,49.782926798317007],[6.708839646413262,49.782929544680997],[6.70890905965327,49.782930917800662],[6.708978472898611,49.782932290878776],[6.708976352769848,49.782977226849546],[6.70890693946041,49.782975853769265]],[[6.708833285626399,49.783064352579039],[6.708831165353455,49.783109288544217],[6.708829045075183,49.783154224508998],[6.70875963152001,49.783152851336929],[6.708757511172311,49.783197787299102],[6.70868809755837,49.783196414083307],[6.708690217970167,49.783151478123308],[6.708620804425656,49.783150104868128],[6.708551390886476,49.783148731571409],[6.708553511421145,49.783103795615318],[6.708484097951393,49.783102422279207],[6.708486218544833,49.783057486324871],[6.708416805144511,49.783056112949382],[6.708418925796718,49.783011176996816],[6.70848833913294,49.783012550370131],[6.708557752474494,49.783013923701901],[6.708555631950484,49.783058859658802],[6.708625045361466,49.783060232951193],[6.708622924896226,49.78310516890987],[6.708692338376639,49.783106542162862],[6.70869445877778,49.783061606202025],[6.708763872199425,49.783062979411312],[6.708833285626399,49.783064352579039]],[[6.708338908831001,49.783234483329814],[6.708336788088046,49.783279419278145],[6.708334667339763,49.783324355226036],[6.708265253565511,49.783322981754431],[6.708269495184946,49.78323310986255],[6.708338908831001,49.783234483329814]],[[6.708185235334228,49.783546287952852],[6.708187356237359,49.783501352011363],[6.708256770262682,49.783502725533218],[6.708326184293335,49.783504099013506],[6.708395598329321,49.783505472452248],[6.70839347761849,49.783550408400252],[6.708324063518404,49.783549034959336],[6.708321942738143,49.783593970904739],[6.70825252857929,49.783592597420103],[6.708254649423649,49.783547661476881],[6.708185235334228,49.783546287952852]],[[6.70936527557943,49.78356963221006],[6.709363155760681,49.783614568188014],[6.709361035936605,49.783659504165556],[6.709358916107202,49.783704440142671],[6.709289501740186,49.783703067276981],[6.709291621633691,49.783658131302033],[6.709222207336106,49.783656758396951],[6.709224327288384,49.783611822423751],[6.709226447235335,49.783566886450146],[6.709228567176957,49.783521950476107],[6.709367395392852,49.783524696231687],[6.709436809508793,49.783526069047149],[6.709506223630063,49.783527441821057],[6.709508343309957,49.783482505837924],[6.709577757372455,49.783483878568113],[6.709575637756663,49.783528814553414],[6.70964505188859,49.783530187244217],[6.709642932331572,49.783575123231273],[6.709573518135544,49.783573750538295],[6.709504103944843,49.783572377803779],[6.709434689759473,49.783571005027682],[6.70936527557943,49.78356963221006]],[[6.710048821677693,49.783808038510593],[6.709979407129186,49.783806666056087],[6.709981526392329,49.78376173006027],[6.710050940876733,49.783763102512616],[6.710048821677693,49.783808038510593]],[[6.709005483843725,49.783832383295007],[6.708936069311053,49.783831010215053],[6.708938189541048,49.783786074252198],[6.709007604009618,49.783787447329985],[6.709005483843725,49.783832383295007]],[[6.709413491973277,49.784020364810196],[6.709415611775868,49.783975428833806],[6.709346197018911,49.783974055996651],[6.709348316880279,49.783929120022037],[6.709350436736318,49.783884184046997],[6.709352556587031,49.783839248071537],[6.709354676432414,49.783794312095672],[6.709424090932962,49.783795684924158],[6.70942197115168,49.78384062090219],[6.70941985136507,49.78388555687981],[6.709489265999151,49.783886929671077],[6.709558680638561,49.783888302420785],[6.7096280952833,49.783889675128947],[6.709625975683668,49.783934611112663],[6.709556560974827,49.783933238402334],[6.709487146271316,49.783931865650452],[6.709485026538154,49.783976801629407],[6.709482906799664,49.784021737607965],[6.709480787055848,49.784066673586096],[6.709550201951668,49.78406804634448],[6.709619616852816,49.784069419061318],[6.709617497231879,49.784114355043357],[6.709548082266627,49.784112982324352],[6.709478667306705,49.784111609563801],[6.709476547552236,49.784156545541094],[6.709474427792438,49.784201481517968],[6.709405012709639,49.784200108711524],[6.709407132533539,49.784155172736824],[6.709409252352112,49.784110236761691],[6.709413491973277,49.784020364810196]],[[6.709543842880565,49.784202854282867],[6.709613257974023,49.784204227006214],[6.709611138337105,49.784249162987003],[6.709541723179545,49.784247790261489],[6.709539603473196,49.784292726239705],[6.709470188256863,49.784291353470479],[6.709472308027314,49.784246417494423],[6.709474427792438,49.784201481517968],[6.709543842880565,49.784202854282867]],[[6.708649929234781,49.784005261292201],[6.708719344002537,49.784006634547062],[6.708717223553594,49.784051570501319],[6.708647808721736,49.784050197244291],[6.708649929234781,49.784005261292201]],[[6.708849692239119,49.784189124763998],[6.708780277204291,49.784187751583566],[6.708782397605117,49.784142815628392],[6.708784518000615,49.784097879672792],[6.708853932907238,49.784099252848883],[6.708856053233305,49.78405431689071],[6.708925468081157,49.784055690023067],[6.708927588337793,49.784010754062294],[6.708929708589101,49.783965818101102],[6.708999123314077,49.783967191187578],[6.709001243495955,49.783922255223807],[6.70907065816216,49.783923628266564],[6.709068538044384,49.783968564232502],[6.709137952780022,49.783969937235874],[6.70913583272102,49.784014873203567],[6.709133712656692,49.784059809170856],[6.709203127525863,49.784061182137002],[6.709198887509429,49.784151054074655],[6.70919676749322,49.784195990042853],[6.709127352431739,49.784194617070192],[6.709057937375589,49.784193244055977],[6.708919107279279,49.784190497902884],[6.708849692239119,49.784189124763998]],[[6.709190407412627,49.784330797944946],[6.709188287375106,49.784375733911475],[6.709118872057212,49.784374360930137],[6.709116751950261,49.784419296894079],[6.709114631837982,49.784464232857601],[6.709112511720374,49.784509168820712],[6.709043096215499,49.78450779579132],[6.708973680715954,49.784506422720355],[6.708904265221739,49.784505049607844],[6.708902144906491,49.784549985564034],[6.708832729353502,49.784548612407796],[6.708834849732855,49.784503676453774],[6.708765434249301,49.784502303258158],[6.708767554687429,49.784457367305905],[6.708769675120227,49.784412431353225],[6.708773915969839,49.784322559446615],[6.708776036386651,49.784277623492692],[6.708845451549687,49.78427899667745],[6.708843331196977,49.784323932633555],[6.708912746429447,49.784325305778935],[6.708982161667246,49.784326678882778],[6.709051576910375,49.78432805194506],[6.709053697070775,49.784283115982433],[6.709123112255132,49.784284489000996],[6.709192527444818,49.784285861977999],[6.709190407412627,49.784330797944946]],[[6.708622362149529,49.784589428636863],[6.708691777750628,49.784590801919926],[6.708761193357059,49.784592175161436],[6.708830608968821,49.7845935483614],[6.708828488578813,49.784638484314584],[6.708759072902946,49.784637111112445],[6.70868965723241,49.784635737868769],[6.708620241567206,49.784634364583532],[6.708622362149529,49.784589428636863]],[[6.712892856253163,49.804554029250909],[6.712823411907593,49.804552658085363],[6.712825530092738,49.804507722161965],[6.712894974374132,49.804509093325343],[6.712892856253163,49.804554029250909]],[[6.712962300604059,49.80455540037488],[6.713031744960282,49.804556771457257],[6.713029626962341,49.804601707386738],[6.712960182541942,49.804600336302201],[6.712890738126869,49.804598965176062],[6.712892856253163,49.804554029250909],[6.712962300604059,49.80455540037488]],[[6.71274973105273,49.804641158719441],[6.712751849312703,49.804596222799042],[6.712821293717122,49.804597594008349],[6.712819175521327,49.804642529930916],[6.71274973105273,49.804641158719441]],[[6.712747612787433,49.804686094639415],[6.712678168259987,49.804684723384206],[6.712680286589461,49.804639787466385],[6.71274973105273,49.804641158719441],[6.712747612787433,49.804686094639415]],[[6.712676049925187,49.8047296593016],[6.712606605338891,49.804728288002622],[6.712608723737869,49.804683352087395],[6.712678168259987,49.804684723384206],[6.712676049925187,49.8047296593016]],[[6.712330945702671,49.804677866484361],[6.712333064353031,49.804632930577391],[6.712402508789662,49.804634302038359],[6.712400390203479,49.804679237947497],[6.712330945702671,49.804677866484361]],[[6.709763623944814,49.804582157288657],[6.709833068184192,49.804583530288205],[6.709902512428906,49.804584903246166],[6.709900391532361,49.804629839077222],[6.709830947223473,49.804628466117094],[6.709828826257419,49.804673401945578],[6.709759381889688,49.804672028941702],[6.709761502919918,49.804627093115386],[6.709763623944814,49.804582157288657]],[[6.710979702514575,49.805325838720677],[6.710840811806146,49.80532309402443],[6.710842931884164,49.805278158169237],[6.71084505195685,49.805233222313625],[6.710914497180041,49.805234594678218],[6.710916617183221,49.805189658820012],[6.710986062347565,49.805191031140851],[6.710988182281236,49.805146095280065],[6.711057627386733,49.805147467557141],[6.711059747250896,49.805102531693777],[6.711129192297546,49.805103903927098],[6.711198637349528,49.80510527611883],[6.711196517613723,49.805150211986522],[6.711265962735212,49.805151584138855],[6.711263843058256,49.805196520008309],[6.711194397872587,49.805195147853816],[6.711192278126124,49.80524008372069],[6.711122832881605,49.805238711522449],[6.711120713065634,49.80528364738673],[6.711051267762269,49.805282275144734],[6.710981822464235,49.805280902861142],[6.710979702514575,49.805325838720677]],[[6.710691320007215,49.805545028409853],[6.710621874350766,49.805543655905339],[6.710619754048229,49.80558859175153],[6.710550308332931,49.805587219203261],[6.710552428699647,49.805542283359244],[6.710554549061032,49.805497347514809],[6.710623994647971,49.805498720058743],[6.710693440240242,49.80550009256109],[6.710691320007215,49.805545028409853]],[[6.711570800289046,49.806057161803487],[6.711568680826422,49.806102097675449],[6.711566561358469,49.806147033546999],[6.711636007923913,49.806148405497517],[6.711633888514815,49.806193341370808],[6.711631769100388,49.806238277243693],[6.711562322406579,49.806236905288834],[6.711492875718101,49.806235533292401],[6.711423429034954,49.806234161254366],[6.711425548641928,49.806189225387989],[6.711356102028294,49.806187853310547],[6.711217208817019,49.806185109030892],[6.711147762219378,49.8061837368287],[6.711145642355675,49.806228672686402],[6.711076195699182,49.80622730044044],[6.711006749048023,49.806225928152898],[6.71100886904009,49.806180992299531],[6.710939422458445,49.806179619972575],[6.710941542509365,49.806134684120956],[6.71101098902683,49.806136056445752],[6.711013109008238,49.806091120591546],[6.711082555466852,49.806092492872587],[6.71108467537875,49.806047557015809],[6.711154121778514,49.806048929253087],[6.711156241620901,49.806003993393723],[6.711225687961814,49.806005365587247],[6.71122780773469,49.805960429725289],[6.711297254016752,49.805961801875057],[6.711299373720117,49.805916866010527],[6.711368819943329,49.80591823811654],[6.711366700304145,49.805963173983244],[6.711436146596869,49.805964546049857],[6.711434027016539,49.806009481918316],[6.711503473378775,49.806010853945494],[6.711501353857297,49.806055789815716],[6.711570800289046,49.806057161803487]],[[6.710444814482134,49.806349755861021],[6.710514261283183,49.806351128487755],[6.710512140820516,49.806396064324268],[6.710581587691081,49.806397436911581],[6.710583708089565,49.806352501072901],[6.710585828482719,49.806307565233794],[6.71065527523025,49.806308937775192],[6.710657395553891,49.806264001933513],[6.710726842242574,49.806265374431149],[6.710724721983117,49.806310310275002],[6.710722601718327,49.806355246118443],[6.710792048540708,49.806356618578839],[6.710861495368419,49.80635799099764],[6.710859375226667,49.806402926844996],[6.710998269026453,49.806405671562189],[6.710996149007737,49.806450607413467],[6.710926702040995,49.806449235073501],[6.710924581952765,49.8064941709222],[6.71085513492717,49.806492798538478],[6.710853014769428,49.806537734384591],[6.710783567684983,49.8065363619571],[6.71071412060587,49.806534989488036],[6.710644673532091,49.806533616977376],[6.710640432815514,49.806623488655333],[6.710570985618699,49.806622116098751],[6.710568865188231,49.806667051934937],[6.710499417932565,49.806665679334607],[6.710429970682234,49.806664306692682],[6.71043209124107,49.806619370860837],[6.710434211794574,49.806574435028566],[6.710436332342748,49.806529499195896],[6.710438452885591,49.806484563362808],[6.710369005897326,49.80648319068797],[6.710371126499021,49.80643825485663],[6.710373247095386,49.806393319024878],[6.710442693955284,49.806394691695367],[6.710444814482134,49.806349755861021]],[[6.7103668852903,49.806528126518899],[6.710364764677943,49.806573062349408],[6.710225870460679,49.806570316866313],[6.710227991201403,49.80652538104016],[6.710230111936797,49.806480445213566],[6.710299558914394,49.806481817971559],[6.710369005897326,49.80648319068797],[6.7103668852903,49.806528126518899]],[[6.71000904538837,49.806745941604262],[6.710011166342972,49.806701005786266],[6.710080613625487,49.806702378679866],[6.710078492735067,49.806747314500029],[6.71000904538837,49.806745941604262]],[[6.710006924428434,49.80679087742184],[6.709937477022886,49.80678950448231],[6.709939598047004,49.8067445686669],[6.71000904538837,49.806745941604262],[6.710006924428434,49.80679087742184]],[[6.709935355993434,49.806834440297287],[6.70993323495865,49.806879376111866],[6.709863787430068,49.806878003126407],[6.709861666325768,49.806922938938392],[6.709859545216135,49.806967874749951],[6.709790097564517,49.806966501718563],[6.709720649918236,49.806965128645601],[6.709651202277287,49.806963755531036],[6.709653323579475,49.806918819725986],[6.709583876008047,49.806917446572015],[6.709585997369086,49.806872510768706],[6.709655444876327,49.806873883920517],[6.709657566167849,49.806828948114621],[6.709659687454037,49.806784012308313],[6.709729134838247,49.806785385414194],[6.709798582227792,49.806786758478488],[6.709800703380279,49.806741822667412],[6.709870150710975,49.806743195687943],[6.709868029622672,49.806788131501179],[6.709937477022886,49.80678950448231],[6.709935355993434,49.806834440297287]],[[6.707424633856578,49.807009665377507],[6.707422510484474,49.807054601111822],[6.707353062827115,49.807053226618407],[6.707355186263404,49.807008290886259],[6.707357309694355,49.806963355153684],[6.707359433119967,49.80691841942069],[6.70736155654024,49.806873483687291],[6.70729210914496,49.80687210916097],[6.70729423262408,49.806827173429312],[6.707296356097861,49.806782237697249],[6.707298479566303,49.806737301964773],[6.707367926769032,49.806738676484578],[6.707370050167952,49.806693740749509],[6.707374296949778,49.806603869278099],[6.707443743965298,49.806605243749807],[6.707445867284021,49.806560308011306],[6.707515314240696,49.806561682439245],[6.707517437489899,49.806516746698165],[6.707586884387731,49.806518121082355],[6.707656331290903,49.806519495424943],[6.707652085043893,49.806609366915389],[6.707649961912382,49.806654302659979],[6.707719409013444,49.806655676967509],[6.707717285940777,49.806700612713861],[6.707786733111362,49.806701986981984],[6.707784610097542,49.806746922730085],[6.707782487078386,49.806791858477773],[6.707780364053892,49.806836794225042],[6.707849811422368,49.806838168458093],[6.707919258796182,49.806839542649548],[6.707988706175335,49.806840916799416],[6.708058153559828,49.80684229090771],[6.708060276327586,49.806797355151744],[6.708129723653233,49.806798729216268],[6.708199170984218,49.806800103239219],[6.708268618320542,49.806801477220581],[6.708266495745336,49.806846412983049],[6.708335943151184,49.80684778692499],[6.708405390562368,49.806849160825351],[6.708407513009205,49.806804225058535],[6.708476960361543,49.806805598915133],[6.708479082738862,49.806760663145724],[6.708548530032354,49.806762036958567],[6.708617977331184,49.806763410729829],[6.708687424635351,49.806764784459496],[6.708756871944856,49.806766158147575],[6.708826319259697,49.806767531794073],[6.7088241972033,49.806812467574325],[6.708893644587663,49.806813841181402],[6.708963091977362,49.806815214746912],[6.708965213905393,49.806770278962297],[6.708967335828088,49.806725343177277],[6.709036783094756,49.806726716696851],[6.709106230366761,49.806728090174836],[6.709104108572434,49.806773025964198],[6.709173555913958,49.806774399402762],[6.70924300326082,49.806775772799746],[6.709240881589527,49.80682070859303],[6.709310329005908,49.806822081950585],[6.709308207393465,49.806867017745631],[6.709238759912899,49.806865644385894],[6.709236638230938,49.806910580178354],[6.709234516543644,49.80695551597038],[6.709232394851013,49.807000451762008],[6.709162947183231,49.806999078354167],[6.709160825421082,49.807044014143202],[6.709156581880784,49.80713388572002],[6.709087134025783,49.80713251226409],[6.709017686176116,49.807131138766565],[6.708948238331787,49.807129765227451],[6.70894611636108,49.807174701008741],[6.708876668457901,49.807173327425865],[6.70880722056006,49.807171953801422],[6.708809342659138,49.807127018024488],[6.70873989483082,49.807125644360625],[6.708670447007838,49.80712427065518],[6.708600999190194,49.807122896908133],[6.70859887689856,49.807167832678545],[6.708459981150916,49.807165085055374],[6.708390533285101,49.807163711181403],[6.708386288300715,49.807253582707943],[6.708316840311866,49.807252208788043],[6.708247392328355,49.807250834826561],[6.708249514951587,49.807205899067831],[6.708180067037601,49.807204525066943],[6.708182189719682,49.807159589309975],[6.708112741875219,49.807158215269659],[6.708114864616149,49.807113279514446],[6.708045416841211,49.807111905434709],[6.707975969071611,49.807110531313384],[6.707978091935574,49.807065595562101],[6.707908644235498,49.807064221401376],[6.707839196540761,49.807062847199049],[6.707769748851364,49.807061472955155],[6.707771871902544,49.807016537209975],[6.707702424282671,49.807015162926646],[6.707704547392698,49.806970227183207],[6.707635099842349,49.806968852860479],[6.707565652297341,49.806967478496155],[6.707563529058944,49.807012414235253],[6.707494081455091,49.807011039827174],[6.707424633856578,49.807009665377507]],[[6.70957963326997,49.807007318177369],[6.709510185575507,49.807005944977462],[6.709512307011397,49.806961009177165],[6.709581754641674,49.806962382374891],[6.70957963326997,49.807007318177369]],[[6.70922178630786,49.807225130713846],[6.709152338319149,49.807223757295162],[6.709154460102634,49.807178821507804],[6.709223908027158,49.807180194924321],[6.70922178630786,49.807225130713846]],[[6.708108496377351,49.807248086778827],[6.708106373620411,49.807293022532804],[6.708036925588732,49.807291648444384],[6.708039048409856,49.807246712692582],[6.708108496377351,49.807248086778827]],[[6.712409570954042,49.808907326298083],[6.712407452054395,49.808952262174152],[6.712476902674069,49.808953633676865],[6.712615803929408,49.808956376557525],[6.71261368521701,49.809001312439676],[6.712544234522485,49.80899994101798],[6.712474783833288,49.808998569554682],[6.71240533314942,49.808997198049795],[6.712403214239118,49.809042133925047],[6.712333763496386,49.809040762376398],[6.712331644516565,49.809085698249049],[6.71226219371497,49.809084326656659],[6.712192742918706,49.809082955022667],[6.712123292127771,49.809081583347094],[6.712125411300171,49.809036647480944],[6.712127530467243,49.808991711614382],[6.712058079810022,49.808990339901548],[6.712060199035959,49.808945404036727],[6.711990748448262,49.808944032284494],[6.711992867733064,49.808899096421428],[6.711994987012537,49.808854160557942],[6.71206443747185,49.808855532305856],[6.712062318256568,49.808900468171515],[6.712131768785404,49.808901839880001],[6.712129649628987,49.808946775747394],[6.712199100227345,49.808948147416473],[6.712201219319569,49.808903211546905],[6.712270669859064,49.808904583172229],[6.712340120403889,49.808905954755943],[6.712409570954042,49.808907326298083]],[[6.707884680872278,49.809042768224387],[6.707954131401983,49.809044142439092],[6.707952008367373,49.80908907817421],[6.707882557773476,49.809087703957324],[6.707884680872278,49.809042768224387]],[[6.707945639231517,49.809223885377065],[6.70794776228214,49.80917894964319],[6.708017213009762,49.809180323822822],[6.708015090023332,49.809225259558865],[6.708012967031563,49.809270195294495],[6.707943516175556,49.809268821110507],[6.707945639231517,49.809223885377065]],[[6.707987490714027,49.80980942408943],[6.707989613769845,49.809764488358816],[6.707991736820325,49.80971955262779],[6.707922285322383,49.809718178422088],[6.707924408431719,49.809673242692796],[6.707926531535718,49.809628306963113],[6.707928654634379,49.809583371232989],[6.707930777727704,49.809538435502446],[6.70793290081569,49.809493499771506],[6.707935023898338,49.809448564040139],[6.707937146975649,49.80940362830836],[6.708006598024236,49.809405002498849],[6.708004475011118,49.809449938232802],[6.708002351992662,49.809494873966351],[6.708000228968871,49.809539809699459],[6.70799810593974,49.809584745432176],[6.707995982905272,49.809629681164459],[6.707993859865467,49.809674616896324],[6.708063311304556,49.809675991058263],[6.708061188323608,49.80972092679189],[6.708059065337322,49.809765862525104],[6.708056942345698,49.809810798257892],[6.707987490714027,49.80980942408943]],[[6.709454462899139,49.809658529785558],[6.709593365878457,49.80966127631671],[6.709595487436458,49.809616340534475],[6.709664938869926,49.809617713735499],[6.709662817376119,49.809662649519893],[6.70966069587698,49.809707585303862],[6.709658574372506,49.809752521087432],[6.709589122746454,49.809751147879901],[6.709587001172451,49.809796083660871],[6.709517549487541,49.809794710409577],[6.709519671125737,49.809749774630781],[6.709450219510358,49.809748401340066],[6.709380767900314,49.80974702800777],[6.709311316295608,49.809745654633879],[6.709313438121055,49.809700718861166],[6.709382889661567,49.809702092232889],[6.709452341207416,49.809703465563018],[6.709454462899139,49.809658529785558]],[[6.710516910696306,49.81071402095148],[6.710447457652769,49.810712648239054],[6.71044533680133,49.810757584039493],[6.710514789909066,49.810758956754078],[6.710512669116493,49.810803892556265],[6.710443215944559,49.810802519839513],[6.710441095082456,49.810847455639113],[6.710371641851657,49.810846082878591],[6.710302188626193,49.810844710076488],[6.710304309616694,49.810799774281236],[6.710234856460763,49.810798401439705],[6.71023697751013,49.810753465646187],[6.710239098554164,49.81070852985227],[6.710241219592865,49.810663594057928],[6.710310672556202,49.810664966892944],[6.710380125524871,49.810666339686378],[6.710382246429843,49.810621403887275],[6.710312793525372,49.810620031096015],[6.710243340626234,49.810618658263166],[6.710245461654271,49.810573722468],[6.710314914489209,49.810575095298674],[6.710317035447716,49.810530159500921],[6.710386488223792,49.810531532287833],[6.710384367329484,49.810576468087767],[6.710453820175092,49.810577840835258],[6.71045169933965,49.81062277663694],[6.710449578498875,49.810667712438203],[6.710519031478214,49.810669085148454],[6.71052115225479,49.81062414934501],[6.710590605175265,49.810625522011499],[6.710660058101075,49.810626894636378],[6.710729511032217,49.810628267219684],[6.710725269858922,49.81071813883915],[6.710655816799384,49.81071676625151],[6.71065369614054,49.81076170205845],[6.710723149264277,49.810763074648264],[6.710792602393349,49.810764447196483],[6.710790481857572,49.810809383007346],[6.710859935056175,49.810810755516137],[6.710929388260113,49.81081212798334],[6.710927267847402,49.810857063798117],[6.710996721120871,49.810858436225892],[6.710994600767028,49.810903372042432],[6.710992480407854,49.810948307858553],[6.711061933815055,49.810949680249074],[6.711131387227589,49.810951052598007],[6.711200840645454,49.810952424905345],[6.711202960812031,49.810907489082716],[6.711272414171031,49.810908861346292],[6.711268173960947,49.810998732995465],[6.711266053847909,49.81104366881943],[6.711263933729541,49.811088604642983],[6.711194480113745,49.811087232370731],[6.711192359925846,49.811132168191691],[6.711122906251181,49.811130795875677],[6.711120785993753,49.811175731694057],[6.711051332260221,49.811174359334274],[6.710981878532021,49.811172986932917],[6.710983998917849,49.811128051118871],[6.710914545259183,49.811126678678093],[6.710845091605849,49.811125306195706],[6.710842971091622,49.811170242005396],[6.710773517379422,49.811168869479253],[6.710704063672555,49.811167496911516],[6.710634609971025,49.81116612430219],[6.710636730677852,49.811121188499008],[6.71063885137935,49.811076252695393],[6.710640972075514,49.811031316891373],[6.710643092766349,49.810986381086927],[6.71064521345185,49.810941445282062],[6.71064733413202,49.810896509476784],[6.710716787448354,49.8108978820731],[6.710718908058994,49.810852946265243],[6.710721028664301,49.810808010456959],[6.710651575476365,49.810806637864992],[6.710582122293762,49.810805265231416],[6.710584243022136,49.810760329427069],[6.710586363745177,49.810715393622282],[6.710516910696306,49.81071402095148]],[[6.708278349622268,49.81395312922767],[6.708347807197923,49.813954503304771],[6.70834356111536,49.814044374722819],[6.708341438066071,49.814089310431214],[6.708271980297786,49.814087936347583],[6.708274103411285,49.814043000641362],[6.708276226519446,49.813998064934722],[6.708278349622268,49.81395312922767]],[[6.708387542651533,49.814584977261973],[6.708385419602399,49.81462991296754],[6.708454878151898,49.814631286994022],[6.708452755161638,49.814676222701351],[6.70845063216604,49.814721158408261],[6.708448509165106,49.814766094114731],[6.708517967912582,49.814767468106147],[6.708515844970522,49.814812403814386],[6.708513722023122,49.81485733952222],[6.708444263147222,49.814855965526462],[6.708374804276661,49.814854591489109],[6.708376927352485,49.814809655785616],[6.708381173488118,49.814719784377424],[6.708383296547927,49.814674848672695],[6.708313837939557,49.814673474602415],[6.708315961058242,49.814628538899427],[6.708318084171586,49.814583603196049],[6.708320207279593,49.814538667492236],[6.708322330382264,49.814493731788012],[6.708324453479594,49.814448796083376],[6.708328699658242,49.814358924672824],[6.708330822739558,49.814313988966923],[6.708335068886177,49.814224117553891],[6.708337191951479,49.814179181846747],[6.708339315011445,49.81413424613919],[6.708408772849279,49.814135620183386],[6.708406649853525,49.814180555893124],[6.708404526852433,49.814225491602436],[6.708473984824028,49.814226865609378],[6.708471861881811,49.814271801320452],[6.708467615981358,49.814361672741342],[6.708465493023125,49.814406608451179],[6.708396034794685,49.81440523443554],[6.708393911766905,49.814450170142777],[6.708391788733786,49.814495105849588],[6.708389665695329,49.814540041555979],[6.708387542651533,49.814584977261973]],[[6.710740650650393,49.814811413867574],[6.710738529763148,49.814856349645289],[6.710669070780662,49.814854976982836],[6.71067119173212,49.814810041207302],[6.710740650650393,49.814811413867574]],[[6.70871997592277,49.814906396973804],[6.708717853157337,49.814951332687308],[6.708648394136989,49.814949958812015],[6.708650516966637,49.814905023100664],[6.70871997592277,49.814906396973804]],[[6.711556182536846,49.818155875415435],[6.711625646287358,49.818157247612241],[6.711623525968833,49.818202183391641],[6.711554062154095,49.818200811192682],[6.711556182536846,49.818155875415435]],[[6.719360465383708,49.773421966916665],[6.719362575195447,49.773377030545959],[6.719431975300528,49.773378397171903],[6.719434085042897,49.773333460798639],[6.719503485089215,49.773334827380879],[6.719501375410911,49.77337976375631],[6.719499265727305,49.773424700131336],[6.719429865552855,49.773423333544777],[6.719360465383708,49.773421966916665]],[[6.71950559476222,49.773289891005028],[6.719574994749775,49.773291257543583],[6.719572885140837,49.773336193921594],[6.719503485089215,49.773334827380879],[6.71950559476222,49.773289891005028]],[[6.71921744516568,49.773509106267362],[6.719219555116153,49.773464169901814],[6.719288955338758,49.773465536615156],[6.719286845452351,49.773510472982863],[6.71921744516568,49.773509106267362]],[[6.718085931253246,49.773936596457112],[6.718016530416086,49.773935229013858],[6.71801864150873,49.773890292689188],[6.718088042281822,49.773891660130296],[6.718085931253246,49.773936596457112]],[[6.718361423877338,49.773987002149809],[6.718359313094426,49.774031938484448],[6.718289912107905,49.774030571203028],[6.718292022954886,49.773985634870549],[6.718361423877338,49.773987002149809]],[[6.718914521177584,49.77404287524044],[6.718983922211851,49.774044242148022],[6.718981812000251,49.774089178501676],[6.718912410901915,49.774087811591954],[6.718914521177584,49.77404287524044]],[[6.717923906510301,49.774428161049109],[6.71799330804691,49.774429528557675],[6.717995419197904,49.774384592237595],[6.718064820675751,49.774385959702471],[6.718062709588827,49.774430896024704],[6.718060598496598,49.774475832346532],[6.718058487399066,49.774520768667948],[6.71798908572901,49.774519401196599],[6.717991196890613,49.774474464877343],[6.717921795289934,49.774473097366617],[6.717923906510301,49.774428161049109]],[[6.719154144186201,49.774857197040355],[6.719152034071374,49.774902133392985],[6.719082631803865,49.774900766569004],[6.719080521619663,49.774945702919076],[6.719011119293387,49.774944336051384],[6.719009009039811,49.774989272398876],[6.718939606654768,49.774987905487485],[6.718941716972415,49.774942969142153],[6.718943827284759,49.774898032796393],[6.718874425033165,49.77489666584777],[6.718876535404278,49.774851729503773],[6.718807133222058,49.774850362515778],[6.718809243651942,49.774805426173508],[6.718739841539098,49.774804059146135],[6.718741952027749,49.774759122805612],[6.718672549984282,49.774757755738854],[6.71860314794612,49.774756388630564],[6.718605258557609,49.77471145229395],[6.718607369163795,49.774666515956923],[6.718537967259081,49.774665148811401],[6.718468565359672,49.774663781624348],[6.718470676088696,49.774618845291229],[6.718472786812415,49.774573908957684],[6.718403385046452,49.774572541733413],[6.718405495828939,49.774527605401616],[6.718336094132352,49.774526238137959],[6.718338204973605,49.774481301807903],[6.718340315809554,49.774436365477428],[6.718342426640199,49.774391429146533],[6.718273025141127,49.774390061847825],[6.718275136030538,49.774345125518686],[6.718277246914646,49.77430018918912],[6.718279357793448,49.774255252859156],[6.718281468666947,49.774210316528752],[6.718283579535144,49.774165380197942],[6.718285690398035,49.774120443866721],[6.718287801255622,49.774075507535088],[6.718426603362105,49.774078242060718],[6.718424492632655,49.774123178396678],[6.7184223818979,49.774168114732213],[6.718420271157843,49.774213051067349],[6.71848967241125,49.77421441827434],[6.718487561729957,49.774259354611218],[6.718485451043361,49.774304290947669],[6.718554852430211,49.774305658117449],[6.718624253822366,49.774307025245676],[6.718622143258606,49.774351961586035],[6.718691544720136,49.774353328674898],[6.71876094618697,49.774354695722209],[6.718758835746046,49.774399632066469],[6.718828237282256,49.774400999074402],[6.718897638823771,49.774402366040796],[6.718895528505684,49.774447302388971],[6.718964930116572,49.774448669315973],[6.718962819857251,49.774493605665889],[6.719032221537515,49.774494972553526],[6.719030111336962,49.77453990890519],[6.719099513086599,49.774541275753442],[6.719097402944814,49.774586212106847],[6.719166804763828,49.774587578915714],[6.719164694680812,49.774632515270866],[6.719162584592493,49.774677451625585],[6.71923198654495,49.774678818397255],[6.719229876515401,49.774723754753708],[6.719299278537234,49.774725121485993],[6.719297168566453,49.774770057844201],[6.719295058590372,49.774814994202004],[6.71936446074565,49.77481636089707],[6.719362350828337,49.774861297256614],[6.719292948608988,49.774859930559394],[6.719223546394943,49.774858563820651],[6.719154144186201,49.774857197040355]],[[6.718121555942214,49.774656945065985],[6.718119444887534,49.774701881387891],[6.718050042955891,49.774700513949433],[6.718052154074641,49.774655577629694],[6.718121555942214,49.774656945065985]],[[6.718325539846531,49.77475091978198],[6.718186735828571,49.77474818510845],[6.718188846824484,49.77470324878481],[6.718258248766741,49.774704616140177],[6.718327650714302,49.774705983454012],[6.718325539846531,49.77475091978198]],[[6.71846223314078,49.774798590621238],[6.718392831054464,49.774797223386166],[6.718394941863469,49.774752287056444],[6.718464343885715,49.774753654289349],[6.71846223314078,49.774798590621238]],[[6.718531635232401,49.774799957814771],[6.718601037329329,49.774801324966766],[6.718598926707232,49.774846261302542],[6.718529524546234,49.774844894148401],[6.718531635232401,49.774799957814771]],[[6.718800801900596,49.774985171540074],[6.718798691449502,49.775030107880667],[6.718729289016302,49.775028740842494],[6.718731399531467,49.77498380450406],[6.718800801900596,49.774985171540074]],[[6.715210203153606,49.777478133440837],[6.715140797397632,49.777476764204486],[6.715142911413814,49.777431827997454],[6.715212317105707,49.777433197231645],[6.715210203153606,49.777478133440837]],[[6.71631435715947,49.777634844301417],[6.716244951126248,49.77763347572327],[6.716247064133078,49.777588539482878],[6.716316470102218,49.777589908058857],[6.71631435715947,49.777634844301417]],[[6.714995643436729,49.777608834212749],[6.715065049374314,49.777610203538678],[6.715062935272804,49.777655139741874],[6.715060821165982,49.777700075944644],[6.715056592936399,49.777789948348961],[6.71498718674249,49.777788579014377],[6.714917780553895,49.777787209638241],[6.714919894799505,49.777742273440623],[6.714922009039801,49.777697337242586],[6.714991415100235,49.777698706614395],[6.714993529271137,49.777653770413778],[6.714995643436729,49.777608834212749]],[[6.716451056421949,49.777682517579521],[6.716453169241845,49.777637581333067],[6.716522575291,49.777638949786571],[6.716591981345466,49.777640318198529],[6.716661387405241,49.777641686568948],[6.716659274777588,49.777686622821896],[6.716657162144627,49.777731559074418],[6.716587755956689,49.777730190699678],[6.716585643254337,49.777775126949635],[6.716583530546678,49.777820063199165],[6.716514124235887,49.77781869477856],[6.716516237007629,49.777773758531175],[6.71644683076623,49.777772390071185],[6.716448943596744,49.777727453825563],[6.716451056421949,49.777682517579521]],[[6.716512011458836,49.777863631025504],[6.716442605089275,49.777862262561186],[6.716373198725026,49.777860894055323],[6.716375311630239,49.777815957812699],[6.716444717930408,49.777817326316395],[6.716514124235887,49.77781869477856],[6.716512011458836,49.777863631025504]],[[6.715620297066306,49.777621156650547],[6.715689703051717,49.777622525602574],[6.715759109042439,49.777623894513063],[6.715761222497834,49.777578958287812],[6.715900034367056,49.777581695979841],[6.715969440309636,49.777583064763526],[6.716038846257528,49.777584433505687],[6.71604095945129,49.77753949727137],[6.716110365340413,49.777540865969826],[6.716108252210732,49.777585802206289],[6.716106139075742,49.777630738442369],[6.716036733058457,49.777629369739593],[6.716034619854076,49.777674305973079],[6.715965213778023,49.777672937226605],[6.715895807707281,49.777671568438578],[6.715893694369429,49.77771650466731],[6.715891581026265,49.777761440895638],[6.715889467677791,49.777806377123547],[6.715887354324007,49.777851313351029],[6.715817948002255,49.777849944512809],[6.715815834579078,49.77789488073774],[6.715746428198555,49.777893511855815],[6.715744314705987,49.777938448078139],[6.715674908266694,49.777937079152508],[6.715677021823345,49.777892142932338],[6.715679135374685,49.777847206711748],[6.715609729068869,49.777845837748892],[6.715540322768368,49.777844468744497],[6.715542436442558,49.77779953252783],[6.715546663775006,49.77770966009323],[6.715477257672061,49.777708291053777],[6.7154793713944,49.777663354838019],[6.715481485111427,49.777618418621842],[6.715550891086211,49.777619787656967],[6.715620297066306,49.777621156650547]],[[6.715531868018491,49.778024213607047],[6.715533981713928,49.777979277392035],[6.715603388206674,49.777980646402916],[6.71560127457532,49.778025582620089],[6.715531868018491,49.778024213607047]],[[6.715529754317743,49.77806914982164],[6.715460347702146,49.778067780764879],[6.715462461466976,49.778022844552453],[6.715531868018491,49.778024213607047],[6.715529754317743,49.77806914982164]],[[6.714242367765349,49.778853351534003],[6.714240252810154,49.778898287701729],[6.714170845072641,49.778896917856038],[6.714172960091922,49.778851981690472],[6.714175075105887,49.778807045524502],[6.714244482715231,49.778808415365859],[6.714242367765349,49.778853351534003]],[[6.714097207157771,49.778985420294347],[6.714099322251765,49.778940484131788],[6.714168730048046,49.778941854021184],[6.714166615018136,49.778986790185925],[6.714097207157771,49.778985420294347]],[[6.714787057078445,49.779088989707603],[6.714784942609363,49.779133925890562],[6.714715534508894,49.77913255636642],[6.714717649042062,49.779087620185628],[6.714787057078445,49.779088989707603]],[[6.715178136042934,49.779636440290879],[6.71518025018594,49.7795915040995],[6.715319067748338,49.779594242567867],[6.715316953733509,49.77963917876356],[6.715247544885565,49.779637809547985],[6.715245430801336,49.779682745741091],[6.715176021894618,49.779681376481811],[6.715178136042934,49.779636440290879]],[[6.714389260534674,49.780160609698655],[6.71431985098677,49.780159239916983],[6.714317736005625,49.780204176076971],[6.714248326398947,49.780202806251602],[6.714246211348397,49.780247742409003],[6.714244096292533,49.780292678565978],[6.71431350602739,49.780294048395682],[6.7143113910303,49.780338984554412],[6.714241981231354,49.780337614722541],[6.714239866164859,49.780382550878691],[6.714237751093051,49.780427487034423],[6.714168341171239,49.780426117156694],[6.714166226030024,49.780471053309846],[6.714164110883494,49.780515989462579],[6.714233520933487,49.780517359344643],[6.714231405845732,49.780562295499124],[6.714161995731649,49.780560925614886],[6.714092585622884,49.780559555689109],[6.714094700838819,49.780514619538948],[6.71409681604944,49.780469683388382],[6.714027406074173,49.780468313425374],[6.713957996104224,49.780466943420826],[6.713888586139593,49.780465573374727],[6.713819176180279,49.780464203287082],[6.713817060713296,49.780509139428986],[6.713678240682444,49.780506399124711],[6.713680356277608,49.780461462987148],[6.713682471867455,49.780416526849145],[6.713751881752041,49.78041789701772],[6.713753997272483,49.780372960877145],[6.713758228297419,49.780283088594736],[6.713827637995053,49.780284458715272],[6.713829753435455,49.780239522571286],[6.713831868870543,49.780194586426866],[6.713833984300315,49.780149650282048],[6.713903393810998,49.780151020354538],[6.713905509171365,49.780106084207127],[6.713909739876152,49.780016211911068],[6.71391185522057,49.779971275762406],[6.713981264480216,49.779972645784703],[6.713983379755232,49.779927709633455],[6.713985495024931,49.779882773481809],[6.714054904161718,49.779884143458219],[6.714057019362015,49.779839207303972],[6.714059134556995,49.779794271149321],[6.714061249746661,49.779749334994257],[6.714063364931012,49.779704398838767],[6.714132773816762,49.77970576876497],[6.714134888931709,49.779660832606893],[6.714137004041342,49.779615896448419],[6.714139119145659,49.779570960289512],[6.714208527844465,49.779572330167674],[6.71421064287938,49.779527394006195],[6.71421275790898,49.779482457844296],[6.714282166484928,49.779483827676579],[6.714284281445128,49.7794388915121],[6.714286396400013,49.779393955347203],[6.714355804853102,49.779395325133613],[6.714357919738585,49.779350388966137],[6.714427328132905,49.779351758708835],[6.714429442948988,49.779306822538778],[6.714498851284537,49.779308192237771],[6.714494621775232,49.779398064581777],[6.714425213311509,49.779396694878471],[6.714423098484799,49.779441631047696],[6.714420983652773,49.779486567216516],[6.71449039224467,49.779487936924149],[6.714488277471419,49.779532873094702],[6.714557686132721,49.779534242762963],[6.71455557141824,49.779579178935272],[6.714553456698447,49.779624115107161],[6.714551341973341,49.779669051278631],[6.714481933119777,49.779667681603868],[6.714479818325269,49.779712617772773],[6.71454922724292,49.779713987449682],[6.714547112507185,49.779758923620321],[6.714544997766136,49.779803859790533],[6.714475588720308,49.77980249010929],[6.714406179679797,49.779801120386502],[6.714404064805257,49.779846056551982],[6.714401949925404,49.779890992717036],[6.714332540762031,49.779889622948374],[6.714263131603978,49.779888253138147],[6.714258901571971,49.779978125458371],[6.714189492291056,49.779976755602263],[6.714187377202993,49.780021691759572],[6.714185262109614,49.780066627916476],[6.714254671518706,49.780067997776904],[6.714252556484102,49.780112933935555],[6.7143219659626,49.780114303756598],[6.714324080933116,49.780069367595779],[6.714326195898317,49.780024431434548],[6.714395605253955,49.78002580120971],[6.714393490352842,49.780070737373116],[6.714391375446416,49.780115673536088],[6.714460784935548,49.780117043274032],[6.714458670087897,49.780161979438766],[6.714389260534674,49.780160609698655]],[[6.71309695344898,49.804648014360943],[6.713099071388068,49.804603078429707],[6.713168515819121,49.804604449431096],[6.7132379602555,49.80460582039089],[6.713235842444767,49.80465075632646],[6.71316639794421,49.804649385364499],[6.71309695344898,49.804648014360943]],[[6.71330528695065,49.804652127246847],[6.713374731461859,49.804653498125653],[6.713444175978393,49.804654868962864],[6.713442058354868,49.804699804904509],[6.713372613774157,49.804698434065124],[6.713303169198769,49.804697063184157],[6.71330528695065,49.804652127246847]],[[6.71371771935883,49.804750223796106],[6.713648274692639,49.804748853120898],[6.713578830031774,49.804747482404089],[6.713509385376234,49.804746111645706],[6.713511502940905,49.804701175702306],[6.713580947532268,49.804702546458529],[6.713650392128956,49.804703917173164],[6.713719836730969,49.804705287846211],[6.71371771935883,49.804750223796106]],[[6.713856608707187,49.804752965021791],[6.713926053389352,49.804754335572255],[6.713923936204423,49.804799271528232],[6.71385449145808,49.804797900975601],[6.713856608707187,49.804752965021791]],[[6.714062825713083,49.804802012508752],[6.7141322704754,49.804803382936633],[6.714130153477681,49.804848318898692],[6.714060708651187,49.804846948468651],[6.714062825713083,49.804802012508752]],[[6.717490363176287,49.807298398510554],[6.717492477246747,49.807253462462342],[6.717561925682086,49.807254830884062],[6.717559811675813,49.807299766934442],[6.717490363176287,49.807298398510554]],[[6.71748824910051,49.807343334558354],[6.717486135019421,49.807388270605728],[6.717416686396836,49.807386902135924],[6.717412458090335,49.807476774225115],[6.717481906841295,49.807478142699239],[6.71747767864191,49.807568014791087],[6.717408229762573,49.807566646312637],[6.71740611559072,49.807611582355761],[6.717336666652512,49.807610213833563],[6.717334552411155,49.807655149874115],[6.717265103414077,49.807653781308154],[6.717262989103215,49.807698717346135],[6.717193540047266,49.807697348736426],[6.717124090996633,49.807695980085121],[6.717126205435871,49.807651044051475],[6.717128319869794,49.80760610801741],[6.717130434298401,49.807561171982925],[6.717060985445652,49.807559803296535],[6.716991536598222,49.807558434568534],[6.716922087756109,49.807557065798974],[6.716924202371965,49.807512129770565],[6.71699365114989,49.807513498537979],[6.716995765696241,49.80746856250699],[6.717065214415295,49.807469931230649],[6.717067328892144,49.807424995197067],[6.717136777552328,49.807426363876978],[6.717138891959673,49.807381427840816],[6.717208340560987,49.807382796476972],[6.717277789167619,49.807384165071554],[6.717279903441272,49.80733922903066],[6.717349351989035,49.807340597581486],[6.717351466193184,49.807295661538014],[6.717420914682076,49.807297030045078],[6.717490363176287,49.807298398510554],[6.71748824910051,49.807343334558354]],[[6.717907054253193,49.807306608430096],[6.717904940562544,49.807351544490857],[6.71790282686658,49.807396480551212],[6.717833378212096,49.80739511233093],[6.717835491972247,49.807350176272742],[6.717766043387267,49.807348808013039],[6.717768157206294,49.807303871956591],[6.717698708690817,49.807302503657461],[6.717629260180657,49.807301135316749],[6.717631374122742,49.807256199264209],[6.717700822568714,49.807257567602768],[6.717770271020004,49.807258935899732],[6.7177723848284,49.807213999842453],[6.717841833220819,49.807215368095669],[6.71783971947661,49.807260304155108],[6.71790916793853,49.807261672368895],[6.717978616405768,49.807263040541102],[6.717976502784619,49.807307976604449],[6.717907054253193,49.807306608430096]],[[6.715004642934,49.808418812612352],[6.715074092916248,49.808420182548097],[6.715076209307401,49.808375246584291],[6.715078325693234,49.808330310620072],[6.715147775552423,49.808331680509902],[6.715217225416936,49.808333050358144],[6.715219341669066,49.808288114389164],[6.715288791474709,49.808289484193637],[6.715358241285676,49.808290853956535],[6.715427691101964,49.808292223677846],[6.715425575042406,49.808337159653313],[6.715564474819329,49.80833989897549],[6.715566590750507,49.808294962995696],[6.715568706676365,49.808250027015475],[6.715570822596904,49.808205091034843],[6.715501372898352,49.80820372140105],[6.715503488877761,49.808158785422165],[6.715434039248723,49.808157415748944],[6.715436155287001,49.8081124797718],[6.715505604851852,49.808113849442854],[6.715575054422022,49.808115219072327],[6.715577170326602,49.808070283090458],[6.715646619837904,49.808071652676176],[6.715648735672976,49.808026716691714],[6.715718185125409,49.808028086233683],[6.715720300890971,49.807983150246628],[6.715789750284537,49.807984519744835],[6.715791865980591,49.807939583755221],[6.715861315315287,49.80794095320968],[6.715930764655306,49.807942322622537],[6.715932880217662,49.807897386628177],[6.716002329498811,49.807898755997293],[6.716004444991658,49.807853820000346],[6.716073894213941,49.8078551893257],[6.716071778785282,49.807900125324814],[6.716141228077072,49.807901494610761],[6.716143343441542,49.807856558609487],[6.716212792674463,49.807857927851664],[6.716214907969426,49.807812991847811],[6.716284357143478,49.807814361046248],[6.716353806322852,49.807815730203089],[6.716355921484118,49.807770794194496],[6.71642537060462,49.807772163307583],[6.716494819730444,49.807773532379095],[6.716564268861587,49.807774901409012],[6.716562153892888,49.807819837424113],[6.716631603093538,49.807821206414609],[6.716701052299509,49.80782257536351],[6.716770501510799,49.807823944270822],[6.716839950727406,49.807825313136547],[6.716837836010148,49.807870249159876],[6.71676838672935,49.807868880291984],[6.716698937453872,49.807867511382511],[6.716696822602918,49.807912447401087],[6.716627373268569,49.807911078447866],[6.716625258348107,49.807956014463876],[6.716555808954889,49.807954645466886],[6.716553693964921,49.807999581480317],[6.716551578969637,49.808044517493336],[6.716549463969034,49.808089453505929],[6.716547348963116,49.808134389518095],[6.716616798613095,49.80813575852374],[6.716614683666048,49.808180694537668],[6.716684133385536,49.808182063503885],[6.716682018497364,49.808226999519562],[6.716679903603875,49.808271935534812],[6.716677788705068,49.80831687154965],[6.716747238622447,49.808318240480773],[6.716745123782514,49.808363176497366],[6.716814573769404,49.808364545389061],[6.716812458988345,49.808409481407381],[6.716810344201971,49.80845441742531],[6.716808229410279,49.808499353442812],[6.716806114613271,49.808544289459888],[6.716736664369615,49.808542920559546],[6.716667214131278,49.808541551617616],[6.71666932905667,49.808496615604859],[6.716599878887846,49.808495246623501],[6.716601993872112,49.808450310612493],[6.716532543772797,49.808448941591699],[6.716463093678802,49.808447572529325],[6.716393643590125,49.808446203425355],[6.716395758761649,49.808401267420422],[6.716326308742484,49.808399898277024],[6.716256858728641,49.808398529092052],[6.716258974023228,49.808353593091027],[6.716189524078895,49.808352223866628],[6.716120074139882,49.808350854600633],[6.716050624206189,49.80834948529305],[6.715981174277817,49.808348115943886],[6.715979058726466,49.808393051936235],[6.715909608739225,49.808391682543323],[6.715907493118362,49.808436618533115],[6.715838043072251,49.808435249096441],[6.715840158757302,49.808390313108816],[6.715770708780703,49.808388943632714],[6.715701258809426,49.808387574115017],[6.715631808843468,49.808386204555738],[6.715629692965842,49.808431140536868],[6.715560242941016,49.808429770933834],[6.715490792921511,49.808428401289213],[6.715488676910184,49.808473337265596],[6.715419226831809,49.808471967577219],[6.715349776758757,49.808470597847247],[6.715280326691026,49.808469228075701],[6.715210876628619,49.808467858262553],[6.715208760355207,49.808512794229856],[6.715139310233931,49.808511424372959],[6.715069860117978,49.808510054474468],[6.715000410007348,49.808508684534395],[6.715002526473334,49.808463748573594],[6.715004642934,49.808418812612352]],[[6.715469632568841,49.808877761034317],[6.715471748628048,49.808832825061671],[6.715541199225279,49.808834194725783],[6.715539083230264,49.808879130700582],[6.715469632568841,49.808877761034317]],[[6.71560641796087,49.808925436301813],[6.71567586869713,49.808926805887062],[6.715673752819863,49.808971741865371],[6.715604302019409,49.808970372277955],[6.715534851224278,49.808969002648936],[6.71553696722993,49.808924066674976],[6.71560641796087,49.808925436301813]],[[6.715743203625638,49.808973111411198],[6.715741087807244,49.809018047391241],[6.715671636937276,49.809016677843246],[6.715673752819863,49.808971741865371],[6.715743203625638,49.808973111411198]],[[6.715810538682534,49.809019416897648],[6.715808422923015,49.809064352879439],[6.715738971983531,49.809062983370872],[6.715741087807244,49.809018047391241],[6.715810538682534,49.809019416897648]],[[6.715877873867819,49.809065722346425],[6.715875758167174,49.809110658329956],[6.715945209181494,49.809112027757521],[6.715943093539722,49.809156963742808],[6.715940977892632,49.80920189972769],[6.715871526749925,49.809200530295804],[6.71587364246121,49.809155594313097],[6.715804191388016,49.809154224841791],[6.715806307158175,49.809109288860817],[6.715808422923015,49.809064352879439],[6.715877873867819,49.809065722346425]],[[6.714838226912789,49.809000240023281],[6.714840343565693,49.808955304071389],[6.714842460213276,49.808910368119079],[6.714911910890988,49.808911738161804],[6.714914027469056,49.808866802206929],[6.714844576855537,49.808865432166343],[6.714846693492477,49.808820496213187],[6.714916144041803,49.808821866251606],[6.714985594596453,49.808823236248422],[6.715055045156427,49.808824606203657],[6.715052928712065,49.808869542163308],[6.715122379341554,49.808870912079115],[6.715120262956064,49.808915848040499],[6.715189713655069,49.808917217916893],[6.71518759732845,49.808962153880046],[6.715118146565253,49.808960784001485],[6.715116030169121,49.809005719962045],[6.715113913767667,49.809050655922185],[6.715111797360894,49.809095591881913],[6.71504234641044,49.809094221955284],[6.714972895465309,49.80909285198706],[6.714970778924827,49.809137787942042],[6.714901327920826,49.809136417930063],[6.7149034445255,49.809091481977248],[6.714905561124855,49.809046546024007],[6.714836110254564,49.809045175974774],[6.714838226912789,49.809000240023281]],[[6.714899211310829,49.809181353882472],[6.714968662379024,49.809182723896612],[6.7149665458279,49.809227659850769],[6.714897094695512,49.809226289834449],[6.714827643568447,49.809224919776561],[6.714829760247959,49.809179983826738],[6.714831876922148,49.809135047876495],[6.714901327920826,49.809136417930063],[6.714899211310829,49.809181353882472]],[[6.715524271116212,49.809193682512536],[6.715454820005434,49.809192312831115],[6.715456936101881,49.809147376861375],[6.715526387148464,49.809148746540643],[6.715524271116212,49.809193682512536]],[[6.715593722232311,49.809195052152369],[6.715591606258932,49.809239988126002],[6.715522155078639,49.809238618484009],[6.715524271116212,49.809193682512536],[6.715593722232311,49.809195052152369]],[[6.717801363210831,49.809553410958763],[6.717799249254465,49.809598346998712],[6.717729797454584,49.809596978672467],[6.717731911475146,49.809552042634678],[6.717801363210831,49.809553410958763]],[[6.717803477161882,49.809508474918381],[6.717872928838688,49.809509843198718],[6.717870814951834,49.809554779241253],[6.717801363210831,49.809553410958763],[6.717803477161882,49.809508474918381]],[[6.717517213644601,49.809682745505555],[6.71751932786838,49.809637809475078],[6.717588779716506,49.809639177928261],[6.717586665556922,49.809684113960898],[6.717517213644601,49.809682745505555]],[[6.717515099415507,49.809727681535612],[6.717512985181096,49.809772617565265],[6.717510870941371,49.809817553594478],[6.717441418841778,49.809816185091051],[6.717439304532541,49.809861121117699],[6.71736985237407,49.809859752570524],[6.717300400220916,49.809858383981748],[6.717302514658547,49.809813447959442],[6.717304629090862,49.809768511936696],[6.717374081115621,49.809769880521138],[6.717376195478424,49.809724944495819],[6.717445647444306,49.809726313036506],[6.717447761737597,49.809681377008616],[6.717517213644601,49.809682745505555],[6.717515099415507,49.809727681535612]],[[6.711962365079631,49.818388786919243],[6.711964485098353,49.818343851130649],[6.712033949137767,49.818345223086503],[6.712036069086931,49.818300287295337],[6.712105533067453,49.818301659207414],[6.712107652947061,49.818256723413661],[6.71217711686869,49.818258095281969],[6.712179236678741,49.818213159485623],[6.712248700541477,49.818214531310161],[6.712244461044496,49.818304402906769],[6.71224234128801,49.818349338704436],[6.712240221526195,49.818394274501692],[6.712309685651166,49.818395646293304],[6.712307565948247,49.818440582092322],[6.712377030142778,49.818441953844484],[6.71244649434264,49.818443325555052],[6.712448613917107,49.8183983897517],[6.712518078058073,49.818399761418497],[6.712515958547833,49.818444697224017],[6.71258542275836,49.818446068851372],[6.712654886974216,49.818447440437133],[6.712724351195406,49.818448811981284],[6.712722231872518,49.818493747792871],[6.712791696163262,49.818495119297594],[6.712861160459341,49.818496490760715],[6.712859041259575,49.818541426576232],[6.712789576899271,49.818540055110951],[6.712787457629952,49.818584990923888],[6.712785338355303,49.818629926736399],[6.712783219075325,49.818674862548498],[6.712852683628309,49.81867623402028],[6.712848445180822,49.818766105647583],[6.712846325949084,49.818811041460606],[6.712776861203415,49.818809669982322],[6.712778980499381,49.818764734171459],[6.712709515823271,49.818763362653741],[6.712707396463078,49.818808298462422],[6.71263793172807,49.818806926900933],[6.712568466998395,49.818805555297835],[6.71242953755504,49.818802811966819],[6.712431657172145,49.818757876166806],[6.712433776783918,49.818712940366375],[6.712294847618801,49.818710196877618],[6.712292727878571,49.818755132673715],[6.712223263239784,49.818753760864759],[6.712225383044241,49.818708825070829],[6.712155918475013,49.818707453222451],[6.712158038338367,49.818662517430276],[6.712160158196391,49.818617581637689],[6.712021229330842,49.818614837824768],[6.711951764906066,49.818613465855911],[6.711882300486624,49.818612093845445],[6.711884420596226,49.818567158061121],[6.711886540700496,49.818522222276364],[6.711888660799435,49.818477286491209],[6.711958125026197,49.818478658495167],[6.711960245055581,49.818433722707411],[6.711890780893044,49.818432350705635],[6.711892900981322,49.818387414919627],[6.711962365079631,49.818388786919243]],[[6.713206363141057,49.818548283278574],[6.713204244257099,49.818593219104521],[6.713134779805916,49.818591847845099],[6.713136898754101,49.818546912021318],[6.713206363141057,49.818548283278574]],[[6.71347998348276,49.818643639560399],[6.713482102115135,49.818598703726209],[6.713551566592969,49.818600074777621],[6.713621031076131,49.818601445787415],[6.713618912572209,49.818646381625939],[6.71347998348276,49.818643639560399]],[[6.713336816876982,49.818730768986896],[6.713406281536839,49.81873214012802],[6.713404162824252,49.818777075958799],[6.713473627553666,49.818778447060481],[6.713471508899981,49.818823382893008],[6.713402044106338,49.818822011789159],[6.713399925383097,49.8188669476191],[6.713330460530556,49.818865576471488],[6.71332834173776,49.818910512298842],[6.713258876826321,49.818909141107447],[6.713189411920212,49.818907769874443],[6.713191530841465,49.81886283405143],[6.713122066004915,49.81886146277899],[6.713052601173694,49.818860091464956],[6.712983136347806,49.818858720109311],[6.712985255456415,49.818813784292367],[6.713054720218077,49.818815155645844],[6.71305683925713,49.818770219826312],[6.713058958290855,49.818725284006369],[6.713061077319253,49.818680348186014],[6.713130541893562,49.818681719491387],[6.713132660852403,49.818636783668452],[6.713202125367814,49.818638154930042],[6.7132000064732,49.818683090755144],[6.713269471058169,49.818684461977313],[6.713271589888556,49.818639526150037],[6.713275827533344,49.818549654494241],[6.713345291930962,49.818551025668292],[6.713343173175458,49.818595961498566],[6.713341054414627,49.818640897328429],[6.713338935648469,49.818685833157865],[6.713336816876982,49.818730768986896]],[[6.719614643412975,49.775406000015792],[6.719616753137615,49.775361063652582],[6.719618862856952,49.775316127288981],[6.719688265743541,49.775317493800088],[6.719757668635433,49.775318860269643],[6.71975555904424,49.775363796637578],[6.719751339845956,49.775453669372176],[6.719681936761845,49.775452302896134],[6.719612533683036,49.775450936378547],[6.719614643412975,49.775406000015792]],[[6.729986838312582,49.804665390330875],[6.729988940619143,49.804620453872111],[6.730058385890483,49.804621814753482],[6.730056283648102,49.804666751214405],[6.729986838312582,49.804665390330875]],[[6.729984736000736,49.804710326789227],[6.729915290606323,49.804708965861977],[6.729917392982348,49.804664029405785],[6.729986838312582,49.804665390330875],[6.729984736000736,49.804710326789227]],[[6.728724202295634,49.804910505828062],[6.728585311060689,49.804907782413395],[6.728583207433511,49.804952718826208],[6.728444316091366,49.804949995240911],[6.728446419846906,49.804905058832396],[6.728448523597157,49.804860122423477],[6.72845062734212,49.804815186014132],[6.728520072818005,49.804816547821112],[6.728589518299179,49.804817909586518],[6.728591621910494,49.804772973172454],[6.72866106733278,49.80477433489412],[6.728663170874626,49.804729398477491],[6.72866527441118,49.80468446206045],[6.728734719710396,49.804685823736222],[6.728732616238021,49.804730760155415],[6.728802061606706,49.804732121791758],[6.728871506980683,49.804733483386521],[6.728873610324698,49.804688546963014],[6.728943055639784,49.80468990851405],[6.72901250096016,49.804691270023483],[6.729081946285825,49.804692631491335],[6.729084049432013,49.804647695060964],[6.729153494698786,49.804649056485076],[6.72922293997085,49.80465041786762],[6.729220836953021,49.804695354302289],[6.729290282294554,49.804696715645385],[6.72928817933562,49.804741652081802],[6.729218733929907,49.804740290736547],[6.729149288529483,49.80473892934971],[6.729079843134349,49.804737567921293],[6.729077739977587,49.804782504350833],[6.729147185436901,49.80478386578141],[6.729145082339032,49.80482880221269],[6.729075636815536,49.804827440779952],[6.729073533648199,49.804872377208682],[6.729004088065813,49.804871015732218],[6.728934642488715,49.804869654214166],[6.728932539187729,49.804914590638163],[6.728863093551741,49.804913229076384],[6.728793647921043,49.804911867473017],[6.728724202295634,49.804910505828062]],[[6.727337395675769,49.804838327821685],[6.727406841131162,49.804839690296177],[6.727404736418203,49.804884626672816],[6.727335290898629,49.804883264196164],[6.727337395675769,49.804838327821685]],[[6.726642941413004,49.804824700789545],[6.726640835994061,49.804869637142481],[6.726638730569825,49.804914573495019],[6.726569285044307,49.80491321055878],[6.726567179550598,49.804958146908731],[6.726565074051594,49.805003083258278],[6.726562968547299,49.805048019607391],[6.726493522834534,49.805046656623119],[6.726491417260763,49.805091592969674],[6.726421971489113,49.805090229941648],[6.726424077127065,49.805045293597246],[6.726354631424892,49.805043930529784],[6.726285185728013,49.805042567420749],[6.726287291489034,49.804997631080241],[6.726289397244759,49.804952694739313],[6.726291502995192,49.804907758397981],[6.72629360874033,49.804862822056222],[6.726363054180485,49.804864185156646],[6.72636515985615,49.804819248812308],[6.726367265526521,49.804774312467572],[6.726369371191598,49.80472937612241],[6.726438816444509,49.804730739174786],[6.726440922040114,49.804685802827059],[6.726443027630425,49.80464086647892],[6.726512472760271,49.804642229485403],[6.72651036723414,49.804687165835695],[6.726579812433462,49.804688528802757],[6.726649257638078,49.804689891728216],[6.72671870284799,49.804691254612095],[6.726716597509105,49.804736190968441],[6.726714492164927,49.804781127324368],[6.726645046826655,49.804779764436184],[6.726642941413004,49.804824700789545]],[[6.72719429496457,49.804925475487863],[6.727263740537737,49.804926838049845],[6.727261635685834,49.80497177442134],[6.727192190048486,49.804970411857212],[6.72719429496457,49.804925475487863]],[[6.719401639465539,49.805087158284692],[6.719332194042332,49.805085791008551],[6.719262748624438,49.805084423690822],[6.719193303211854,49.805083056331497],[6.719195415540467,49.80503812021275],[6.719125970197378,49.805036752814019],[6.719056524859599,49.805035385373699],[6.718987079527134,49.805034017891792],[6.718989192042975,49.804989081779105],[6.718919746780003,49.80498771425777],[6.718850301522344,49.804986346694861],[6.718780856269996,49.804984979090371],[6.718711411022963,49.804983611444278],[6.718713523790211,49.804938675339827],[6.71864407861267,49.804937307654313],[6.718646191438784,49.80489237155161],[6.718576746330738,49.804891003826683],[6.718507301228004,49.80488963606016],[6.718509414177166,49.804844699961365],[6.718511527121015,49.80479976386215],[6.718580972095392,49.804801131624338],[6.718583084969751,49.804756195522543],[6.718652529885262,49.80475756324099],[6.718654642690131,49.80471262713661],[6.718656755489689,49.804667691031824],[6.718658868283936,49.804622754926619],[6.718728313012226,49.804624122596998],[6.71879775774583,49.804625490225789],[6.71879987040641,49.804580554115837],[6.718801983061677,49.804535618005474],[6.718804095711635,49.804490681894706],[6.718873540258019,49.804492049475421],[6.718942984809715,49.804493417014562],[6.719012429366724,49.804494784512123],[6.719081873929046,49.804496151968088],[6.719151318496681,49.804497519382473],[6.719149206167612,49.804542455504048],[6.719218650804736,49.804543822879019],[6.719288095447173,49.804545190212409],[6.719357540094922,49.804546557504203],[6.719355427953077,49.804591493631847],[6.71928598324115,49.804590126337899],[6.719283871029816,49.804635062462971],[6.719281758813173,49.804679998587631],[6.719351203653456,49.804681365885905],[6.719420648499052,49.804682733142599],[6.719418536405456,49.804727669271173],[6.719416424306549,49.804772605399315],[6.719414312202334,49.804817541527051],[6.719483757245777,49.804818908748636],[6.71955320229453,49.804820275928655],[6.719622647348596,49.804821643067079],[6.719620535431608,49.804866579200876],[6.719618423509311,49.804911515334254],[6.719616311581704,49.804956451467213],[6.719546866335101,49.804955084322316],[6.719544754338006,49.805000020452709],[6.719540530327887,49.805089892712218],[6.719538418314864,49.805134828841375],[6.719468972816854,49.805133461646228],[6.719471084894057,49.805088525519253],[6.719401639465539,49.805087158284692]],[[6.726769200400315,49.805097044665921],[6.726767095077975,49.805141981020675],[6.726697649220964,49.805140618156841],[6.726628203369247,49.805139255251419],[6.726630308819948,49.80509431890097],[6.726699754607485,49.805095681804232],[6.726701859988712,49.805050745451219],[6.726703965364646,49.805005809097779],[6.726706070735288,49.804960872743926],[6.726775516335576,49.804962235599149],[6.726777621636743,49.804917299242746],[6.726779726932619,49.804872362885909],[6.726781832223203,49.804827426528647],[6.726851277636244,49.804828789335822],[6.72692072305458,49.804830152101417],[6.726918617892356,49.804875088462978],[6.726916512724842,49.804920024824121],[6.726914407552036,49.804964961184851],[6.726844961941158,49.80496359841279],[6.726842856698878,49.805008534770948],[6.726840751451306,49.805053471128687],[6.72683864619844,49.805098407486021],[6.726769200400315,49.805097044665921]],[[6.727465763295042,49.805065734618871],[6.727396317513451,49.805064372175202],[6.727398422247576,49.805019435800226],[6.727467867964985,49.805020798241749],[6.727469972629637,49.804975861864207],[6.727608863951974,49.804978586618198],[6.727678309621081,49.804979948932818],[6.727676205148971,49.805024885316826],[6.727606759415683,49.805023523000052],[6.727604654874103,49.805068459381474],[6.727535209081926,49.805067097020967],[6.727465763295042,49.805065734618871]],[[6.727745650887551,49.805026247591996],[6.727815096631425,49.805027609825608],[6.727884542380591,49.805028972017617],[6.727882438095733,49.805073908407664],[6.727951883914373,49.805075270560252],[6.727949779688408,49.805120206952033],[6.728019225576521,49.805121569065179],[6.728088671469925,49.805122931136751],[6.72815811736862,49.805124293166735],[6.72815601332991,49.805169229564548],[6.72815390928591,49.805214165961956],[6.728151805236621,49.805259102358953],[6.728082359145378,49.805257740322517],[6.728084463258851,49.805212803927681],[6.728015017237083,49.805211441851803],[6.727945571220607,49.805210079734344],[6.727947675457152,49.805165143343402],[6.72787822951015,49.805163781186515],[6.727808783568441,49.805162418988026],[6.727739337632024,49.80516105674797],[6.727741442055824,49.80511612036306],[6.727743546474333,49.805071183977745],[6.727674100671571,49.8050698217004],[6.727676205148971,49.805024885316826],[6.727745650887551,49.805026247591996]],[[6.727737233202934,49.805205993132461],[6.727667787207626,49.805204630848664],[6.727598341217614,49.805203268523286],[6.727600445775067,49.805158332143094],[6.727669891700899,49.805159694466326],[6.727739337632024,49.80516105674797],[6.727737233202934,49.805205993132461]],[[6.724898379947456,49.804970360209694],[6.724967825474204,49.804971724148267],[6.724965718493753,49.805016660447833],[6.724896272902823,49.805015296507101],[6.724898379947456,49.804970360209694]],[[6.725102502834119,49.805064324508017],[6.725104609691506,49.805019388204556],[6.72517405529833,49.805020752020546],[6.725171948505124,49.805065688326152],[6.725102502834119,49.805064324508017]],[[6.728917815932775,49.805229145594481],[6.728848369847515,49.805227784017625],[6.728850473249697,49.805182847598694],[6.728919919270774,49.80518420917339],[6.728917815932775,49.805229145594481]],[[6.728987262023321,49.805230507129735],[6.72905670811916,49.805231868623409],[6.729126154220287,49.805233230075501],[6.729124051069546,49.805278166502625],[6.729054604904237,49.805276805048379],[6.728985158744217,49.805275443552553],[6.728915712589488,49.805274082015139],[6.728917815932775,49.805229145594481],[6.728987262023321,49.805230507129735]],[[6.724818398828972,49.805193677701624],[6.724748952991918,49.805192313669082],[6.724751060186102,49.805147377377658],[6.724820505958973,49.80514874140804],[6.724889951737144,49.805150105396827],[6.724892058797669,49.805105169100671],[6.724961504516958,49.805106533045709],[6.725030950241547,49.805107896949174],[6.725028843309385,49.80515283324965],[6.725026736371927,49.805197769549707],[6.725096182230177,49.805199133415897],[6.725094075351604,49.805244069717695],[6.72495518351204,49.805241341939407],[6.724957290518977,49.805196405641922],[6.724887844671324,49.805195041692571],[6.724818398828972,49.805193677701624]],[[6.728568481895185,49.805267273704303],[6.728637928023466,49.805268635449636],[6.728707374157037,49.805269997153381],[6.728705270615914,49.805314933567189],[6.728635824418162,49.805313571861277],[6.728633720807569,49.805358508272498],[6.72863161719169,49.805403444683307],[6.728629513570519,49.805448381093719],[6.728560067185509,49.805447019339766],[6.728557963494869,49.805491955747584],[6.728555859798941,49.805536892155011],[6.728553756097723,49.805581828561998],[6.728484309525457,49.805580466760006],[6.72841486295848,49.805579104916433],[6.728345416396794,49.805577743031265],[6.728347520290561,49.805532806630723],[6.728349624179039,49.805487870229769],[6.728419070612358,49.805489232110631],[6.728421174431364,49.805444295707112],[6.728423278245081,49.805399359303152],[6.728492724555327,49.805400721138128],[6.728494828299572,49.805355784731624],[6.728496932038529,49.805310848324709],[6.728566378225699,49.805312210113776],[6.728568481895185,49.805267273704303]],[[6.724113401758395,49.80540471685886],[6.724043955653439,49.805403352399701],[6.724041847785651,49.805448288667073],[6.723972401621813,49.805446924164166],[6.723970293684545,49.805491860428965],[6.723968185741978,49.805536796693346],[6.723966077794112,49.805581732957322],[6.723896631443028,49.805580368406353],[6.723894523425679,49.805625304667757],[6.723892415403033,49.805670240928734],[6.723890307375085,49.805715177189299],[6.723820860836756,49.805713812590284],[6.723751414303727,49.805712447949681],[6.723753522460041,49.805667511693429],[6.723684075996497,49.80566614701339],[6.723614629538257,49.805664782291771],[6.723616737817633,49.805619846039427],[6.723547291428877,49.80561848127838],[6.723477845045424,49.805617116475744],[6.723479953447867,49.805572180227287],[6.723410507133898,49.805570815385217],[6.723341060825232,49.805569450501572],[6.723343169350739,49.805524514257023],[6.723273723111557,49.805523149333936],[6.72320427687768,49.805521784369283],[6.72320638552625,49.805476848128635],[6.723136939361856,49.805475483124539],[6.723139048069308,49.805430546885624],[6.723141156771456,49.80538561064629],[6.723143265468305,49.805340674406544],[6.723212711440153,49.805342039404159],[6.723214820067519,49.80529710316182],[6.723216928689584,49.805252166919082],[6.723219037306348,49.805207230675933],[6.72322114591781,49.805162294432364],[6.723290591638236,49.805163659379772],[6.723292700180218,49.805118723133624],[6.723362145841767,49.805120088037285],[6.723364254314267,49.805075151788579],[6.723433699916938,49.805076516648491],[6.723503145524911,49.805077881466822],[6.72350525386375,49.80503294521337],[6.723574699412844,49.805034309987967],[6.723572591138186,49.805079246243572],[6.723570482858229,49.805124182498766],[6.723639928540987,49.805125547236081],[6.723709374229048,49.805126911931822],[6.72377881992241,49.805128276585961],[6.723776711829695,49.805173212847208],[6.72384615759254,49.805174577461926],[6.723915603360687,49.805175942035071],[6.723985049134136,49.80517730656662],[6.724054494912886,49.805178671056581],[6.724123940696936,49.805180035504968],[6.724193386486288,49.805181399911767],[6.724195494193918,49.805136463637595],[6.72419760189625,49.80509152736299],[6.724267047562542,49.805092891723888],[6.724264939924391,49.805137828000639],[6.724256509318802,49.805317573103501],[6.724187063331604,49.80531620873181],[6.724117617349709,49.805314844318552],[6.724115509556701,49.805359780588915],[6.724113401758395,49.80540471685886]],[[6.729871139488847,49.805652631345986],[6.729869036996542,49.805697567793032],[6.72986693449895,49.80574250423966],[6.729797487633634,49.805741143221354],[6.729728040773605,49.805739782161453],[6.729658593918866,49.805738421059985],[6.72966069660901,49.805693484619788],[6.72959124982374,49.805692123478863],[6.729593352572781,49.805647187040428],[6.729662799293867,49.805648548179192],[6.729664901973438,49.805603611738185],[6.729667004647723,49.805558675296759],[6.729597558055005,49.805557314162293],[6.729599660788187,49.8055123777226],[6.729530214264941,49.805511016548706],[6.729460767746985,49.805509655333218],[6.729462870603246,49.805464718897426],[6.729393424154762,49.805463357642502],[6.729323977711565,49.80546199634599],[6.729326080690907,49.805417059914078],[6.729256634317181,49.80541569857813],[6.72925873735542,49.805370762147945],[6.729328183664962,49.805372123481739],[6.729397629979793,49.805373484773945],[6.729467076299912,49.805374846024563],[6.72953652262532,49.805376207233593],[6.729534419843814,49.805421143672376],[6.729603866238692,49.805422504841971],[6.729673312638862,49.805423865969985],[6.729671209980435,49.805468802412669],[6.729740656450073,49.805470163501241],[6.729810102925001,49.805471524548238],[6.729808000389655,49.805516460994781],[6.729877446934052,49.805517822002344],[6.729946893483738,49.805519182968318],[6.729944791071472,49.805564119418747],[6.730014237690627,49.805565480345294],[6.730012135337261,49.805610416797478],[6.72994268865392,49.805609055868793],[6.729940586231084,49.805653992318405],[6.729871139488847,49.805652631345986]],[[6.72876840635641,49.805451104476866],[6.72883785275729,49.805452466106047],[6.728907299163461,49.805453827693661],[6.72897674557492,49.80545518923968],[6.72904619199167,49.805456550744111],[6.72904408875031,49.805501487166993],[6.728974642269377,49.805500125660416],[6.728972538958546,49.805545062080739],[6.728970435642428,49.80558999850065],[6.728900989038419,49.805588636948173],[6.728898885652829,49.805633573365512],[6.728968332321022,49.805634934920143],[6.728966228994328,49.805679871339215],[6.728827335534866,49.805677148184074],[6.728757888813068,49.805675786544128],[6.728759992332313,49.805630850131493],[6.72876209584627,49.80558591371846],[6.728831542439699,49.805587275354114],[6.728833645884183,49.805542338938508],[6.72883574932338,49.805497402522491],[6.728766302858317,49.805496040891136],[6.72876840635641,49.805451104476866]],[[6.725285559471791,49.805607651524348],[6.725216113020007,49.80560628776351],[6.725146666573522,49.805604923961077],[6.725148773430287,49.805559987660452],[6.725218219812589,49.805561351460717],[6.725220326599874,49.805516415157534],[6.725289772923293,49.805517778914059],[6.725291879641099,49.805472842608289],[6.72529398635361,49.805427906302107],[6.725363432553963,49.805429270012731],[6.725361325905634,49.80547420632108],[6.72535921925201,49.805519142628995],[6.72535711259309,49.805564078936499],[6.72528766620019,49.805562715219402],[6.725285559471791,49.805607651524348]],[[6.725977918189145,49.805666223171542],[6.725975812091985,49.8057111594972],[6.725906365458858,49.805709796147916],[6.72590425929222,49.805754732470987],[6.725902153120286,49.805799668793661],[6.725900046943058,49.805844605115908],[6.725830600122678,49.805843241718577],[6.72582849387597,49.805888178038252],[6.725826387623967,49.805933114357522],[6.725824281366671,49.805978050676366],[6.725754834359036,49.805976687230981],[6.725752728032259,49.806021623547267],[6.725750621700188,49.806066559863126],[6.725681174569482,49.80606519637184],[6.72567906816793,49.806110132685127],[6.725676961761083,49.806155068998002],[6.72567485534894,49.806200005310473],[6.725605408030979,49.80619864177114],[6.725535960718314,49.806197278190218],[6.725466513410947,49.806195914567702],[6.725468620015645,49.806150978261698],[6.725399172777762,49.806149614599754],[6.725329725545177,49.806148250896236],[6.725331832272949,49.806103314594132],[6.725333938995423,49.806058378291624],[6.7253360457126,49.806013441988689],[6.725405492752632,49.806014805685749],[6.725407599400329,49.805969869380249],[6.72540970604273,49.805924933074337],[6.725411812679837,49.805879996767985],[6.725481259532614,49.805881360416997],[6.72548336610024,49.805836424108094],[6.72548547266257,49.805791487798764],[6.725487579219604,49.805746551489037],[6.72555702588513,49.805747915089995],[6.725559132372685,49.805702978777688],[6.725561238854944,49.80565804246497],[6.725630685397401,49.805659406020027],[6.725632791810182,49.805614469704729],[6.725634898217668,49.805569533389018],[6.725637004619857,49.805524597072896],[6.725639111016751,49.805479660756347],[6.725708557307776,49.805481024261212],[6.725710663635193,49.805436087942098],[6.725712769957314,49.805391151622572],[6.725714876274141,49.80534621530262],[6.725716982585673,49.805301278982256],[6.725719088891909,49.80525634266148],[6.725721195192849,49.805211406340291],[6.725860087020606,49.805214133199371],[6.72592953294243,49.805215496566561],[6.725927426834033,49.805260432894215],[6.725996872825337,49.805261796221949],[6.726066318821935,49.805263159508108],[6.726135764823829,49.805264522752672],[6.726133658902684,49.805309459086374],[6.726129447044509,49.805399331752547],[6.72612734110748,49.805444268084997],[6.726125235165157,49.805489204417043],[6.726055788842351,49.8054878411617],[6.726053682830551,49.805532777491166],[6.726051576813457,49.805577713820227],[6.725982130367584,49.80557635051899],[6.725980024281013,49.805621286845472],[6.725977918189145,49.805666223171542]],[[6.72422700153161,49.805946680911106],[6.724157554645857,49.805945316509245],[6.724159662443567,49.805900380242136],[6.724090215627299,49.805899015800826],[6.724092323483893,49.805854079535457],[6.724094431335189,49.805809143269663],[6.724096539181186,49.805764207003463],[6.724165985804905,49.805765571438293],[6.72416809358142,49.805720635169521],[6.724237540146256,49.80572199956061],[6.724235432433924,49.805766935831542],[6.724304879068245,49.80576830018321],[6.724374325707866,49.805769664493276],[6.724372218118602,49.805814600768095],[6.724441664827707,49.805815965038747],[6.724511111542112,49.805817329267803],[6.724580558261819,49.805818693455286],[6.724578450859805,49.805863629736166],[6.724647897648994,49.8058649938842],[6.724717344443484,49.805866357990652],[6.724786791243273,49.805867722055524],[6.724784684028513,49.805912658342464],[6.724854130897786,49.805914022367915],[6.724923577772357,49.805915386351764],[6.724921470680669,49.805960322642591],[6.724990917624722,49.805961686587011],[6.725060364574077,49.805963050489844],[6.725058257605459,49.806007986784572],[6.725056150631544,49.806052923078894],[6.724986703553821,49.806051559171735],[6.724984596510425,49.806096495463471],[6.724982489461731,49.806141431754796],[6.72491304226094,49.806140067801749],[6.724915149373818,49.806095131512585],[6.72484570224251,49.806093767520096],[6.724776255116502,49.806092403486041],[6.724706807995793,49.806091039410397],[6.724708915295927,49.806046103127287],[6.724639468244701,49.806044739012201],[6.724570021198777,49.806043374855541],[6.724572128621981,49.805998438576317],[6.724502681645541,49.805997074380208],[6.724433234674401,49.805995710142533],[6.724363787708562,49.805994345863255],[6.72436589531902,49.805949409590099],[6.724296448422664,49.8059480452714],[6.72422700153161,49.805946680911106]],[[6.726537702082874,49.805587255764479],[6.726535596509765,49.805632192108206],[6.72660504306219,49.805633555078906],[6.726674489619912,49.805634918008025],[6.726672384169875,49.805679854355652],[6.726741830797075,49.805681217245329],[6.72681127742957,49.805682580093432],[6.726880724067358,49.805683942899947],[6.72687861880458,49.8057288792536],[6.726948065511847,49.80573024202068],[6.727017512224409,49.805731604746178],[6.727015407084704,49.805776541103747],[6.727013301939709,49.805821477460874],[6.72701119678942,49.805866413817597],[6.726941749884307,49.805865051085625],[6.726939644664543,49.805909987439783],[6.726937539439485,49.805954923793529],[6.726868092411299,49.80595356101567],[6.726863881816938,49.806043433717576],[6.726861776511817,49.806088370067918],[6.726792329296373,49.806087007242013],[6.726790223921776,49.806131943589776],[6.726788118541886,49.806176879937127],[6.726786013156702,49.806221816284065],[6.726783907766227,49.806266752630577],[6.726714460299337,49.806265389754472],[6.726712354839382,49.806310326098426],[6.726710249374134,49.806355262441954],[6.726708143903594,49.80640019878507],[6.726638696249442,49.806398835860904],[6.726640801784169,49.806353899519955],[6.726571354199498,49.806352536556368],[6.726501906620123,49.806351173551199],[6.726432459046044,49.806349810504443],[6.726434564768033,49.806304874169527],[6.726365117263436,49.806303511083328],[6.726295669764133,49.806302147955549],[6.726226222270128,49.806300784786188],[6.72622832817938,49.806255848457319],[6.726158880754856,49.806254485248523],[6.72608943333563,49.806253121998139],[6.726091539367956,49.806208185673171],[6.72609575141673,49.806118313021969],[6.726165198643402,49.806119676265887],[6.726167304595661,49.806074739937515],[6.726169410542626,49.806029803608723],[6.726238857646226,49.806031166806747],[6.726240963523712,49.805986230475384],[6.726243069395905,49.805941294143615],[6.726245175262804,49.805896357811413],[6.726314622179148,49.805897720961383],[6.726316727976569,49.805852784626623],[6.726318833768693,49.805807848291458],[6.726320939555528,49.805762911955846],[6.726323045337066,49.805717975619842],[6.72639249200197,49.805719338719619],[6.726394597714033,49.805674402381037],[6.726396703420801,49.805629466042035],[6.726398809122276,49.805584529702621],[6.726468255599927,49.805585892754351],[6.726537702082874,49.805587255764479]],[[6.724631038755644,49.80622448413353],[6.72456159145298,49.806223119968237],[6.724563698897376,49.80617818369069],[6.724494251664199,49.80617681948597],[6.724424804436322,49.806175455239661],[6.72442691200379,49.806130518966],[6.724429019565958,49.806085582691928],[6.724498466665467,49.806086946933924],[6.724567913770276,49.806088311134332],[6.724565806336475,49.806133247412717],[6.724635253510768,49.806134611573697],[6.724633146135854,49.80617954785383],[6.724702593379632,49.806180911975375],[6.724700486063605,49.806225848257242],[6.724698378742281,49.806270784538683],[6.724628931370133,49.806269420412839],[6.724631038755644,49.80622448413353]],[[6.726840723169519,49.806537733548382],[6.726771275312219,49.806536370700947],[6.726773380734453,49.806491434356928],[6.726775486151394,49.806446498012491],[6.726844933880321,49.80644786085562],[6.726847039227783,49.806402924508618],[6.726849144569952,49.806357988161196],[6.726918592175804,49.806359350958431],[6.726920697448494,49.80631441460843],[6.726922802715893,49.806269478258017],[6.726992250198667,49.806270841009372],[6.726994355396587,49.806225904656394],[6.726996460589215,49.806180968302996],[6.72699856577655,49.806136031949173],[6.727068013072065,49.806137394652481],[6.727070118189922,49.806092458296099],[6.727072223302488,49.806047521939298],[6.727141670474927,49.806048884596713],[6.727211117652659,49.806050247212518],[6.727280564835687,49.806051609786756],[6.727278459915675,49.806096546150009],[6.727347907168181,49.806097908684805],[6.727417354425981,49.806099271178006],[6.727486801689075,49.806100633629633],[6.727484696956326,49.806145569998925],[6.727482592218287,49.806190506367813],[6.727413144826823,49.80618914391188],[6.727411040019306,49.806234080278209],[6.727341592568952,49.806232717778535],[6.727339487691959,49.806277654142278],[6.727337382809675,49.806322590505609],[6.727335277922098,49.806367526868527],[6.727265830284479,49.806366164320814],[6.727263725327425,49.80641110068116],[6.72726162036508,49.80645603704108],[6.727259515397442,49.806500973400603],[6.727257410424513,49.806545909759699],[6.727326858318875,49.806547272316038],[6.727324753404839,49.806592208676868],[6.727255305446291,49.806590846118382],[6.727253200462777,49.806635782476647],[6.727183752445336,49.806634419874413],[6.727114304433188,49.806633057230606],[6.727044856426335,49.80663169454521],[6.72704696160241,49.806586758193411],[6.726977513665038,49.806585395468574],[6.726908065732961,49.806584032702155],[6.726905960428514,49.806628969049648],[6.726836512437545,49.806627606239488],[6.726838617806179,49.806582669894141],[6.726840723169519,49.806537733548382]],[[6.729138815133801,49.806447874930534],[6.72914091835783,49.806402938512079],[6.729210366138325,49.806404299936943],[6.729208262978482,49.806449236357558],[6.729138815133801,49.806447874930534]],[[6.730186840127185,49.806333482615642],[6.730256287858634,49.806334843412394],[6.730254185672159,49.806379779866113],[6.73032363347308,49.806381140623429],[6.730393081279287,49.806382501339158],[6.730462529090781,49.806383862013298],[6.730460427091582,49.806428798473057],[6.730529874972549,49.806430159107769],[6.730599322858804,49.806431519700872],[6.730597220982692,49.806476456164518],[6.73066666893842,49.806477816718207],[6.730736116899434,49.806479177230301],[6.730734015146411,49.806524113697819],[6.730731913388106,49.806569050164931],[6.730662465298718,49.806567689648539],[6.730660363470942,49.806612626113086],[6.730590915322654,49.806611265552952],[6.730521467179652,49.80660990495123],[6.730523569135803,49.806564968490989],[6.730454121062274,49.806563607849831],[6.730384672994033,49.806562247167093],[6.730386775073273,49.806517310710724],[6.730317327074505,49.806515949988544],[6.730315224931078,49.806560886442753],[6.73024577687341,49.806559525676839],[6.730247879081024,49.806514589224776],[6.73017843109283,49.806513228419419],[6.730180533359348,49.806468291969104],[6.730111085440628,49.806466931124305],[6.730113187766046,49.806421994675723],[6.730182635620578,49.806423355518369],[6.730184737876524,49.806378419067208],[6.730115290086177,49.806377058226722],[6.730117392401025,49.806332121777302],[6.730186840127185,49.806333482615642]],[[6.728132879182153,49.807147792742512],[6.728063430389834,49.807146430657255],[6.727993981602807,49.807145068530396],[6.727924532821073,49.807143706361948],[6.727926637220913,49.807098769986723],[6.72785718850866,49.807097407778841],[6.7277877398017,49.807096045529377],[6.727718291100033,49.807094683238319],[6.727720395687149,49.807049746869126],[6.727650947054964,49.807048384538639],[6.727581498428072,49.807047022166557],[6.727512049806473,49.807045659752887],[6.727514154580862,49.807000723389756],[6.727444706028745,49.806999360936658],[6.727375257481921,49.806997998441965],[6.727305808940392,49.806996635905683],[6.727307913902053,49.806951699548591],[6.727310018858424,49.806906763191087],[6.727379467271578,49.806908125723048],[6.727381572158467,49.806863189362979],[6.727383677040065,49.806818253002483],[6.727385781916372,49.806773316641568],[6.727387886787387,49.806728380280234],[6.727457334949086,49.806729742762002],[6.727459439750622,49.80668480639811],[6.727461544546867,49.806639870033798],[6.727530992585485,49.806641232469673],[6.727533097312251,49.806596296102789],[6.727535202033726,49.806551359735501],[6.72753730674991,49.806506423367786],[6.727539411460803,49.806461486999652],[6.727608859247968,49.806462849385326],[6.727610963889383,49.806417913014627],[6.727613068525507,49.806372976643509],[6.72761517315634,49.806328040271993],[6.72768462075624,49.80632940260962],[6.727688829873662,49.80623952986101],[6.727690934424437,49.806194593486069],[6.727693038969921,49.80614965711073],[6.727762486318372,49.806151019398158],[6.727764590794379,49.806106083020254],[6.727768799730524,49.806016210263174],[6.727770904190661,49.805971273884012],[6.727840351287664,49.80597263612124],[6.727842455678325,49.805927699739513],[6.727911902716439,49.805929061932993],[6.727914007037626,49.805884125548694],[6.727918215664127,49.80579425277886],[6.72798766251498,49.8057956149243],[6.728057109371125,49.805796977028159],[6.728126556232563,49.80579833909043],[6.72819600309929,49.805799701111113],[6.72826544997131,49.805801063090215],[6.728263345981624,49.805845999486102],[6.72833279292312,49.805847361425769],[6.728402239869906,49.805848723323855],[6.7284001360033,49.805893659723637],[6.728469583019563,49.805895021582288],[6.728539030041116,49.805896383399343],[6.728608477067962,49.805897745174804],[6.728606373388619,49.805942681580632],[6.728675820484939,49.805944043316671],[6.728745267586548,49.805945405011123],[6.728814714693449,49.805946766664007],[6.728812611201371,49.805991703075868],[6.728882058377747,49.805993064689297],[6.728951505559413,49.805994426261137],[6.72902095274637,49.805995787791403],[6.729018849441558,49.806040724209304],[6.729088296697988,49.806042085700128],[6.729086193452075,49.806087022119762],[6.729016746131459,49.806085660626785],[6.729014642816073,49.806130597043861],[6.729012539495399,49.806175533460511],[6.729010436169436,49.80622046987677],[6.728940988661553,49.806219108335746],[6.728938885266118,49.806264044749426],[6.728936781865394,49.806308981162687],[6.728934678459383,49.806353917575535],[6.728865230764234,49.806352555986471],[6.728863127288748,49.806397492396748],[6.728861023807975,49.806442428806605],[6.728858920321913,49.806487365216043],[6.728789472439495,49.806486003578947],[6.728785265323133,49.806575876392287],[6.728783161757018,49.806620812798322],[6.728852609831996,49.806622174441891],[6.728922057912266,49.806623536043865],[6.728991505997824,49.806624897604244],[6.728989402618984,49.806669834016333],[6.72905885077402,49.806671195537284],[6.729056747454078,49.806716131951099],[6.729126195678591,49.806717493432615],[6.729195643908394,49.80671885487255],[6.729265092143486,49.806720216270882],[6.72926298901082,49.806765152690744],[6.729260885872866,49.806810089110193],[6.729258782729625,49.806855025529224],[6.729256679581096,49.806899961947849],[6.72925457642728,49.806944898366034],[6.729250370103785,49.807034771201188],[6.729246163759141,49.807124644034694],[6.729176714946356,49.807123282616978],[6.729174611701913,49.807168219030963],[6.729105162830228,49.807166857569499],[6.729103059516309,49.807211793980912],[6.729100956197103,49.807256730391899],[6.729031507202329,49.807255368884562],[6.729029403813644,49.807300305292983],[6.728959954759972,49.807298943741912],[6.728957851301811,49.807343880147748],[6.728888402189239,49.807342518552929],[6.72889050571159,49.807297582149239],[6.728821056668498,49.807296220514985],[6.728751607630697,49.807294858839143],[6.728753711276138,49.807249922439325],[6.728684262307817,49.807248560724048],[6.728614813344787,49.807247198967175],[6.728545364387047,49.807245837168729],[6.728475915434599,49.807244475328687],[6.728406466487442,49.807243113447051],[6.728408570448541,49.807198177057593],[6.728339121570865,49.807196815136521],[6.72826967269848,49.807195453173868],[6.728200223831388,49.80719409116962],[6.728130774969589,49.807192729123777],[6.728132879182153,49.807147792742512]],[[6.727177437270483,49.806769228940261],[6.727179542334059,49.806724292585415],[6.727248990479874,49.806725655191933],[6.727318438630983,49.806727017756877],[6.727316333695781,49.806771954116059],[6.727246885480485,49.806770591548947],[6.727177437270483,49.806769228940261]],[[6.730228959022233,49.806919017278339],[6.730159510456351,49.806917656453628],[6.730090061895756,49.806916295587321],[6.730092164274028,49.806871359142882],[6.730022715782908,49.806869998237154],[6.729953267297077,49.806868637289831],[6.729883818816534,49.806867276300913],[6.729885921382085,49.806822339862514],[6.729955369798439,49.806823700849279],[6.729957472294516,49.806778764408321],[6.730026920651972,49.806780125351345],[6.730024818220083,49.806825061794449],[6.730094266647014,49.80682642269803],[6.730163715079232,49.806827783560031],[6.730161612770434,49.806872720007043],[6.730231061272129,49.806874080829601],[6.730300509779109,49.806875441610572],[6.730369958291377,49.806876802349969],[6.730367856169859,49.806921738802998],[6.730365754043056,49.806966675255616],[6.73029630540241,49.806965314511935],[6.730226856767054,49.806963953726658],[6.730228959022233,49.806919017278339]],[[6.730498345313221,49.807104205986484],[6.730496243293657,49.807149142441759],[6.730494141268808,49.8071940788966],[6.730492039238674,49.807239015351023],[6.730489937203256,49.807283951805026],[6.730420488102713,49.807282591129464],[6.730418385997821,49.807327527580917],[6.730416283887643,49.807372464031936],[6.730346834664008,49.80737110331048],[6.730344732484356,49.807416039758941],[6.730342630299418,49.807460976207004],[6.730340528109195,49.807505912654634],[6.730271078698276,49.807504551885131],[6.730268976438579,49.807549488330203],[6.730266874173596,49.807594424774848],[6.730197424639584,49.807593063959466],[6.730199526968757,49.807548127516974],[6.730130077504223,49.807546766662135],[6.730132179892301,49.807501830221376],[6.730062730497245,49.807500469327124],[6.729993281107477,49.807499108391262],[6.729995383618651,49.807454171954383],[6.729925934298361,49.807452810979107],[6.729856484983359,49.807451449962215],[6.729858587617628,49.807406513529223],[6.72986069024661,49.807361577095811],[6.729791241065276,49.807360216041644],[6.729721791889231,49.807358854945889],[6.729652342718473,49.807357493808553],[6.729654445534739,49.807312557381188],[6.729656548345718,49.807267620953397],[6.72965865115141,49.8072226845252],[6.729660753951815,49.807177748096585],[6.729730202865815,49.807179109225324],[6.729732305596745,49.807134172794143],[6.729734408322387,49.807089236362536],[6.729803857113298,49.807090597445388],[6.729805959769465,49.807045661011223],[6.729875408501474,49.807047022050334],[6.729873305909496,49.807091958486637],[6.729871203312229,49.80713689492255],[6.729869100709678,49.807181831358029],[6.729799651785101,49.807180470312467],[6.729797549113075,49.807225406745395],[6.729795446435761,49.80727034317789],[6.729793343753161,49.807315279609981],[6.729862792870305,49.807316640661995],[6.729864895488715,49.807271704227759],[6.729934344546958,49.807273065236032],[6.729936447095892,49.807228128799217],[6.730005896095235,49.807229489763749],[6.730007998574693,49.807184553324397],[6.730010101048866,49.807139616884605],[6.730079549925117,49.80714097780325],[6.730081652329816,49.807096041360879],[6.730083754729229,49.807051104918123],[6.730014305981356,49.807049744003784],[6.730016408439673,49.807004807562748],[6.730085857123357,49.807006168474935],[6.730155305812328,49.80700752934554],[6.730224754506588,49.807008890174558],[6.730294203206134,49.80701025096198],[6.730292101004572,49.807055187411621],[6.730361549773594,49.807056548159608],[6.730430998547904,49.807057908866007],[6.730428896469435,49.807102845319534],[6.730498345313221,49.807104205986484]],[[6.736153582797414,49.809553700759551],[6.736223035422841,49.809555058044616],[6.736220938521106,49.80959999465869],[6.73615148583148,49.809598637371494],[6.736082033147127,49.809597280042681],[6.736084130177259,49.809552343432891],[6.736153582797414,49.809553700759551]],[[6.736359843916182,49.80960270910834],[6.736357747137575,49.809647645726294],[6.7362882943732,49.809646288520128],[6.736290391216007,49.809601351904313],[6.736359843916182,49.80960270910834]],[[6.73670081810751,49.809744304389362],[6.736702914575665,49.809699367761503],[6.736772367435878,49.809700724720265],[6.736770271031924,49.80974566135027],[6.73670081810751,49.809744304389362]],[[6.736907080615742,49.809793311781156],[6.736909176896567,49.809748375147301],[6.736978629836799,49.809749731983416],[6.736976533620172,49.809794668619439],[6.736907080615742,49.809793311781156]],[[6.720604550024273,49.810553135048927],[6.720606661454768,49.810508198928687],[6.720676114697583,49.810509565549147],[6.720674003331286,49.810554501671554],[6.720604550024273,49.810553135048927]],[[6.72122540825724,49.810655305433286],[6.721227519120553,49.81061036929443],[6.721296972539555,49.810611735544867],[6.721366425963867,49.810613101753717],[6.721364315228953,49.810658037896893],[6.721294861740442,49.810656671685884],[6.72122540825724,49.810655305433286]],[[6.721850489797172,49.810667600209371],[6.721919943328149,49.81066896608764],[6.721917833101532,49.81071390224767],[6.721848379506354,49.810712536367241],[6.721850489797172,49.810667600209371]],[[6.720934927545385,49.810919456779502],[6.720865473703528,49.810918090305982],[6.72079601986698,49.810916723790861],[6.720798131147342,49.810871787667459],[6.720659223618578,49.810869054516758],[6.720589769862164,49.810867687879025],[6.72059188132982,49.810822751761677],[6.720661335022033,49.810824118397257],[6.72066344642018,49.810779182277358],[6.720732900053505,49.810780548869182],[6.72080235369214,49.810781915419419],[6.720871807336085,49.810783281928053],[6.720869696130541,49.810828218054446],[6.720939149843996,49.810829584523646],[6.720937038697344,49.810874520651787],[6.720934927545385,49.810919456779502]],[[6.721418993879198,49.810973957071994],[6.721488447827731,49.810975323214933],[6.721486337178768,49.811020259359104],[6.721416883166032,49.811018893214005],[6.721418993879198,49.810973957071994]],[[6.744885831661038,49.816110833329375],[6.74488792102155,49.816065896497584],[6.744957383385208,49.816067248676887],[6.74502684575412,49.816068600814603],[6.745024756522056,49.816113537650658],[6.745022667284739,49.816158474486308],[6.744953204787377,49.816157122344329],[6.744883742295272,49.816155770160748],[6.744885831661038,49.816110833329375]],[[6.734302602379519,49.817928318947082],[6.734304701675162,49.81788338245746],[6.734374166133503,49.817884741015305],[6.734372066902089,49.817929677507067],[6.734302602379519,49.817928318947082]]],[[[6.710657937452894,49.810671830444157],[6.710588484462888,49.810670457817096],[6.710586363745177,49.810715393622282],[6.710655816799384,49.81071676625151],[6.710657937452894,49.810671830444157]]],[[[6.710378004614566,49.810711275485048],[6.710308551581698,49.81070990268946],[6.710306430601863,49.810754838485551],[6.710375883698929,49.810756211283319],[6.710378004614566,49.810711275485048]]]]}}
]
}
