{
"type": "FeatureCollection",
"name": "Pegel_10_10m_AUTO",
"crs": { "type": "name", "properties": { "name": "urn:ogc:def:crs:EPSG::4258" } },
"features": [
{"type":"Feature","properties":{"fid":1,"DN":2},"geometry":{"type":"MultiPolygon","coordinates":[[[[6.569805956899343,49.702506953843873],[6.569736665248429,49.702505499115006],[6.569734422720663,49.702550431205644],[6.569665131011594,49.70254897643305],[6.569595839308155,49.702547521619046],[6.56959359664719,49.702592453704668],[6.569524304885597,49.702590998846929],[6.569522062155216,49.702635930929837],[6.569452770335467,49.702634476028379],[6.569450527535674,49.702679408108551],[6.569381235657768,49.702677953163381],[6.569311943785494,49.702676498176785],[6.5693097008525,49.702721430251941],[6.569240408922069,49.702719975221619],[6.569238165919662,49.70276490729406],[6.569168873931077,49.702763452220026],[6.569166630859255,49.702808384289725],[6.569097338812513,49.702806929171977],[6.569028046771404,49.702805474012798],[6.56902580356638,49.702850406077481],[6.568956511467116,49.702848950874582],[6.568954268192676,49.702893882936543],[6.568884976035256,49.702892427689925],[6.568882732691399,49.702937359749164],[6.568813440475825,49.702935904458826],[6.568811197062553,49.702980836515337],[6.568672612520726,49.702977925805804],[6.56867036897425,49.703022857857292],[6.568601076647999,49.703021402438083],[6.568598833032106,49.703066334486849],[6.568596589410583,49.703111266535188],[6.568594345783429,49.703156198583116],[6.568663638301044,49.70315765400921],[6.568661394732048,49.703202586059],[6.568730687319082,49.703204041445971],[6.568728443808243,49.703248973497637],[6.568797736464697,49.7032504288455],[6.568795493012017,49.703295360899041],[6.568864785737889,49.703296816207754],[6.568862542343369,49.703341748263178],[6.568931835138662,49.703343203532775],[6.5689295918023,49.70338813559006],[6.568998884667013,49.703389590820542],[6.568996641388809,49.703434522879704],[6.569065934322944,49.703435978071049],[6.569063691102899,49.703480910132079],[6.569132984106452,49.703482365284309],[6.569130740944567,49.703527297347215],[6.569200034017541,49.703528752460322],[6.569197790913817,49.703573684525104],[6.569267084056212,49.703575139599074],[6.569264841010646,49.703620071665732],[6.569334134222461,49.70362152670058],[6.569331891235056,49.703666458769106],[6.569401184516292,49.703667913764825],[6.569398941587049,49.703712845835227],[6.569468234937704,49.703714300791837],[6.569465992066622,49.703759232864101],[6.569535285486698,49.703760687781582],[6.569533042673777,49.703805619855721],[6.569602336163273,49.703807074734065],[6.569600093408514,49.703852006810088],[6.569669386967432,49.703853461649302],[6.569667144270834,49.703898393727201],[6.569736437899172,49.703899848527293],[6.569734195260737,49.703944780607053],[6.569803488958494,49.703946235368022],[6.569801246378224,49.703991167449665],[6.569870540145402,49.703992622171498],[6.569868297623294,49.704037554254995],[6.569937591459892,49.70403900893772],[6.569935348995948,49.7040839410231],[6.570004642901966,49.704085395666695],[6.570002400496185,49.704130327753944],[6.570071694471626,49.704131782358402],[6.570069452124009,49.704176714447534],[6.570000158084778,49.704175259840774],[6.569930864051176,49.704173805192596],[6.569928621570349,49.704218737276697],[6.569859327478586,49.704217282584793],[6.569857084928339,49.704262214666173],[6.569787790778413,49.704260759930541],[6.569785548158749,49.7043056920092],[6.569716253950662,49.704304237229849],[6.569714011261577,49.704349169305786],[6.569644716995328,49.704347714482708],[6.56957542273471,49.70434625961822],[6.569573179912413,49.704391191689126],[6.569570937084488,49.704436123759621],[6.569501642701916,49.704434668849103],[6.569432348324974,49.704433213897161],[6.569430105363836,49.704478145962632],[6.569360810928734,49.704476690966963],[6.569358567898174,49.70452162302972],[6.56928927340491,49.704520167990324],[6.569219978917277,49.704518712909511],[6.569217735753504,49.704563644967237],[6.569148441207711,49.704562189842697],[6.569146197974516,49.704607121897702],[6.56907690337056,49.704605666729442],[6.569074660067944,49.704650598781718],[6.569005365405828,49.704649143569732],[6.569003122033788,49.704694075619287],[6.569000878656118,49.704739007668422],[6.568998635272819,49.704783939717124],[6.569067930126314,49.70478539493601],[6.569137224985441,49.704786850113464],[6.569206519850201,49.704788305249487],[6.569204276652651,49.704833237304669],[6.569273571586835,49.704834692401569],[6.569342866526651,49.704836147457051],[6.56934062345106,49.704881079516397],[6.569409918460301,49.704882534532743],[6.569479213475172,49.704883989507664],[6.56947697052154,49.704928921571181],[6.569474727562279,49.704973853634279],[6.56954402271037,49.704975308572365],[6.569541779809276,49.705020240637339],[6.56961107502679,49.705021695536303],[6.569608832183862,49.705066627603145],[6.569606589335304,49.705111559669568],[6.569675884686039,49.70511301453169],[6.569673641895648,49.705157946599989],[6.569669156297981,49.70524781073528],[6.569666913490705,49.7052927428023],[6.5696646706778,49.705337674868872],[6.569662427859267,49.705382606935046],[6.569731723598405,49.705384061769543],[6.56972948083804,49.705428993837579],[6.569798776646602,49.705430448632946],[6.569868072460794,49.705431903386895],[6.569865829822393,49.705476835459088],[6.569935125706013,49.7054782901739],[6.570004421595262,49.705479744847288],[6.570002179078823,49.705524676923666],[6.570071475037499,49.705526131557917],[6.570069232579231,49.705571063636178],[6.570138528607332,49.7055725182313],[6.570136286207232,49.705617450311422],[6.57020558230476,49.705618904867428],[6.570274878407916,49.705620359382003],[6.570272636129783,49.705665291466282],[6.570341932302365,49.705666745941727],[6.570339690082402,49.705711678027889],[6.570408986324412,49.705713132464197],[6.570406744162617,49.705758064552242],[6.570476040474053,49.705759518949421],[6.570545336791116,49.705760973305182],[6.570543094751289,49.705805905397391],[6.570540852705837,49.705850837489166],[6.570610149156125,49.705852291808078],[6.57067944561204,49.70585374608558],[6.570677203688556,49.705898678181534],[6.570746500213898,49.705900132419906],[6.570744258348585,49.705945064517728],[6.570813554943353,49.705946518716971],[6.570811313136211,49.705991450816654],[6.570880609800406,49.70599290497676],[6.570878368051438,49.70603783707832],[6.570947664785058,49.706039291199303],[6.570945423094263,49.706084223302739],[6.571014719897309,49.706085677384586],[6.571012478264685,49.70613060948989],[6.571081775137158,49.7061320635326],[6.571079533562708,49.70617699563978],[6.571148830504606,49.706178449643375],[6.571218127452132,49.706179903605531],[6.571287424405286,49.706181357526255],[6.571356721364068,49.706182811405561],[6.571358962683323,49.706137879289187],[6.571428259583933,49.70613933312476],[6.571430500833764,49.706094401005679],[6.571499797676202,49.706095854797532],[6.571569094524266,49.706097308547967],[6.571638391377956,49.706098762256957],[6.571640632430768,49.706053830130564],[6.571709929226286,49.706055283795827],[6.571779226027431,49.706056737419686],[6.571848522834201,49.706058191002107],[6.571917819646597,49.706059644543096],[6.571915578848978,49.706104576678676],[6.571911097236873,49.706194440948572],[6.571908856422383,49.70623937308288],[6.571839559354792,49.706237919532711],[6.571837318470883,49.706282851664284],[6.571835077581348,49.706327783795452],[6.571765780391783,49.706326330199261],[6.571763539432826,49.706371262327693],[6.571694242185089,49.706369808687775],[6.571692001156708,49.706414740813493],[6.571622703850799,49.706413287129848],[6.571620462752993,49.706458219252852],[6.571551165388909,49.706456765525488],[6.57154892422168,49.70650169764577],[6.571546683048828,49.706546629765619],[6.571477385562771,49.706545175992233],[6.571475144320492,49.706590108109367],[6.57147290307259,49.706635040226075],[6.571470661819063,49.706679972342357],[6.571401364147231,49.706678518520647],[6.571399122824279,49.706723450634215],[6.571396881495702,49.706768382747356],[6.571327583701895,49.706766928879638],[6.571325342303892,49.706811860990044],[6.571256044451913,49.706810407078599],[6.571253802984484,49.706855339186298],[6.57125156151143,49.706900271293563],[6.571249320032751,49.706945203400402],[6.571180021994995,49.70694374944064],[6.57117778044689,49.706988681544757],[6.57110848235096,49.706987227541262],[6.571106240733426,49.707032159642672],[6.571103999110268,49.707077091743649],[6.571101757481484,49.7071220238442],[6.571032459199777,49.707120569792387],[6.571030217501566,49.707165501890216],[6.571027975797728,49.707210433987619],[6.570958677394043,49.707208979889799],[6.570956435620778,49.707253911984481],[6.570954193841887,49.707298844078736],[6.570884895316226,49.70729738993488],[6.570882653467905,49.70734232202642],[6.570880411613959,49.707387254117542],[6.57081111296632,49.707385799927657],[6.570808871042944,49.70743073201605],[6.570878169754386,49.707432186208216],[6.570875927889188,49.707477118298485],[6.570873686018362,49.70752205038832],[6.570942984863039,49.707523504543659],[6.570940743050391,49.70756843663537],[6.5710100419645,49.707569890751579],[6.571079340884237,49.707571344826349],[6.57107709919357,49.707616276922238],[6.571074857497278,49.707661209017694],[6.57114415655025,49.707662663055636],[6.571141914912137,49.707707595152954],[6.571211214034541,49.707709049151759],[6.571208972454607,49.70775398125096],[6.571278271646444,49.707755435210636],[6.571347570843908,49.707756889128881],[6.571345329385957,49.707801821232231],[6.571414628652853,49.707803275111345],[6.571483927925377,49.707804728949036],[6.571481686589409,49.707849661056564],[6.571550985931364,49.707851114855117],[6.571620285278946,49.707852568612232],[6.571618044064964,49.707897500723938],[6.571687343481978,49.707898954441916],[6.571685102326176,49.707943886555483],[6.571754401812623,49.707945340234332],[6.571823701304694,49.707946793871763],[6.571893000802393,49.707948247467733],[6.57189524176678,49.707903315347295],[6.571964541206301,49.707904768899546],[6.571966782101257,49.707859836776365],[6.572036081482599,49.707861290284896],[6.572038322308128,49.707816358159],[6.57210762163129,49.707817811623819],[6.572109862387391,49.707772879495202],[6.572179161652373,49.707774332916273],[6.572181402339047,49.707729400784942],[6.572250701545851,49.7077308541623],[6.572252942163097,49.707685922028226],[6.572255182774719,49.707640989893747],[6.572324481859539,49.70764244322509],[6.572326722401734,49.707597511087883],[6.572396021428377,49.707598964375492],[6.572465320460644,49.707600417621677],[6.572534619498536,49.70760187082643],[6.572532379147753,49.70764680297053],[6.572530138791348,49.707691735114189],[6.572527898429321,49.707736667257429],[6.57252565806167,49.707781599400256],[6.572523417688398,49.707826531542651],[6.572592717050936,49.707827984717454],[6.5726620164191,49.707829437850819],[6.572731315792887,49.707830890942759],[6.572729075605408,49.707875823091605],[6.572798375048625,49.707877276144416],[6.572796134919328,49.707922208295152],[6.572865434431973,49.707923661308826],[6.572934733950245,49.707925114281061],[6.573004033474139,49.707926567211871],[6.573073333003657,49.707928020101249],[6.573071093123959,49.707972952260732],[6.573140392722906,49.707974405110967],[6.573209692327477,49.707975857919777],[6.573205212806442,49.708065722246644],[6.573202973037493,49.708110654409445],[6.573272272839104,49.708112107183709],[6.57327003312834,49.708157039348372],[6.573339332999381,49.708158492083491],[6.573337093346801,49.70820342425003],[6.573267793411955,49.708201971512615],[6.573265553689949,49.708246903676425],[6.57319625369692,49.708245450895276],[6.573198493482732,49.708200518733754],[6.573129193559132,49.708199065913462],[6.573126953709513,49.708243998072696],[6.573057653727731,49.708242545208684],[6.573055413808684,49.708287477365182],[6.572986113768718,49.708286024457443],[6.572916813734377,49.708284571508273],[6.572914573682095,49.708329503659769],[6.572912333624192,49.708374435810839],[6.572910093560668,49.708419367961476],[6.57284079334053,49.708417914963995],[6.572838553207577,49.708462847111903],[6.572769252929255,49.708461394070703],[6.572699952656558,49.708459940988057],[6.572697712390368,49.70850487313097],[6.572695472118555,49.708549805273449],[6.572626171723869,49.708548352144788],[6.572623931382627,49.708593284284554],[6.572621691035763,49.708638216423878],[6.572619450683275,49.708683148562798],[6.572617210325166,49.708728080701285],[6.572547909680872,49.708726627522005],[6.572545669253332,49.708771559657784],[6.572543428820168,49.708816491793122],[6.57261272959208,49.708817944976985],[6.572610489217102,49.7088628771142],[6.572679790058445,49.708864330258933],[6.572749090905413,49.708865783362221],[6.572751331152773,49.708820851220423],[6.572820631941558,49.708822304279998],[6.572889932735966,49.708823757298134],[6.572959233535999,49.708825210274838],[6.572956993480064,49.708870142423521],[6.573026294349529,49.708871595361103],[6.573095595224618,49.708873048257239],[6.573097835152936,49.708828116103966],[6.57316713596984,49.708829568956368],[6.573169375828727,49.708784636800381],[6.573238676587447,49.708786089609063],[6.57330797735179,49.708787542376314],[6.573310217077438,49.708742610215303],[6.573379517783596,49.708744062938841],[6.573381757439817,49.708699130775088],[6.573451058087789,49.708700583454906],[6.57345329767458,49.708655651288453],[6.573522598264368,49.70865710392453],[6.57352483778173,49.708612171755362],[6.573594138313331,49.70861362434772],[6.573596377761267,49.708568692175831],[6.573598617203581,49.708523760003509],[6.573600856640275,49.708478827830767],[6.573670156986076,49.708480280374815],[6.573672396353343,49.708435348199352],[6.573741696640959,49.708436800699666],[6.573810996934197,49.708438253158548],[6.573880297233059,49.708439705575998],[6.573949597537541,49.708441157952016],[6.574018897847644,49.708442610286603],[6.574021136890254,49.70839767809926],[6.574090437142172,49.70839913039012],[6.574092676115355,49.708354198200055],[6.574161976309089,49.708355650447189],[6.574231276508441,49.708357102652897],[6.574233515348393,49.708312170457809],[6.574235754182725,49.708267238262309],[6.574305054260084,49.708268690422003],[6.574307293024992,49.708223758223774],[6.574237993011439,49.708222306066375],[6.574240231834533,49.708177373870008],[6.574170931890407,49.70817592167348],[6.57417317077169,49.70813098947901],[6.574175409647355,49.708086057284078],[6.574177648517399,49.708041125088748],[6.574179887381825,49.707996192892992],[6.574249187070727,49.707997645080347],[6.574318486765249,49.707999097226278],[6.574316248028435,49.708044029426617],[6.574314009286002,49.708088961626544],[6.574383309113757,49.708090413735626],[6.574452608947133,49.708091865803283],[6.574450370326693,49.708136798007374],[6.574519670229495,49.708138250035887],[6.574517431667246,49.708183182241839],[6.574586731639475,49.708184634231209],[6.574656031617324,49.708186086179175],[6.574725331600794,49.708187538085681],[6.574723093224344,49.7082324702981],[6.57479239327724,49.708233922165476],[6.57479015495898,49.708278854379756],[6.574859455081302,49.708280306207996],[6.574928755209244,49.708281757994804],[6.574926517012981,49.708326690213241],[6.574995817210349,49.708328141960912],[6.574993579072276,49.708373074181232],[6.57506287933907,49.708374525889766],[6.575060641259189,49.708419458111948],[6.575129941595409,49.708420909781339],[6.575199241937248,49.708422361409312],[6.575197003979365,49.70846729363565],[6.575266304390631,49.708468745224458],[6.575335604807515,49.708470196771856],[6.575333366971631,49.708515129002365],[6.575402667457942,49.708516580510619],[6.575400429680249,49.708561512742982],[6.57539819189694,49.708606444974926],[6.575467492516484,49.708607896446331],[6.575465254791368,49.708652828680151],[6.575534555480339,49.708654280112427],[6.575532317813416,49.708699212348094],[6.575601618571814,49.708700663741226],[6.575599380963082,49.708745595978783],[6.575668681790908,49.708747047332764],[6.57573798262435,49.708748498645335],[6.575735745137621,49.708793430887035],[6.57580504604049,49.708794882160461],[6.575874346948976,49.708796333392442],[6.57587210958425,49.70884126563832],[6.575941410562162,49.708842716831171],[6.576010711545693,49.708844167982583],[6.57608001253484,49.708845619092578],[6.576149313529603,49.708847070161127],[6.576218614529984,49.708848521188251],[6.576216377478689,49.708893453445157],[6.576285678548494,49.708894904433151],[6.576283441555395,49.708939836691904],[6.576352742694628,49.708941287640741],[6.576422043839475,49.70894273854816],[6.576419806968381,49.708987670811091],[6.576489108182654,49.708989121679352],[6.576558409402545,49.708990572506188],[6.576556172653455,49.709035504773276],[6.576625473942772,49.709036955560975],[6.576694775237703,49.709038406307243],[6.57676407653825,49.70903985701208],[6.576761839974977,49.709084789285612],[6.57683114134495,49.709086239951297],[6.576900442720537,49.709087690575565],[6.576969744101739,49.709089141158387],[6.576967507724286,49.709134073438378],[6.577036809174913,49.709135523982063],[6.577106110631155,49.709136974484316],[6.577103874375709,49.709181906768464],[6.57710163811465,49.709226839052185],[6.577032336530786,49.709225388545342],[6.577030100200306,49.709270320826334],[6.577027863864211,49.709315253106922],[6.577025627522505,49.709360185387077],[6.577023391175186,49.709405117666797],[6.577021154822253,49.709450049946099],[6.57695185292495,49.709448599386377],[6.576949616502594,49.709493531662964],[6.576947380074626,49.709538463939126],[6.576878078055313,49.709537013333389],[6.57687584155792,49.709581945606836],[6.576873605054914,49.709626877879856],[6.576804302913592,49.709625427228104],[6.576802066341162,49.709670359498404],[6.576799829763116,49.709715291768291],[6.576730527499786,49.709713841070524],[6.576728290852317,49.709758773337683],[6.576726054199233,49.709803705604422],[6.576656751813892,49.709802254860641],[6.576654515091382,49.709847187124666],[6.57665227836326,49.709892119388257],[6.57658297585591,49.709890668598455],[6.57658073905836,49.709935600859346],[6.576511436492813,49.709934150025809],[6.576509199625836,49.709979082283986],[6.576506962753245,49.71002401454173],[6.576437660065688,49.710022563662186],[6.57643542312367,49.710067495917201],[6.576366120377915,49.710066044993944],[6.576363883366469,49.710110977246252],[6.576361646349409,49.710155909498141],[6.576359409326734,49.710200841749597],[6.576357172298446,49.71024577400064],[6.576426475299456,49.710247224933077],[6.576495778306082,49.710248675824083],[6.576493541399808,49.710293608079276],[6.57649130448792,49.71033854033405],[6.576560607627792,49.710339991188199],[6.57662991077328,49.710341442000924],[6.576627673983407,49.710386374259848],[6.576696977198326,49.710387825033429],[6.576766280418861,49.710389275765564],[6.576764043751004,49.710434208028659],[6.576833347040969,49.710435658721657],[6.576831110431313,49.710480590986606],[6.576900413790709,49.710482041640475],[6.576969717155722,49.710483492252891],[6.576967480668083,49.710528424522003],[6.577036784102524,49.710529875095283],[6.577034547673088,49.710574807366264],[6.577103851176961,49.710576257900399],[6.577173154686448,49.710577708393096],[6.577170918379031,49.710622640668248],[6.57724022195795,49.710624091121794],[6.577309525542481,49.710625541533908],[6.577307289357083,49.710670473813209],[6.577376593011046,49.710671924186194],[6.577445896670624,49.710673374517732],[6.577515200335815,49.710674824807853],[6.577517436329765,49.710629892521681],[6.577586739936755,49.71063134276806],[6.577588975861278,49.710586410479173],[6.57759121178019,49.710541478189867],[6.577660515265163,49.71054292839024],[6.577662751114647,49.710497996098212],[6.577732054541418,49.710499446254865],[6.577734290321475,49.710454513960116],[6.577736526095921,49.710409581664976],[6.577805829400676,49.710411031775593],[6.577808065105696,49.710366099477717],[6.577877368352248,49.710367549544621],[6.577879603987842,49.710322617244024],[6.577948907176191,49.710324067267209],[6.577951142742361,49.710279134963898],[6.578020445872509,49.710280584943355],[6.578022681369252,49.71023565263733],[6.578091984441198,49.710237102573053],[6.578094219868518,49.710192170264321],[6.578096455290225,49.710147237955169],[6.578165758240155,49.710148687844885],[6.57816799359244,49.710103755533005],[6.578170228939115,49.710058823220713],[6.578239531767028,49.710060273064414],[6.578241767044278,49.710015340749393],[6.578311069813991,49.710016790549375],[6.578313305021818,49.709971858231654],[6.578382607733329,49.709973307987902],[6.578384842871731,49.709928375667459],[6.578387078004526,49.709883443346598],[6.578456380594021,49.709884893056838],[6.578458615657391,49.709839960733248],[6.578527918188686,49.709841410399768],[6.578597220725591,49.70984286002485],[6.578599455655726,49.709797927696279],[6.578668758134429,49.709799377277648],[6.578738060618745,49.70980082681757],[6.578735825816236,49.709845759150731],[6.578805128369974,49.709847208651517],[6.578874430929326,49.709848658110865],[6.578943733494286,49.709850107528773],[6.578941498877608,49.709895039868385],[6.579010801511992,49.709896489247157],[6.579008566953521,49.709941421588617],[6.579077869657329,49.709942870928266],[6.579075635157063,49.709987803271595],[6.579073400651187,49.710032735614504],[6.579142703488233,49.710034184917284],[6.579140469040564,49.710079117262055],[6.579209771947036,49.71008056652569],[6.579205303162503,49.710170431218543],[6.579203068761825,49.710215363564345],[6.57927237186535,49.710216812793405],[6.579267903174801,49.71030667748829],[6.579265668821114,49.710351609835108],[6.579263434461821,49.710396542181492],[6.579332737826214,49.710397991378279],[6.579330503525129,49.710442923726525],[6.579328269218435,49.710487856074344],[6.57939757271607,49.710489305234269],[6.579466876219313,49.710490754352769],[6.579536179728168,49.710492203429823],[6.579533945607314,49.71053713578408],[6.579603249185592,49.710538584822004],[6.579601015122948,49.710583517178144],[6.579670318770651,49.710584966176896],[6.579739622423964,49.710586415134237],[6.579741856358976,49.710541482773522],[6.579811159954082,49.710542931687129],[6.579813393819673,49.710497999323707],[6.57988269735657,49.710499448193588],[6.579884931152738,49.710454515827458],[6.579954234631431,49.710455964653619],[6.580023538115729,49.710457413438348],[6.58002577177866,49.710412481067216],[6.580095075204753,49.710413929808219],[6.580097308798261,49.710368997434372],[6.580099542386166,49.710324065060099],[6.580168845690236,49.710325513755087],[6.580238148999912,49.710326962408651],[6.580240382454579,49.710282030029376],[6.580309685706049,49.710283478639219],[6.580311919091296,49.710238546257223],[6.580381222284558,49.710239994823333],[6.580383455600384,49.71019506243865],[6.580452758735438,49.71019651096104],[6.5805220618761,49.710197959441984],[6.58059136502237,49.710199407881525],[6.580589131897986,49.710244340273086],[6.580658435113677,49.710245788673447],[6.580727738334974,49.710247237032391],[6.580725505332618,49.710292169428115],[6.580794808623336,49.710293617747901],[6.58086411191966,49.710295066026269],[6.580859646153396,49.710384930825569],[6.580857413261858,49.710429863224583],[6.580926716755235,49.710431311468376],[6.58099602025422,49.710432759670731],[6.580998253018127,49.710387827267141],[6.5810675564589,49.710389275425783],[6.58113685990528,49.710390723542972],[6.581134627269006,49.710435655951137],[6.581203930784806,49.710437104029182],[6.581201698206743,49.710482036439224],[6.581271001791966,49.710483484478118],[6.581340305382794,49.710484932475595],[6.581409608979226,49.710486380431632],[6.581407376587009,49.710531312848083],[6.581476680252861,49.710532760764977],[6.581474447918858,49.710577693183296],[6.581543751654134,49.710579141061032],[6.581613055395014,49.710580588897344],[6.581682359141498,49.710582036692216],[6.58168012699334,49.71062696911698],[6.581749430809245,49.710628416872702],[6.581818734630755,49.710629864586984],[6.58181650260463,49.710674797015898],[6.581885806495559,49.710676244691037],[6.581955110392093,49.710677692324737],[6.581952878487999,49.7107226247578],[6.582022182453954,49.710724072352356],[6.582091486425513,49.710725519905473],[6.582089254643452,49.710770452342679],[6.582158558684431,49.710771899856645],[6.582227862731013,49.71077334732918],[6.582225631070986,49.710818279770535],[6.582294935186988,49.710819727203933],[6.582292703585177,49.71086465964715],[6.582362007770601,49.710866107041383],[6.582359776227007,49.710911039486476],[6.58242908048185,49.710912486841558],[6.582498384742297,49.710913934155201],[6.582496153320737,49.710958866604436],[6.582634761986074,49.710961761112003],[6.582704066327145,49.710963208303646],[6.582701835091441,49.711008140759304],[6.582771139501933,49.711009587911789],[6.582768908324445,49.711054520369316],[6.582838212804357,49.71105596748265],[6.582907517289872,49.711057414554546],[6.582905286234421,49.711102347016215],[6.582974590789355,49.711103794048952],[6.583043895349892,49.711105241040258],[6.58304166441648,49.711150173506084],[6.583110969046435,49.711151620458239],[6.583180273681993,49.711153067368969],[6.583178042870619,49.711197999838937],[6.583247347575596,49.711199446710509],[6.583316652286174,49.711200893540649],[6.58331442159684,49.711245826014746],[6.583383726376837,49.71124727280575],[6.583381495745723,49.711292205281715],[6.58345080059514,49.711293652033561],[6.583520105450159,49.71129509874396],[6.583517874941085,49.711340031224069],[6.583587179865523,49.711341477895324],[6.583656484795562,49.711342924525141],[6.583654254408528,49.711387857009399],[6.583723559407987,49.711389303600065],[6.583792864413044,49.711390750149285],[6.583790634148054,49.711435682637706],[6.583859939222531,49.711437129147775],[6.583929244302608,49.711438575616413],[6.583927014159659,49.711483508108962],[6.583996319309156,49.711484954538456],[6.58399408922443,49.711529887032853],[6.584063394443346,49.711531333423203],[6.584132699667861,49.711532779772099],[6.584202004897977,49.711534226079557],[6.584199774999115,49.711579158580406],[6.584269080298647,49.711580604848727],[6.584338385603779,49.711582051075595],[6.584336155826962,49.71162698358058],[6.584405461201513,49.711628429768304],[6.58440323148292,49.71167336227515],[6.584472536926891,49.711674808423716],[6.584470307266523,49.711719740932431],[6.584468077600559,49.711764673440712],[6.584465847928999,49.711809605948574],[6.584535153570031,49.711811052062551],[6.584604459216662,49.711812498135096],[6.584602229667147,49.711857430647115],[6.584671535383197,49.711858876680516],[6.584740841104844,49.711860322672472],[6.58473861167738,49.711905255188611],[6.584807917468446,49.711906701141423],[6.584805688099206,49.711951633659424],[6.584874993959692,49.711953079573078],[6.584872764648679,49.711998012092948],[6.584942070578585,49.711999457967451],[6.5849398413258,49.712044390489169],[6.585009147325125,49.712045836324513],[6.585078453330047,49.712047282118419],[6.585076224199311,49.712092214644294],[6.585145530273653,49.712093660399042],[6.585214836353591,49.712095106112365],[6.585212607344905,49.712140038642389],[6.585281913494264,49.712141484316533],[6.585279684543806,49.712186416848411],[6.585277455587755,49.712231349379856],[6.585346761870354,49.712232795017165],[6.58541606815855,49.712234240613007],[6.585485374452342,49.712235686167425],[6.585483145682166,49.712280618705307],[6.585552452045378,49.71228206422056],[6.585550223333431,49.712326996760289],[6.585619529766062,49.712328442236405],[6.585617301112344,49.712373374778004],[6.585686607614394,49.71237482021494],[6.585684379018907,49.7124197527584],[6.585753685590377,49.7124211981562],[6.585822992167442,49.712422643512561],[6.585820763694008,49.712467576060156],[6.585890070340493,49.712469021377366],[6.585887841925291,49.712513953926816],[6.585957148641194,49.712515399204875],[6.585954920284223,49.71256033175618],[6.586024227069546,49.712561776995074],[6.586093533860464,49.712563222192529],[6.586091305625549,49.712608154747983],[6.586160612485886,49.712609599906273],[6.586158384309203,49.712654532463596],[6.586227691238959,49.712655977582727],[6.586296998174309,49.712657422660449],[6.586294770119685,49.712702355221886],[6.586364077124455,49.712703800260442],[6.586361849128062,49.712748732823762],[6.58643115620225,49.712750177823153],[6.586428928264091,49.712795110388328],[6.586498235407698,49.712796555348575],[6.586496007527773,49.712841487915597],[6.5865653147408,49.712842932836679],[6.58663462195942,49.712844377716316],[6.586632394201554,49.712889310287487],[6.586630166438096,49.712934242858246],[6.586699473789961,49.712935687701012],[6.586697246084739,49.712980620273612],[6.586766553506024,49.71298206507722],[6.586764325859036,49.713026997651681],[6.586762098206456,49.713071930225723],[6.586831405760986,49.713073374992469],[6.58690071332111,49.713074819717768],[6.586902940846037,49.713029887139157],[6.586972248347928,49.713031331820737],[6.586970020886826,49.713076264401629],[6.587039328458136,49.713077709044043],[6.587108636035039,49.713079153645019],[6.587106408695999,49.713124086230046],[6.587175716342321,49.713125530791878],[6.587173489061518,49.713170463378752],[6.587104181351371,49.713169018814646],[6.587034873646815,49.713167574209102],[6.587032646232769,49.713212506790995],[6.587030418813133,49.71325743937247],[6.587028191387906,49.71330237195351],[6.587097499283941,49.713303816565904],[6.587095271916951,49.713348749148814],[6.587164579882407,49.71335019372205],[6.587162352573653,49.713395126306807],[6.587231660608529,49.713396570840878],[6.587229433358012,49.713441503427497],[6.587298741462308,49.71344294792241],[6.587368049572197,49.713444392375891],[6.587365822443746,49.713489324966666],[6.587435130623056,49.713490769380968],[6.587504438807954,49.71349221375386],[6.58750221180157,49.713537146348756],[6.587499984789596,49.713582078943226],[6.587569293107744,49.713583523279233],[6.587567066154008,49.713628455875572],[6.587564839194682,49.71367338847147],[6.58763414764608,49.7136748327706],[6.587631920744994,49.713719765368367],[6.58770122926581,49.713721209628332],[6.587699002422965,49.713766142227954],[6.587768311013201,49.713767586448768],[6.587770537792218,49.713722653846865],[6.587839846324217,49.713724098023953],[6.587909154861808,49.713725542159594],[6.587911381507578,49.713680609552696],[6.58798068998693,49.713682053644639],[6.587978463404988,49.713726986253796],[6.58804777195376,49.71372843030656],[6.588045545430058,49.7137733629176],[6.58811485404825,49.713774806931205],[6.588112627582789,49.713819739544078],[6.588043318900768,49.713818295528199],[6.58804109236589,49.713863228138386],[6.58811040111174,49.713864672156546],[6.588108174635102,49.713909604768581],[6.588177483450372,49.713911048747605],[6.588175257031976,49.713955981361487],[6.588244565916666,49.713957425301345],[6.588242339556511,49.714002357917096],[6.588311648510621,49.714003801817789],[6.588380957470321,49.714005245677043],[6.58845026643561,49.714006689494845],[6.588448040261358,49.714051622117012],[6.588517349296067,49.714053065895655],[6.588586658336366,49.714054509632874],[6.588725276433732,49.714057396982973],[6.588723050509213,49.714102329613844],[6.588792359630109,49.714103773229006],[6.588790133763835,49.714148705861732],[6.588859442954151,49.714150149437742],[6.588928752150055,49.714151592972307],[6.588926526405854,49.714196525609168],[6.588995835671179,49.714197969104568],[6.588993609985222,49.71424290174329],[6.589062919319966,49.714244345199546],[6.589060693692254,49.714289277840116],[6.589130003096416,49.714290721257207],[6.589199312506167,49.714292164632838],[6.589268621921508,49.714293607967043],[6.589266396479703,49.71433854061403],[6.589335705964461,49.714339983909063],[6.589405015454807,49.714341427162672],[6.58947432495074,49.714342870374828],[6.589543634452263,49.714344313545546],[6.589541409260198,49.714389246201229],[6.589610718831138,49.714390689332781],[6.589608493697319,49.714435621990326],[6.589677803337678,49.71443706508272],[6.589747112983623,49.714438508133668],[6.589816422635157,49.714439951143191],[6.589885732292276,49.714441394111269],[6.589883507408199,49.714486326777497],[6.589881282518539,49.714531259443312],[6.589950592308909,49.714532702374491],[6.590019902104864,49.714534145264246],[6.590158521713536,49.714537030919416],[6.590227831526249,49.714538473684833],[6.59023005609675,49.714493541007627],[6.590299365851219,49.714494983729331],[6.590301590352303,49.714450051049432],[6.590370900048525,49.714451493727417],[6.590373124480194,49.714406561044804],[6.59044243411817,49.714408003679068],[6.590511743761731,49.714409446271894],[6.590509519457724,49.714454378959061],[6.590578829170703,49.714455821512715],[6.590576604924946,49.71450075420173],[6.59064591470734,49.714502196716225],[6.590715224495319,49.714503639189289],[6.590784534288884,49.714505081620892],[6.59078231022904,49.714550014316337],[6.59085162009202,49.714551456708783],[6.590920929960585,49.714552899059797],[6.590990239834734,49.714554341369364],[6.59099246370308,49.714509408667091],[6.591061773518981,49.714510850932939],[6.591131083340466,49.714512293157348],[6.591200393167535,49.714513735340319],[6.591198169490684,49.714558668049428],[6.591267479387169,49.714560110193226],[6.591336789289236,49.714561552295585],[6.591406099196887,49.714562994356498],[6.591403875705954,49.714607927072016],[6.591473185683019,49.714609369093765],[6.591470962250338,49.71465430181113],[6.59154027229682,49.714655743793728],[6.59154249566567,49.714610811074088],[6.5916118056539,49.714612253012966],[6.591609582348886,49.714657185734872],[6.591678892406534,49.714658627634577],[6.591748202469764,49.714660069492844],[6.591817512538576,49.714661511309671],[6.591815289419477,49.714706444037994],[6.591884599557705,49.714707885815656],[6.591953909701514,49.71470932755188],[6.592023219850906,49.714710769246651],[6.592020996917727,49.714755701981396],[6.592090307136533,49.714757143637009],[6.59208808426161,49.714802076373587],[6.592157394549831,49.714803517990035],[6.592226704843632,49.714804959565043],[6.592296015143016,49.714806401098606],[6.592293792454013,49.714851333841615],[6.592363102822811,49.714852775336006],[6.592360880192063,49.714897708080862],[6.592430190630275,49.714899149536095],[6.59249950107407,49.714900590949881],[6.592568811523444,49.714902032322243],[6.592566589078619,49.714946965073487],[6.592635899597408,49.714948406406663],[6.592705210121778,49.714949847698414],[6.592774520651727,49.714951288948704],[6.592772298392827,49.714996221706379],[6.59284160899219,49.714997662917504],[6.592910919597133,49.714999104087198],[6.592908697460324,49.715044036849001],[6.59297800813468,49.715045477979523],[6.593047318814618,49.715046919068605],[6.593116629500134,49.715048360116249],[6.593185940191229,49.71504980112244],[6.59318371830418,49.715094733892911],[6.59325302906469,49.715096174859944],[6.593322339830777,49.715097615785531],[6.593320118065822,49.715142548560131],[6.593389428901324,49.71514398944656],[6.593458739742403,49.715145430291543],[6.593528050589064,49.715146871095079],[6.593525829010034,49.715191803876088],[6.593595139926106,49.71519324464046],[6.593664450847757,49.715194685363386],[6.593733761774986,49.71519612604488],[6.593731540381887,49.715241058832277],[6.593800851378529,49.715242499474606],[6.593870162380749,49.715243940075474],[6.593867941109746,49.715288872867028],[6.593937252181378,49.715290313428724],[6.594006563258588,49.715291753948982],[6.594075874341375,49.715293194427808],[6.594073653256303,49.715338127225756],[6.594142964408502,49.715339567665417],[6.59421227556628,49.715341008063618],[6.594210054603304,49.715385940865687],[6.594279365830495,49.71538738122473],[6.594417988301601,49.715390261818492],[6.59448729954552,49.715391702053211],[6.594485078832316,49.715436634863948],[6.594554390145647,49.71543807505951],[6.594623701464553,49.71543951521361],[6.594621480873447,49.715484448028477],[6.594690792261767,49.715485888143412],[6.594760103655661,49.715487328216902],[6.594757883186654,49.715532261035897],[6.594827194649961,49.715533701070228],[6.594896506118844,49.715535141063107],[6.594965817593302,49.715536581014547],[6.595035129073334,49.715538020924541],[6.5950329088541,49.715582953752204],[6.595102220403544,49.71558439362304],[6.595100000242575,49.715629326452557],[6.59516931186143,49.715630766284214],[6.595238623485862,49.715632206074424],[6.595236403446994,49.71567713890807],[6.595305715140835,49.715678578659123],[6.595375026840252,49.715680018368722],[6.595444338545242,49.715681458036869],[6.595513650255807,49.715682897663591],[6.595511430466717,49.715727830505912],[6.595580742246693,49.715729270093448],[6.595578522515868,49.715774202937617],[6.595647834365254,49.715775642485994],[6.595717146220215,49.715777081992933],[6.595714926611493,49.715822014841223],[6.595784238535866,49.715823454308975],[6.595853550465811,49.715824893735309],[6.59592286240133,49.715826333120177],[6.59592064297855,49.715871265974869],[6.595989954983479,49.715872705320578],[6.596059266993982,49.715874144624827],[6.596057047693308,49.71591907748364],[6.596126359773221,49.715920516748724],[6.596195671858706,49.71592195597237],[6.596264983949764,49.715923395154576],[6.596262764835034,49.715968328019784],[6.596401389161543,49.715971206264399],[6.596470701333155,49.715972645324548],[6.59646848240437,49.716017578196151],[6.596537794645393,49.716019017217128],[6.596607106891987,49.716020456196652],[6.596676419144154,49.716021895134737],[6.596674200401317,49.716066828012735],[6.596743512722892,49.716068266911641],[6.596812825050038,49.716069705769115],[6.596882137382756,49.716071144585136],[6.596879918825866,49.716116077469543],[6.596949231227994,49.716117516246399],[6.597018543635692,49.716118954981802],[6.597087856048961,49.716120393675773],[6.597085637678021,49.716165326566554],[6.597154950160699,49.716166765221345],[6.597224262648947,49.716168203834691],[6.597222044400117,49.716213136729614],[6.597291356957775,49.716214575303788],[6.597360669521002,49.716216013836515],[6.597429982089801,49.716217452327797],[6.597427764026921,49.716262385229108],[6.597497076665127,49.716263823681217],[6.597566389308905,49.716265262091895],[6.597635701958248,49.716266700461112],[6.597633484081321,49.716311633368825],[6.597702796800076,49.716313071698877],[6.5977721095244,49.716314509987484],[6.597841422254293,49.716315948234637],[6.597839204563317,49.716360881148731],[6.597908517362619,49.716362319356719],[6.597977830167488,49.716363757523268],[6.598047142977927,49.716365195648372],[6.598044925472905,49.71641012856886],[6.598114238352752,49.716411566654784],[6.598112020906006,49.71645649957712],[6.598181333855261,49.716457937623872],[6.598250646810083,49.716459375629178],[6.598319959770474,49.716460813593045],[6.598317742509685,49.716505746521769],[6.598387055539482,49.716507184446456],[6.59845636857485,49.716508622329705],[6.598454151436175,49.716553555262536],[6.59852346454095,49.716554993106612],[6.598662090767199,49.716557868670428],[6.598659873814483,49.71660280160966],[6.598729186999799,49.716604239331666],[6.598798500190682,49.71660567701224],[6.598867813387131,49.716607114651346],[6.598865596620375,49.716652047596959],[6.598934909886233,49.716653485196908],[6.599004223157656,49.71665492275541],[6.599073536434646,49.716656360272459],[6.599071319853848,49.716701293224482],[6.599140633200245,49.716702730702359],[6.599209946552209,49.71670416813879],[6.599279259909737,49.716705605533775],[6.599277043514901,49.716750538492178],[6.599346356941838,49.716751975847991],[6.599415670374337,49.716753413162373],[6.599413454101621,49.716798346124868],[6.59948276760353,49.716799783400063],[6.599552081111002,49.716801220633812],[6.599621394624041,49.716802657826115],[6.599619178537289,49.71684759079502],[6.599688492119734,49.716849027948136],[6.59968627609126,49.716893960918888],[6.599755589743113,49.716895398032833],[6.599824903400529,49.716896835105345],[6.599894217063508,49.716898272136412],[6.599896432900454,49.716853339158845],[6.599965746505156,49.716854776146185],[6.599963530732053,49.716899709126018],[6.60003284440616,49.716901146074193],[6.600102158085833,49.7169025829809],[6.600099942434851,49.716947515964854],[6.600169256183929,49.716948952832411],[6.600238569938572,49.716950389658507],[6.600307883698776,49.716951826443164],[6.600377197464545,49.716953263186369],[6.600374982063374,49.71699819617897],[6.600444295898548,49.716999632883009],[6.600442080555659,49.717044565877444],[6.600511394460239,49.717046002542304],[6.600580708370381,49.717047439165711],[6.600650022286086,49.717048875747679],[6.600647807129165,49.717093808748515],[6.600786435104949,49.71709668179264],[6.600855749101184,49.717098118252544],[6.600925063102981,49.717099554670988],[6.600994377110339,49.717100991048],[6.600992162267075,49.71714592405975],[6.601061476343839,49.717147360397576],[6.601130790426163,49.717148796693948],[6.601128575705029,49.717193729709813],[6.601197889856758,49.71719516596702],[6.601267204014048,49.717196602182774],[6.601264989415041,49.71724153520276],[6.601334303641738,49.717242971379335],[6.601403617873995,49.717244407514471],[6.601472932111812,49.717245843608154],[6.60154224635519,49.717247279660391],[6.601611560604129,49.717248715671197],[6.601609346318782,49.717293648702082],[6.601678660637124,49.717295084673708],[6.601747974961028,49.717296520603874],[6.60181728929049,49.717297956492601],[6.601886603625512,49.717299392339882],[6.601955917966094,49.71730082814571],[6.601953703994411,49.717345761187531],[6.602092332819942,49.717348632679389],[6.602094546663936,49.717303699633028],[6.602233175384015,49.717306570954563],[6.602302489752392,49.717308006553168],[6.60237180412633,49.717309442110313],[6.602510432890877,49.71731231310028],[6.602579747281488,49.717313748533087],[6.602649061677657,49.717315183924462],[6.602651275005341,49.717270250859542],[6.602720589343224,49.717271686207198],[6.602789903686664,49.717273121513401],[6.602787690486668,49.717318054582854],[6.602857004899511,49.717319489849871],[6.602926319317912,49.717320925075455],[6.602924106240049,49.717365858149023],[6.602921893156633,49.717410791222157],[6.603060522265482,49.717413661558048],[6.603129836828243,49.717415096663821],[6.603127623930806,49.717460029743343],[6.603196938562967,49.717461464809936],[6.603335567843962,49.717464334818779],[6.603333355132506,49.717509267904674],[6.603402669845182,49.717510702849196],[6.603471984563416,49.717512137752259],[6.603541299287204,49.717513572613896],[6.603610614016548,49.717515007434073],[6.603608401554919,49.717559940528609],[6.603677716353665,49.717561375309607],[6.603747031157965,49.717562810049152],[6.603744818818474,49.717607743147809],[6.603814133692176,49.717609177848182],[6.603883448571434,49.717610612507109],[6.603881236354082,49.717655545609858],[6.603950551302739,49.717656980229613],[6.604019866256952,49.717658414807907],[6.604089181216719,49.717659849344749],[6.604086969185351,49.717704782453886],[6.604156284214519,49.717706216951555],[6.604225599249242,49.717707651407778],[6.604223387340014,49.717752584521016],[6.604292702444138,49.717754018938052],[6.604362017553815,49.71775545331365],[6.604431332669047,49.717756887647788],[6.604429120945805,49.717801820767406],[6.604498436130436,49.717803255062371],[6.604567751320624,49.717804689315884],[6.604637066516362,49.71780612352795],[6.60463485497911,49.717851056653927],[6.604704170244248,49.717852490826829],[6.604773485514941,49.717853924958263],[6.604842800791185,49.717855359048258],[6.604840589439922,49.717900292180623],[6.604909904785567,49.717901726231425],[6.604979220136764,49.717903160240795],[6.604977008907643,49.71794809337726],[6.605046324328241,49.717949527347436],[6.605115639754391,49.717950961276159],[6.605113428647414,49.717995894416752],[6.605182744142963,49.717997328306296],[6.605252059644064,49.717998762154402],[6.605321375150718,49.718000195961054],[6.605319164229734,49.718045129107999],[6.605388479805786,49.718046562875465],[6.605457795387391,49.718047996601499],[6.605455584588552,49.718092929752551],[6.605524900239557,49.718094363439384],[6.605522689499016,49.718139296592284],[6.605592005219419,49.718140730239931],[6.605661320945375,49.718142163846139],[6.605659110326979,49.718187097003153],[6.605728426122332,49.718188530570181],[6.605797741923237,49.718189964095757],[6.60579553142699,49.718234897256863],[6.605864847297294,49.718236330743252],[6.605934163173148,49.718237764188189],[6.605931952799049,49.718282697353409],[6.606001268744302,49.718284130759173],[6.605999058428504,49.718329063926234],[6.605996848107157,49.718373997092868],[6.605994637780263,49.718418930259084],[6.60599021710983,49.718508796590228],[6.60598800676629,49.718553729755165],[6.606057323100186,49.718555163133068],[6.606126639439635,49.718556596469519],[6.606124429218246,49.718601529638562],[6.60605511281495,49.718600096299838],[6.606052902524163,49.718645029466209],[6.606050692227829,49.718689962632141],[6.605981375702384,49.718688529247451],[6.605979165336652,49.718733462410697],[6.605976954965372,49.71877839557353],[6.605974744588543,49.71882332873593],[6.605972534206165,49.718868261897917],[6.60597032381824,49.718913195059478],[6.605968113424765,49.718958128220613],[6.606106747247413,49.718960994975724],[6.606104536976093,49.719005928140952],[6.606173853959593,49.719007361458587],[6.606171643746575,49.719052294625676],[6.606240960799476,49.719053727904132],[6.606310277857928,49.719055161141142],[6.606308067767065,49.719100094312324],[6.606377384894918,49.719101527510155],[6.606375174862359,49.719146460683177],[6.606444492059613,49.719147893841821],[6.606442282085359,49.719192827016684],[6.606511599352014,49.719194260136128],[6.606509389436063,49.719239193312852],[6.60657870677212,49.719240626393116],[6.606648024113727,49.719242059431927],[6.606717341460882,49.719243492429293],[6.606715131730941,49.719288425612362],[6.606784449147497,49.719289858570555],[6.606853766569603,49.719291291487266],[6.606851556961819,49.71933622467445],[6.606920874453325,49.719337657552003],[6.60699019195038,49.71933909038809],[6.606987982464754,49.719384023579373],[6.607057300031209,49.719385456376287],[6.607126617603213,49.719386889131748],[6.607195935180766,49.719388321845742],[6.607193725881153,49.719433255043398],[6.607263043528105,49.719434687718213],[6.607332361180606,49.719436120351588],[6.607401678838653,49.719437552943511],[6.607470996502249,49.719438985493966],[6.60754031417139,49.719440418002996],[6.607609631846081,49.719441850470552],[6.607611840762577,49.719396917259324],[6.607681158378962,49.719398349683182],[6.607683367226062,49.719353416469268],[6.60775268478414,49.719354848849413],[6.607754893561841,49.719309915632813],[6.607824211061613,49.719311347969246],[6.607826419769919,49.71926641474996],[6.60782862847268,49.719221481530248],[6.607897945850295,49.719222913820701],[6.607895737211385,49.71926784704268],[6.607965054658398,49.719269279293947],[6.607962846077798,49.719314212517759],[6.608032163594209,49.719315644729839],[6.608101481116166,49.719317076900467],[6.608099272657726,49.719362010128386],[6.608168590249082,49.719363442259834],[6.608237907845983,49.719364874349822],[6.608235699509706,49.719409807581833],[6.608305017176005,49.719411239632635],[6.608302808898038,49.719456172866494],[6.608372126633737,49.719457604878116],[6.608369918414079,49.719502538113808],[6.608439236219175,49.719503970086237],[6.608437028057828,49.719548903323783],[6.608506345932323,49.719550335257019],[6.608504137829286,49.719595268496384],[6.60857345577318,49.71959670039044],[6.608642773722617,49.719598132243036],[6.608640565741746,49.719643065486522],[6.608709883760582,49.719644497299925],[6.608707675838021,49.719689430545245],[6.608776993926258,49.719690862319474],[6.608774786062009,49.719735795566621],[6.608844104219641,49.719737227301657],[6.608841896413704,49.71978216055065],[6.608911214640737,49.719783592246507],[6.608980532873312,49.719785023900897],[6.608978325189543,49.719829957153969],[6.609047643491518,49.719831388769194],[6.609045435866061,49.719876322024128],[6.609114754237433,49.719877753600137],[6.60911254667029,49.719922686856911],[6.609181865111061,49.719924118393735],[6.609179657602231,49.719969051652349],[6.609248976112402,49.719970483149986],[6.609246768661885,49.720015416410419],[6.609316087241454,49.72001684786887],[6.609313879849251,49.720061781131172],[6.609383198498218,49.720063212550436],[6.609452517152727,49.720064643928225],[6.609450309882695,49.720109577194613],[6.609519628606605,49.72011100853323],[6.609517421394887,49.720155941801451],[6.609586740188194,49.720157373100882],[6.609584533034792,49.720202306370943],[6.609653851897498,49.720203737631174],[6.609651644802412,49.720248670903075],[6.609720963734516,49.720250102124119],[6.609718756697746,49.720295035397861],[6.609716549655436,49.720339968671176],[6.609785868720794,49.7203413998553],[6.609783661736802,49.720386333130449],[6.60985298087156,49.720387764275372],[6.60992230001186,49.720389195378843],[6.609920093150039,49.720434128658098],[6.609989412359738,49.720435559722382],[6.610058731574978,49.720436990745213],[6.610056524835333,49.720481924028554],[6.61012584411997,49.720483355012206],[6.610123637438643,49.720528288297388],[6.61019295679268,49.720529719241839],[6.610190750169671,49.72057465252886],[6.610260069593107,49.720576083434111],[6.610257863028416,49.720621016722987],[6.610255656458184,49.720665950011423],[6.610324976014878,49.720667380879739],[6.61039429557711,49.720668811706624],[6.610392089129056,49.720713744999159],[6.610461408760689,49.72071517578685],[6.610459202370954,49.720760109081219],[6.610528522071985,49.720761539829709],[6.610526315740572,49.720806473125919],[6.610595635511001,49.720807903835215],[6.610593429237906,49.720852837133265],[6.610662749077735,49.720854267803375],[6.610660542862961,49.720899201103265],[6.610729862772189,49.720900631734168],[6.610727656615735,49.720945565035898],[6.610796976594361,49.720946995627621],[6.610794770496228,49.720991928931191],[6.610864090544255,49.720993359483714],[6.610933410597821,49.720994789994791],[6.610931204621869,49.721039723302447],[6.611000524744832,49.721041153774323],[6.610998318827202,49.721086087083812],[6.611067639019566,49.721087517516501],[6.611065433160257,49.721132450827838],[6.611134753422019,49.721133881221334],[6.611132547621033,49.721178814534504],[6.611201867952196,49.721180244888799],[6.611199662209531,49.721225178203824],[6.611268982610091,49.721226608518933],[6.611266776925752,49.721271541835769],[6.611336097395711,49.721272972111692],[6.611333891769694,49.721317905430361],[6.611403212309052,49.721319335667083],[6.611401006741358,49.7213642689876],[6.611470327350117,49.721365699185121],[6.611468121840749,49.721410632507492],[6.611537442518904,49.72141206266582],[6.61153523706786,49.721456995989996],[6.611604557815416,49.721458426109137],[6.611602352422695,49.721503359435168],[6.61167167323965,49.721504789515116],[6.611669467905256,49.72154972284298],[6.611738788791609,49.721551152883748],[6.611808109683502,49.721552582883042],[6.611805904471294,49.721597516214992],[6.611875225432585,49.721598946175099],[6.611873020278703,49.721643879508882],[6.611942341309394,49.721645309429796],[6.611940136213837,49.721690242765433],[6.612009457313928,49.72169167264714],[6.612007252276697,49.721736605984603],[6.612076573446187,49.721738035827123],[6.612074368467284,49.721782969166426],[6.612143689706172,49.721784398969753],[6.612141484785595,49.721829332310904],[6.612139279859484,49.721874265651607],[6.612208601231634,49.721875695417999],[6.612206396363851,49.72192062876055],[6.6122757178054,49.721922058487742],[6.612273512995944,49.721966991832126],[6.612271308180954,49.722011925176091],[6.612340629755766,49.722013354866341],[6.612338424999105,49.722058288212153],[6.612407746643315,49.72205971786321],[6.612405541944982,49.722104651210856],[6.612403337241114,49.722149584558061],[6.61247265901859,49.722151014172177],[6.61247045437305,49.722195947521236],[6.612539776219926,49.722197377096165],[6.612537571632716,49.722242310447044],[6.612606893548992,49.72224373998278],[6.612604689020112,49.722288673335498],[6.612674011005788,49.722290102832019],[6.612671806535238,49.722335036186585],[6.612741128590314,49.722336465643913],[6.612738924178094,49.722381399000312],[6.612808246302571,49.722382828418453],[6.612806041948681,49.722427761776686],[6.61280383758926,49.722472695134492],[6.612873159847,49.722474124515699],[6.612870955545908,49.722519057875331],[6.612940277873051,49.722520487217331],[6.612938073630291,49.722565420578817],[6.613007396026834,49.722566849881609],[6.613005191842405,49.722611783244936],[6.613074514308348,49.722613212508548],[6.613072310182252,49.72265814587368],[6.613141632717596,49.722659575098085],[6.613139428649832,49.722704508465092],[6.613137224576535,49.722749441831645],[6.613206547245145,49.722750871019116],[6.613204343230182,49.722795804387509],[6.613273665968192,49.722797233535772],[6.613342988711737,49.722798662642589],[6.613340784818972,49.722843596015082],[6.613410107631918,49.722845025082705],[6.613479430450399,49.722846454108868],[6.613477226679834,49.722891387485454],[6.613546549567715,49.722892816472417],[6.613544345855485,49.722937749850828],[6.613613668812767,49.722939178798597],[6.613611465158871,49.72298411217885],[6.613680788185554,49.722985541087411],[6.613678584589993,49.72303047446951],[6.6136763809889,49.723075407851169],[6.61374570414885,49.723076836722797],[6.613815027314333,49.723078265552957],[6.613812823835444,49.723123198938715],[6.613882147070329,49.723124627729689],[6.613879943649773,49.723169561117281],[6.613949266954059,49.723170989869061],[6.613947063591841,49.723215923258479],[6.61394486022409,49.723260856647492],[6.614014183661647,49.723262285362317],[6.614011980352233,49.723307218753156],[6.614081303859187,49.723308647428787],[6.614079100608112,49.723353580821453],[6.614076897351506,49.723398514213713],[6.61414622099173,49.723399942852396],[6.614144017793461,49.723444876246475],[6.614213341503086,49.723446304845965],[6.614211138363154,49.723491238241884],[6.614280462142181,49.723492666802173],[6.614278259060587,49.723537600199919],[6.614347582909015,49.723539028721014],[6.61434537988576,49.7235839621206],[6.61441470380359,49.723585390602487],[6.614412500838672,49.723630324003906],[6.614481824825904,49.723631752446607],[6.614479621919327,49.72367668584986],[6.614548945975959,49.723678114253339],[6.61454674312772,49.723723047658432],[6.614616067253754,49.723724476022717],[6.614613864463856,49.723769409429643],[6.614611661668428,49.723814342836143],[6.614680985927733,49.723815771163494],[6.614678783190644,49.723860704571827],[6.614748107519352,49.723862132859963],[6.614745904840603,49.723907066270144],[6.614743702156325,49.723951999679876],[6.614813026618305,49.723953427931079],[6.614810823992368,49.723998361342652],[6.61488014852375,49.723999789554647],[6.614877945956153,49.724044722968074],[6.614875743383029,49.724089656381068],[6.614945068047683,49.724091084556115],[6.614942865532899,49.724136017970942],[6.615012190266955,49.724137446106788],[6.615009987810515,49.724182379523441],[6.615079312613974,49.724183807620093],[6.615077110215875,49.724228741038594],[6.615146435088736,49.724230169096032],[6.61514423274898,49.724275102516373],[6.615142030403695,49.724320035936266],[6.61521135540983,49.724321463956763],[6.615280680421496,49.724322891935806],[6.615278478198427,49.724367825359799],[6.615347803279494,49.724369253299642],[6.615345601114767,49.724414186725461],[6.615414926265239,49.724415614626103],[6.615484251421239,49.724417042485285],[6.615482049378728,49.724461975915204],[6.615551374604133,49.724463403735186],[6.615620699835066,49.7244648315137],[6.615622901749833,49.724419898079255],[6.615761552100547,49.724422753507412],[6.615759350313525,49.724467686946362],[6.615828675561047,49.724469114600502],[6.6158980008141,49.72447054221319],[6.61596732607268,49.724471969784425],[6.615969527668086,49.724427036338703],[6.616038852868325,49.724428463866225],[6.616041054394331,49.724383530417846],[6.616110379536225,49.724384957901655],[6.616112580992834,49.724340024450584],[6.616181906076386,49.724341451890673],[6.616184107463595,49.724296518436937],[6.616253432488803,49.724297945833321],[6.616255633806614,49.724253012376906],[6.616260036425658,49.724163145462818],[6.61632936126478,49.72416457281097],[6.616331562502141,49.724119639351045],[6.61640088728292,49.724121066655471],[6.616403088450884,49.724076133192867],[6.616472413173319,49.724077560453601],[6.616541737901284,49.724078987672868],[6.616543938935981,49.724034054205326],[6.616613263605601,49.724035481380895],[6.616611062634776,49.724080414850683],[6.616680387373794,49.724081841987058],[6.61674971211834,49.724083269081937],[6.616747511269732,49.724128202555832],[6.616816836083677,49.724129629611518],[6.616814635293415,49.724174563087239],[6.616812434497629,49.72421949656254],[6.616881759444843,49.724220923581278],[6.616879558707402,49.724265857058406],[6.616877357964439,49.7243107905351],[6.616946683044924,49.724312217516903],[6.616944482360307,49.724357150995431],[6.617013807510192,49.724358577938027],[6.617011606883922,49.724403511418394],[6.617080932103205,49.724404938321783],[6.617078731535284,49.724449871803984],[6.617148056823965,49.724451298668171],[6.617145856314392,49.724496232152198],[6.617215181672474,49.724497658977178],[6.617212981221249,49.724542592463045],[6.61728230664873,49.724544019248818],[6.617280106255853,49.724588952736518],[6.617349431752734,49.724590379483075],[6.617347231418207,49.724635312972609],[6.617345031078157,49.724680246461709],[6.617275705453532,49.724678819710626],[6.617206379834432,49.724677392918096],[6.617137054220859,49.724675966084099],[6.617067728612812,49.72467453920865],[6.616998403010292,49.724673112291725],[6.616996202345351,49.72471804576913],[6.616926876684484,49.724716618808507],[6.616857551029145,49.724715191806425],[6.616855350230932,49.724760125278912],[6.616786024517246,49.72475869823311],[6.616783823649635,49.724803631702919],[6.616714497877601,49.724802204613411],[6.616645172111097,49.724800777482443],[6.616642971110214,49.724845710947314],[6.616573645285363,49.724844283772619],[6.61650431946604,49.724842856556485],[6.616502118331883,49.724887790016432],[6.616432792454213,49.724886362756578],[6.616363466582073,49.72488493545525],[6.616361265314642,49.724929868910266],[6.616291939384155,49.724928441565247],[6.616289738047325,49.724973375017576],[6.616220412058492,49.724971947628838],[6.616151086075187,49.724970520198639],[6.616148884605082,49.725015453646044],[6.616079558563431,49.725014026172133],[6.616077357023925,49.72505895961686],[6.616075155478892,49.725103893061153],[6.616070752372244,49.725193759948489],[6.61606855081063,49.725238693391532],[6.616066349243488,49.725283626834155],[6.616135675668388,49.725285054321589],[6.616133474159596,49.725329987766031],[6.616131272645275,49.725374921210062],[6.61612907112543,49.725419854653666],[6.616198397747485,49.72542128210641],[6.616196196285988,49.725466215551847],[6.616193994818964,49.725511148996858],[6.6162633215743,49.725512576412655],[6.616261120165625,49.725557509859499],[6.616258918751426,49.725602443305924],[6.616256717331698,49.725647376751922],[6.616326044284191,49.72564880413303],[6.616323842922815,49.725693737580869],[6.616321641555912,49.725738671028267],[6.616390968641688,49.72574009837242],[6.616388767333135,49.725785031821665],[6.616386566019056,49.725829965270492],[6.616384364699451,49.725874898718892],[6.616453691982387,49.725876326028342],[6.616451490721133,49.725921259478582],[6.616449289454352,49.725966192928396],[6.616447088182047,49.726011126377777],[6.616516415662144,49.726012553652531],[6.616514214448189,49.726057487103752],[6.616512013228711,49.726102420554561],[6.616581340842091,49.726103847792359],[6.616650668461001,49.726105274988711],[6.616719996085438,49.726106702143596],[6.616722197113284,49.726061768686037],[6.616791524679371,49.726063195797209],[6.616860852250985,49.726064622866915],[6.616930179828129,49.726066049895174],[6.616932380658814,49.726021116430424],[6.617071035701924,49.726023970358035],[6.617068834998996,49.726068903827283],[6.617066634290541,49.726113837296126],[6.617064433576562,49.726158770764535],[6.617133761298044,49.726160197672911],[6.617131560642419,49.726205131143153],[6.617200888433306,49.726206558012329],[6.617198687836035,49.726251491484405],[6.617268015696327,49.726252918314373],[6.617270216229719,49.726207984840045],[6.617339544031659,49.726209411626286],[6.617408871839126,49.726210838371081],[6.617411072239235,49.726165904891808],[6.617480399988348,49.72616733159289],[6.617549727742988,49.726168758252506],[6.617551928009816,49.726123824768322],[6.617621255706104,49.726125251384218],[6.617623455903529,49.726080317897349],[6.617692783541464,49.726081744469546],[6.617694983669488,49.726036810979998],[6.617697183791988,49.725991877490053],[6.61762785628181,49.725990450922367],[6.617630056462668,49.725945517434241],[6.617632256637999,49.725900583945688],[6.617562929261101,49.725899157341061],[6.617565129494789,49.725854223854341],[6.617567329722952,49.725809290367188],[6.617569529945592,49.725764356879623],[6.617638857130856,49.725765783477485],[6.617641057284094,49.725720849987255],[6.617710384411005,49.725722276541411],[6.617779711543442,49.725723703054115],[6.617781911563402,49.725678769558947],[6.617784111577841,49.725633836063352],[6.617786311586755,49.725588902567338],[6.617788511590147,49.725543969070905],[6.617790711588016,49.725499035574046],[6.617721384774964,49.725497609072612],[6.617723584831187,49.725452675577593],[6.617725784881885,49.72540774208214],[6.61765645820211,49.725406315543751],[6.617658658311163,49.725361382050139],[6.617589331700788,49.725359955472555],[6.617591531868194,49.725315021980769],[6.617593732030075,49.725270088488557],[6.617524405552978,49.725268661874019],[6.617526605773212,49.725223728383639],[6.617528805987922,49.725178794892841],[6.617459479644101,49.725177368241347],[6.617461679917163,49.725132434752382],[6.617463880184701,49.725087501262998],[6.617533206400772,49.725088927909979],[6.617602532622367,49.725090354515515],[6.617604732756632,49.7250454210212],[6.617743385088652,49.725048274103365],[6.617812711262949,49.725049700582254],[6.617810511320307,49.725094634083341],[6.617879837564005,49.725096060523029],[6.617949163813226,49.725097486921271],[6.617946963992814,49.72514242042643],[6.617944764166879,49.725187353931155],[6.618014090549376,49.725188780292441],[6.618011890781792,49.725233713799014],[6.61808121723369,49.725235140121093],[6.61807901752446,49.725280073629492],[6.618148344045758,49.725281499912356],[6.618146144394882,49.725326433422595],[6.618143944738483,49.7253713669324],[6.618141745076563,49.725416300441793],[6.618139545409122,49.725461233950767],[6.618137345736157,49.725506167459301],[6.618206672582359,49.725507593711981],[6.618275999434085,49.72550901992318],[6.618273799883352,49.725553953435821],[6.618271600327096,49.725598886948028],[6.61826940076532,49.725643820459815],[6.6183387278142,49.725645246636326],[6.618336528310778,49.725690180149932],[6.618405855429059,49.725691606287249],[6.618403655983993,49.725736539802696],[6.618472983171676,49.725737965900784],[6.618470783784966,49.725782899418057],[6.618468584392733,49.725827832934918],[6.618537911713695,49.725829258996058],[6.61853571237982,49.725874192514752],[6.618605039770182,49.725875618536676],[6.618602840494663,49.725920552057197],[6.618600641213622,49.725965485577291],[6.618669968737265,49.725966911562274],[6.618667769514582,49.726011845084201],[6.618665570286378,49.726056778605695],[6.618734897943301,49.726058204553716],[6.618732698773454,49.726103138077058],[6.618802026499778,49.726104563985864],[6.61879982738829,49.726149497511038],[6.618797628271281,49.726194431035772],[6.618866956130886,49.72619585690763],[6.618864757072234,49.726240790434211],[6.618862558008061,49.726285723960366],[6.618931886000947,49.726287149795262],[6.618929686995135,49.726332083323236],[6.618927487983801,49.726377016850797],[6.61899681610997,49.726378442648759],[6.618994617156996,49.726423376178133],[6.618992418198502,49.726468309707109],[6.619061746457952,49.726469735468093],[6.619059547557818,49.726514668998895],[6.619057348652161,49.726559602529257],[6.619126677044895,49.7265610282533],[6.619196005443152,49.726562453935877],[6.619193806659737,49.726607387470331],[6.619191607870803,49.726652321004366],[6.619189409076349,49.726697254537967],[6.619187210276373,49.726742188071171],[6.619256538935676,49.72674361372129],[6.619254340194061,49.726788547256312],[6.619252141446928,49.726833480790908],[6.619321470239515,49.726834906404072],[6.619319271550745,49.726879839940494],[6.619317072856452,49.726924773476505],[6.619386401782323,49.726926199052713],[6.619384203146393,49.726971132590535],[6.619382004504945,49.727016066127952],[6.619451333564102,49.727017491667198],[6.619449134981015,49.727062425206448],[6.619446936392408,49.727107358745272],[6.619444737798283,49.727152292283677],[6.619375408547479,49.727150866737674],[6.619373209883951,49.727195800273407],[6.619371011214903,49.727240733808706],[6.619301681841855,49.727239308216738],[6.619232352474329,49.72723788258331],[6.619163023112326,49.727236456908415],[6.619093693755845,49.727235031192059],[6.619091494825745,49.72727996471793],[6.619022165410905,49.727278538957862],[6.6190199664114,49.727323472481075],[6.619017767406377,49.727368406003848],[6.619015568395833,49.727413339526201],[6.619013369379767,49.727458273048136],[6.619011170358182,49.727503206569644],[6.619080500092441,49.72750463234096],[6.619078301129218,49.727549565864315],[6.619076102160475,49.727594499387237],[6.619145432028024,49.727595925121619],[6.619214761901095,49.727597350814513],[6.6192125630546,49.72764228434152],[6.619210364202584,49.727687217868102],[6.619279694208948,49.727688643524054],[6.619349024220833,49.727690069138539],[6.619346825491066,49.727735002669206],[6.619416155572357,49.727736428244484],[6.619413956900956,49.72778136177697],[6.619483287051654,49.727782787313032],[6.619481088438618,49.727827720847365],[6.619550418658723,49.72782914634422],[6.619548220104051,49.727874079880358],[6.619617550393564,49.727875505337998],[6.619615351897258,49.727920438875977],[6.619613153395433,49.727965372413557],[6.619682483818237,49.727966797834235],[6.61968028537478,49.72801173137362],[6.61974961586699,49.72801315675509],[6.619747417481899,49.728058090296308],[6.619816748043517,49.728059515638563],[6.619814549716793,49.728104449181615],[6.619883880347818,49.728105874484662],[6.619881682079461,49.72815080802954],[6.619879483805583,49.728195741573991],[6.619948814569903,49.728197166840083],[6.619946616354393,49.728242100386375],[6.619944418133366,49.72828703393224],[6.62001374903098,49.728288459161362],[6.620011550868319,49.728333392709054],[6.62008088183534,49.728334817898968],[6.620078683731049,49.728379751448493],[6.620148014767477,49.728381176599193],[6.620145816721555,49.728426110150536],[6.620143618670114,49.728471043701475],[6.620141420613154,49.72851597725198],[6.620210751846765,49.72851740236797],[6.620208553848175,49.728562335920316],[6.620277885151197,49.728563760997076],[6.620275687210976,49.728608694551255],[6.620273489265237,49.728653628104993],[6.620342820701552,49.728655053144813],[6.620340622814185,49.728699986700377],[6.620338424921298,49.728744920255544],[6.620407756490911,49.728746345258386],[6.620405558656395,49.728791278815365],[6.620403360816361,49.728836212371924],[6.620401162970809,49.728881145928064],[6.620470494737608,49.728882570896197],[6.620468296950428,49.728927504454177],[6.620537628786636,49.728928929383095],[6.620535431057827,49.728973862942894],[6.620604762963445,49.728975287832604],[6.620674094874581,49.728976712680847],[6.620671897268034,49.729021646244718],[6.620669699655968,49.729066579808176],[6.620667502038385,49.729111513371208],[6.620736834146712,49.729112938184741],[6.620806166260556,49.729114362956807],[6.62087549837992,49.729115787687412],[6.62087330094849,49.729160721256783],[6.620942633137263,49.729162145948159],[6.621011965331554,49.729163570598089],[6.621009768022389,49.729208504171517],[6.621007570707705,49.729253437744532],[6.621076903035297,49.7292548623575],[6.621072508517162,49.729344729506764],[6.621070311249819,49.729389663080781],[6.62106811397696,49.729434596654364],[6.621137446565633,49.729436021234861],[6.621135249351149,49.729480954810271],[6.621204582009232,49.729482379351538],[6.621273914672832,49.729483803851359],[6.621271717580615,49.729528737430847],[6.621269520482881,49.729573671009909],[6.621338853279783,49.729575095472768],[6.621336656240427,49.729620029053649],[6.621405989106738,49.729621453477279],[6.621403792125755,49.729666387060014],[6.621401595139258,49.72971132064233],[6.621470928138872,49.729712745028984],[6.621468731210751,49.729757678613105],[6.621538064279775,49.729759102960557],[6.621535867410029,49.729804036546518],[6.621605200548464,49.729805460854756],[6.621603003737095,49.729850394442543],[6.621600806920212,49.729895328029905],[6.621598610097815,49.729940261616839],[6.621596413269899,49.729985195203376],[6.621594216436471,49.730030128789465],[6.621663549899886,49.730031553067484],[6.62173288336882,49.730032977304035],[6.621730686657663,49.730077910894209],[6.621728489940988,49.730122844483965],[6.621797823543226,49.730124268683547],[6.621795626884932,49.730169202275128],[6.62186496055658,49.730170626435495],[6.621934294233747,49.730172050554394],[6.621932097697724,49.730216984150047],[6.621862763956665,49.730215560028903],[6.621860567351233,49.730260493621905],[6.621929901156188,49.730261917745302],[6.621927704609137,49.73030685134011],[6.621997038483502,49.730308275424285],[6.621994841994831,49.730353209020947],[6.622064175938607,49.7303546330659],[6.622133509887901,49.7303560570694],[6.622131313521503,49.730400990670127],[6.622200647540208,49.730402414634405],[6.622198451232191,49.730447348236943],[6.622196254918661,49.730492281839076],[6.622194058599614,49.730537215440791],[6.62226339281552,49.730538639370344],[6.622261196554857,49.73058357297387],[6.622259000288679,49.730628506576998],[6.622256804016986,49.730673440179679],[6.622254607739781,49.730718373781947],[6.622323942216785,49.730719797679036],[6.622321745997961,49.730764731283124],[6.622319549773623,49.730809664886792],[6.622388884383935,49.730811088746911],[6.622386688217979,49.730856022352427],[6.62238449204651,49.730900955957509],[6.622453826790131,49.730902379780652],[6.622451630677045,49.73094731338756],[6.622449434558444,49.730992246994049],[6.622518769435374,49.730993670780222],[6.622516573375156,49.731038604388544],[6.622514377309426,49.731083537996426],[6.622583712319667,49.731084961745637],[6.622581516312319,49.731129895355359],[6.622579320299457,49.731174828964654],[6.622648655443008,49.731176252676903],[6.622646459488532,49.73122118628801],[6.622644263528541,49.731266119898713],[6.622713598805404,49.731267543573992],[6.622711402903799,49.731312477186513],[6.622709206996681,49.731357410798623],[6.622778542406853,49.731358834436918],[6.622776346558119,49.73140376805086],[6.622774150703872,49.731448701664377],[6.622843486247358,49.731450125265702],[6.622841290451498,49.731495058881031],[6.622771954844113,49.731493635277459],[6.622769758978841,49.73153856889013],[6.622767563108054,49.731583502502374],[6.622765367231755,49.731628436114192],[6.622763171349942,49.731673369725591],[6.622832507212923,49.731674793338172],[6.622830311389495,49.731719726951418],[6.622828115560557,49.73176466056421],[6.622758779569778,49.731763236947138],[6.622689443584514,49.7317618132886],[6.622687247622263,49.731806746896481],[6.622685051654496,49.731851680503965],[6.622682855681219,49.731896614110987],[6.622752191858181,49.731898037776283],[6.622749995943289,49.731942971385159],[6.622747800022885,49.731987904993602],[6.622817136333164,49.731989328621921],[6.622814940471145,49.732034262232197],[6.622812744603615,49.732079195842054],[6.622743408165533,49.732077772209252],[6.622741212228589,49.732122705816415],[6.622671875732123,49.732121282139886],[6.622602539241171,49.732119858421889],[6.622533202755736,49.732118434662411],[6.622531006621575,49.73216336826242],[6.622461670077755,49.732161944459236],[6.622392333539452,49.73216052061457],[6.622390137271974,49.732205454209669],[6.622320800675286,49.732204030321292],[6.622318604338392,49.732248963913719],[6.622316407995984,49.73229389750572],[6.622314211648062,49.732338831097294],[6.622312015294626,49.73238376468845],[6.622381352146919,49.732385188585823],[6.622379155851871,49.732430122178805],[6.622448492773582,49.73243154603697],[6.622517829700812,49.732432969853662],[6.622587166633557,49.732434393628878],[6.622589362736901,49.73238946002914],[6.622658699611261,49.732390883760644],[6.622728036491135,49.732392307450674],[6.622797373376526,49.732393731099229],[6.622866710267433,49.732395154706303],[6.622864514419697,49.732440088315045],[6.622862318566448,49.732485021923353],[6.622931655590674,49.732486445493478],[6.622929459795815,49.732531379103598],[6.622927263995442,49.73257631271332],[6.622996601152988,49.732577736246455],[6.622994405411005,49.732622669857996],[6.622925068189557,49.732621246322601],[6.622922872378158,49.732666179931471],[6.622853535098321,49.732664756352364],[6.622784197824,49.732663332731782],[6.622782001879282,49.732708266335727],[6.622851339217506,49.732709689958568],[6.622846947439338,49.732799557169692],[6.622844751541982,49.732844490774632],[6.622914089077431,49.732845914362734],[6.622911893238467,49.7328908479695],[6.62290969739399,49.732935781575833],[6.622907501543999,49.732980715181753],[6.622976839276675,49.732982138735139],[6.622974643485074,49.733027072342885],[6.622972447687962,49.733072005950199],[6.622903109827478,49.733070582392315],[6.622900913960946,49.733115515996978],[6.622898718088902,49.733160449601208],[6.622896522211345,49.733205383205011],[6.622894326328275,49.733250316808395],[6.622963664444378,49.733251740375273],[6.6229614686197,49.733296673980483],[6.622959272789507,49.733341607585274],[6.622957076953802,49.733386541189638],[6.622954881112583,49.733431474793591],[6.623024219489824,49.733432898327983],[6.623022023706997,49.733477831933769],[6.623019827918658,49.733522765539121],[6.623017632124807,49.733567699144039],[6.62301543632544,49.733612632748553],[6.623084774963821,49.733614056250474],[6.623082579222848,49.733658989856814],[6.62315191793065,49.733660413319512],[6.623221256643967,49.733661836740737],[6.623223452257126,49.733616903129899],[6.623292790912052,49.733618326507411],[6.623362129572492,49.733619749843442],[6.623359934087146,49.733664683458777],[6.623357738596286,49.733709617073686],[6.623427077390055,49.733711040372739],[6.623422686519613,49.733800907605783],[6.623420491076125,49.73384584122168],[6.623418295627123,49.733890774837157],[6.623416100172609,49.733935708452208],[6.623485439291427,49.733937131721028],[6.623483243895309,49.733982065337905],[6.623481048493679,49.734026998954363],[6.623478853086536,49.734071932570387],[6.623476657673882,49.734116866185992],[6.623474462255714,49.734161799801178],[6.623543801699586,49.734163223039786],[6.623541606339815,49.734208156656805],[6.623539410974533,49.734253090273384],[6.623537215603736,49.734298023889565],[6.62360655524485,49.734299447093441],[6.623604359932451,49.734344380711427],[6.623602164614541,49.734389314329],[6.623599969291118,49.734434247946162],[6.623597773962183,49.734479181562897],[6.623595578627737,49.734524115179191],[6.623526238667077,49.734522691964088],[6.623456898711933,49.734521268707503],[6.623454703244154,49.734566202318902],[6.623385363230614,49.734564779018591],[6.623383167693413,49.734609712627318],[6.623452507770864,49.734611135929867],[6.62345031229206,49.734656069540421],[6.623448116807744,49.734701003150548],[6.623445921317916,49.734745936760241],[6.623584601872822,49.734748783254425],[6.623586797234828,49.734703849640226],[6.623656137456642,49.734705272822865],[6.623653942158546,49.734750206439301],[6.623723282449784,49.734751629582703],[6.623721087210085,49.734796563200987],[6.623718891964875,49.734841496818845],[6.623716696714153,49.734886430436276],[6.623714501457919,49.734931364053288],[6.623712306196173,49.734976297669881],[6.62378164681248,49.734977720783043],[6.623779451609133,49.735022654401462],[6.623777256400275,49.735067588019454],[6.623775061185905,49.735112521637035],[6.623772865966022,49.735157455254189],[6.623770670740629,49.735202388870917],[6.623840011682009,49.735203811953852],[6.623837816515015,49.735248745572406],[6.623833426164492,49.735338612808242],[6.623831230980963,49.735383546425545],[6.623829035791923,49.735428480042408],[6.62389837705838,49.73542990309511],[6.623896181927741,49.735474836713806],[6.623893986791589,49.735519770332075],[6.623891791649927,49.735564703949933],[6.62382245019173,49.735563280890482],[6.623753108739048,49.735561857789563],[6.62368376729188,49.735560434647162],[6.623685962625283,49.735515501036062],[6.623688157953172,49.735470567424528],[6.623690353275552,49.735425633812568],[6.623621012025637,49.73542421063545],[6.623623207406417,49.735379277025324],[6.623625402781684,49.735334343414777],[6.623627598151439,49.735289409803805],[6.623629793515681,49.735244476192427],[6.623631988874411,49.735199542580609],[6.623562647949574,49.735198119373251],[6.623564843366704,49.735153185763266],[6.623567038778321,49.73510825215287],[6.623569234184427,49.735063318542025],[6.623571429585021,49.735018384930775],[6.623573624980102,49.734973451319114],[6.623504284380336,49.734972028081522],[6.623506479833816,49.734927094471672],[6.623508675281784,49.734882160861403],[6.623510870724238,49.734837227250715],[6.623441530321722,49.734835803978399],[6.623439334815356,49.734880737586835],[6.623369994354444,49.734879314270799],[6.623367798778655,49.734924247876556],[6.623298458259347,49.734922824516786],[6.623296262614134,49.734967758119893],[6.623294066963408,49.735012691722559],[6.623363407610539,49.73501411508682],[6.623361212018211,49.735059048691326],[6.62335901642037,49.735103982295428],[6.623289675645416,49.73510255892667],[6.623287479978152,49.735147492528064],[6.623285284305373,49.735192426129053],[6.62335462520815,49.735193849502323],[6.62335023397388,49.735283716707521],[6.623348038348476,49.735328650309505],[6.623345842717558,49.735373583911063],[6.623343647081128,49.735418517512187],[6.623412988308982,49.735419940855216],[6.623410792730952,49.735464874458167],[6.623406401558353,49.735554741662817],[6.623404205963784,49.735599675264503],[6.623473547452807,49.73560109857506],[6.623471351916638,49.735646032178572],[6.623469156374957,49.735690965781671],[6.623464765275058,49.735780832986599],[6.623462569716839,49.735825766588427],[6.623531911530947,49.735827189868736],[6.623529716031129,49.735872123472397],[6.623527520525799,49.735917057075632],[6.62359686247325,49.735918480318965],[6.623666204426216,49.735919903520831],[6.623735546384697,49.735921326681201],[6.623804888348691,49.735922749800125],[6.623802693093507,49.735967683411943],[6.623872035126932,49.735969106491609],[6.62394137716587,49.735970529529823],[6.623939182033004,49.736015463145705],[6.623936986894627,49.736060396761161],[6.623932596601336,49.736150263990822],[6.623930401446424,49.736195197604999],[6.623928206285999,49.736240131218771],[6.623926011120063,49.736285064832131],[6.623923815948615,49.736329998445058],[6.623921620771655,49.736374932057579],[6.623990963391348,49.736376355074533],[6.623988768272793,49.736421288688867],[6.623986573148725,49.736466222302774],[6.623984378019147,49.736511155916268],[6.623982182884055,49.736556089529351],[6.623979987743454,49.736601023141979],[6.623977792597339,49.736645956754224],[6.623975597445713,49.73669089036602],[6.623973402288574,49.736735823977398],[6.624042745425118,49.736737246970868],[6.624040550326386,49.736782180584072],[6.624038355222142,49.736827114196871],[6.624036160112387,49.736872047809236],[6.624033964997119,49.736916981421167],[6.62403176987634,49.736961915032701],[6.624029574750049,49.737006848643787],[6.624027379618248,49.737051782254468],[6.624025184480932,49.73709671586473],[6.624094528134337,49.737098138834696],[6.62408794288108,49.737232939669681],[6.624085747785637,49.737277873280505],[6.624083552684683,49.737322806890887],[6.624081357578217,49.737367740500865],[6.62407916246624,49.737412674110423],[6.62407696734875,49.737457607719556],[6.624074772225748,49.737502541328254],[6.624072577097236,49.737547474936541],[6.624141921395352,49.737548897887521],[6.624139726325247,49.737593831497634],[6.62407038196321,49.737592408544423],[6.624001037606689,49.737590985549701],[6.623998842403232,49.737635919154897],[6.623929497988303,49.73763449611647],[6.623860153578888,49.737633073036562],[6.623857958242076,49.737678006636841],[6.623855762899752,49.737722940236701],[6.623925107437008,49.737724363321107],[6.623922912153094,49.737769296922778],[6.623853567551916,49.737767873836127],[6.623784222956252,49.737766450707994],[6.623782027538983,49.737811384304756],[6.6237798321162,49.737856317901098],[6.623777636687905,49.737901251497014],[6.623846981475332,49.737902674631904],[6.623844786105446,49.737947608229646],[6.623775441254097,49.737946185092518],[6.623706096408262,49.737944761913923],[6.623703900905019,49.737989695506748],[6.623634556000776,49.737988272284426],[6.623565211102051,49.737986849020608],[6.623495866208841,49.737985425715323],[6.623493670508319,49.738030359300978],[6.623424325556701,49.738028935951967],[6.623354980610599,49.73802751256148],[6.623285635670013,49.738026089129505],[6.62328343977221,49.738071022707992],[6.623214094773218,49.738069599232304],[6.623075404791782,49.738066752156463],[6.623006059809339,49.738065328556338],[6.622936714832413,49.738063904914725],[6.622867369861003,49.73806248123163],[6.622869566142339,49.738017547666637],[6.622800221240369,49.738016123944313],[6.622730876343916,49.738014700180514],[6.62273307274758,49.737969766619592],[6.622735269145728,49.737924833058244],[6.622665924382638,49.737923409257462],[6.622596579625062,49.737921985415213],[6.622594383099069,49.73796691897207],[6.62252503828309,49.73796549508608],[6.62245569347263,49.737964071158615],[6.622457890126466,49.737919137606262],[6.622388545385444,49.737917713639568],[6.622319200649942,49.737916289631393],[6.622321397426105,49.737871356083126],[6.622252052760042,49.737869932035728],[6.622182708099497,49.737868507946857],[6.622113363444471,49.737867083816511],[6.622115560406882,49.73782215027456],[6.622184904997987,49.737823574402668],[6.622187101890961,49.737778640858053],[6.622256446423663,49.737780064942442],[6.6222586432472,49.737735131395141],[6.62226084006522,49.737690197847442],[6.622263036877725,49.737645264299303],[6.622193692536785,49.737643840221686],[6.622195889407693,49.737598906675373],[6.622198086273086,49.737553973128655],[6.622128742065505,49.737552549014048],[6.622059397863442,49.737551124857966],[6.621990053666898,49.737549700660395],[6.621920709475873,49.737548276421371],[6.621782021110381,49.737545427818858],[6.621779823861467,49.737590361352076],[6.62171047962308,49.737588936986356],[6.621641135390213,49.737587512579154],[6.621571791162864,49.737586088130477],[6.621569593716671,49.73763102165654],[6.621567396264961,49.737675955182162],[6.621498051915292,49.737674530687507],[6.621495854394144,49.737719464210457],[6.621565198807733,49.737720888707365],[6.621563001344988,49.737765822232149],[6.621560803876724,49.737810755756513],[6.621491459335293,49.737809331255121],[6.621422114799382,49.737807906712227],[6.621352770268991,49.737806482127873],[6.621283425744121,49.73780505750203],[6.621281228014656,49.737849991016958],[6.621279030279672,49.737894924531481],[6.621276832539168,49.737939858045586],[6.621274634793148,49.737984791559249],[6.621272437041609,49.738029725072508],[6.621341781886087,49.738031149709606],[6.621411126736085,49.738032574305215],[6.62140892910687,49.738077507822545],[6.621339584192951,49.738076083224676],[6.621337386494296,49.738121016739342],[6.621335188790123,49.738165950253581],[6.621196498723158,49.738163100924403],[6.621127153697956,49.738161676197599],[6.621057808678275,49.738160251429321],[6.620988463664116,49.738158826619561],[6.620986265634813,49.738203760122133],[6.620916920562252,49.738202335268646],[6.620914722463509,49.738247268768532],[6.620845377332548,49.738245843871312],[6.62084317916436,49.738290777368526],[6.62083878281143,49.73838064436169],[6.620836584626685,49.73842557785764],[6.620905930013338,49.738427002763864],[6.620903731886997,49.738471936261647],[6.620973077343095,49.738473361128641],[6.620970879275156,49.73851829462825],[6.6210402248007,49.738519719456015],[6.621038026791166,49.738564652957457],[6.621035828776114,49.738609586458459],[6.621033630755543,49.738654519959056],[6.621102976478377,49.738655944752097],[6.621100778516212,49.738700878254519],[6.621098580548526,49.738745811756509],[6.621096382575321,49.738790745258108],[6.62116572849545,49.738792170016417],[6.621163530580651,49.738837103519828],[6.621161332660333,49.738882037022812],[6.621230678713832,49.738883461744138],[6.62122848085192,49.738928395248955],[6.621297826974865,49.738929819931059],[6.621295629171358,49.738974753437709],[6.62136497536375,49.738976178080584],[6.621362777618651,49.739021111589047],[6.621501470147846,49.739023960754871],[6.621503667765095,49.738979027241903],[6.621573013974048,49.738980451760341],[6.621711706408515,49.738983300672771],[6.62171390382847,49.738938367152635],[6.621783249990059,49.738939791544375],[6.621781052634028,49.738984725066778],[6.621850398865061,49.738986149419304],[6.621919745101614,49.738987573730341],[6.621921942329794,49.738942640203433],[6.621991288507942,49.738944064470751],[6.622060634691609,49.738945488696586],[6.622129980880795,49.738946912880927],[6.622127783844389,49.738991846414585],[6.62205843759128,49.738990422227978],[6.621989091343688,49.73898899799989],[6.621986894173917,49.739033931528617],[6.621917547867918,49.739032507256802],[6.621915350628704,49.739077440782864],[6.6218460042643,49.739076016467322],[6.621841609641469,49.739165883513664],[6.621910956133724,49.739167307833704],[6.621908758877958,49.73921224135848],[6.621978105439659,49.739213665639312],[6.622047452006881,49.739215089878634],[6.62211679857962,49.739216514076475],[6.62218614515788,49.739217938232848],[6.622255491741656,49.73921936234774],[6.622324838330953,49.739220786421157],[6.622327035203163,49.739175852882859],[6.622396381734053,49.739177276912542],[6.622398578536818,49.739132343371594],[6.622467925009299,49.739133767357544],[6.6225372714873,49.739135191302012],[6.622535074812385,49.739180124847472],[6.622604421359829,49.739181548752704],[6.62267376791279,49.739182972616454],[6.622671571360212,49.739227906165993],[6.622740917982617,49.739229329990536],[6.622743114471269,49.739184396438745],[6.622812461035267,49.739185820219539],[6.622881807604782,49.739187243958867],[6.622951154179814,49.739188667656705],[6.622953350471171,49.739143734097759],[6.623022696987795,49.739145157751871],[6.623092043509935,49.739146581364494],[6.62308984734643,49.739191514927938],[6.623159193938012,49.73919293850134],[6.623228540535112,49.739194362033253],[6.623297887137728,49.739195785523698],[6.62336723374586,49.739197208972655],[6.623369429653661,49.739152275400208],[6.623438776203384,49.739153698805445],[6.623508122758623,49.739155122169201],[6.623510318533056,49.739110188591823],[6.623579665029885,49.739111611911845],[6.623649011532228,49.739113035190393],[6.623718358040088,49.739114458427451],[6.623720553617231,49.739069524842911],[6.62378990006668,49.739070948036236],[6.623859246521643,49.739072371188094],[6.623928592982122,49.739073794298463],[6.623997939448116,49.739075217367358],[6.624000134764041,49.739030283773417],[6.624138827584722,49.739033129782264],[6.624208174003332,49.739034552724469],[6.624277520427459,49.739035975625185],[6.624275325367236,49.739080909228122],[6.624273130301503,49.739125842830646],[6.624342476858994,49.739127265694393],[6.624340281851674,49.739172199298729],[6.624409628478605,49.739173622123239],[6.6244074335297,49.739218555729401],[6.624476780226074,49.739219978514669],[6.624474585335584,49.739264912122678],[6.624543932101394,49.739266334868717],[6.624541737269322,49.739311268478538],[6.624539542431735,49.73935620208794],[6.624470195538069,49.739354779337404],[6.624468000631045,49.739399712944135],[6.624398653678965,49.739398290149872],[6.624396458702502,49.739443223753938],[6.624327111692009,49.739441800915941],[6.624257764687029,49.73944037803647],[6.624255569577199,49.739485311635605],[6.624186222513806,49.739483888712407],[6.624116875455928,49.739482465747727],[6.624114680212732,49.739527399341945],[6.624112484964023,49.739572332935751],[6.624043137783802,49.739570909925092],[6.624040942465654,49.739615843516219],[6.624038747141991,49.739660777106934],[6.624036551812817,49.739705710697244],[6.623967204446329,49.739704287638354],[6.623965009047714,49.739749221225964],[6.623962813643585,49.739794154813168],[6.62403216113793,49.739795577876549],[6.624101508637792,49.739797000898456],[6.624170856143166,49.739798423878874],[6.624168660925312,49.739843357472388],[6.62423800850013,49.739844780413577],[6.624235813340692,49.739889714008918],[6.624233618175741,49.739934647603846],[6.624231423005279,49.739979581198355],[6.624229227829304,49.740024514792431],[6.624227032647817,49.740069448386109],[6.624224837460819,49.740114381979332],[6.624155489502424,49.740112959024671],[6.624153294245983,49.740157892615237],[6.624222642268307,49.740159315572157],[6.624220447070283,49.740204249164563],[6.624289795162053,49.740205672082247],[6.624285404877329,49.740295539270257],[6.624283209726698,49.74034047286365],[6.624281014570556,49.740385406456596],[6.624278819408902,49.740430340049144],[6.624276624241736,49.740475273641252],[6.624345972722601,49.740476696530948],[6.624343777613855,49.740521630124888],[6.624341582499595,49.74056656371841],[6.624339387379822,49.740611497311512],[6.624337192254539,49.740656430904181],[6.624334997123743,49.740701364496438],[6.624404345929781,49.740702787355886],[6.624399955779516,49.740792654543618],[6.624397760696117,49.740837588136856],[6.624395565607204,49.740882521729681],[6.624464914674484,49.740883944556636],[6.624462719643994,49.740928878151266],[6.624460524607991,49.740973811745491],[6.624458329566475,49.741018745339289],[6.624456134519447,49.741063678932662],[6.624453939466908,49.741108612525615],[6.624523288859367,49.741110035322329],[6.62452109386525,49.741154968917122],[6.62451889886562,49.741199902511461],[6.624516703860478,49.741244836105409],[6.624514508849825,49.741289769698916],[6.62451231383366,49.741334703292011],[6.624510118811981,49.741379636884695],[6.624579468593559,49.741381059653406],[6.624577273630305,49.741425993247901],[6.624575078661538,49.741470926841984],[6.624572883687259,49.741515860435626],[6.624570688707469,49.741560794028857],[6.624568493722167,49.741605727621661],[6.624637843828933,49.741607150360139],[6.624635648902053,49.741652083954776],[6.624633453969663,49.741697017549001],[6.62463125903176,49.741741951142799],[6.624629064088346,49.74178688473615],[6.624698414456367,49.741788307442143],[6.624696219571378,49.741833241037341],[6.624694024680876,49.741878174632113],[6.624689634883337,49.7419680418204],[6.6246874399763,49.742012975413914],[6.624685245063753,49.742057909006995],[6.624754595820906,49.742059331684978],[6.624752400966783,49.742104265279892],[6.624750206107148,49.742149198874387],[6.624745816371344,49.742239066062105],[6.624676465358442,49.742237643375141],[6.624674270418334,49.742282576966112],[6.624672075472716,49.74232751055667],[6.624602724337453,49.742326087823727],[6.624600529322383,49.742371021411614],[6.624531178128697,49.742369598634923],[6.624461826940524,49.74236817581675],[6.624392475757867,49.742366752957103],[6.624323124580723,49.742365330055968],[6.624320929304391,49.742410263634447],[6.624251578068825,49.742408840689563],[6.624182226838774,49.742407417703205],[6.624112875614238,49.742405994675373],[6.624110680140578,49.742450928246676],[6.62404132885762,49.742449505175102],[6.623971977580178,49.742448082062047],[6.623969781973129,49.742493015628426],[6.623900430637263,49.742491592471637],[6.623831079306913,49.742490169273353],[6.623828883566474,49.742535102834836],[6.623826687820522,49.742580036395886],[6.623757336367811,49.742578613151622],[6.623755140552406,49.742623546710007],[6.623824492069053,49.742624969956523],[6.623822296312073,49.742669903516727],[6.623752944731486,49.742668480267966],[6.623750748905052,49.742713413825498],[6.623748553073106,49.742758347382619],[6.623746357235643,49.742803280939327],[6.623815709008048,49.742804704194832],[6.623885060785969,49.742806127408841],[6.623882865070872,49.742851060969606],[6.623952216918249,49.742852484144386],[6.624021568771141,49.742853907277684],[6.62401937317841,49.742898840842521],[6.624088725100757,49.74290026393659],[6.62415807702862,49.74290168698915],[6.624296780900893,49.742904532969838],[6.624294585558407,49.742949466543259],[6.624363937566756,49.742950889473619],[6.624433289580619,49.74295231236249],[6.624435484795225,49.742907378784587],[6.624504836750663,49.742908801629724],[6.624574188711618,49.742910224433381],[6.624712892650066,49.742913069916256],[6.624782244627563,49.742914492595432],[6.624777854832238,49.743004359773309],[6.624773465014867,49.743094226949509],[6.624704112781608,49.743092804261323],[6.624701917800714,49.743137737846531],[6.624632565509032,49.743136315114612],[6.624563213222863,49.743134892341196],[6.624493860942208,49.743133469526299],[6.62449166576398,49.743178403104352],[6.624422313424899,49.743176980245728],[6.624352961091335,49.743175557345609],[6.624283608763283,49.743174134404001],[6.62428141338772,49.743219067974891],[6.624212061001244,49.743217644989556],[6.624142708620284,49.743216221962726],[6.624073356244838,49.743214798894428],[6.62407116067194,49.743259732458135],[6.624001808238069,49.743258309346096],[6.623999612595715,49.743303242907146],[6.62393026010342,49.743301819751366],[6.62386090761664,49.743300396554105],[6.62385871184089,49.74334533011023],[6.623789359295686,49.743343906869235],[6.623720006755998,49.743342483586751],[6.623717810846851,49.74338741713796],[6.623648458248739,49.743385993811735],[6.623646262270136,49.743430927360286],[6.623576909613599,49.743429503990328],[6.623574713565541,49.7434744375362],[6.623505360850579,49.743473014122515],[6.623503164733064,49.743517947665708],[6.623433811959678,49.743516524208275],[6.623431615772704,49.743561457748811],[6.623429419580219,49.743606391288921],[6.623498772481489,49.743607814750845],[6.62349657634743,49.743652748292774],[6.623494380207855,49.743697681834298],[6.623492184062766,49.743742615375389],[6.62356153716138,49.743744038802568],[6.623630890265512,49.743745462188265],[6.623700243375161,49.743746885532481],[6.623769596490327,49.743748308835201],[6.623908302737207,49.74375115531619],[6.623906106970259,49.74379608887034],[6.623901715419822,49.743885955977397],[6.623971068743365,49.743887379162395],[6.623968873023817,49.743932312717547],[6.623964481568182,49.744022179826565],[6.624033835089072,49.744023602976831],[6.624031639416928,49.744068536532964],[6.624100993007278,49.744069959643987],[6.624098797393562,49.744114893201939],[6.624096601774335,49.744159826759464],[6.624165955498088,49.744161249833503],[6.624235309227358,49.74416267286604],[6.624304662962143,49.744164095857109],[6.624374016702444,49.744165518806675],[6.624369625959,49.744255385938473],[6.62436743057901,49.744300319503729],[6.62443678451666,49.744301742418564],[6.6244345891951,49.744346675985639],[6.624432393868028,49.744391609552309],[6.624501747939082,49.744393032430146],[6.62450394320221,49.744348098861231],[6.624573297214835,49.744349521695327],[6.624571102015652,49.744394455266502],[6.624568906810958,49.744439388837222],[6.624566711600751,49.744484322407537],[6.62456451638503,49.74452925597744],[6.624560125937052,49.74461912311596],[6.624557930704793,49.744664056684599],[6.624488576244549,49.744662633834764],[6.624419221789821,49.744661210943434],[6.624349867340608,49.744659788010622],[6.624347671910999,49.744704721572077],[6.624278317403355,49.744703298595532],[6.624208962901228,49.744701875577498],[6.624206767338212,49.744746809134043],[6.624204571769682,49.744791742690168],[6.624273926399703,49.744793165712714],[6.624271730889607,49.744838099270659],[6.62434108558909,49.744839522253947],[6.624410440294088,49.744840945195755],[6.624412635676291,49.744796011633319],[6.624481990322859,49.744797434531378],[6.624551344974941,49.744798857387956],[6.624549149720631,49.744843790954896],[6.624546954460809,49.744888724521417],[6.624544759195473,49.744933658087518],[6.624614114044911,49.74493508090935],[6.624683468899864,49.744936503689701],[6.62468127375691,49.744981437259867],[6.624750628681324,49.744982860000974],[6.624748433596807,49.745027793572973],[6.624817788590683,49.745029216274844],[6.624815593564599,49.745074149848655],[6.624884948627938,49.74507557251129],[6.624882753660289,49.745120506086941],[6.624878363708456,49.745210373236972],[6.62487616872427,49.745255306811359],[6.624945524048917,49.745256729441486],[6.624921379562511,49.745750998756613],[6.624852023534425,49.745749576101773],[6.624849828484091,49.745794509671093],[6.62478047239757,49.745793086972526],[6.624711116316564,49.745791664232435],[6.624708921132818,49.745836597796853],[6.624639564993377,49.745835175013035],[6.624637369740167,49.745880108574774],[6.624635174481446,49.745925042136086],[6.624704530748788,49.745926464924409],[6.624843243300019,49.745929310376546],[6.624841048227636,49.74597424394419],[6.624838853149742,49.7460191775114],[6.624769496743467,49.746017754801578],[6.624767301596108,49.746062688366131],[6.624765106443237,49.746107621930257],[6.624762911284853,49.746152555493957],[6.624760716120957,49.746197489057238],[6.624758520951547,49.746242422620114],[6.624756325776624,49.746287356182549],[6.62475413059619,49.746332289744558],[6.624751935410242,49.746377223306162],[6.624749740218781,49.746422156867325],[6.624747545021807,49.746467090428084],[6.624816902067599,49.74646851316038],[6.624814706929066,49.746513446722965],[6.62481251178502,49.746558380285116],[6.624743154611322,49.746556957548322],[6.62474095939781,49.746601891107822],[6.624738764178785,49.746646824666882],[6.62480812148039,49.74664824740816],[6.624803731153707,49.746738114529528],[6.624801535982097,49.746783048089576],[6.62479495043419,49.74691784876719],[6.624792755240528,49.746962782325561],[6.624788364836666,49.747052649441009],[6.624719006959478,49.747051226679488],[6.624716811685322,49.747096160234342],[6.624714616405654,49.74714109378877],[6.624783974410753,49.747142516554788],[6.624777388730537,49.747277317222277],[6.624775193492771,49.747322250777266],[6.624772998249492,49.747367184331843],[6.624770803000701,49.747412117885986],[6.62470144461187,49.747410695106481],[6.624697053969836,49.747500562209012],[6.62469485864055,49.747545495759638],[6.624692663305749,49.747590429309852],[6.624690467965435,49.74763536285964],[6.624688272619609,49.747680296409015],[6.62468607726827,49.74772522995795],[6.624683881911415,49.74777016350648],[6.624681686549049,49.74781509705457],[6.624751045513491,49.747816519854311],[6.624748850209569,49.747861453404234],[6.624679491181169,49.747860030602254],[6.624677295807776,49.747904964149512],[6.624675100428869,49.747949897696344],[6.624605741278069,49.747948474848386],[6.624601350375799,49.748038341936294],[6.624599154916393,49.748083275479615],[6.624596959451474,49.748128209022518],[6.624666318858106,49.748129631879479],[6.624735678270254,49.748131054694944],[6.624733482927738,49.748175988241925],[6.624802842409362,49.748177411018148],[6.624800647125291,49.748222344566955],[6.624798451835708,49.748267278115335],[6.624796256540611,49.74831221166329],[6.62479406124,49.748357145210818],[6.62478967062224,49.748447012304638],[6.624785279982428,49.74853687939676],[6.62478308465425,49.748581812942184],[6.624780889320561,49.748626746487183],[6.624778693981356,49.748671680031777],[6.624848054172049,49.748673102791223],[6.624841468313241,49.74880790342921],[6.624772107930665,49.748806480663013],[6.624702747553605,49.748805057855321],[6.624700552128386,49.748849991395971],[6.624631191692883,49.748848568544538],[6.624561831262894,49.748847145651609],[6.624559635704241,49.748892079187328],[6.62462899619819,49.748893502082502],[6.624698356697656,49.748894924936188],[6.624767717202638,49.748896347748378],[6.624765521830354,49.748941281290442],[6.624696161261411,49.748939858476],[6.624626800697984,49.748938435620069],[6.624557440140073,49.748937012722642],[6.62455524457039,49.74898194625753],[6.624553048995194,49.749026879791998],[6.624622409681028,49.749028302693922],[6.624620214164279,49.749073236230224],[6.624689574919592,49.749074659092891],[6.62475893568042,49.749076081914076],[6.624828296446763,49.749077504693759],[6.624826101116387,49.749122438236363],[6.624821710439095,49.749212305320334],[6.624819515092177,49.749257238861681],[6.624817319739748,49.749302172402615],[6.624815124381803,49.74934710594313],[6.624812929018348,49.749392039483212],[6.624882290237943,49.74939346223713],[6.624880094932936,49.749438395779038],[6.624877899622415,49.74948332932054],[6.624875704306382,49.749528262861602],[6.624871313657771,49.749618129942469],[6.624869118325197,49.749663063482274],[6.624864727643507,49.749752930560632],[6.624862532294392,49.749797864099165],[6.624931894095178,49.749799286831816],[6.624929698804515,49.749844220372175],[6.624927503508337,49.749889153912129],[6.624925308206646,49.749934087451649],[6.624923112899441,49.749979020990757],[6.624920917586723,49.750023954529432],[6.624918722268492,49.750068888067673],[6.624849360083917,49.750067465321536],[6.624779997904856,49.750066042533895],[6.62477780245318,49.750110976067226],[6.62470844021567,49.750109553235845],[6.624706244694514,49.750154486766519],[6.62477560699599,49.750155909600153],[6.624844969302982,49.750157332392291],[6.624914331615489,49.750158755142927],[6.624912136280718,49.750203688679917],[6.624909940940432,49.750248622216496],[6.624907745594633,49.750293555752641],[6.624905550243321,49.75033848928836],[6.624974912817209,49.750339912006496],[6.624972717524351,49.750384845544055],[6.624970522225977,49.750429779081173],[6.62496832692209,49.750474712617887],[6.624966131612691,49.750519646154181],[6.624963936297778,49.750564579690042],[6.62495954565141,49.750654446760507],[6.624957350319956,49.75069938029511],[6.624950764292512,49.750834180896376],[6.624946373579982,49.750924047961782],[6.624944178215446,49.750968981493848],[6.624941982845396,49.751013915025503],[6.624872619311994,49.751012492273638],[6.624870423872461,49.751057425802628],[6.624801060280606,49.751056003007029],[6.624798864771591,49.751100936533334],[6.624868228427415,49.751102359331185],[6.624937592088757,49.751103782087526],[6.624935396702166,49.751148715617916],[6.624933201310061,49.751193649147879],[6.624931005912443,49.751238582677416],[6.624928810509311,49.751283516206534],[6.624926615100666,49.751328449735233],[6.624924419686507,49.751373383263505],[6.624922224266832,49.751418316791366],[6.624991588381478,49.75141973952195],[6.624989393020261,49.751464673051622],[6.624985002281287,49.751554540109716],[6.624982806903529,49.75159947363813],[6.624980611520257,49.751644407166118],[6.624978416131471,49.751689340693687],[6.624976220737172,49.751734274220844],[6.625045585305129,49.751735696925664],[6.625043389969288,49.75178063045464],[6.625041194627932,49.751825563983196],[6.625038999281064,49.751870497511312],[6.62503680392868,49.751915431039031],[6.625034608570783,49.75196036456633],[6.625103973464117,49.751961787240887],[6.625101778164679,49.752006720769991],[6.625099582859726,49.75205165429869],[6.625097387549261,49.752096587826962],[6.625028022464012,49.752095165145654],[6.62502582708406,49.752140098671248],[6.625095192233283,49.752141521354808],[6.625092996911791,49.752186454882235],[6.625090801584784,49.752231388409243],[6.625088606252265,49.752276321935824],[6.625086410914231,49.752321255461986],[6.625084215570684,49.752366188987736],[6.625082020221623,49.752411122513038],[6.625151385760201,49.752412545168589],[6.6251491904696,49.752457478695732],[6.625146995173487,49.752502412222462],[6.625144799871859,49.752547345748759],[6.625142604564716,49.752592279274637],[6.625140409252061,49.752637212800103],[6.625071043393611,49.752635790133318],[6.625068848011467,49.752680723656098],[6.625066652623809,49.75272565717848],[6.625064457230637,49.752770590700436],[6.625133823281011,49.752772013373956],[6.625131627946302,49.752816946897724],[6.625129432606077,49.752861880421072],[6.625127237260339,49.752906813944001],[6.625125041909087,49.752951747466497],[6.625194408220882,49.75295317010751],[6.625192212928092,49.752998103631839],[6.625190017629788,49.753043037155763],[6.625187822325971,49.753087970679246],[6.625257188835208,49.753089393285499],[6.625254993589854,49.753134326810809],[6.62518562701664,49.75313290420231],[6.625183431701796,49.753177837724962],[6.625181236381437,49.753222771247188],[6.625179041055565,49.75326770476898],[6.625176845724179,49.753312638290353],[6.625246212553301,49.753314060907847],[6.625244017280377,49.753358994431068],[6.625241822001941,49.753403927953855],[6.625239626717992,49.753448861476208],[6.625237431428528,49.75349379499815],[6.625235236133551,49.753538728519672],[6.625304603288076,49.753540151106897],[6.625302408051564,49.753585084630245],[6.625300212809536,49.753630018153174],[6.625369580097534,49.753631440703394],[6.625367384913972,49.753676374228142],[6.625365189724897,49.753721307752478],[6.625362994530309,49.753766241276381],[6.625293627050374,49.753764818719418],[6.625224259575957,49.753763396120952],[6.625222064247898,49.753808329639952],[6.625219868914324,49.753853263158504],[6.625289236516698,49.753854685761461],[6.625284845960967,49.753944552801848],[6.625354213696816,49.753945975367799],[6.625349823246991,49.754035842410964],[6.625347628013807,49.754080775931925],[6.625345432775109,49.75412570945246],[6.625343237530897,49.754170642972582],[6.625412605592163,49.754172065508257],[6.625410410406419,49.754216999030199],[6.62540821521516,49.754261932551721],[6.625406020018388,49.754306866072817],[6.625403824816103,49.754351799593486],[6.625401629608305,49.754396733113722],[6.625399434394993,49.754441666633561],[6.625397239176166,49.754486600152973],[6.625466607690813,49.754488022662883],[6.625464412530453,49.754532956184129],[6.625462217364583,49.75457788970494],[6.625460022193198,49.754622823225326],[6.625457827016299,49.754667756745292],[6.625527195792389,49.754669179222702],[6.625525000673958,49.754714112744495],[6.625522805550015,49.754759046265875],[6.625520610420558,49.754803979786821],[6.625589979394109,49.754805402229465],[6.625587784323121,49.754850335752245],[6.625583394164607,49.75494020279654],[6.625581199077078,49.754985136318041],[6.625650568312076,49.75498655872817],[6.625648373283019,49.755031492251504],[6.625646178248448,49.755076425774426],[6.625576808885483,49.755075003359806],[6.625574613781415,49.755119936880057],[6.625572418671834,49.755164870399881],[6.625641788162765,49.755166292818998],[6.625639593111655,49.755211226340649],[6.625708962672086,49.755212648720523],[6.625706767679447,49.755257582243992],[6.625704572681293,49.755302515767042],[6.625702377677627,49.75534744928968],[6.625700182668448,49.755392382811891],[6.625697987653755,49.755437316333676],[6.625767357539624,49.755438738683267],[6.625765162583403,49.755483672206893],[6.625834532538772,49.755485094517233],[6.625832337641024,49.755530028042671],[6.625830142737763,49.755574961567682],[6.625827947828987,49.755619895092295],[6.6258257529147,49.755664828616474],[6.6258235579949,49.755709762140221],[6.625892928275711,49.755711184420292],[6.625890733414384,49.755756117945872],[6.625960103764696,49.755757540186686],[6.625957908961841,49.755802473714084],[6.625888538547542,49.755801051471025],[6.625886343675189,49.755845984995766],[6.625884148797322,49.755890918520073],[6.625881953913943,49.755935852043969],[6.625951324520202,49.755937274293778],[6.625949129695295,49.7559822078195],[6.625946934864878,49.756027141344795],[6.625944740028946,49.756072074869671],[6.626014110832681,49.756073497084692],[6.626011916055223,49.756118430611409],[6.626009721272253,49.756163364137684],[6.626007526483771,49.756208297663555],[6.626005331689776,49.756253231188985],[6.626003136890268,49.756298164714003],[6.626072508019456,49.75629958689877],[6.626070313278423,49.756344520425607],[6.626068118531879,49.756389453952018],[6.626065923779821,49.756434387478016],[6.626063729022251,49.756479321003596],[6.626133100412905,49.756480743155848],[6.626130905713811,49.756525676683253],[6.626061534259168,49.756524254528756],[6.625992162810039,49.756522832332749],[6.625922791366427,49.756521410095246],[6.625853419928327,49.756519987816233],[6.625784048495745,49.756518565495711],[6.625781853471194,49.756563499011463],[6.625712481980137,49.756562076647185],[6.625710286886085,49.756607010160245],[6.625708091786518,49.756651943672907],[6.625638720173,49.756650521262635],[6.62563652500393,49.756695454772611],[6.625634329829348,49.756740388282182],[6.625703701570844,49.756741810696951],[6.625701506454736,49.756786744208341],[6.62563213464925,49.756785321791327],[6.625629939463639,49.756830255300045],[6.625627744272515,49.756875188808344],[6.625625549075876,49.75692012231621],[6.625694921073333,49.756921544739974],[6.625764293076306,49.756922967122229],[6.625762098002133,49.756967900634173],[6.625759902922448,49.757012834145691],[6.625829275058917,49.757014256490933],[6.625827080037708,49.757059190004298],[6.625896452243683,49.757060612310276],[6.625965824455173,49.757062034574744],[6.626035196672179,49.757063456797709],[6.626104568894699,49.757064878979172],[6.626102374123941,49.757109812501092],[6.626100179347669,49.757154746022586],[6.626097984565886,49.757199679543668],[6.626095789778589,49.757244613064316],[6.62609359498578,49.757289546584545],[6.626162967533772,49.757290968735738],[6.62616077279944,49.7573359022578],[6.626230145416938,49.757337324369729],[6.62629951803995,49.757338746440155],[6.626368890668477,49.757340168469071],[6.626366696120609,49.757385101997428],[6.626436068818642,49.757386523987087],[6.626433874329255,49.757431457517299],[6.626431679834353,49.757476391047078],[6.626429485333942,49.757521324576437],[6.626498858229467,49.757522746531329],[6.626496663787535,49.757567680062508],[6.626427290828016,49.757566258105371],[6.626357917874015,49.757564836106738],[6.626355723298587,49.757609769633007],[6.626286350286104,49.757608347590605],[6.62621697727914,49.7576069255067],[6.626214782570213,49.757651859028059],[6.626212587855773,49.757696792548991],[6.62621039313582,49.757741726069504],[6.626279766334764,49.757743148160145],[6.626277571673293,49.757788081682477],[6.626208198410355,49.757786659589591],[6.626206003679378,49.757831593109259],[6.626275377006308,49.757833015204397],[6.626344750338753,49.757834437258019],[6.626342555730251,49.757879370781758],[6.626273182333811,49.757877948725891],[6.626270987655801,49.757922882246966],[6.626201614200883,49.757921460147337],[6.626199419453368,49.757966393665733],[6.626197224700338,49.758011327183716],[6.626195029941798,49.758056260701267],[6.626264403588698,49.758057682807639],[6.626262208888638,49.758102616327029],[6.626260014183064,49.758147549846001],[6.626329387963469,49.758148971915354],[6.626398761749388,49.758150393943204],[6.626396567166292,49.75819532746624],[6.626465941021721,49.758196749454811],[6.626535314882664,49.758198171401901],[6.626604688749122,49.758199593307459],[6.626602494352498,49.758244526836819],[6.626600299950363,49.758289460365759],[6.626595911129556,49.758379327422347],[6.626593716710884,49.758424260950022],[6.626663090902833,49.758425682825312],[6.626660896542644,49.758470616354806],[6.626658702176945,49.758515549883882],[6.626728076502399,49.758516971722166],[6.626725882195184,49.758561905253046],[6.626723687882456,49.758606838783528],[6.626721493564218,49.758651772313577],[6.626790868087173,49.758653194117088],[6.626788673827421,49.758698127648955],[6.626786479562154,49.758743061180411],[6.626784285291377,49.758787994711462],[6.626714910576431,49.758786572901208],[6.626645535866998,49.758785151049445],[6.626643341462715,49.758830084575571],[6.62664114705292,49.758875018101257],[6.626638952637613,49.758919951626545],[6.626708327539037,49.758921373485038],[6.626706133182217,49.758966307012145],[6.626775508153152,49.758967728831365],[6.626844883129603,49.758969150609104],[6.626842688895264,49.759014084140269],[6.626912063941226,49.759015505878729],[6.626909869765374,49.759060439411734],[6.626840494655415,49.759059017671028],[6.626838300410054,49.759103951201354],[6.62676892524161,49.759102529416879],[6.626766730926739,49.759147462944547],[6.626836106159182,49.75914888473126],[6.626905481397137,49.75915030647645],[6.626903287204752,49.759195240008189],[6.62697266251222,49.759196661714128],[6.62696827423891,49.759286528780819],[6.626966080093989,49.75933146231354],[6.626963885943555,49.759376395845827],[6.627033261512532,49.759377817519237],[6.627031067420587,49.759422751053357],[6.627028873323131,49.759467684587051],[6.627026679220164,49.759512618120326],[6.627024485111685,49.759557551653174],[6.627022290997694,49.759602485185603],[6.627091666892182,49.759603906828744],[6.627089472836682,49.759648840362992],[6.627087278775668,49.759693773896828],[6.627085084709144,49.759738707430245],[6.627082890637109,49.759783640963235],[6.627152266793112,49.75978506257384],[6.627150072779567,49.759829996108657],[6.62714787876051,49.759874929643047],[6.627145684735941,49.759919863177018],[6.62721506108946,49.759921284752856],[6.627212867123381,49.75996621828866],[6.627210673151794,49.760011151824024],[6.627208479174693,49.760056085358983],[6.62727785572573,49.76005750690004],[6.627275661807121,49.760102440436825],[6.627273467883001,49.760147373973176],[6.627342844567553,49.760148795477221],[6.627340650701924,49.760193729015413],[6.627338456830784,49.760238662553164],[6.627336262954134,49.760283596090495],[6.627405639836207,49.760285017559767],[6.627403446018048,49.760329951098939],[6.627401252194378,49.76037488463767],[6.62747062920997,49.760376306069922],[6.627468435444793,49.76042123961048],[6.627466241674105,49.760466173150633],[6.627464047897907,49.760511106690352],[6.62753342511102,49.760512528087837],[6.627531231393315,49.760557461629375],[6.627529037670098,49.760602395170501],[6.627598415016731,49.760603816530946],[6.627596221352008,49.760648750073898],[6.627594027681775,49.760693683616438],[6.627663405161928,49.760695104939863],[6.62766121155019,49.760740038484215],[6.627591834006032,49.76073861715853],[6.627522456467388,49.760737195791343],[6.62752026272213,49.760782129330792],[6.627518068971361,49.760827062869808],[6.627587446638014,49.760828484241493],[6.62765682431018,49.760829905571661],[6.62765463068191,49.760874839114742],[6.62765243704813,49.76091977265741],[6.627721814853817,49.760921193950558],[6.627717427697736,49.761011061039113],[6.62771523411143,49.761055994582762],[6.627645856113728,49.761054573282877],[6.627643662457907,49.761099506823854],[6.627574284401712,49.761098085480207],[6.627572090676375,49.761143019018512],[6.627502712561687,49.761141597631109],[6.627500518766833,49.761186531166743],[6.62749832496647,49.761231464701972],[6.627567703209168,49.761232886093872],[6.627637081457381,49.761234307444255],[6.627634887779518,49.761279240983548],[6.62770426609725,49.761280662294666],[6.627702072477883,49.761325595835778],[6.627771450865132,49.761327017107632],[6.62776925730426,49.761371950650584],[6.62776706373788,49.761416884193096],[6.627764870165989,49.761461817735203],[6.627834248750771,49.761463238972269],[6.627903627341063,49.761464660167825],[6.627901433891677,49.761509593713996],[6.62789924043678,49.761554527259747],[6.627897046976373,49.761599460805058],[6.6279664257642,49.761600881965855],[6.62796423236229,49.761645815512999],[6.62796203895487,49.761690749059731],[6.628031417876224,49.761692170183487],[6.628029224527303,49.761737103732038],[6.628027031172871,49.76178203728017],[6.628096410227753,49.761783458366899],[6.62809421693182,49.761828391916858],[6.62816359605622,49.761829812964329],[6.628161402818787,49.761874746516099],[6.628159209575843,49.761919680067471],[6.628228588833773,49.76192110107791],[6.628226395649328,49.761966034631101],[6.628224202459375,49.762010968183844],[6.628293581850834,49.76201238915727],[6.62829138871938,49.762057322711854],[6.628289195582417,49.762102256266004],[6.628358575107405,49.762103677202418],[6.628356382028942,49.762148610758381],[6.62835418894497,49.762193544313952],[6.628423568603488,49.762194965213325],[6.628421375578016,49.762239898770716],[6.628490755306054,49.762241319630832],[6.628488562339085,49.762286253190034],[6.628486369366605,49.762331186748817],[6.628555749228173,49.762332607571892],[6.628553556314197,49.762377541132508],[6.628551363394711,49.762422474692698],[6.62862074338981,49.762423895478747],[6.628618550528826,49.76246882904077],[6.628616357662333,49.762513762602367],[6.628685737790964,49.76251518335139],[6.628683544982973,49.762560116914813],[6.628614164790332,49.762558696163531],[6.628611971912822,49.762603629724282],[6.62854259166168,49.762602208929238],[6.628540398714651,49.762647142487324],[6.628538205762113,49.762692076044978],[6.628607586141277,49.762693496844506],[6.628605393247241,49.762738430403999],[6.628674773695929,49.762739851164248],[6.628676966525953,49.762694917602524],[6.628746346916139,49.762696338319017],[6.628748539676644,49.762651404754621],[6.628817920008328,49.762652825427367],[6.628815727311835,49.762697758994001],[6.628813534609834,49.762742692560217],[6.628882915075053,49.762744113195922],[6.628880722431555,49.76278904676397],[6.628878529782549,49.762833980331592],[6.628947910381301,49.762835400930278],[6.6289457177908,49.762880334499712],[6.62894352519479,49.762925268068734],[6.629012905927077,49.762926688630401],[6.629010713389571,49.762971622201242],[6.62900852084656,49.763016555771671],[6.62907790171238,49.763017976296304],[6.629075709227873,49.763062909868538],[6.629145090163216,49.763064330353906],[6.629142897737214,49.76310926392798],[6.629140705305704,49.763154197501621],[6.629210086374583,49.76315561794997],[6.62920789400158,49.763200551525422],[6.629205701623068,49.763245485100477],[6.629275082825483,49.763246905511785],[6.629272890505478,49.763291839088659],[6.629342271777416,49.763293259460688],[6.629340079515917,49.763338193039388],[6.629337887248909,49.763383126617668],[6.629407268654385,49.763384546952672],[6.629405076445887,49.763429480532764],[6.629402884231881,49.763474414112437],[6.629472265770894,49.763475834410421],[6.629470073615395,49.76352076799192],[6.629467881454391,49.763565701573],[6.62953726312694,49.763567121833951],[6.629535071024444,49.763612055416836],[6.629604452766516,49.763613475638529],[6.629602260722527,49.763658409223254],[6.629600068673033,49.763703342807545],[6.629669450548644,49.763704762992198],[6.629667258557658,49.763749696578309],[6.629665066561164,49.763794630164014],[6.629734448570316,49.763796050311633],[6.629732256632333,49.763840983899158],[6.629801638711007,49.763842404007512],[6.629799446831533,49.763887337596863],[6.629797254946552,49.763932271185787],[6.629866637158766,49.763933691257108],[6.629864445332297,49.763978624847852],[6.629933827614035,49.763980044879894],[6.629931635846075,49.764024978472463],[6.62992944407261,49.76406991206462],[6.62999882648789,49.764071332059629],[6.629996634772935,49.764116265653605],[6.630066017257739,49.764117685609349],[6.630063825601294,49.764162619205138],[6.630061633939344,49.764207552800507],[6.63013101655769,49.764208972719217],[6.630128824954252,49.764253906316419],[6.630198207642123,49.764255326195851],[6.630196016097196,49.764300259794879],[6.630193824546764,49.764345193393467],[6.630263207368178,49.764346613235872],[6.630261015876258,49.764391546836286],[6.630330398767196,49.76439296663942],[6.630328207333788,49.76443790024166],[6.630326015894877,49.764482833843473],[6.630395398919358,49.764484253609581],[6.630393207538958,49.764529187213213],[6.630462590632965,49.764530606940049],[6.63046039931108,49.764575540545508],[6.630529782474613,49.764576960233072],[6.63052759121124,49.764621893840349],[6.630525399942363,49.764666827447201],[6.630594783239439,49.764668247097731],[6.630664166542022,49.764669666706737],[6.630733549850111,49.76467108627422],[6.630731358767787,49.764716019887388],[6.630800742145402,49.764717439415605],[6.630798551121591,49.764762373030592],[6.630729167679958,49.764760953500137],[6.630726976586624,49.764805887112459],[6.630724785487787,49.764850820724362],[6.630794169057459,49.764852240259316],[6.630791978017137,49.764897173873031],[6.630861361656335,49.764898593368699],[6.630859170674529,49.764943526984233],[6.630928554383252,49.764944946440629],[6.630926363459961,49.764989880058003],[6.630924172531167,49.765034813674951],[6.630993556373436,49.7650362330943],[6.630991365503159,49.765081166713067],[6.631060749414956,49.76508258609315],[6.631058558603193,49.765127519713744],[6.631127942584516,49.765128939054549],[6.631125751831272,49.765173872676961],[6.631195135882121,49.765175291978487],[6.631192945187392,49.765220225602718],[6.631190754487162,49.765265159226537],[6.631188563781428,49.765310092849923],[6.631186373070191,49.765355026472889],[6.63118418235345,49.765399960095444],[6.631253566729911,49.765401379366658],[6.63125575738263,49.765356445741858],[6.631325141700573,49.765357864969324],[6.631394526024022,49.765359284155267],[6.631392335499346,49.76540421778455],[6.631461719892321,49.76540563693122],[6.631459529426164,49.765450570562308],[6.631528913888667,49.765451989669693],[6.631526723481028,49.765496923302614],[6.631596108013057,49.765498342370726],[6.631593917663938,49.765543276005452],[6.631591727309318,49.765588209639766],[6.631661111974895,49.765589628670845],[6.631658921678794,49.765634562306985],[6.631728306413898,49.765635981298786],[6.631726116176317,49.765680914936752],[6.631795500980947,49.765682333889266],[6.631793310801886,49.765727267529044],[6.631862695676046,49.765728686442294],[6.631860505555505,49.765773620083891],[6.631929890499189,49.765775038957848],[6.631927700437172,49.765819972601278],[6.631997085450384,49.765821391435971],[6.631994895446887,49.765866325081191],[6.632064280529624,49.765867743876612],[6.632062090584649,49.765912677523666],[6.632131475736917,49.765914096279801],[6.632129285850463,49.765959029928688],[6.632198671072256,49.765960448645544],[6.632196481244325,49.766005382296235],[6.632265866535646,49.766006800973813],[6.632263676766237,49.766051734626338],[6.632333062127086,49.766053153264629],[6.6323308724162,49.76609808691898],[6.632400257846575,49.766099505518],[6.632398068194214,49.766144439174148],[6.632467453694116,49.766145857733889],[6.632465264100277,49.766190791391871],[6.632534649669707,49.766192209912333],[6.632532460134392,49.766237143572134],[6.632528081047264,49.766327010890478],[6.632458695285759,49.766325592363295],[6.632456505669919,49.766370526019593],[6.632387119849893,49.766369107448639],[6.63231773403537,49.766367688836183],[6.632315544285978,49.766412622487564],[6.632246158412933,49.766411203831339],[6.632243968594016,49.76645613748007],[6.632174582662448,49.766454718780082],[6.632172392774003,49.766499652426141],[6.632103006783914,49.766498233682391],[6.632100816825941,49.7665431673258],[6.63203143077733,49.766541748538273],[6.632029240749831,49.766586682179017],[6.631959854642699,49.766585263347743],[6.631957664545671,49.766630196985822],[6.631955474443142,49.766675130623469],[6.632024860678327,49.766676549459241],[6.632094246919016,49.766677968253475],[6.632163633165209,49.766679387006199],[6.632165823075661,49.76663445336181],[6.632235209263331,49.766635872070772],[6.632304595456504,49.76663729073821],[6.632373981655181,49.76663870936413],[6.632443367859361,49.76664012794852],[6.632445557508206,49.766595194294759],[6.632449936789394,49.76650532698595],[6.632519322806998,49.766506745522094],[6.632521512375316,49.766461811864822],[6.632523701938132,49.766416878207131],[6.632593087833191,49.766418296697275],[6.632595277326481,49.766373363036926],[6.632664663163015,49.766374781483314],[6.632734049005052,49.766376199888171],[6.632731859639811,49.76642113355301],[6.632801245551376,49.766422551918595],[6.632799056244662,49.766467485585252],[6.632868442225755,49.766468903911552],[6.632866252977567,49.766513837580028],[6.632935639028186,49.766515255867048],[6.632933449838523,49.766560189537365],[6.633002835958671,49.766561607785107],[6.633000646827535,49.766606541457236],[6.633070033017209,49.766607959665684],[6.633067843944601,49.766652893339632],[6.633137230203803,49.766654311508816],[6.633135041189721,49.766699245184569],[6.633204427518453,49.766700663314474],[6.633202238562896,49.766745596992052],[6.633271624961156,49.766747015082679],[6.633269436064128,49.766791948762076],[6.633338822531916,49.76679336681341],[6.633336633693416,49.766838300494634],[6.633406020230731,49.766839718506695],[6.63340383145076,49.766884652189745],[6.633473218057603,49.766886070162521],[6.63347102933616,49.766931003847368],[6.633540416012531,49.766932421780872],[6.633538227349618,49.766977355467539],[6.633607614095517,49.766978773361764],[6.633605425491132,49.767023707050257],[6.63367481230656,49.767025124905189],[6.633672623760706,49.7670700585955],[6.633742010645661,49.767071476411161],[6.633739822158336,49.767116410103299],[6.63380920911282,49.767117827879673],[6.633807020684025,49.76716276157363],[6.633876407708037,49.767164179310711],[6.633874219337774,49.767209113006487],[6.633943606431313,49.76721053070429],[6.633941418119581,49.767255464401877],[6.634010805282649,49.767256882060408],[6.634008617029447,49.767301815759822],[6.634078004262044,49.767303233379067],[6.634075816067373,49.767348167080293],[6.634145203369497,49.767349584660252],[6.63414301523336,49.767394518363297],[6.634212402605012,49.767395935903977],[6.634210214527407,49.767440869608855],[6.634279601968588,49.767442287110256],[6.634277413949516,49.767487220816932],[6.634346801460225,49.767488638279048],[6.634344613499685,49.767533571987549],[6.634414001079923,49.767534989410386],[6.634411813177916,49.767579923120699],[6.634481200827683,49.767581340504258],[6.634479012984209,49.76762627421639],[6.634548400703504,49.767627691560655],[6.634546212918565,49.767672625274614],[6.634615600707387,49.7676740425796],[6.634613412980982,49.76771897629537],[6.634682800839336,49.767720393561078],[6.634680613171463,49.767765327278674],[6.634750001099345,49.767766744505082],[6.634747813490009,49.767811678224497],[6.63481720148742,49.767813095411626],[6.634815013936618,49.767858029132853],[6.634884402003556,49.767859446280703],[6.634882214511289,49.767904380003756],[6.634951602647757,49.76790579711232],[6.634949415214027,49.767950730837178],[6.635018803420023,49.767952147906477],[6.635016616044829,49.767997081633141],[6.635086004320355,49.76799849866314],[6.635083817003697,49.768043432391657],[6.635153205348749,49.76804484938237],[6.635151018090629,49.768089783112693],[6.635220406505211,49.76809120006412],[6.635289794925291,49.768092616974023],[6.635287607789739,49.768137550708396],[6.635356996279348,49.76813896757902],[6.635354809202333,49.768183901315211],[6.63542419776147,49.768185318146557],[6.635422010742993,49.76823025188456],[6.635491399371659,49.768231668676613],[6.635489212411721,49.768276602416428],[6.635558601109916,49.768278019169195],[6.635556414208515,49.768322952910857],[6.63562580297624,49.768324369624338],[6.635623616133379,49.768369303367805],[6.635693004970632,49.768370720042],[6.63576239381338,49.768372136674671],[6.635760207093092,49.768417070422181],[6.63582959600537,49.768418487015573],[6.63582740934362,49.768463420764917],[6.635896798325428,49.768464837319009],[6.635894611722217,49.768509771070164],[6.635964000773553,49.768511187584984],[6.635961814228884,49.768556121337951],[6.636031203349749,49.768557537813471],[6.636100592476109,49.768558954247482],[6.636098406054013,49.768603888004513],[6.636167795249903,49.76860530439923],[6.636165608886349,49.768650238158088],[6.636234998151766,49.768651654513512],[6.636232811846753,49.768696588274167],[6.6363022011817,49.768698004590313],[6.63630001493523,49.76874293835278],[6.636369404339704,49.768744354629646],[6.636438793749676,49.768745770864975],[6.636436607625781,49.768790704631513],[6.63650599710528,49.768792120827563],[6.636503811039929,49.768837054595906],[6.636573200588956,49.768838470752662],[6.636571014582148,49.768883404522839],[6.636640404200705,49.768884820640309],[6.636638218252439,49.768929754412291],[6.636707607940524,49.76893117049049],[6.636705422050802,49.768976104264283],[6.636774811808418,49.768977520303174],[6.636844201571527,49.768978936300556],[6.636842015804383,49.769023870078414],[6.636911405637021,49.769025286036488],[6.636909219928422,49.769070219816172],[6.636978609830589,49.76907163573496],[6.636976424180536,49.769116569516434],[6.63704581415223,49.769117985395965],[6.637043628560722,49.769162919179259],[6.637113018601946,49.769164335019489],[6.637182408648663,49.769165750818175],[6.637180223179736,49.769210684605532],[6.637249613295982,49.769212100364953],[6.6372474278856,49.769257034154116],[6.637316818071376,49.769258449874236],[6.637314632719539,49.769303383665232],[6.637384022974844,49.769304799346067],[6.637381837681555,49.76934973313886],[6.637451228006388,49.769351148780409],[6.637520618336714,49.769352564380426],[6.637518433166008,49.769397498177277],[6.637587823565862,49.769398913738009],[6.637585638453704,49.769443847536678],[6.637655028923087,49.769445263058124],[6.637652843869476,49.769490196858605],[6.637722234408388,49.769491612340758],[6.637720049413326,49.769536546143065],[6.637789440021766,49.769537961585932],[6.6378588306357,49.769539376987268],[6.637856645763223,49.769584310793633],[6.637926036446685,49.769585726155675],[6.637923851632756,49.769630659963845],[6.637993242385747,49.769632075286601],[6.637991057630368,49.769677009096583],[6.638060448452887,49.769678424380061],[6.638058263756057,49.769723358191861],[6.638127654648105,49.769724773436039],[6.638197045545644,49.769726188638693],[6.638194860971403,49.769771122454543],[6.638264251938471,49.769772537617911],[6.638262067422779,49.769817471435587],[6.638331458459376,49.769818886559648],[6.638329274002234,49.769863820379143],[6.638398665108361,49.769865235463925],[6.638468056219976,49.76986665050719],[6.638465871885426,49.769911584330714],[6.63853526306657,49.769912999334686],[6.63853307879057,49.769957933160029],[6.638602470041244,49.769959348124708],[6.638671861297408,49.769960763047848],[6.638669677143999,49.770005696877256],[6.638739068469691,49.770007111761117],[6.638736884374834,49.77005204559233],[6.638806275770055,49.770053460436891],[6.63880409173375,49.770098394269922],[6.638873483198501,49.770099809075212],[6.63894287466874,49.770101223838957],[6.638940690755028,49.770146157676038],[6.639010082294796,49.770147572400496],[6.639079473840053,49.770148987083424],[6.639077290048935,49.770193920924548],[6.639146681663719,49.770195335568197],[6.639144497931155,49.77024026941114],[6.639213889615469,49.770241684015488],[6.639283281305271,49.770243098578312],[6.6392810976953,49.770288032425306],[6.639350489454632,49.77028944694883],[6.63941988121945,49.770290861430851],[6.639417697732076,49.770335795281873],[6.639487089566424,49.770337209724588],[6.639484906137603,49.77038214357745],[6.639554298041478,49.770383557980871],[6.639623689950843,49.770384972342768],[6.639621506644619,49.770429906199674],[6.639690898623511,49.770431320522277],[6.63976029060789,49.770432734803343],[6.639758107424264,49.770477668664292],[6.63982749947817,49.770479082906078],[6.639896891537565,49.770480497106334],[6.639894708476536,49.770525430971333],[6.639964100605459,49.770526845132295],[6.640033492739869,49.770528259251726],[6.640031309801439,49.770573193120768],[6.640100702005377,49.770574607200913],[6.640098519125504,49.770619541071774],[6.64016791139897,49.770620955112626],[6.640237303677921,49.770622369111955],[6.640235120920647,49.770667302986858],[6.640304513269128,49.770668716946886],[6.640373905623092,49.770670130865383],[6.64037172298842,49.770715064744344],[6.640441115411915,49.770716478623555],[6.640510507840894,49.770717892461235],[6.640508325328821,49.770762826344232],[6.64057771782733,49.770764240142618],[6.640647110331321,49.770765653899481],[6.64064492794185,49.770810587786528],[6.640714320515372,49.770812001504098],[6.640783713094376,49.770813415180129],[6.64078153082751,49.770858349071226],[6.640850923476043,49.770859762707971],[6.640848741267734,49.77090469660088],[6.640918133985794,49.770906110198325],[6.64098752670934,49.770907523754239],[6.640985344623636,49.770952457651212],[6.641054737416709,49.770953871167833],[6.641124130215266,49.770955284642923],[6.641121948252167,49.771000218543925],[6.64119134112025,49.771001631979722],[6.641260733993819,49.771003045374009],[6.641258552153325,49.771047979279061],[6.641327945096419,49.771049392634026],[6.641397338045,49.771050805947489],[6.641395156327111,49.771095739856584],[6.641464549345216,49.771097153130739],[6.641533942368806,49.771098566363364],[6.641531760773525,49.771143500276509],[6.641601153866641,49.771144913469833],[6.641598972329922,49.77118984738479],[6.641668365492566,49.771191260538821],[6.641737758660692,49.771192673651328],[6.641735577246581,49.771237607570335],[6.641804970484235,49.771239020643549],[6.641874363727371,49.771240433675231],[6.641872182435868,49.771285367598274],[6.64194157574853,49.771286780590657],[6.642010969066677,49.771288193541515],[6.642008787897783,49.771333127468608],[6.642078181285455,49.771334540380167],[6.642147574678609,49.771335953250201],[6.642216968077246,49.771337366078711],[6.642214787095006,49.771382300012078],[6.642284180563169,49.771383712801288],[6.642353574036814,49.77138512554896],[6.642351393177185,49.77143005948637],[6.642420786720356,49.771431472194749],[6.642490180269007,49.771432884861618],[6.64248799953199,49.771477818803064],[6.642557393150169,49.771479231430625],[6.642626786773826,49.771480644016656],[6.642696180402967,49.771482056561162],[6.642693999852606,49.771526990508875],[6.642763393551274,49.771528403014074],[6.64283278725542,49.771529815477749],[6.642830606827673,49.771574749429533],[6.642900000601346,49.771576161853908],[6.642969394380498,49.771577574236744],[6.642967214075363,49.771622508192571],[6.643036607924043,49.771623920536122],[6.643106001778201,49.771625332838141],[6.643175395637841,49.771626745098629],[6.643173215519367,49.771671679060724],[6.643242609448531,49.771673091281912],[6.643312003383174,49.771674503461583],[6.643309823387315,49.771719437427706],[6.643379217391485,49.771720849568062],[6.643448611401133,49.771722261666902],[6.643446431527891,49.771767195637082],[6.643515825607063,49.771768607696629],[6.643585219691714,49.77177001971463],[6.643583039941089,49.771814953688853],[6.643652434095267,49.771816365667561],[6.643721828254923,49.771817777604738],[6.643791222420057,49.771819189500398],[6.643789042856095,49.771864123480874],[6.643858437090755,49.771865535337227],[6.643927831330892,49.771866947152049],[6.643925651889548,49.771911881136589],[6.643995046199209,49.77191329291211],[6.64406444051435,49.771914704646107],[6.644133834834967,49.771916116338573],[6.64413165558029,49.771961050329367],[6.644201049970432,49.77196246198254],[6.644270444366053,49.771963873594174],[6.644268265233994,49.772008807589017],[6.644337659699139,49.772010219161345],[6.64440705416976,49.772011630692148],[6.644404875160323,49.772056564691042],[6.644474269700468,49.772057976182545],[6.644543664246089,49.772059387632524],[6.644613058797188,49.772060799040972],[6.644610879974421,49.772105733046118],[6.644680274595044,49.772107144415266],[6.644749669221142,49.772108555742882],[6.644747490520997,49.772153489752071],[6.644816885216619,49.772154901040395],[6.644886279917718,49.772156312287187],[6.644955674624292,49.772157723492441],[6.644953496110817,49.772202657507904],[6.645022890886916,49.772204068673865],[6.645020712432016,49.772249002691119],[6.645090107277638,49.77225041381778],[6.645159502128736,49.772251824902909],[6.645228896985309,49.772253235946501],[6.645226718717082,49.772298169970043],[6.645296113643179,49.772299580974341],[6.645365508574751,49.772300991937101],[6.645363330429149,49.772345925964679],[6.645432725430243,49.772347336888139],[6.645502120436813,49.772348747770074],[6.645499942413836,49.772393681801681],[6.645569337489929,49.772395092644317],[6.645638732571496,49.772396503445421],[6.645708127658538,49.772397914204987],[6.645705949822236,49.772442848242882],[6.645775344978802,49.772444258963148],[6.64584474014084,49.772445669641883],[6.645842562427165,49.772490603683799],[6.645911957658727,49.772492014323241],[6.645981352895761,49.772493424921151],[6.646050748138269,49.772494835477524],[6.646048570611273,49.772539769525714],[6.646117965923304,49.772541180042786],[6.646187361240808,49.772542590518327],[6.64618518383644,49.772587524570547],[6.646254579223467,49.772588935006794],[6.646323974615966,49.772590345401504],[6.646393370013938,49.772591755754682],[6.64639119279625,49.772636689813176],[6.646460588263746,49.772638100127047],[6.646529983736711,49.772639510399387],[6.64659937921515,49.772640920630202],[6.646597202184144,49.772685854694956],[6.646666597732104,49.772687264886478],[6.646735993285536,49.772688675036441],[6.64680538884444,49.772690085144902],[6.646803212000115,49.772735019215915],[6.64687260762854,49.772736429285068],[6.646942003262438,49.772737839312683],[6.647011398901807,49.772739249298773],[6.647009222244166,49.772784183376046],[6.647078617953055,49.772785593322823],[6.647148013667416,49.772787003228075],[6.647217409387248,49.772788413091796],[6.64728680511255,49.772789822913985],[6.647284628705643,49.772834756999757],[6.647354024500467,49.772836166782646],[6.647423420300759,49.77283757652399],[6.647492816106524,49.77283898622381],[6.647562211917758,49.772840395882106],[6.647631607734461,49.772841805498864],[6.647629431642342,49.772886739595357],[6.647698827528566,49.772888149172807],[6.647768223420258,49.772889558708734],[6.647837619317422,49.772890968203122],[6.64783544341199,49.772935902305868],[6.647904839378673,49.772937311760963],[6.647974235350825,49.772938721174512],[6.648043631328446,49.77294013054653],[6.648113027311536,49.772941539877039],[6.648110851656844,49.772986473988254],[6.648180247709454,49.772987883279455],[6.648249643767531,49.772989292529111],[6.648319039831078,49.772990701737243],[6.648388435900092,49.772992110903822],[6.648386260496141,49.773037045023543],[6.648455656634675,49.773038454150843],[6.648525052778676,49.77303986323659],[6.648663845083082,49.773042681283506],[6.648661669929875,49.773087615411725],[6.648731066154331,49.773089024375111],[6.648800462384253,49.773090433296964],[6.648869858619642,49.773091842177294],[6.6489392548605,49.773093251016078],[6.648937079958036,49.773138185152774],[6.649006476268411,49.773139593952259],[6.649075872584254,49.773141002710219],[6.649214665232337,49.773143820101524],[6.649212490580618,49.773188754246704],[6.649281886976912,49.773190162882287],[6.649351283378671,49.773191571476346],[6.649420679785895,49.773192980028867],[6.649418505320872,49.773237914180299],[6.649487901797615,49.773239322693513],[6.649557298279824,49.773240731165188],[6.649626694767498,49.773242139595339],[6.649696091260635,49.773243547983959],[6.649693917046362,49.773288482143876],[6.649763313609019,49.773289890493189],[6.64983271017714,49.773291298800963],[6.649902106750726,49.773292707067213],[6.649971503329775,49.773294115291918],[6.649969329366252,49.773339049460319],[6.650038726014819,49.773340457645723],[6.650108122668851,49.773341865789604],[6.650177519328348,49.773343273891939],[6.650175345551522,49.773388208066599],[6.650244742280535,49.773389616129627],[6.650314139015012,49.773391024151124],[6.650383535754951,49.773392432131097],[6.650452932500354,49.773393840069538],[6.650522329251221,49.773395247966448],[6.650520155789203,49.773440182151795],[6.650589552609586,49.773441590009391],[6.650658949435432,49.773442997825462],[6.650728346266741,49.773444405599996],[6.650726172991425,49.77348933979161],[6.65079556989225,49.773490747526836],[6.650864966798538,49.773492155220524],[6.650934363710288,49.77349356287268],[6.6510037606275,49.773494970483313],[6.65100158760294,49.773539904683396],[6.651070984589667,49.773541312254714],[6.651140381581857,49.773542719784494],[6.65120977857951,49.773544127272743],[6.651279175582623,49.773545534719467],[6.651277002808819,49.77359046892802],[6.651346399881448,49.773591876335445],[6.651415796959538,49.773593283701324],[6.651485194043089,49.773594691025664],[6.651554591132101,49.773596098308474],[6.651552418609057,49.773641032525511],[6.651621815767585,49.77364243976902],[6.651691212931572,49.773643846970991],[6.651760610101021,49.773645254131431],[6.651830007275929,49.773646661250332],[6.651827835003647,49.773691595475846],[6.65189723224807,49.773693002555433],[6.651966629497952,49.773694409593496],[6.652036026753295,49.773695816590028],[6.652105424014098,49.773697223545021],[6.652103251992578,49.773742157778997],[6.652172649322895,49.773743564694691],[6.652242046658671,49.773744971568853],[6.652311443999905,49.773746378401476],[6.652309272165094,49.773791312641706],[6.652378669575844,49.773792719435022],[6.652448066992052,49.773794126186793],[6.652517464413719,49.773795532897033],[6.652586861840844,49.773796939565756],[6.652656259273429,49.773798346192926],[6.652654087753438,49.773843280443849],[6.652723485255536,49.773844687031712],[6.652792882763092,49.773846093578051],[6.652862280276106,49.773847500082852],[6.652860108942827,49.773892434340027],[6.652929506525354,49.77389384080552],[6.652998904113339,49.773895247229468],[6.653068301706781,49.773896653611892],[6.65313769930568,49.773898059952785],[6.653135528223169,49.77394299421843],[6.653204925891582,49.773944400520008],[6.653274323565451,49.773945806780048],[6.653343721244776,49.773947212998557],[6.653413118929559,49.773948619175542],[6.653410948097819,49.77399355344965],[6.653480345852116,49.773994959587313],[6.653549743611867,49.773996365683452],[6.653619141377074,49.773997771738046],[6.653688539147738,49.773999177751108],[6.65368636856677,49.774044112033692],[6.653755766406945,49.774045518007441],[6.653825164252577,49.774046923939665],[6.653894562103665,49.77404832983035],[6.653963959960208,49.774049735679498],[6.654033357822206,49.774051141487121],[6.654031187556066,49.774096075780385],[6.654100585487577,49.774097481548701],[6.65416998342454,49.774098887275478],[6.654239381366961,49.774100292960718],[6.654241551440928,49.774055358660775],[6.654310949324746,49.774056764302259],[6.654449745108742,49.774059575460633],[6.654447575226945,49.774104509767227],[6.65451697319118,49.774105915286327],[6.654586371160872,49.774107320763896],[6.654584201401737,49.774152255074505],[6.654653599440937,49.774153660512766],[6.654651429740409,49.774198594825194],[6.654720827849121,49.774200000224127],[6.654790225963287,49.774201405581543],[6.654859624082905,49.774202810897414],[6.654929022207978,49.774204216171761],[6.654926852758226,49.774249150492636],[6.654996250952809,49.774250555727669],[6.655065649152846,49.774251960921163],[6.655135047358334,49.774253366073125],[6.655204445569274,49.77425477118355],[6.655202276370303,49.774299705512874],[6.655271674650754,49.774301110583991],[6.655341072936658,49.77430251561357],[6.655410471228013,49.774303920601625],[6.655408302215764,49.774348854937202],[6.655477700576628,49.774350259885928],[6.65547986952482,49.774305325548134],[6.655549267827078,49.774306730453105],[6.655551436705761,49.774261796112668],[6.655620834949413,49.774263200973891],[6.655690233198518,49.774264605793569],[6.655759631453073,49.774266010571722],[6.655829029713079,49.774267415308351],[6.655898427978537,49.774268820003428],[6.655967826249444,49.774270224656988],[6.656037224525803,49.774271629268995],[6.656106622807612,49.774273033839485],[6.656176021094873,49.77427443836843],[6.656245419387582,49.774275842855843],[6.656314817685741,49.774277247301718],[6.656384215989351,49.774278651706069],[6.656382047879363,49.774323586073145],[6.65645144625248,49.774324990438174],[6.656453614298409,49.774280056068868],[6.65652301261292,49.774281460390156],[6.656520844631046,49.774326394761673],[6.656590243015063,49.774327799043625],[6.656592410932876,49.774282864669892],[6.656661809258283,49.774284268908112],[6.656659641404528,49.774329203284061],[6.656729039799441,49.774330607482938],[6.656798438199806,49.774332011640304],[6.656867836605616,49.774333415756125],[6.656937235016876,49.774334819830422],[6.657006633433585,49.774336223863173],[6.657004465894675,49.774381158249803],[6.65707386438089,49.77438256224324],[6.657143262872554,49.774383966195145],[6.657212661369664,49.774385370105527],[6.657351458380229,49.774388177801654],[6.657349291156166,49.774433112198949],[6.657418689733677,49.77443451598694],[6.657488088316637,49.774435919733399],[6.657557486905045,49.77443732343832],[6.657626885498898,49.774438727101696],[6.657624718525623,49.774483661507446],[6.657694117188982,49.774485065131522],[6.657763515857789,49.774486468714045],[6.657761349007188,49.774531403123817],[6.657830747745499,49.774532806667025],[6.657900146489258,49.774534210168703],[6.657969545238462,49.774535613628856],[6.657967378574593,49.77458054804486],[6.658036777393304,49.774581951465684],[6.658106176217458,49.774583354844978],[6.658104009676266,49.774628289264989],[6.658173408569926,49.774629692604961],[6.658242807469033,49.774631095903402],[6.658240641050515,49.774676030327441],[6.658310040019127,49.774677433586561],[6.658379438993183,49.774678836804156],[6.658377272697343,49.774723771232189],[6.658446671740903,49.774725174410456],[6.65851607078991,49.774726577547199],[6.658513904616745,49.77477151197926],[6.658583303735257,49.774772915076682],[6.658652702859213,49.774774318132565],[6.658722101988613,49.774775721146909],[6.658719936002187,49.774820655585195],[6.658789335201091,49.774822058560233],[6.658858734405442,49.774823461493725],[6.658856568541694,49.774868395936039],[6.658925967815548,49.774869798830203],[6.658995367094845,49.774871201682842],[6.658993201353777,49.774916136129157],[6.659062600702579,49.774917538942482],[6.659132000056824,49.774918941714276],[6.659129834438436,49.774963876164605],[6.659199233862186,49.774965278897071],[6.659268633291379,49.774966681588012],[6.659266467795672,49.775011616042342],[6.65933586729437,49.775013018693969],[6.659405266798511,49.775014421304036],[6.659403101425484,49.775059355762401],[6.659472500999128,49.775060758333161],[6.659541900578215,49.77506216086239],[6.659611300162744,49.775063563350074],[6.659609134976462,49.775108497814664],[6.659678534630496,49.775109900263033],[6.659747934289972,49.775111302669856],[6.659745769226372,49.775156237138447],[6.659815168955351,49.77515763950597],[6.659884568689773,49.775159041831948],[6.659882403748856,49.77520397630456],[6.659951803552782,49.77520537859121],[6.660021203362149,49.775206780836342],[6.660090603176957,49.775208183039922],[6.660088438422786,49.775253117518766],[6.660157838307098,49.775254519683031],[6.660227238196851,49.775255921805758],[6.660225073565366,49.775300856288602],[6.660294473524622,49.775302258372015],[6.660363873489318,49.775303660413883],[6.66036170898052,49.775348594900748],[6.660431109014721,49.775349996903302],[6.660500509054361,49.775351398864316],[6.660569909099443,49.775352800783793],[6.660567744777393,49.77539773527689],[6.660637144891975,49.775399137157052],[6.660706545011999,49.775400538995669],[6.660704380812638,49.775445473492773],[6.660773781002165,49.775446875292069],[6.660843181197131,49.775448277049833],[6.660841017120457,49.775493211550945],[6.660910417384926,49.775494613269387],[6.660979817654834,49.775496014946292],[6.661049217930183,49.775497416581665],[6.661047054040261,49.775542351089001],[6.661116454385111,49.775543752685053],[6.661185854735399,49.775545154239559],[6.661183690968168,49.775590088750903],[6.66125309138796,49.775591490266102],[6.661322491813189,49.775592891739748],[6.661320328168649,49.775637826255107],[6.661318164518671,49.775682760770053],[6.661248763965314,49.775681359291966],[6.661179363417395,49.77567995777234],[6.661109962874914,49.77567855621119],[6.661040562337874,49.775677154608495],[6.661038398426204,49.775722089114147],[6.661036234509098,49.775767023619387],[6.660966833849368,49.775765621970734],[6.660964669862761,49.775810556473338],[6.660962505870715,49.775855490975523],[6.661031906658573,49.775856892628617],[6.661101307451871,49.775858294240159],[6.661099143582517,49.775903228746358],[6.661168544445317,49.775904630318585],[6.661237945313558,49.775906031849274],[6.661235781566897,49.775950966359495],[6.661305182504641,49.77595236785087],[6.661303018816608,49.77599730236286],[6.661372419823855,49.775998703814906],[6.661441820836541,49.776000105225421],[6.661439657271202,49.776045039741426],[6.661509058353391,49.776046441112626],[6.661506894846681,49.776091375630422],[6.661576295998374,49.776092776962294],[6.661645697155505,49.776094178252613],[6.661643533771491,49.776139112774416],[6.661712934998125,49.776140514025428],[6.661782336230196,49.776141915234895],[6.661780172968877,49.776186849760713],[6.661849574270453,49.776188250930865],[6.661918975577465,49.776189652059465],[6.661988376889917,49.776191053146533],[6.662057778207803,49.776192454192078],[6.662055615197312,49.776237388726329],[6.662125016584702,49.776238789732538],[6.662194417977529,49.776240190697209],[6.662263819375793,49.776241591620341],[6.662261656552066,49.776286526160824],[6.662331058019832,49.776287927044628],[6.662400459493036,49.776289327886907],[6.662469860971674,49.776290728687627],[6.662539262455751,49.77629212944683],[6.662537099882853,49.776337063995747],[6.662606501436432,49.776338464715614],[6.662675902995446,49.77633986539395],[6.66267806544021,49.776294930840606],[6.66268022787954,49.776249996286857],[6.66268239031344,49.776205061732661],[6.66275179168569,49.776206462362822],[6.662753954050089,49.776161527806011],[6.662756116409053,49.776116593248773],[6.662686715164934,49.776115192623045],[6.662617313926251,49.77611379195578],[6.662619476407915,49.776068857402542],[6.662550075238733,49.776067456695955],[6.662480674074986,49.77606605594783],[6.662411272916676,49.776064655158166],[6.662413435585102,49.77601972061116],[6.662344034496293,49.776018319782168],[6.66227463341292,49.776016918911644],[6.662276796204043,49.775971984368645],[6.662207395190172,49.775970583458793],[6.662137994181737,49.775969182507417],[6.66206859317874,49.775967781514495],[6.662070756156623,49.7759228469777],[6.662001355223127,49.775921445945457],[6.66193195429507,49.775920044871675],[6.661934117395647,49.775875110338902],[6.661864716537091,49.775873709225799],[6.661795315683971,49.77587230807115],[6.661725914836289,49.775870906874964],[6.661728078123626,49.775825972348429],[6.661658677345446,49.775824571112928],[6.661589276572705,49.775823169835881],[6.661591439982735,49.775778235313346],[6.661522039279495,49.775776833996979],[6.661524202748153,49.775731899476227],[6.661526366211376,49.775686964955071],[6.661595766786486,49.775688366267012],[6.661665167367036,49.775689767537415],[6.661663004031942,49.775734702063005],[6.661732404681993,49.775736103294079],[6.661801805337482,49.775737504483615],[6.661871205998406,49.775738905631627],[6.66186904285007,49.775783840163434],[6.661938443580498,49.775785241272111],[6.662007844316362,49.775786642339256],[6.662005681290718,49.775831576875078],[6.662075082096085,49.775832977902894],[6.662144482906888,49.775834378889186],[6.662142320003939,49.775879313429009],[6.662211720884244,49.775880714375965],[6.662281121769984,49.775882115281391],[6.662350522661162,49.775883516145278],[6.662348359944974,49.775928450691325],[6.662417760905653,49.775929851515883],[6.662487161871767,49.775931252298918],[6.662484999278274,49.775976186848979],[6.66255440031389,49.775977587592692],[6.662623801354941,49.775978988294852],[6.662621638884145,49.776023922848907],[6.662691039994697,49.776025323511746],[6.662760441110685,49.776026724133047],[6.662829842232109,49.776028124712823],[6.662827679948076,49.776073059273102],[6.662897081139,49.776074459813543],[6.662966482335358,49.776075860312453],[6.662964320174023,49.776120794876739],[6.663033721439882,49.77612219533632],[6.663103122711176,49.776123595754363],[6.663172523987905,49.776124996130868],[6.663170362013334,49.776169930701371],[6.663239763359564,49.776171331038555],[6.663309164711228,49.776172731334199],[6.663307002859357,49.77621766590871],[6.663376404280521,49.776219066165027],[6.663445805707117,49.776220466379812],[6.663443643977947,49.776265400958344],[6.663513045474044,49.776266801133794],[6.663582446975576,49.776268201267726],[6.663651848482542,49.776269601360092],[6.66364968694014,49.776314535944834],[6.663719088516604,49.776315935997893],[6.663788490098501,49.776317336009406],[6.663786328678801,49.776362270598149],[6.663855730330199,49.776363670570333],[6.663925131987029,49.776365070500987],[6.663994533649293,49.776366470390109],[6.663992372416362,49.776411404985062],[6.664061774148125,49.776412804834855],[6.66413117588532,49.776414204643103],[6.664129014775093,49.776459139242071],[6.664198416581788,49.776460539010991],[6.664267818393914,49.776461938738386],[6.664265657406391,49.776506873341361],[6.664335059288017,49.776508273029414],[6.664404461175074,49.776509672675942],[6.664473863067564,49.776511072280925],[6.664471702266814,49.776556006890111],[6.664541104228803,49.776557406455765],[6.664610506196222,49.776558805979896],[6.664608345518178,49.776603740593089],[6.664677747555097,49.776605140077884],[6.664747149597448,49.77660653952114],[6.664816551645226,49.776607938922851],[6.664814391153957,49.776652873542261],[6.664883793271237,49.776654272904644],[6.664953195393947,49.776655672225502],[6.664951035025386,49.776700606848905],[6.665020437217594,49.776702006130428],[6.665089839415232,49.776703405370412],[6.665087679169379,49.776748339997823],[6.665157081436516,49.776749739198479],[6.665226483709084,49.776751138357596],[6.66529588598708,49.776752537475176],[6.665293725928004,49.776797472108804],[6.665363128275499,49.776798871187061],[6.665432530628423,49.776800270223767],[6.665430370692057,49.776845204861395],[6.665428210750263,49.776890139498597],[6.665358808269201,49.776888740457473],[6.665289405793569,49.77688734137481],[6.6652915658635,49.776842406742013],[6.665222163457366,49.77684100762],[6.665152761056662,49.77683960845647],[6.665154921249303,49.776794673827681],[6.665085518918097,49.776793274624822],[6.665016116592322,49.776791875380411],[6.665018276907672,49.776746940755622],[6.664948874651395,49.776745541471897],[6.664879472400549,49.776744142146619],[6.664810070155134,49.776742742779803],[6.664740667915148,49.776741343371455],[6.664738507343525,49.776786277987398],[6.664669105044903,49.776784878535295],[6.664666944403782,49.776829813148595],[6.664736346766474,49.7768312126029],[6.664734186183991,49.776876147218012],[6.664732025596082,49.776921081832697],[6.664729865002743,49.776966016446949],[6.664727704403976,49.777010951060788],[6.664658301785008,49.777009551597637],[6.664656141116742,49.77705448620884],[6.664653980443048,49.777099420819631],[6.66464965907937,49.777189290039949],[6.664645337693978,49.777279159258597],[6.664643176993136,49.777324093867293],[6.664641016286867,49.777369028475562],[6.664710419418393,49.777370427956399],[6.664708258770764,49.777415362566479],[6.664777661971791,49.777416762007988],[6.664775501382803,49.777461696619866],[6.664706098117707,49.777460297176127],[6.664703937459221,49.777505231785355],[6.664699616125961,49.777595101002539],[6.664769019583272,49.777596500452916],[6.664838423046015,49.777597899861739],[6.664907826514187,49.777599299229024],[6.664909986991318,49.777554364614005],[6.66497939040085,49.777555763937549],[6.664981550808482,49.777510829319887],[6.665050954159374,49.777512228599683],[6.665120357515697,49.777513627837912],[6.66518976087745,49.777515027034624],[6.665259164244633,49.777516426189777],[6.665328567617245,49.77751782530342],[6.665326407529971,49.777562759932117],[6.665395810972084,49.777564159006417],[6.665465214419629,49.777565558039178],[6.665463054455068,49.77761049267189],[6.665393650943454,49.777609093636919],[6.665391490909395,49.777654028266987],[6.665322087339138,49.777652629188275],[6.665319927235581,49.777697563815721],[6.665317767126595,49.777742498442755],[6.665315607012182,49.777787433069363],[6.665246203255139,49.777786033942469],[6.665244043071226,49.777830968566462],[6.665313446892341,49.777832367695559],[6.665311286767072,49.777877302321329],[6.665309126636376,49.777922236946686],[6.665378530591066,49.777923636038665],[6.665376370519014,49.777968570665813],[6.665445774543206,49.77796996971847],[6.6654436145298,49.778014904347401],[6.665441454510968,49.778059838975921],[6.665439294486705,49.778104773604021],[6.665369890270293,49.778103374544735],[6.665367730176532,49.778148309170192],[6.665298325901477,49.778146910067164],[6.665296165738213,49.778191844689999],[6.665226761404515,49.778190445543217],[6.665157357076247,49.778189046354875],[6.665087952753409,49.778187647125009],[6.665018548436001,49.778186247853597],[6.664949144124025,49.778184848540647],[6.664946983634966,49.778229783152014],[6.664944823140478,49.778274717762947],[6.665014227580602,49.778276117080324],[6.665012067144758,49.778321051693069],[6.665081471654387,49.77832245097111],[6.665079311277189,49.778367385585639],[6.665148715856323,49.778368784824359],[6.665146555537771,49.778413719440671],[6.665215960186409,49.778415118640055],[6.665285364840478,49.778416517797908],[6.665354769499976,49.778417916914201],[6.665352609368219,49.77846285153673],[6.665422014097222,49.778464250613702],[6.665424174164905,49.778419315988963],[6.665426334227159,49.778374381363804],[6.665428494283987,49.778329446738212],[6.665430654335385,49.778284512112215],[6.665432814381356,49.778239577485799],[6.665502218795418,49.778240976510176],[6.665504378771889,49.778196041881124],[6.665573783127306,49.778197440861753],[6.665575943034275,49.778152506230072],[6.665645347331049,49.778153905166945],[6.665647507168519,49.778108970532628],[6.665716911406648,49.778110369425754],[6.665786315650206,49.778111768277348],[6.665784155940885,49.778156702916071],[6.665853560253946,49.778158101728316],[6.665922964572436,49.778159500499029],[6.665992368896354,49.778160899228205],[6.666061773225701,49.778162297915841],[6.666131177560477,49.778163696561926],[6.666129018166096,49.778208631211292],[6.666198422570373,49.778210029818055],[6.666196263234641,49.778254964469212],[6.666335072187626,49.778257761562521],[6.666332912974616,49.778302696217679],[6.666402317523325,49.778304094704225],[6.666400158368964,49.778349029361181],[6.666469562987174,49.778350427808412],[6.666538967610811,49.778351826214106],[6.666536808579173,49.77839676087504],[6.666606213272313,49.778398159241398],[6.666608372239875,49.77835322457824],[6.666677776874367,49.778354622900849],[6.666675617970879,49.77839955756621],[6.666745022674872,49.778400955849477],[6.666814427384294,49.778402354091206],[6.666810109817341,49.77849222342951],[6.666879514660336,49.778493621634126],[6.666877355932799,49.778538556304852],[6.666946760845296,49.778539954470141],[6.66694891950876,49.778495019797191],[6.667018324362609,49.77849641791871],[6.667087729221885,49.778497815998698],[6.667157134086586,49.77849921403714],[6.667226538956712,49.778500612034044],[6.667295943832266,49.77850200998941],[6.667365348713244,49.778503407903223],[6.667363190434231,49.778548342589424],[6.66743259538471,49.778549740463916],[6.667502000340614,49.778551138296862],[6.667571405301944,49.77855253608827],[6.667640810268697,49.778553933838126],[6.667638652240563,49.77859886853274],[6.667708057276817,49.778600266243267],[6.667777462318496,49.778601663912248],[6.66777530441309,49.778646598610884],[6.66784470952427,49.778647996240529],[6.667914114640872,49.778649393828651],[6.667983519762901,49.778650791375213],[6.66805292489035,49.778652188880251],[6.668122330023225,49.778653586343744],[6.668120172432777,49.778698521052974],[6.668189577635152,49.778699918477137],[6.668258982842949,49.778701315859749],[6.66832838805617,49.778702713200815],[6.668397793274815,49.778704110500357],[6.668395635935248,49.778749045217985],[6.668465041223393,49.778750442478191],[6.668462883942482,49.778795377197639],[6.668532289300124,49.778796774418495],[6.66860169466319,49.77879817159782],[6.668671100031677,49.778799568735593],[6.668740505405588,49.778800965831842],[6.668879316169675,49.778803759899681],[6.668877159267803,49.778848694631947],[6.668946564722056,49.778850091605776],[6.669015970181731,49.778851488538038],[6.669085375646828,49.77885288542879],[6.669154781117346,49.778854282277976],[6.669156937762913,49.778809347536878],[6.669226343174776,49.778810744342323],[6.669224186593285,49.77885567908563],[6.669293592074646,49.778857075851739],[6.669362997561427,49.778858472576303],[6.66943240305363,49.778859869259328],[6.669501808551252,49.778861265900808],[6.669571214054295,49.778862662500764],[6.669573370315403,49.778817727746421],[6.669781586664825,49.778821917290372],[6.669850992125473,49.778823313721936],[6.669920397591539,49.778824710111962],[6.669989803063025,49.778826106460443],[6.670059208539932,49.778827502767378],[6.670336830501745,49.778833087579727],[6.670406236005745,49.778834483678956],[6.670408391492514,49.778789548897727],[6.670477796937857,49.778790944953201],[6.670475641515164,49.77883587973664],[6.67054504703,49.778837275752785],[6.670547202388616,49.778792340967151],[6.670616607844795,49.778793736939541],[6.67068601330639,49.7787951328704],[6.670755418773403,49.77879652875972],[6.670824824245836,49.778797924607481],[6.670826979342729,49.77875298981261],[6.670829134434207,49.77870805501729],[6.670898539783903,49.7787094508191],[6.670900694805889,49.778664516021173],[6.670902849822461,49.778619581222827],[6.670972255049421,49.778620976978694],[6.670974409996503,49.778576042177711],[6.670976564938168,49.778531107376317],[6.670907159839359,49.778529711624856],[6.670909314839686,49.778484776825259],[6.670839909810372,49.778483381034469],[6.670770504786474,49.778481985202127],[6.670772659909536,49.778437050406517],[6.670703254955131,49.778435654534846],[6.670633850006144,49.778434258621637],[6.670564445062574,49.778432862666889],[6.670566600372448,49.778387927877461],[6.670497195498372,49.77838653188337],[6.670427790629714,49.778385135847749],[6.670429946062322,49.778340201062313],[6.670360541263157,49.778338804987357],[6.67029113646941,49.778337408870847],[6.670221731681083,49.778336012712799],[6.670223887300499,49.778291077933581],[6.670154482581664,49.778289681736204],[6.670085077868249,49.778288285497275],[6.670087233610398,49.778243350722043],[6.670017828966476,49.778241954443786],[6.669948424327973,49.778240558123976],[6.669950580192855,49.778195623352744],[6.669881175623846,49.778194226993612],[6.669811771060257,49.778192830592943],[6.669742366502087,49.778191434150735],[6.669744522553775,49.778146499385699],[6.669675118065099,49.778145102904141],[6.669605713581842,49.778143706381051],[6.669607869756263,49.778098771620009],[6.6695384653425,49.778097375057577],[6.669469060934158,49.778095978453614],[6.669399656531237,49.778094581808105],[6.669401812892461,49.778049647053265],[6.669332408559033,49.778048250368421],[6.669263004231026,49.778046853642046],[6.669265160714978,49.778001918891185],[6.669195756456467,49.778000522125474],[6.669126352203376,49.777999125318225],[6.669056947955706,49.777997728469423],[6.66905910462646,49.777952793724779],[6.668989700448285,49.777951396836663],[6.668920296275531,49.77794999990698],[6.668922453069012,49.777905065166337],[6.668853048965754,49.777903668197339],[6.668783644867917,49.777902271186797],[6.668785801784126,49.777857336450133],[6.668716397755784,49.777855939400261],[6.668646993732864,49.777854542308845],[6.668577589715366,49.777853145175897],[6.668579746818374,49.777808210445428],[6.668510342870372,49.777806813273145],[6.66844093892779,49.777805416059316],[6.668443096153524,49.777760481332862],[6.66837369228044,49.777759084079698],[6.668304288412777,49.777757686785002],[6.668234884550539,49.777756289448753],[6.668237041963069,49.77771135472851],[6.668167638170325,49.777709957352926],[6.668098234383005,49.777708559935817],[6.668028830601109,49.777707162477157],[6.668030988200434,49.777662227763123],[6.667961584488033,49.777660830265127],[6.667892180781056,49.777659432725599],[6.667894338503105,49.777614498015552],[6.667824934865623,49.777613100436689],[6.667755531233566,49.777611702816294],[6.667686127606934,49.777610305154354],[6.667688285515776,49.777565370450517],[6.667618881958639,49.777563972749235],[6.667549478406928,49.777562575006428],[6.667551636438491,49.777517640306598],[6.667482232956276,49.777516242524449],[6.667412829479484,49.777514844700768],[6.667414987633768,49.777469910004918],[6.667345584226474,49.777468512141908],[6.667276180824605,49.777467114237346],[6.66720677742816,49.77746571629126],[6.667208935769236,49.777420781601627],[6.667139532442288,49.777419383616206],[6.667070129120767,49.777417985589238],[6.66707228758456,49.777373050903613],[6.667002884332535,49.777371652837317],[6.666933481085937,49.777370254729476],[6.666935639672449,49.777325320047844],[6.666866236495347,49.777323921900681],[6.666796833323669,49.777322523711973],[6.66672743015742,49.777321125481734],[6.666729588930719,49.777276190806305],[6.666660185833967,49.777274792536737],[6.666590782742642,49.777273394225617],[6.666592941638658,49.777228459554195],[6.666523538616829,49.777227061203746],[6.666454135600428,49.77722566281178],[6.66645629461916,49.777180728144344],[6.666386891672256,49.777179329713036],[6.666317488730779,49.777177931240189],[6.666319647872228,49.777132996576761],[6.666250245000247,49.777131598064571],[6.666180842133696,49.77713019951085],[6.666183001397858,49.777085264851436],[6.666113598600803,49.777083866258387],[6.666044195809177,49.777082467623799],[6.665974793022978,49.777081068947659],[6.665976952473924,49.777036134294448],[6.665907549757224,49.777034735578994],[6.665838147045951,49.777033336822001],[6.665768744340107,49.77703193802347],[6.665770903977835,49.776987003376469],[6.665701501341489,49.776985604538595],[6.665632098710572,49.776984205659197],[6.665634258471012,49.776939271016204],[6.665564855909594,49.77693787209747],[6.665567015728676,49.77689293745626],[6.665636418226025,49.776894336372777],[6.665705820728805,49.776895735247763],[6.665775223237013,49.776897134081203],[6.665773063610136,49.776942068729049],[6.665842466187842,49.776943467523161],[6.665911868770976,49.776944866275734],[6.665981271359538,49.776946264986769],[6.665979111919444,49.776991199640818],[6.666048514577503,49.776992598312525],[6.666117917240991,49.776993996942693],[6.66611575792361,49.77703893160075],[6.666185160656595,49.777040330191582],[6.666254563395007,49.777041728740883],[6.666252404200341,49.77708666340294],[6.66632180700825,49.777088061912913],[6.666391209821588,49.77708946038134],[6.666460612640352,49.777090858808229],[6.666458453632469,49.777135793476489],[6.66652785652073,49.77713719186405],[6.666597259414418,49.777138590210079],[6.66659510052925,49.777183524882346],[6.666664503492435,49.77718492318904],[6.666733906461047,49.777186321454195],[6.666731747698595,49.77723125613047],[6.666801150736704,49.777232654356297],[6.66687055378024,49.777234052540578],[6.6669399568292,49.777235450683314],[6.666937798253537,49.777280385365785],[6.667007201371995,49.777281783469199],[6.667076604495878,49.777283181531082],[6.667074446042931,49.777328116217554],[6.667143849236311,49.777329514240101],[6.667213252435116,49.777330912221103],[6.667282655639347,49.777332310160574],[6.667280497373189,49.777377244853255],[6.667349900646916,49.777378642753391],[6.667419303926068,49.777380040611988],[6.66741714578263,49.777424975308655],[6.667486549131278,49.777426373127916],[6.667555952485351,49.777427770905646],[6.667553794464632,49.777472705606328],[6.667623197888202,49.777474103344723],[6.667692601317194,49.777475501041579],[6.667762004751611,49.777476898696889],[6.667759846917685,49.777521833403789],[6.667829250421598,49.777523231019771],[6.667898653930936,49.777524628594215],[6.667968057445698,49.777526026127113],[6.667965899798564,49.777570960840201],[6.668035303382821,49.777572358333778],[6.668104706972501,49.777573755785802],[6.668102549448091,49.777618690502884],[6.668171953107266,49.777620087915601],[6.668241356771865,49.777621485286758],[6.668239199370177,49.77766642000784],[6.668308603104271,49.777667817339669],[6.668378006843787,49.777669214629952],[6.668447410588727,49.777670611878705],[6.668445253373836,49.777715546605982],[6.668514657188271,49.777716943815399],[6.668584061008128,49.777718340983284],[6.66858190391596,49.777763275714562],[6.668651307805312,49.777764672843105],[6.668720711700087,49.777766069930109],[6.668790115600283,49.777767466975575],[6.668787958694915,49.777812401713057],[6.668857362664605,49.777813798719201],[6.668926766639717,49.777815195683779],[6.668924609857075,49.777860130425275],[6.668994013901683,49.777861527350524],[6.669063417951711,49.777862924234235],[6.66913282200716,49.777864321076414],[6.669130665411317,49.777909255824106],[6.669200069536262,49.77791065262695],[6.669269473666627,49.777912049388249],[6.669267317193513,49.777956984139919],[6.669336721393371,49.777958380861897],[6.669406125598651,49.777959777542321],[6.669475529809351,49.777961174181208],[6.669473373523038,49.778006108939088],[6.669542777803232,49.778007505538639],[6.669612182088847,49.778008902096659],[6.669610025925263,49.77805383685854],[6.669679430280371,49.778055233377216],[6.6697488346409,49.778056629854355],[6.669746678600045,49.778101564620236],[6.669816083030066,49.778102961058032],[6.669885487465509,49.778104357454296],[6.669954891906369,49.778105753809015],[6.669952736052321,49.778150688581093],[6.670022140562676,49.778152084896476],[6.670091545078447,49.778153481170321],[6.670089389347132,49.778198415946392],[6.670158793932399,49.778199812180901],[6.670228198523084,49.778201208373872],[6.670297603119188,49.778202604525305],[6.670295447574678,49.778247539307571],[6.670364852240276,49.778248935419654],[6.670434256911291,49.778250331490213],[6.670432101489514,49.778295266276473],[6.670501506230023,49.778296662307689],[6.670570910975949,49.778298058297374],[6.670568755676906,49.778342993087627],[6.670638160492325,49.778344389037962],[6.670707565313162,49.778345784946765],[6.670776970139417,49.778347180814023],[6.670774815027184,49.778392115610465],[6.670844219922931,49.778393511438395],[6.670913624824096,49.778394907224765],[6.670911469834598,49.778439842025215],[6.670980874805255,49.778441237772263],[6.671050279781329,49.778442633477766],[6.671119684762821,49.778444029141731],[6.671117529960135,49.778488963948384],[6.671186935011119,49.778490359572999],[6.671256340067518,49.778491755156082],[6.67125418538757,49.778536689966714],[6.671323590513461,49.778538085510462],[6.671392995644769,49.778539481012665],[6.671462400781492,49.778540876473336],[6.671460246288357,49.778585811290171],[6.671529651494574,49.778587206711492],[6.671599056706206,49.778588602091283],[6.671596902335809,49.778633536912103],[6.671666307616933,49.778634932252558],[6.671735712903471,49.77863632755146],[6.671805118195425,49.778637722808831],[6.671807272373592,49.778592787981388],[6.671946082845592,49.778595578367081],[6.672015488089714,49.778596973497606],[6.672013334103776,49.778641908331672],[6.672082739417389,49.778643303422868],[6.672152144736417,49.778644698472512],[6.672154298594203,49.778599763634055],[6.672223703854569,49.778601158639965],[6.672293109120349,49.778602553604337],[6.672362514391541,49.778603948527156],[6.672364668051687,49.778559013681658],[6.672434073264217,49.778560408560736],[6.672503478482162,49.778561803398276],[6.67257288370552,49.77856319819427],[6.672642288934292,49.778564592948719],[6.67264444233272,49.778519658093991],[6.672713847502828,49.778521052804706],[6.67278325267835,49.778522447473868],[6.672852657859283,49.778523842101499],[6.672922063045631,49.778525236687571],[6.672924216182343,49.77848030182362],[6.672993621310026,49.778481696365951],[6.672991468237389,49.778526631232126],[6.673060873434561,49.778528025735113],[6.673130278637145,49.77852942019657],[6.673132431581629,49.778484485326004],[6.67320183672555,49.778485879743712],[6.673271241874882,49.778487274119875],[6.673340647029626,49.778488668454507],[6.673410052189779,49.778490062747593],[6.673479457355345,49.778491456999141],[6.673548862526323,49.778492851209144],[6.673546709966295,49.778537786092933],[6.673616115206759,49.7785391802636],[6.673685520452634,49.778540574392729],[6.673683368015351,49.778585509280504],[6.673752773330713,49.778586903370282],[6.673754925703919,49.778541968480312],[6.673824330960616,49.778543362526335],[6.673822178651486,49.778588297418516],[6.673891583977669,49.778589691425218],[6.673960989309263,49.778591085390374],[6.674099799988681,49.778593873196073],[6.674238610689737,49.778596660835589],[6.674308016048379,49.778598054593033],[6.674377421412431,49.778599448308945],[6.674446826781892,49.778600841983312],[6.674516232156761,49.778602235616127],[6.67458563753704,49.77860362920741],[6.674793853710327,49.778607809731994],[6.674796005122384,49.778562874808969],[6.674865410460219,49.778564268231882],[6.674867561802795,49.778519333306242],[6.674936967081963,49.7785207266854],[6.675006372366536,49.778522120023027],[6.675004221152114,49.778567054953072],[6.675073626506173,49.778568448251349],[6.675143031865639,49.778569841508087],[6.675212437230512,49.778571234723294],[6.675281842600793,49.778572627896956],[6.675351247976481,49.778574021029058],[6.675420653357575,49.778575414119643],[6.675490058744078,49.778576807168669],[6.675487907972788,49.7786217421137],[6.675557313428772,49.778623135123397],[6.675626718890164,49.778624528091534],[6.675696124356961,49.77862592101814],[6.675834935306773,49.77862870674673],[6.675904340789788,49.778630099548707],[6.675973746278209,49.778631492309145],[6.676043151772035,49.778632885028031],[6.676112557271266,49.778634277705386],[6.676110407071266,49.778679212669807],[6.676179812639979,49.778680605307827],[6.676249218214098,49.7786819979043],[6.676251368285944,49.778637062935459],[6.67632077380139,49.778638455488199],[6.676318623793621,49.778683390459214],[6.676388029378549,49.778684782972597],[6.676457434968882,49.778686175444442],[6.676526840564619,49.778687567874741],[6.67659624616576,49.778688960263494],[6.676665651772305,49.77869035261071],[6.676735057384255,49.778691744916379],[6.676943274252522,49.778695921584145],[6.676941124816048,49.778740856574551],[6.677010530513688,49.778742248716263],[6.677149341925176,49.77874503287503],[6.677218747639026,49.778746424892113],[6.677288153358275,49.778747816867643],[6.67735755908293,49.778749208801628],[6.677426964812986,49.778750600694075],[6.677424815819656,49.778795535699466],[6.677494221619193,49.77879692755257],[6.677496370548444,49.778751992544983],[6.677565776289303,49.778753384354346],[6.677635182035566,49.77875477612217],[6.677637330831264,49.778709841109759],[6.677706736518848,49.778711232833835],[6.677776142211836,49.778712624516366],[6.677773993544295,49.778757559533183],[6.67784339930676,49.778758951176357],[6.677912805074627,49.778760342778021],[6.677914953614012,49.77871540775682],[6.677984359323203,49.778716799314722],[6.677982210847895,49.778761734338126],[6.678051616626564,49.778763125856685],[6.678121022410633,49.778764517333713],[6.678118874058083,49.778809452361088],[6.678188279911631,49.778810843798766],[6.67818613161776,49.778855778827939],[6.678255537540787,49.778857170226267],[6.678394349403041,49.778859952898301],[6.678463755342267,49.778861344172014],[6.678533161286894,49.778862735404175],[6.678535309260373,49.778817800364024],[6.67860471514632,49.778819191552437],[6.678674121037667,49.778820582699318],[6.678743526934414,49.778821973804654],[6.67881293283656,49.778823364868444],[6.678882338744104,49.778824755890696],[6.678951744657046,49.77882614687141],[6.679021150575387,49.778827537810571],[6.679090556499127,49.778828928708187],[6.679088409038274,49.778873863765938],[6.67915781503149,49.778875254624225],[6.679227221030105,49.77887664544096],[6.679296627034119,49.778878036216149],[6.679366033043528,49.778879426949793],[6.679435439058337,49.778880817641912],[6.679433291912481,49.778925752710215],[6.679502697996765,49.778927143362978],[6.679572104086447,49.778928533974188],[6.679641510181526,49.778929924543867],[6.679710916282001,49.778931315072001],[6.679780322387873,49.778932705558589],[6.679849728499142,49.778934096003631],[6.679919134615808,49.778935486407143],[6.67998854073787,49.778936876769109],[6.679990687371094,49.778891941683213],[6.680060093434474,49.778893332001431],[6.680062239998227,49.778848396912913],[6.680131646002923,49.778849787187404],[6.680201052013015,49.778851177420343],[6.68019890557742,49.778896112513245],[6.680268311656986,49.778897502706833],[6.680266165280077,49.778942437801511],[6.680335571429119,49.778943827955757],[6.680404977583555,49.778945218068458],[6.680407123832307,49.778900282969389],[6.680409270075667,49.778855347869893],[6.68047867610734,49.778856737936664],[6.680548082144409,49.778858127961875],[6.680617488186873,49.778859517945563],[6.680686894234731,49.778860907887697],[6.680756300287984,49.778862297788294],[6.68075415436502,49.778907232898767],[6.680823560487746,49.778908622760021],[6.680892966615867,49.778910012579722],[6.680962372749383,49.778911402357885],[6.681031778888292,49.778912792094495],[6.681101185032594,49.778914181789588],[6.681170591182291,49.778915571443115],[6.681239997337379,49.778916961055103],[6.681309403497862,49.778918350625553],[6.681307258082137,49.778963285753164],[6.681376664312094,49.778964675284264],[6.681446070547441,49.778966064773826],[6.681515476788182,49.778967454221842],[6.681584883034315,49.778968843628313],[6.681654289285841,49.778970232993231],[6.68172369554276,49.778971622316611],[6.68179310180507,49.778973011598453],[6.68179524677224,49.778928076455465],[6.681864652975861,49.778929465693572],[6.681862508072772,49.778974400838749],[6.681931914345867,49.778975790037506],[6.682001320624354,49.778977179194712],[6.6821401331975,49.778979957384522],[6.682278945792212,49.778982735408121],[6.682348352097653,49.778984124357621],[6.682417758408486,49.778985513265575],[6.682415614012643,49.779030448427896],[6.682485020392947,49.779031837296493],[6.68255442677864,49.779033226123559],[6.682623833169724,49.779034614909072],[6.682693239566197,49.779036003653047],[6.682762645968061,49.779037392355484],[6.682832052375314,49.779038781016354],[6.682834196386679,49.778993845840859],[6.682903602735243,49.778995234458023],[6.682973009089196,49.778996623033628],[6.683042415448537,49.77899801156768],[6.68311182181327,49.778999400060201],[6.683113965562929,49.778954464875511],[6.683183371868969,49.778955853324298],[6.683185515549162,49.778910918136987],[6.683187659223968,49.77886598294927],[6.683189802893389,49.778821047761134],[6.683191946557422,49.778776112572565],[6.683194090216068,49.778731177383605],[6.683263496207101,49.778732565779869],[6.683265639796283,49.77868763058828],[6.683267783380078,49.778642695396279],[6.683269926958487,49.778597760203859],[6.68327207053151,49.778552825011012],[6.683274214099146,49.778507889817739],[6.683276357661396,49.778462954624082],[6.683345763273348,49.778464342965641],[6.683347906766134,49.778419407769348],[6.683417312319396,49.778420796067174],[6.683486717878047,49.77842218432346],[6.683556123442085,49.778423572538195],[6.683625529011512,49.778424960711391],[6.683694934586325,49.778426348843048],[6.683692791413929,49.778471284050305],[6.683762197058209,49.77847267214262],[6.683831602707874,49.778474060193382],[6.683901008362929,49.778475448202606],[6.683898865377381,49.778520383416016],[6.683896722386447,49.778565318629013],[6.68389457939013,49.778610253841606],[6.683963985242805,49.778611641815857],[6.683961842305181,49.778656577030212],[6.684031248227321,49.77865796496512],[6.684100654154849,49.778659352858483],[6.684170060087764,49.778660740710308],[6.684167917336992,49.77870567593083],[6.684237323339371,49.778707063743305],[6.684306729347137,49.778708451514241],[6.684376135360287,49.778709839243618],[6.684445541378826,49.77871122693147],[6.684514947402748,49.778712614577756],[6.684584353432057,49.778714002182518],[6.684653759466752,49.778715389745742],[6.684723165506831,49.778716777267412],[6.684792571552296,49.778718164747538],[6.684861977603146,49.778719552186125],[6.68493138365938,49.77872093958316],[6.685070195788004,49.778723714252614],[6.685139601860392,49.778725101525026],[6.685278414021322,49.778727875945229],[6.685347820109861,49.778729263093012],[6.685417226203785,49.778730650199243],[6.685486632303092,49.778732037263943],[6.685484490764439,49.778776972525698],[6.685553896933209,49.778778359551048],[6.685623303107361,49.778779746534845],[6.685692709286898,49.778781133477111],[6.685762115471817,49.778782520377831],[6.685831521662119,49.778783907236992],[6.685900927857804,49.778785294054629],[6.68597033405887,49.778786680830713],[6.686039740265319,49.778788067565259],[6.68610914647715,49.778789454258259],[6.686178552694364,49.778790840909707],[6.68624795891696,49.778792227519624],[6.6862458180778,49.778837162805068],[6.686315224369856,49.778838549375628],[6.686454036970114,49.778841322392118],[6.686523443278313,49.778842708838056],[6.686592849591894,49.778844095242434],[6.686731662235199,49.778846867926575],[6.686801068564923,49.778848254206338],[6.686870474900027,49.778849640444548],[6.686939881240511,49.77885102664122],[6.687009287586374,49.778852412796354],[6.687078693937617,49.778853798909935],[6.687148100294241,49.778855184981964],[6.687217506656244,49.778856571012469],[6.687286913023626,49.778857957001421],[6.687356319396388,49.778859342948834],[6.687425725774529,49.778860728854696],[6.687423586019348,49.778905664176968],[6.687492992466948,49.778907050043479],[6.687562398919926,49.778908435868445],[6.687631805378284,49.778909821651872],[6.687701211842018,49.778911207393747],[6.687770618311132,49.778912593094091],[6.687840024785624,49.778913978752882],[6.687909431265493,49.778915364370135],[6.687978837750741,49.77891674994585],[6.688048244241367,49.778918135480012],[6.688046105057531,49.778963070821561],[6.688115511617614,49.778964456316373],[6.688184918183075,49.77896584176964],[6.688254324753912,49.778967227181376],[6.688323731330128,49.778968612551544],[6.688462544498686,49.778971383167267],[6.688531951091032,49.778972768412814],[6.688601357688754,49.778974153616815],[6.68867076429185,49.778975538779278],[6.688740170900324,49.778976923900196],[6.688878984133398,49.778979694017394],[6.688948390757998,49.778981079013676],[6.688946252401837,49.779026014383263],[6.689015659095894,49.779027399340194],[6.689154472500133,49.77903016912942],[6.689223879210315,49.779031553961715],[6.689293285925872,49.779032938752479],[6.689362692646802,49.779034323501683],[6.689360554669753,49.779079258884003],[6.68942996146014,49.779080643593858],[6.689432099373109,49.779035708209342],[6.689501506104788,49.779037092875477],[6.689499368255901,49.77908202826216],[6.689568775057038,49.77908341288893],[6.689638181863547,49.779084797474141],[6.68970758867543,49.779086182017835],[6.689776995492687,49.779087566519962],[6.689774857894753,49.779132501914987],[6.689844264781464,49.779133886377764],[6.68991367167355,49.779135270798989],[6.690052485473839,49.77913803951683],[6.690121892382043,49.779139423813426],[6.690191299295621,49.77914080806849],[6.690260706214571,49.779142192281995],[6.690399520068586,49.779144960584397],[6.690468927003653,49.779146344673272],[6.690466790041164,49.779191280089748],[6.690536197045684,49.779192664139266],[6.690605604055575,49.779194048147254],[6.690607740889901,49.779149112726401],[6.690746554797636,49.779151880613355],[6.690744418091473,49.779196816038571],[6.69081382511748,49.779198199921922],[6.690883232148857,49.779199583763713],[6.690952639185605,49.779200967563973],[6.691022046227724,49.779202351322688],[6.691019909772519,49.779247286756245],[6.69108931688409,49.77924867047561],[6.6910871804876,49.779293605910922],[6.691156587668624,49.77929498959093],[6.691225994855019,49.779296373229371],[6.691223858581324,49.779341308668648],[6.691293265837172,49.779342692267747],[6.691362673098388,49.7793440758253],[6.691432080364976,49.7793454593413],[6.691501487636933,49.779346842815769],[6.69157089491426,49.779348226248679],[6.691640302196955,49.779349609640057],[6.69170970948502,49.779350992989876],[6.691779116778455,49.779352376298156],[6.691776981012053,49.779397311754515],[6.691846388374938,49.779398695023445],[6.691915795743192,49.779400078250823],[6.691985203116816,49.779401461436656],[6.691987338690971,49.779356525973753],[6.692056746005878,49.779357909115852],[6.692126153326156,49.779359292216412],[6.692124017880168,49.779404227683706],[6.692193425269895,49.779405610744902],[6.692262832664992,49.779406993764553],[6.692332240065455,49.77940837674268],[6.692401647471288,49.779409759679233],[6.692471054882486,49.779411142574261],[6.692609869720986,49.779413908239682],[6.692612004718395,49.779368972757091],[6.692681412081614,49.779370355525295],[6.692683547009575,49.779325420040117],[6.692822361623946,49.779328185447525],[6.692891768939181,49.779329568088912],[6.692889634203468,49.779374503580648],[6.692959041588153,49.779375886182656],[6.693028448978202,49.77937726874314],[6.693167263774402,49.779380033739464],[6.69323667118055,49.779381416175319],[6.693306078592063,49.779382798569621],[6.693375486008943,49.779384180922371],[6.693373351716446,49.779429116428986],[6.693442759202773,49.779430498742386],[6.693581574191523,49.779433263244535],[6.693650981693944,49.779434645433305],[6.693720389201731,49.779436027580516],[6.693789796714883,49.779437409686189],[6.693787662801522,49.779482345205487],[6.693783394958714,49.779572216242819],[6.693781261029266,49.77961715176086],[6.693711853259781,49.779615769646448],[6.693709719260888,49.779660705161888],[6.693707585256633,49.779705640676923],[6.693638177364344,49.779704258516603],[6.693636043290642,49.77974919402903],[6.693705451247014,49.779750576191525],[6.693774859208752,49.779751958312474],[6.693772725257856,49.779796893828859],[6.693842133289043,49.779798275910466],[6.693911541325595,49.779799657950512],[6.693980949367509,49.779801039949014],[6.694050357414788,49.779802421905977],[6.694048223714868,49.779847357430661],[6.694117631831594,49.779848739348274],[6.694187039953686,49.779850121224328],[6.69425644808114,49.779851503058843],[6.694254314568114,49.779896438589653],[6.694252181049725,49.779941374120064],[6.694321589310714,49.779942755917396],[6.694390997577064,49.779944137673176],[6.694460405848778,49.779945519387425],[6.694458272517284,49.779990454923968],[6.694527680858446,49.779991836598839],[6.69459708920497,49.779993218232178],[6.694666497556859,49.779994599823958],[6.69466436441226,49.780039535366626],[6.694733772833594,49.780040916919056],[6.694803181260292,49.780042298429933],[6.694801048238505,49.780087233976559],[6.694870456734649,49.780088615448072],[6.694939865236158,49.78008999687804],[6.695009273743027,49.780091378266455],[6.695007140908137,49.78013631381922],[6.695076549484454,49.780137695168271],[6.695078682255257,49.780092759613339],[6.695148090772849,49.780094140918671],[6.695217499295802,49.780095522182464],[6.695219631933076,49.780050586622735],[6.695289040397304,49.780051967842802],[6.695286907824118,49.780096903404697],[6.695356316357794,49.780098284585385],[6.695425724896829,49.780099665724542],[6.695423592446455,49.780144601290388],[6.695493001054938,49.780145982390174],[6.695490868663291,49.780190917957782],[6.695560277341222,49.780192299018204],[6.695558145008303,49.780237234587574],[6.695556012670025,49.780282170156539],[6.69555388032639,49.780327105725078],[6.69562328920194,49.780328486750506],[6.695621156917033,49.780373422320821],[6.695690565862029,49.780374803306877],[6.695759974812386,49.780376184251381],[6.695757842650296,49.780421119825633],[6.695827251670099,49.780422500730786],[6.695825119566738,49.780467436306793],[6.695822987458019,49.780512371882395],[6.695892396611357,49.780513752750366],[6.695890264561368,49.780558688327723],[6.695959673784152,49.78056006915633],[6.695961805770055,49.780515133576785],[6.69610062410353,49.780517895104985],[6.696170033278307,49.780519275806753],[6.696239442458442,49.78052065646699],[6.696308851643936,49.780522037085674],[6.696306719978471,49.780566972676134],[6.696376129233413,49.780568353255454],[6.696445538493712,49.780569733793229],[6.696514947759369,49.780571114289451],[6.696512816280812,49.780616049886028],[6.696582225615916,49.780617430342886],[6.696580094196091,49.780662365941239],[6.69664950360064,49.780663746358741],[6.696647372239547,49.780708681958849],[6.696716781713543,49.780710062336986],[6.696786191192898,49.780711442673578],[6.696784059954626,49.780756378277623],[6.696922879057583,49.780759138830511],[6.696920747942134,49.780804074438507],[6.696918616821327,49.78084901004609],[6.69698802650902,49.78085039026459],[6.697057436202069,49.780851770441515],[6.697055305204086,49.780896706053049],[6.697053174200748,49.780941641664164],[6.69698376437952,49.780940261482861],[6.696981633306738,49.780985197091368],[6.6969795022286,49.781030132699478],[6.696910092284551,49.78102875247226],[6.696907961136968,49.781073688077761],[6.696905829984032,49.781118623682829],[6.696836419917159,49.781117243409717],[6.696834288694777,49.781162179012199],[6.696832157467037,49.781207114614269],[6.696762747277345,49.781205734295241],[6.696760615980161,49.781250669894689],[6.696758484677622,49.781295605493746],[6.696756353369725,49.781340541092376],[6.696754222056475,49.781385476690581],[6.696823632502529,49.78138685701834],[6.696893042953941,49.78138823730454],[6.696895174139011,49.78134330170198],[6.696897305318727,49.78129836609898],[6.696899436493085,49.781253430495568],[6.696968846757585,49.781254810733685],[6.69703825702744,49.781256190930257],[6.697107667302653,49.78125757108527],[6.697105536320565,49.781302506695233],[6.697174946665227,49.781303886810882],[6.697244357015244,49.781305266884992],[6.697242226155981,49.781350202498892],[6.697311636575447,49.781351582533631],[6.697309505774923,49.781396518149286],[6.697378916263835,49.781397898144654],[6.697448326758103,49.781399278098476],[6.697446196080405,49.781444213718075],[6.697515606644122,49.781445593632526],[6.697513476025161,49.781490529253908],[6.697582886658324,49.781491909128988],[6.697580756098099,49.781536844752125],[6.697578625532522,49.781581780374836],[6.697648036299224,49.78158316021274],[6.697645905792384,49.781628095837213],[6.697715316628534,49.781629475635746],[6.69778472747004,49.781630855392727],[6.69778259708603,49.781675791021151],[6.697852007996984,49.781677170738767],[6.697849877671713,49.781722106368946],[6.697919288652113,49.781723486047198],[6.69798869963787,49.781724865683898],[6.69798656943543,49.781769801318021],[6.698055980490633,49.781771180915356],[6.698125391551193,49.781772560471133],[6.698123261471585,49.781817496109213],[6.698053850346931,49.781816116551241],[6.698051720197877,49.78186105218672],[6.697982309014488,49.781859672585021],[6.697912897836455,49.781858292941777],[6.697910767553862,49.781903228572475],[6.697980178795989,49.7819046082179],[6.69804959004347,49.781905987821773],[6.698047459883711,49.781950923456399],[6.698116871200641,49.781952303020908],[6.698119001296307,49.7819073673841],[6.698188412554499,49.781908746904868],[6.698257823818047,49.781910126384098],[6.698259953780176,49.781865190742501],[6.698329364984984,49.781866570178003],[6.698331494877666,49.781821634533799],[6.698400906023737,49.781823013925575],[6.698470317175162,49.781824393275791],[6.698468187410663,49.781869328924344],[6.698466057640812,49.781914264572478],[6.698535468925777,49.781915643885512],[6.698533339214667,49.781960579535408],[6.698531209498206,49.782005515184878],[6.698600620916711,49.782006894460714],[6.698598491258991,49.782051830111953],[6.698667902746942,49.782053209348426],[6.698665773147965,49.782098145001434],[6.698735184705363,49.782099524198543],[6.698733055165128,49.782144459853299],[6.698730925619541,49.782189395507643],[6.698728796068603,49.782234331161568],[6.698798207823636,49.782235710323654],[6.698867619584023,49.782237089444209],[6.698865490155922,49.782282025102077],[6.69886336072247,49.782326960759519],[6.698861231283666,49.782371896416564],[6.698930643241689,49.782373275502096],[6.698928513861628,49.782418211160902],[6.698926384476219,49.782463146819268],[6.698924255085456,49.782508082477229],[6.698993667241118,49.782509461527759],[6.6989915379091,49.782554397187482],[6.698989408571729,49.782599332846793],[6.699058820860936,49.782600711860113],[6.699056691582311,49.782645647521186],[6.699126103940966,49.782647026495141],[6.699195516304973,49.782648405427551],[6.699264928674333,49.782649784318394],[6.699262799582645,49.782694719985599],[6.699193387149188,49.782693341092568],[6.699123974721085,49.782691962157983],[6.699121845495855,49.782736897820378],[6.699119716265275,49.782781833482375],[6.699050303714333,49.782780454501889],[6.699048174414305,49.7828253901613],[6.698978761804621,49.782824011137073],[6.698976632435145,49.782868946793869],[6.698907219766717,49.782867567725923],[6.698837807103643,49.782866188616417],[6.698835677600623,49.782911124268445],[6.698766264878805,49.782909745115205],[6.698764135306338,49.782954680764654],[6.698694722525778,49.782953301567694],[6.698692592883862,49.782998237214521],[6.698623180044558,49.782996857973828],[6.698621050333195,49.783041793618075],[6.698551637435147,49.783040414333648],[6.698547377868169,49.783130285616508],[6.698616790894411,49.783131664905284],[6.69861466116699,49.783176600548266],[6.698545248076652,49.783175221257316],[6.698543118279781,49.783220156897706],[6.6984737051307,49.783218777563022],[6.698475834991668,49.783173841924793],[6.698477964847283,49.783128906286173],[6.698408551831751,49.783127526914285],[6.698339138821574,49.783126147500852],[6.698269725816751,49.78312476804588],[6.698200312817283,49.783123388549342],[6.698130899823171,49.783122009011258],[6.698133029993919,49.783077073383119],[6.698063617069259,49.783075693805664],[6.697994204149953,49.783074314186656],[6.697992073851011,49.783119249810433],[6.697922660872964,49.783117870147699],[6.697853247900273,49.783116490443412],[6.697783834932938,49.783115110697572],[6.697785965424172,49.783070175080333],[6.69771655252629,49.783068795295122],[6.69771442197096,49.783113730910181],[6.697645009014337,49.78311235108125],[6.697642878389555,49.783157286693708],[6.697573465374191,49.783155906821037],[6.697571334679958,49.783200842430915],[6.69756920398037,49.78324577804036],[6.697499790842169,49.783244398121781],[6.697430377709324,49.783243018161642],[6.697432508537107,49.783198082556559],[6.697434639359535,49.783153146951051],[6.697504052364184,49.78315452690682],[6.697506183117161,49.783109591298711],[6.697575596063071,49.78311097121076],[6.697577726746595,49.783066035600058],[6.697584118765043,49.782931228765456],[6.697514706075521,49.782929848862139],[6.697512575343963,49.782974784471904],[6.6974431625957,49.782973404524853],[6.697441031794692,49.783018340132031],[6.697371618987689,49.783016960141246],[6.697369488117228,49.783061895745838],[6.697367357241412,49.78310683134999],[6.697297944311574,49.783105451313297],[6.697295813366305,49.783150386914848],[6.697293682415683,49.783195322515994],[6.697224269363007,49.783193942433392],[6.697222138342931,49.783238878031931],[6.697152725231515,49.783237497905603],[6.697150594141987,49.783282433501554],[6.697148463047105,49.783327369097073],[6.697079049812851,49.78332598892483],[6.697076918648515,49.783370924517754],[6.697074787478822,49.783415860110274],[6.697005374121731,49.783414479892102],[6.697003242882585,49.783459415482028],[6.697001111638084,49.783504351071521],[6.696998980388225,49.783549286660602],[6.696929566844196,49.783547906394347],[6.696927435524884,49.783592841980827],[6.696858021922116,49.783591461670838],[6.69685589053335,49.783636397254718],[6.696853759139226,49.783681332838192],[6.696784345413618,49.783679952482274],[6.696782213950041,49.783724888063141],[6.696712800165691,49.78372350766351],[6.696710668632658,49.783768443241769],[6.696641254789569,49.783767062798404],[6.696639123187079,49.783811998374077],[6.696569709285248,49.783810617886985],[6.696567577613304,49.783855553460043],[6.696498163652732,49.78385417292921],[6.69649603191133,49.783899108499682],[6.696493900164572,49.783944044069742],[6.696491768412455,49.783988979639368],[6.696561182565325,49.783990360176738],[6.696630596723553,49.783991740672569],[6.696628465094279,49.784036676246167],[6.696697879321967,49.784038056702613],[6.696695747751438,49.784082992277959],[6.696693616175551,49.784127927852886],[6.696763030536799,49.784129308272149],[6.696760899019656,49.784174243848838],[6.696830313450363,49.78417562422873],[6.696899727886428,49.784177004567084],[6.696897596492131,49.784221940147731],[6.696967010997656,49.784223320446699],[6.696964879662104,49.784268256029094],[6.697034294237087,49.784269636288698],[6.697032162960279,49.784314571872862],[6.697101577604722,49.784315952093095],[6.697099446386659,49.784360887679021],[6.697168861100562,49.78436226785989],[6.697238275819823,49.784363647999193],[6.697236144724609,49.784408583589062],[6.697305559513328,49.784409963689001],[6.697303428476859,49.784454899280639],[6.697372843335039,49.784456279341207],[6.697370712357316,49.784501214934608],[6.697440127284954,49.784502594955796],[6.697437996365979,49.784547530550967],[6.697435865441649,49.784592466145703],[6.697505280502849,49.784593846129702],[6.697503149637265,49.78463878172623],[6.697572564767924,49.78464016167085],[6.69764197990394,49.784641541573933],[6.697639849161209,49.784686477174375],[6.69763771841312,49.784731412774413],[6.6977071336827,49.784732792640305],[6.697776548957635,49.784734172464638],[6.697774418332397,49.784779108068619],[6.697843833676793,49.784780487853581],[6.697841703110306,49.784825423459317],[6.697911118524161,49.784826803204908],[6.697908988016422,49.784871738812399],[6.697906857503329,49.784916674419499],[6.697976273050747,49.784918054127893],[6.698045688603521,49.784919433794734],[6.698043558213283,49.784964369405763],[6.698112973835515,49.784965749033248],[6.698110843504026,49.785010684646039],[6.698108713167183,49.785055620258404],[6.69817812892298,49.785056999848671],[6.698175998644889,49.785101935462819],[6.698245414470146,49.785103315013728],[6.698243284250803,49.785148250629625],[6.698312700145521,49.785149630141156],[6.698310569984931,49.785194565758815],[6.698308439818987,49.785239501376068],[6.698377855847268,49.785240880850402],[6.698375725740078,49.785285816469411],[6.698445141837819,49.785287195904381],[6.698514557940916,49.785288575297784],[6.698512427956582,49.785333510920729],[6.698510297966894,49.785378446543262],[6.698579714203556,49.785379825899483],[6.698577584272623,49.785424761523771],[6.698575454336335,49.785469697147654],[6.698644870706563,49.785471076466671],[6.698642740829028,49.785516012092323],[6.698712157268717,49.785517391371968],[6.698710027449936,49.785562326999376],[6.698779443959085,49.785563706239643],[6.698777314199058,49.785608641868812],[6.698775184433678,49.785653577497563],[6.698844601076394,49.785654956700633],[6.69884247136977,49.785699892331138],[6.698840341657792,49.785744827961231],[6.698909758434074,49.785746207127112],[6.698905499122277,49.785836078390417],[6.69890336945835,49.785881014021427],[6.698972786432309,49.785882393152292],[6.698970656827138,49.785927328785078],[6.698968527216614,49.785972264417438],[6.69903794432414,49.785973643511113],[6.699035814772373,49.786018579145228],[6.699033685215253,49.786063514778938],[6.699103102456353,49.786064893835416],[6.699100972957988,49.786109829470895],[6.699098843454274,49.786154765105948],[6.699096713945206,49.786199700740589],[6.699166131383982,49.786201079762037],[6.699164001933672,49.78624601539844],[6.69916187247801,49.786290951034417],[6.699231290050356,49.786292330018682],[6.699227031251197,49.786382201293748],[6.699224901843589,49.786427136930655],[6.69922277243063,49.786472072567165],[6.699292190264766,49.786473451518567],[6.699290060910566,49.786518387156818],[6.699287931551013,49.786563322794656],[6.699357349518722,49.786564701708883],[6.69935522021793,49.786609637348484],[6.699424638255102,49.786611016223326],[6.699494056297628,49.786612395056615],[6.699491927119703,49.786657330700152],[6.699489797936427,49.786702266343283],[6.699559216112526,49.786703645139369],[6.699557086988009,49.786748580784256],[6.699554957858143,49.786793516428716],[6.699624376167815,49.786794895187604],[6.699622247096708,49.786839830833841],[6.699552828722925,49.786838452072764],[6.699483410354494,49.786837073270135],[6.699481281149815,49.786882008911583],[6.699479151939784,49.786926944552611],[6.699477022724403,49.786971880193242],[6.699474893503671,49.787016815833439],[6.699472764277587,49.787061751473217],[6.699470635046152,49.787106687112583],[6.699468505809366,49.78715162275153],[6.699537924626576,49.787153001569415],[6.699535795448552,49.787197937210131],[6.699533666265176,49.78724287285042],[6.699464247319742,49.78724149402818],[6.699462118066903,49.787286429665876],[6.699531537076449,49.787287808490298],[6.699529407882372,49.787332744129756],[6.699525149478163,49.787422615407415],[6.699523020268032,49.787467551045616],[6.699520891052551,49.787512486683404],[6.699590310388014,49.787513865477166],[6.69965972972883,49.787515244229361],[6.699657600636224,49.787560179871093],[6.699727020046506,49.78756155858391],[6.699724891012663,49.787606494227397],[6.699794310492411,49.787607872900843],[6.699863729977513,49.787609251532722],[6.699861601066545,49.787654187180159],[6.699931020621112,49.787655565772667],[6.700000440181033,49.787656944323615],[6.699998311392944,49.787701879974989],[6.70006773102233,49.787703258486552],[6.700065602293005,49.787748194139681],[6.700135021991858,49.787749572611865],[6.70020444169606,49.787750951042504],[6.700202313089615,49.787795886699584],[6.700271732863284,49.78779726509083],[6.700269604315601,49.787842200749672],[6.700339024158738,49.787843579101541],[6.70033689566982,49.787888514762138],[6.700406315582423,49.787889893074627],[6.700404187152271,49.787934828736987],[6.700473607134339,49.787936207010105],[6.700471478762953,49.787981142674205],[6.700540898814488,49.787982520907946],[6.700538770501868,49.788027456573822],[6.700536642183899,49.788072392239279],[6.700606062369015,49.788073770435815],[6.700603934109814,49.788118706103027],[6.700601805845262,49.788163641769835],[6.700671226163961,49.788165019929167],[6.700669097958178,49.788209955597729],[6.700738518346341,49.788211333717676],[6.700736390199325,49.788256269388],[6.700734262046961,49.788301205057913],[6.700803682568708,49.788302583140656],[6.70080155447511,49.788347518812316],[6.700799426376165,49.788392454483571],[6.700868847031495,49.788393832529117],[6.700866718991318,49.788438768202127],[6.700864590945794,49.788483703874725],[6.700934011734708,49.788485081883074],[6.700931883747952,49.788530017557413],[6.700929755755848,49.788574953231354],[6.700927627758396,49.788619888904869],[6.700997048745012,49.788621266878188],[6.700994920806329,49.788666202553465],[6.700992792862297,49.788711138228322],[6.700990664912919,49.788756073902768],[6.701060086097238,49.788757451841064],[6.70105795820663,49.788802387517265],[6.701055830310672,49.788847323193053],[6.701125251628579,49.788848701094139],[6.701123123791391,49.788893636771682],[6.701120995948858,49.788938572448814],[6.701118868100975,49.788983508125533],[6.701116740247746,49.789028443801818],[6.701186161827476,49.789029821670056],[6.701184034033017,49.789074757348118],[6.70118190623321,49.789119693025754],[6.701179778428057,49.789164628702963],[6.701249200205495,49.789166006536178],[6.701247072459112,49.789210942215171],[6.701244944707383,49.78925587789373],[6.701242816950305,49.789300813571877],[6.701312238925452,49.789302191370055],[6.701305855814494,49.789436998408526],[6.701303728100148,49.789481934087192],[6.701301600380453,49.789526869765432],[6.70137102268155,49.789528247532942],[6.701368895020629,49.789573183212937],[6.701364639682744,49.789663054571683],[6.70136251200578,49.789707990250427],[6.70136038432347,49.789752925928759],[6.701358256635812,49.789797861606665],[6.701427679326986,49.789799239345683],[6.701425551698102,49.789844175025358],[6.70142342406387,49.789889110704614],[6.701421296424291,49.789934046383451],[6.701419168779366,49.789978982061868],[6.701414913473473,49.790068853417466],[6.70148433655473,49.790070231127977],[6.701480081355691,49.790160102486261],[6.701477953748152,49.790205038164764],[6.701475826135266,49.790249973842855],[6.701473698517031,49.79029490952054],[6.701469443264521,49.790384780874646],[6.701463060345649,49.790519587902665],[6.701460932695331,49.790564523577849],[6.701530356487297,49.790565901270746],[6.701528228895755,49.790610836947678],[6.701526101298867,49.790655772624191],[6.70152397369663,49.790700708300299],[6.701521846089047,49.790745643975988],[6.701519718476118,49.790790579651237],[6.701517590857838,49.790835515326094],[6.701515463234214,49.790880451000525],[6.701513335605242,49.790925386674537],[6.701511207970921,49.790970322348137],[6.701509080331253,49.791015258021318],[6.701506952686239,49.791060193694072],[6.701504825035876,49.791105129366422],[6.701502697380166,49.791150065038352],[6.70150056971911,49.791195000709862],[6.701498442052704,49.791239936380968],[6.701496314380952,49.791284872051634],[6.701494186703852,49.791329807721894],[6.701492059021405,49.791374743391735],[6.701422634075171,49.791373365659645],[6.70142050632325,49.791418301326885],[6.701418378565978,49.791463236993721],[6.701416250803361,49.79150817266013],[6.701409867483419,49.791642979656856],[6.701405611910054,49.79173285098593],[6.701403484115349,49.791777786649838],[6.701401356315294,49.791822722313341],[6.701399228509894,49.791867657976411],[6.701329802863601,49.791866280178816],[6.701327674988722,49.791911215839285],[6.701325547108496,49.791956151499349],[6.701323419222921,49.792001087158994],[6.701319163435729,49.79209095847704],[6.701314907627143,49.792180829793402],[6.701312779714828,49.792225765450958],[6.701304268012083,49.792405508077032],[6.701302140073028,49.792450443732513],[6.701300012128622,49.792495379387567],[6.70129788417887,49.79254031504221],[6.701295756223768,49.792585250696426],[6.701293628263318,49.79263018635023],[6.701224201532157,49.792628808474035],[6.701222073502226,49.792673744125253],[6.701219945466947,49.792718679776044],[6.70121781742632,49.792763615426416],[6.701213561329021,49.792853486725917],[6.701211433272347,49.792898422375046],[6.701209305210324,49.792943358023756],[6.701207177142954,49.792988293672032],[6.701202920992167,49.793078164967362],[6.70113349362503,49.793076787027836],[6.70113136547748,49.793121722672694],[6.70112923732458,49.793166658317141],[6.701127109166332,49.793211593961161],[6.701124981002735,49.793256529604768],[6.701122852833789,49.793301465247957],[6.701053425151333,49.793300087255986],[6.701051296912905,49.793345022896574],[6.701049168669126,49.793389958536757],[6.701047040419999,49.793434894176514],[6.701044912165522,49.793479829815858],[6.700975484231879,49.793478451773595],[6.700973355907919,49.793523387410353],[6.700971227578608,49.793568323046685],[6.700964842558581,49.79370312995318],[6.700895414309614,49.793701751858457],[6.700893285894772,49.79374668749093],[6.700891157474578,49.793791623123006],[6.700821729102691,49.793790244982368],[6.700819600613011,49.79383518061185],[6.700817472117983,49.793880116240892],[6.700748043623175,49.793878738054332],[6.700745915058659,49.793923673680794],[6.700743786488794,49.793968609306837],[6.700741657913579,49.794013544932461],[6.700672229231714,49.794012166697804],[6.700670100587013,49.794057102320842],[6.70066797193696,49.794102037943453],[6.700665843281558,49.794146973565645],[6.700596414412635,49.794145595282878],[6.700594285687745,49.794190530902476],[6.700592156957506,49.794235466521656],[6.700522727965661,49.794234088192965],[6.700520599165933,49.794279023809558],[6.700518470360853,49.794323959425725],[6.700516341550424,49.794368895041487],[6.700446912371517,49.794367516664693],[6.7004447834916,49.794412452277854],[6.70044265460633,49.794457387890596],[6.70044052571571,49.794502323502918],[6.700371096349744,49.794500945078013],[6.700368967389633,49.79454588068775],[6.700366838424173,49.794590816297053],[6.700364709453361,49.79463575190595],[6.700295279900331,49.794634373432963],[6.70029315086003,49.79467930903926],[6.700291021814377,49.794724244645131],[6.700288892763373,49.79476918025059],[6.70021946302328,49.794767801729492],[6.700217333902785,49.794812737332364],[6.700215204776939,49.794857672934818],[6.700213075645739,49.794902608536844],[6.700143645718581,49.794901229967635],[6.700141516517892,49.794946165567076],[6.70013938731185,49.794991101166097],[6.700069957261766,49.794989722550973],[6.700067827986233,49.795034658147387],[6.700065698705347,49.795079593743395],[6.70006356941911,49.795124529338985],[6.699994139181959,49.795123150675757],[6.69999200982623,49.795168086268738],[6.699989880465147,49.795213021861315],[6.699987751098714,49.795257957453472],[6.699918320674494,49.795256578742134],[6.699916191238567,49.79530151433169],[6.699914061797288,49.795346449920842],[6.699911932350656,49.795391385509561],[6.699842501739367,49.795390006750111],[6.699840372223242,49.79543494233625],[6.699838242701763,49.79547987792197],[6.699836113174932,49.795524813507257],[6.699766682376573,49.795523434699717],[6.699764552780247,49.795568370282417],[6.699762423178568,49.795613305864691],[6.699760293571538,49.795658241446539],[6.699690862586106,49.795656862590896],[6.69968873290958,49.795701798170164],[6.699686603227701,49.79574673374902],[6.699684473540469,49.795791669327457],[6.699615042367964,49.795790290423696],[6.699612912611236,49.795835225999532],[6.699610782849154,49.795880161574949],[6.699541351553719,49.795878782625259],[6.699539221722142,49.795923718198068],[6.69953709188521,49.795968653770487],[6.699534962042926,49.796013589342465],[6.699465530560415,49.796012210344678],[6.699463400648633,49.79605714591407],[6.699461270731499,49.796102081483049],[6.699459140809009,49.796147017051602],[6.699389709139423,49.796145638005704],[6.699387579147437,49.79619057357165],[6.699385449150096,49.79623550913719],[6.699383319147402,49.796280444702326],[6.699313887290739,49.796279065608303],[6.699311757218545,49.796324001170838],[6.699309627140997,49.796368936732954],[6.699307497058097,49.796413872294643],[6.699238065014357,49.796412493152523],[6.699235934861956,49.796457428711619],[6.699233804704201,49.796502364270296],[6.699231674541092,49.796547299828575],[6.699162242310271,49.79654592063833],[6.699160112077663,49.796590856194001],[6.6991579818397,49.796635791749246],[6.699088549485944,49.796634412513079],[6.699086419178481,49.796679348065737],[6.699084288865663,49.796724283617969],[6.69908215854749,49.796769219169782],[6.699012726006653,49.796767839885518],[6.699010595618978,49.796812775434731],[6.69900846522595,49.796857710983531],[6.699006334827566,49.796902646531919],[6.698936902099647,49.796901267199544],[6.698934771631762,49.796946202745325],[6.698932641158522,49.796991138290686],[6.698930510679926,49.797036073835649],[6.698861077764923,49.797034694455157],[6.698858947216825,49.797079629997498],[6.698856816663371,49.797124565539441],[6.698854686104562,49.797169501080973],[6.698852555540399,49.797214436622056],[6.698783122374163,49.797213057191279],[6.698780991740495,49.797257992729797],[6.698778861101473,49.797302928267882],[6.698776730457095,49.797347863805541],[6.698707297103772,49.797346484326646],[6.69870516638989,49.797391419861732],[6.698703035670652,49.797436355396385],[6.698700904946059,49.797481290930627],[6.69869877421611,49.797526226464441],[6.698696643480806,49.797571161997851],[6.698627209812096,49.797569782466489],[6.698625079007287,49.797614717997277],[6.69862294819712,49.797659653527681],[6.698620817381599,49.797704589057645],[6.698618686560721,49.797749524587203],[6.698616555734486,49.797794460116336],[6.698547121750389,49.797793080532493],[6.698544990854649,49.797838016059032],[6.698542859953553,49.797882951585144],[6.6985407290471,49.797927887110859],[6.698538598135292,49.797972822636154],[6.698536467218126,49.798017758161009],[6.698534336295606,49.798062693685466],[6.698532205367728,49.798107629209504],[6.698462770939934,49.798106249568832],[6.698460639942549,49.798151185090262],[6.698391205455964,49.798149805405835],[6.698321770974737,49.798148425679841],[6.698323902100424,49.798103490162752],[6.698254467688709,49.798102110397366],[6.698256598873189,49.798057174882054],[6.698258730052314,49.798012239366322],[6.698189295774258,49.798010859563711],[6.698191427012176,49.797965924049741],[6.698193558244737,49.79792098853536],[6.69819568947194,49.797876053020566],[6.698126255391696,49.797874673182925],[6.698128386677692,49.7978297376699],[6.698130517958332,49.797784802156443],[6.698061084011745,49.79778342228159],[6.698063215351178,49.797738486769894],[6.698065346685253,49.797693551257787],[6.697995912872326,49.797692171345723],[6.697998044265192,49.797647235835377],[6.698000175652702,49.79760230032462],[6.698002307034852,49.797557364813443],[6.697932873419734,49.797555984866356],[6.697935004860677,49.797511049356935],[6.697937136296263,49.797466113847094],[6.6978677028148,49.797464733862803],[6.697869834309177,49.797419798354738],[6.697871965798196,49.79737486284624],[6.697874097281858,49.797329927337337],[6.6978046639982,49.79732854731801],[6.697806795540652,49.797283611810869],[6.697808927077745,49.797238676303309],[6.697811058609482,49.797193740795336],[6.697741625523627,49.797192360740986],[6.697743757114154,49.797147425234769],[6.697745888699322,49.797102489728132],[6.697748020279133,49.797057554221077],[6.697752283422679,49.796967683205736],[6.697754414986417,49.79692274769743],[6.697758678097817,49.796832876679574],[6.697760809645481,49.796787941170031],[6.697762941187786,49.796743005660055],[6.697765072724734,49.796698070149667],[6.697767204256325,49.796653134638866],[6.697769335782557,49.796608199127647],[6.697771467303432,49.796563263616001],[6.697840899491236,49.796564643639819],[6.697843030942608,49.796519708125572],[6.697845162388623,49.796474772610914],[6.697847293829279,49.796429837095843],[6.697849425264579,49.796384901580353],[6.697851556694522,49.796339966064444],[6.697853688119107,49.796295030548123],[6.697855819538335,49.796250095031375],[6.697857950952204,49.796205159514216],[6.697927382632209,49.796206539479009],[6.697929513976579,49.796161603959256],[6.69793164531559,49.796116668439076],[6.697933776649244,49.796071732918485],[6.697935907977542,49.796026797397467],[6.697940170618065,49.795936926354187],[6.697942301930291,49.795891990831933],[6.697944433237159,49.795847055309245],[6.697946564538671,49.795802119786153],[6.698015995646746,49.795803499689761],[6.698018126878758,49.795758564164053],[6.698020258105412,49.795713628637948],[6.698024520542654,49.795623757584458],[6.698026651753238,49.795578822057095],[6.698028782958466,49.795533886529313],[6.698030914158338,49.795488951001111],[6.698033045352851,49.795444015472505],[6.698102475953149,49.795445395317081],[6.698106738197827,49.795355524254227],[6.698111000421076,49.795265653189702],[6.698115262622899,49.795175782123522],[6.698117393715777,49.795130846589799],[6.698119524803298,49.795085911055651],[6.698188954895827,49.795087290841231],[6.698191085913852,49.795042355304481],[6.69819321692652,49.794997419767334],[6.698195347933832,49.794952484229761],[6.698197478935787,49.794907548691775],[6.698199609932387,49.794862613153377],[6.69820174092363,49.794817677614539],[6.698203871909517,49.794772742075303],[6.698206002890048,49.79472780653564],[6.698208133865222,49.794682870995572],[6.698210264835041,49.794637935455086],[6.698279694291537,49.794639315177285],[6.698281825191861,49.794594379634191],[6.698283956086829,49.794549444090677],[6.698286086976442,49.794504508546751],[6.698288217860697,49.794459573002406],[6.698290348739598,49.794414637457649],[6.698359777880761,49.794416017127382],[6.698364039494219,49.79432614603224],[6.698366170292914,49.794281210484051],[6.698368301086255,49.794236274935436],[6.698370431874238,49.794191339386423],[6.698374693434141,49.794101468287103],[6.698378954972619,49.794011597186127],[6.698381085733828,49.793966661634997],[6.698450514238978,49.793968041241364],[6.698452644930692,49.793923105687654],[6.698454775617052,49.793878170133524],[6.698456906298056,49.793833234578983],[6.698461167643999,49.793743363468636],[6.698463298308938,49.79369842791283],[6.698465428968521,49.793653492356611],[6.698467559622748,49.793608556799981],[6.698536987620173,49.793609936347337],[6.698539118204911,49.793565000788099],[6.698541248784293,49.793520065228449],[6.698543379358321,49.793475129668387],[6.698545509926995,49.793430194107891],[6.698547640490312,49.793385258546998],[6.698549771048275,49.793340322985685],[6.698551901600882,49.793295387423946],[6.698621329154724,49.79329676691448],[6.698623459637843,49.79325183135014],[6.698625590115608,49.793206895785389],[6.698627720588018,49.79316196022021],[6.698629851055072,49.793117024654634],[6.698631981516773,49.793072089088625],[6.698638372869745,49.792937282388117],[6.69870779991588,49.792938661819633],[6.698709930292028,49.79289372624978],[6.698712060662824,49.792848790679507],[6.698642633744954,49.792847411252339],[6.698644764174526,49.792802475683835],[6.698646894598745,49.792757540114913],[6.698577467814496,49.792756160650555],[6.698579598297491,49.79271122508338],[6.698581728775131,49.792666289515815],[6.698512302124503,49.792664910014238],[6.69851443266092,49.792619974448414],[6.698445006079781,49.792618594907466],[6.698447136674975,49.792573659343404],[6.698449267264813,49.792528723778936],[6.698379840817293,49.792527344200771],[6.698381971465906,49.792482408638072],[6.698384102109166,49.792437473074948],[6.698314675795266,49.792436093459571],[6.6983168064973,49.792391157898216],[6.698247380252887,49.792389778243461],[6.698249511013697,49.792344842683875],[6.698251641769152,49.792299907123848],[6.698182215658356,49.792298527431903],[6.698184346472586,49.792253591873639],[6.698186477281459,49.792208656314969],[6.698117051304282,49.79220727658582],[6.698119182171929,49.792162341028906],[6.698049756264241,49.792160961260372],[6.698051887190663,49.792116025705219],[6.698054018111728,49.792071090149662],[6.697984592337654,49.792069710343931],[6.697986723317494,49.792024774790129],[6.697988854291977,49.7919798392359],[6.697919428651522,49.791978459392958],[6.697921559684777,49.791933523840513],[6.697852134113807,49.791932143958199],[6.697854265205836,49.791887208407502],[6.697784839704354,49.791885828485789],[6.697786970855156,49.791840892936854],[6.697789102000601,49.791795957387514],[6.697719676632733,49.791794577428611],[6.69772180783695,49.791749641881033],[6.697723939035812,49.791704706333014],[6.697654513801559,49.791703326336908],[6.697585088572663,49.791701946299234],[6.697515663349129,49.791700566220001],[6.697446238130952,49.791699186099194],[6.697444106675579,49.791744121638473],[6.697374681398634,49.791742741473939],[6.697372549873777,49.79178767701061],[6.697370418343564,49.791832612546862],[6.697368286807991,49.791877548082716],[6.697366155267062,49.791922483618137],[6.697364023720775,49.791967419153139],[6.697361892169131,49.792012354687735],[6.697359760612129,49.792057290221912],[6.697353365908981,49.792192096821921],[6.697349102746762,49.792281967886495],[6.697346971157615,49.792326903418179],[6.697344839563113,49.792371838949421],[6.697342707963252,49.792416774480252],[6.697338444747459,49.792506645540662],[6.697269018385675,49.792505265297471],[6.697266886705609,49.792550200824877],[6.697264755020187,49.792595136351871],[6.697262623329409,49.792640071878424],[6.697260491633271,49.792685007404565],[6.697258359931776,49.792729942930308],[6.697188933254697,49.792728562634643],[6.697186801483712,49.792773498157764],[6.69718466970737,49.792818433680488],[6.69718253792567,49.792863369202777],[6.697180406138611,49.792908304724655],[6.697178274346195,49.792953240246128],[6.697176142548421,49.79299817576716],[6.697106715491909,49.792996795416848],[6.697104583624644,49.793041730935293],[6.697102451752021,49.793086666453313],[6.697098187990701,49.793176537488122],[6.697096056102002,49.793221473004898],[6.697026628730188,49.793220092602105],[6.697024496771999,49.793265028116281],[6.69702236480845,49.793309963630037],[6.697020232839544,49.793354899143381],[6.697018100865278,49.793399834656299],[6.697015968885656,49.793444770168819],[6.697013836900672,49.793489705680898],[6.697011704910333,49.793534641192572],[6.696942277094942,49.79353326073295],[6.696940145035108,49.793578196242009],[6.696938012969915,49.793623131750671],[6.696935880899365,49.793668067258906],[6.696933748823454,49.793713002766729],[6.696929484655558,49.793802873781104],[6.69686005646072,49.793801493266827],[6.696857924304597,49.793846428771218],[6.696788496050985,49.793845048213193],[6.696786363825368,49.79388998371499],[6.696784231594394,49.793934919216341],[6.696782099358058,49.793979854717307],[6.696851527804077,49.793981235281869],[6.696849395626519,49.794026170784591],[6.696847263443602,49.794071106286886],[6.696845131255326,49.794116041788762],[6.696842999061691,49.794160977290218],[6.696773570359126,49.794159596716916],[6.696771438095995,49.794204532215787],[6.696767173553655,49.794294403212255],[6.696765041274445,49.794339338709868],[6.696762908989878,49.794384274207061],[6.696760776699949,49.794429209703843],[6.696758644404662,49.794474145200198],[6.696756512104015,49.794519080696134],[6.696754379798008,49.794564016191664],[6.69668495052357,49.794562635557163],[6.696682818148067,49.794607571050086],[6.696680685767204,49.79465250654259],[6.696678553380981,49.794697442034675],[6.696676420989398,49.794742377526347],[6.696674288592455,49.794787313017601],[6.696672156190153,49.794832248508442],[6.696670023782491,49.794877183998857],[6.696667891369469,49.794922119488866],[6.696663626527346,49.795011990467607],[6.696594196616882,49.795010609769726],[6.696592064123641,49.79505554525629],[6.696589931625041,49.795100480742434],[6.696587799121081,49.795145416228166],[6.696585666611759,49.795190351713494],[6.696583534097079,49.795235287198373],[6.696514103871277,49.795233906448004],[6.696511971287096,49.795278841930312],[6.696505573502392,49.795413648374698],[6.696503440896769,49.795458583855314],[6.696501308285788,49.795503519335533],[6.696499175669445,49.795548454815325],[6.696497043047741,49.795593390294691],[6.696494910420678,49.795638325773652],[6.696492777788253,49.795683261252201],[6.69649064515047,49.795728196730316],[6.696421214224476,49.795726815914371],[6.69641908151719,49.795771751389893],[6.696416948804543,49.795816686865003],[6.696412683363166,49.795906557813957],[6.696410550634437,49.795951493287802],[6.696408417900346,49.795996428761249],[6.696406285160896,49.79604136423427],[6.696336853791267,49.796039983361482],[6.696334720982311,49.796084918831902],[6.69633045534832,49.796174789771484],[6.696326189692885,49.79626466070939],[6.696324056857126,49.796309596177721],[6.696321924016006,49.79635453164564],[6.696319791169525,49.796399467113133],[6.696317658317683,49.7964444025802],[6.696248226376123,49.796443021646205],[6.696246093454775,49.796487957110692],[6.696243960528067,49.796532892574746],[6.696239694658564,49.796622763501617],[6.696237561715773,49.796667698964427],[6.696235428767618,49.796712634426811],[6.696233295814103,49.796757569888783],[6.696231162855228,49.796802505350335],[6.696161730405868,49.796801124357316],[6.696159597377484,49.796846059816268],[6.696157464343738,49.796890995274808],[6.696155331304633,49.796935930732921],[6.696153198260164,49.79698086619063],[6.696151065210335,49.797025801647905],[6.696148932155144,49.797070737104775],[6.696144666028676,49.797160608017265],[6.696075233071508,49.797159226965206],[6.696073099936084,49.797204162418637],[6.6960709667953,49.797249097871656],[6.696068833649154,49.797294033324242],[6.696066700497644,49.797338968776423],[6.696064567340774,49.797383904228191],[6.696062434178542,49.797428839679533],[6.696060301010948,49.797473775130456],[6.695990867610108,49.797472394021554],[6.695988734373004,49.797517329469876],[6.695986601130538,49.797562264917794],[6.69598446788271,49.79760720036527],[6.695982334629519,49.797652135812356],[6.695978068107051,49.797742006705256],[6.695975934837773,49.797786942151077],[6.695973801563134,49.797831877596472],[6.695971668283133,49.797876813041455],[6.695902234310318,49.79787543187134],[6.695900100960804,49.797920367313715],[6.695897967605928,49.797965302755699],[6.69589583424569,49.798010238197236],[6.69589370088009,49.798055173638375],[6.695891567509127,49.798100109079087],[6.695887300751113,49.798189979959261],[6.695885167364063,49.79823491539873],[6.695883033971649,49.79827985083778],[6.695813599426844,49.798278469606444],[6.695811465964918,49.798323405042879],[6.695880900573874,49.798324786276403],[6.695878767170735,49.798369721714614],[6.695809332497628,49.798368340478909],[6.695807199024975,49.798413275914513],[6.695805065546962,49.798458211349704],[6.695802932063583,49.798503146784483],[6.695800798574844,49.798548082218851],[6.695796531581274,49.798637953086313],[6.695794398076445,49.798682888519409],[6.695792264566253,49.798727823952099],[6.695790131050699,49.79877275938437],[6.695787997529782,49.798817694816229],[6.69585743284441,49.798819076073769],[6.695926868164406,49.798820457289729],[6.695929001557018,49.798775521853507],[6.695931134944267,49.798730586416866],[6.696000570141321,49.798731967586889],[6.696002703459054,49.798687032147662],[6.696004836771426,49.798642096708001],[6.696006970078434,49.798597161267935],[6.696076405088395,49.798598542389833],[6.69607853832589,49.798553606947166],[6.696147973277062,49.798554988025316],[6.696217408233598,49.798556369061899],[6.6962868431955,49.798557750056894],[6.696284710150462,49.798602685506111],[6.696354145181879,49.798604066461721],[6.696423580218661,49.798605447375749],[6.696421447296567,49.798650382828924],[6.696490882402863,49.798651763703575],[6.696560317514524,49.798653144536651],[6.696558184715373,49.79869807999377],[6.696627619896549,49.798699460787446],[6.696697055083089,49.798700841539549],[6.696694922406883,49.798745777000612],[6.696764357662938,49.798747157713329],[6.696833792924355,49.798748538384473],[6.696831660371095,49.798793473849486],[6.696901095702029,49.79879485448123],[6.696970531038325,49.798796235071414],[6.69696839860801,49.798841170540371],[6.697037834013821,49.798842551091163],[6.697107269424995,49.798843931600381],[6.697105137117628,49.798888867073281],[6.697174572598318,49.798890247543099],[6.697244008084368,49.798891627971351],[6.697313443575782,49.798893008358021],[6.697311311455516,49.798937943837053],[6.697380747016444,49.798939324184339],[6.697378614954972,49.798984259665133],[6.697448050585415,49.798985639973026],[6.697445918582739,49.799030575455568],[6.697443786574703,49.799075510937712],[6.697513222338816,49.799076891208401],[6.697511090389574,49.7991218266923],[6.697580526223203,49.799123206923582],[6.697578394332758,49.79916814240925],[6.697576262436955,49.7992130778945],[6.697574130535791,49.79925801337933],[6.697643566567244,49.799259393575582],[6.697641434724878,49.799304329062181],[6.697710870825849,49.799305709219055],[6.697708739042278,49.799350644707403],[6.697778175212763,49.79935202482487],[6.697776043487989,49.799396960315001],[6.697845479727991,49.799398340393076],[6.697914915973353,49.799399720429584],[6.697912784371533,49.799444655923651],[6.697910652764355,49.799489591417306],[6.697980089143387,49.799490971416596],[6.697977957595007,49.799535906912006],[6.697975826041267,49.799580842407003],[6.697973694482172,49.799625777901575],[6.698043131059034,49.799627157865842],[6.698040999558735,49.799672093362176],[6.698110436205114,49.799673473287044],[6.698108304763613,49.799718408785161],[6.698106173316756,49.799763344282852],[6.698175610096808,49.799764724170501],[6.698173478708751,49.79980965966994],[6.698171347315335,49.799854595168988],[6.69824078422906,49.799855975019419],[6.698238652894443,49.799900910520215],[6.698308089877687,49.799902290331268],[6.698305958601872,49.799947225833826],[6.698303827320697,49.799992161335972],[6.698373264437615,49.799993541109806],[6.698371133215242,49.800038476613715],[6.698440570401678,49.80003985634815],[6.698438439238105,49.800084791853806],[6.698436308069176,49.800129727359064],[6.698434176894891,49.800174662863895],[6.698503614279158,49.800176042563301],[6.698501483163672,49.800220978069902],[6.69849935204283,49.800265913576084],[6.698568789560775,49.800267293238271],[6.698566658498734,49.800312228746215],[6.698564527431338,49.800357164253732],[6.698562396358583,49.800402099760852],[6.698631834074365,49.800403479388002],[6.698629703060414,49.80044841489687],[6.698627572041105,49.800493350405318],[6.698697009890564,49.800494729995265],[6.698694878930058,49.800539665505475],[6.698692747964197,49.800584601015281],[6.698690616992978,49.800629536524667],[6.698760055040275,49.800630916079569],[6.69875792412786,49.800675851590718],[6.698755793210088,49.80072078710144],[6.698825231391065,49.800722166619131],[6.698823100532097,49.800767102131616],[6.698820969667773,49.800812037643695],[6.69889040798243,49.800813417124161],[6.69888827717691,49.800858352638002],[6.698886146366034,49.800903288151424],[6.698884015549801,49.800948223664435],[6.698953454062299,49.800949603109864],[6.698951323304872,49.800994538624629],[6.698949192542089,49.801039474138967],[6.698947061773949,49.801084409652901],[6.69901650048429,49.801085789063308],[6.699012239060266,49.801175660094266],[6.699010108340221,49.801220595609131],[6.699079547248406,49.801221974984493],[6.699077416587166,49.801266910501106],[6.69907528592057,49.801311846017313],[6.69907315524862,49.801356781533087],[6.699071024571312,49.801401717048456],[6.699140463741506,49.801403096390963],[6.699138333123005,49.801448031908102],[6.699136202499148,49.801492967424814],[6.699134071869937,49.801537902941114],[6.699131941235368,49.80158283845698],[6.699129810595444,49.801627773972442],[6.699060371104434,49.801626394619042],[6.699058240394991,49.801671330131896],[6.699056109680191,49.801716265644359],[6.698986670066212,49.801714886245009],[6.698917230457591,49.801713506804099],[6.698847790854327,49.801712127321601],[6.698845659941679,49.801757062827086],[6.698776220279609,49.80175568330084],[6.698706780622901,49.801754303732999],[6.698637340971551,49.801752924123591],[6.698635209861053,49.801797859622113],[6.698565770150897,49.801796479968942],[6.698496330446102,49.801795100274191],[6.698426890746666,49.801793720537873],[6.69835745105259,49.80179234075996],[6.698288011363872,49.80179096094048],[6.698285879927197,49.801835896427697],[6.698216440179676,49.801834516564448],[6.698147000437515,49.801833136659631],[6.698008120969276,49.801830376725263],[6.69786924152248,49.801827616624578],[6.697799801807124,49.801826236511872],[6.697730362097128,49.801824856357577],[6.697660922392493,49.801823476161729],[6.69752204299931,49.801820715645263],[6.697452603310762,49.801819335324659],[6.697450471098755,49.801864270785273],[6.697381031351403,49.801862890420921],[6.697311591609416,49.80186151001498],[6.697242151872787,49.801860129567466],[6.697172712141525,49.801858749078377],[6.697170579667501,49.80190368452984],[6.697101139877435,49.801902303996997],[6.697031700092731,49.801900923422572],[6.696962260313392,49.801899542806559],[6.696892820539415,49.801898162148973],[6.696890687803373,49.801943097591312],[6.696821247970595,49.801941716889971],[6.696751808143182,49.801940336147034],[6.696682368321131,49.801938955362537],[6.696612928504444,49.80193757453646],[6.696610795506384,49.801982509969648],[6.696541355630897,49.801981129099808],[6.696471915760774,49.801979748188387],[6.696402475896016,49.801978367235385],[6.696333036036621,49.80197698624081],[6.696263596182592,49.801975605204667],[6.696261462858346,49.802020540626508],[6.696192022945517,49.802019159546596],[6.696122583038053,49.802017778425103],[6.696053143135953,49.802016397262037],[6.695983703239221,49.802015016057389],[6.695981569652952,49.802059951470092],[6.69591212969742,49.802058570221682],[6.695842689747253,49.802057188931698],[6.695773249802452,49.802055807600141],[6.695703809863017,49.802054426226988],[6.695701676014727,49.802099361630532],[6.695632236016492,49.802097980213638],[6.695562796023625,49.802096598755156],[6.695493356036125,49.802095217255093],[6.695423916053991,49.80209383571345],[6.695421781943677,49.802138771107863],[6.695352341902744,49.802137389522471],[6.695282901867179,49.802136007895477],[6.695213461836981,49.802134626226923],[6.69514402181215,49.802133244516796],[6.695141887439813,49.802178179902043],[6.695072447356184,49.802176798148139],[6.695003007277923,49.802175416352675],[6.694933567205029,49.802174034515616],[6.694864127137505,49.802172652636983],[6.694861992503141,49.802217588013079],[6.694792552376819,49.802216206090691],[6.694723112255867,49.802214824126715],[6.694653672140281,49.802213442121172],[6.694584232030065,49.802212060074034],[6.694582097133675,49.802256995440985],[6.694512656964663,49.802255613350091],[6.694443216801019,49.802254231217624],[6.694373776642744,49.802252849043583],[6.69430433648984,49.802251466827947],[6.694302201331421,49.802296402185739],[6.694232761119721,49.802295019926348],[6.694163320913389,49.802293637625382],[6.694093880712428,49.802292255282836],[6.694091745356148,49.802337190633651],[6.69402230509639,49.802335808247342],[6.693952864842005,49.802334425819453],[6.693883424592988,49.802333043349982],[6.693881289038841,49.802377978693841],[6.69381184873103,49.802376596180608],[6.693742408428589,49.802375213625801],[6.693672968131519,49.802373831029414],[6.693603527839821,49.802372448391452],[6.693601392023645,49.80241738372613],[6.693531951673151,49.802416001044413],[6.69346251132803,49.802414618321102],[6.693393070988279,49.802413235556223],[6.693390934974238,49.802458170883931],[6.693321494575692,49.80245678807529],[6.693252054182521,49.802455405225061],[6.693249918034778,49.802500340547979],[6.693180477582811,49.802498957653988],[6.693111037136216,49.802497574718423],[6.693108900854772,49.80254251003656],[6.693039460349385,49.802541127057232],[6.692970019849369,49.802539744036302],[6.692900579354727,49.80253836097382],[6.692898442875414,49.802583296284979],[6.692829002321979,49.802581913178727],[6.692759561773913,49.802580530030887],[6.692757425160899,49.802625465337258],[6.692687984554043,49.802624082145662],[6.692618543952561,49.802622698912486],[6.692616407205842,49.802667634214068],[6.692546966545566,49.802666250937129],[6.692477525890665,49.802664867618603],[6.692475389010242,49.802709802915395],[6.692405948296548,49.802708419553106],[6.692336507588228,49.802707036149236],[6.6923343705741,49.802751971441246],[6.692264929806987,49.802750587993614],[6.69219548904525,49.802749204504401],[6.692193351897416,49.802794139791615],[6.692123911076886,49.80279275625864],[6.692121773859513,49.802837691543246],[6.692052332980191,49.802836307966501],[6.691982892106243,49.802834924348183],[6.691980754755165,49.802879859627993],[6.691911313822425,49.802878475965912],[6.691909176401807,49.802923411243121],[6.691839735410276,49.802922027537271],[6.691837597920117,49.802966962811873],[6.691768156869795,49.802965579062253],[6.691766019310096,49.803010514334261],[6.691696578200979,49.803009130540879],[6.691694440571739,49.803054065810279],[6.691624999403833,49.803052681973121],[6.691622861705051,49.803097617239914],[6.691553420478353,49.803096233359],[6.691551282710031,49.803141168623185],[6.691481841424541,49.803139784698494],[6.691479703586677,49.803184719960079],[6.691477565743438,49.803229655221237],[6.691475427894825,49.80327459048199],[6.691405986422207,49.803273206509168],[6.691403848504052,49.803318141767306],[6.691401710580521,49.803363077025026],[6.691399572651616,49.803408012282333],[6.691397434717339,49.803452947539206],[6.691395296777686,49.803497882795689],[6.691393158832659,49.803542818051739],[6.691391020882256,49.803587753307362],[6.691386744965329,49.803677623817393],[6.691384606998804,49.803722559071758],[6.691382469026904,49.803767494325726],[6.69138033104963,49.803812429579274],[6.691378193066981,49.803857364832403],[6.69130875076554,49.803855980789557],[6.691306612713346,49.803900916040071],[6.691304474655777,49.80394585129018],[6.691302336592834,49.803990786539863],[6.691300198524516,49.804035721789141],[6.691230755971769,49.80403433769596],[6.691161313424399,49.804032953561212],[6.691159175222364,49.804077888805686],[6.691157037014953,49.804122824049742],[6.691087594344618,49.804121439869043],[6.691085456067662,49.804166375110498],[6.691016013338531,49.804164990886015],[6.691013874992028,49.804209926124862],[6.690944432204105,49.804208541856624],[6.690942293788055,49.804253477092857],[6.690940155366629,49.804298412328684],[6.69087071245574,49.804297028014481],[6.690801269550229,49.804295643658705],[6.690799130995083,49.804340578889736],[6.690729688030778,49.80433919449019],[6.690727549406086,49.804384129718613],[6.690658106382987,49.804382745275291],[6.690588663365268,49.804381360790387],[6.690519220352926,49.804379976263903],[6.69051708153034,49.804424911485349],[6.690447638459204,49.804423526915102],[6.690378195393449,49.804422142303267],[6.690308752333074,49.804420757649851],[6.690239309278076,49.804419372954861],[6.690237170193424,49.804464308167134],[6.690167727079635,49.804462923428368],[6.690098283971224,49.804461538648027],[6.690028840868194,49.804460153826106],[6.689959397770545,49.80445876896259],[6.689957258423826,49.804503704165676],[6.689955119071729,49.80454863936837],[6.689950840351401,49.804638509772474],[6.68994870098317,49.804683444973897],[6.690018144401682,49.804684829848355],[6.690016005092247,49.804729765051533],[6.690013865777432,49.804774700254328],[6.690011726457239,49.804819635456681],[6.690009587131669,49.804864570658623],[6.690007447800721,49.804909505860152],[6.690076891545481,49.804910890703958],[6.690074752273329,49.804955825907264],[6.6900726129958,49.805000761110136],[6.690070473712891,49.805045696312604],[6.690068334424605,49.805090631514645],[6.690066195130941,49.805135566716267],[6.690135639201954,49.805136951529434],[6.690133499967087,49.805181886732832],[6.690131360726841,49.805226821935818],[6.690129221481219,49.805271757138364],[6.690198665750136,49.805273141916523],[6.690196526563311,49.805318077120866],[6.690194387371108,49.805363012324776],[6.690192248173528,49.805407947528259],[6.690190108970569,49.805452882731338],[6.690259553501569,49.805454267476676],[6.690257414357409,49.805499202681524],[6.690187969762232,49.805497817934011],[6.690185830548519,49.805542753136244],[6.690116385894547,49.805541368344954],[6.690046941245956,49.805539983512077],[6.689977496602745,49.805538598637625],[6.689908051964913,49.805537213721593],[6.689838607332464,49.805535828763965],[6.689769162705393,49.80553444376477],[6.689767023101245,49.805579378953453],[6.68969757841538,49.805577993910489],[6.689695438741676,49.805622929096558],[6.689625993997016,49.805621544009824],[6.689628133734896,49.80557660882593],[6.689630273467397,49.805531673641617],[6.68963241319452,49.805486738456885],[6.689634552916263,49.805441803271734],[6.689636692632628,49.805396868086163],[6.689638832343613,49.805351932900194],[6.689640972049218,49.805306997713785],[6.689643111749445,49.805262062526971],[6.689573667523573,49.80526067741615],[6.689575807282596,49.805215742231105],[6.689645251444294,49.805217127339724],[6.689647391133763,49.805172192152064],[6.689649530817854,49.805127256963999],[6.689651670496565,49.805082321775515],[6.689655949837852,49.804992451397268],[6.689658089500426,49.804947516207527],[6.689660229157623,49.804902581017366],[6.689664508455878,49.80481271063578],[6.689666648096938,49.804767775444368],[6.689668787732618,49.804722840252531],[6.689599344276835,49.804721455167986],[6.689601483971309,49.804676519977924],[6.689603623660406,49.804631584787437],[6.689605763344123,49.804586649596544],[6.689607903022461,49.804541714405225],[6.689610042695421,49.804496779213487],[6.689612182363002,49.804451844021337],[6.689614322025204,49.804406908828774],[6.689616461682025,49.804361973635778],[6.68961860133347,49.804317038442385],[6.689620740979536,49.804272103248543],[6.689551298170858,49.804270718144309],[6.689553437875715,49.804225782952251],[6.689622880620222,49.804227168054311],[6.68962715988546,49.804137297664575],[6.689557717269295,49.804135912566899],[6.689559856958017,49.804090977373598],[6.689568415659116,49.803911236596193],[6.689570555320944,49.803866301400781],[6.689572694977392,49.803821366204978],[6.689574834628463,49.803776431008743],[6.689576974274154,49.803731495812094],[6.689579113914467,49.803686560615027],[6.689581253549401,49.803641625417541],[6.689511811644488,49.803640240302379],[6.689372927850805,49.80363746994729],[6.689303485962036,49.803636084707392],[6.689234044078648,49.803634699425892],[6.689164602200643,49.803633314102818],[6.689162462180693,49.803678249287167],[6.6890930202439,49.80367686392033],[6.689023578312488,49.803675478511913],[6.688954136386458,49.803674093061915],[6.688951996168621,49.803719028239279],[6.688882554183803,49.803717642745511],[6.688813112204371,49.803716257210162],[6.688810971852813,49.80376119238273],[6.688741529814593,49.803759806803605],[6.688672087781755,49.803758421182913],[6.6886026457543,49.803757035520626],[6.688600505204853,49.803801970686216],[6.688531063118612,49.803800584980159],[6.688461621037755,49.803799199232536],[6.688392178962278,49.803797813443325],[6.688390038214942,49.803842748601923],[6.688320596080683,49.803841362768928],[6.688251153951805,49.803839976894373],[6.688249013070748,49.803884912048169],[6.688179570883085,49.803883526129837],[6.688110128700806,49.803882140169932],[6.688107987686027,49.803927075318917],[6.688038545444964,49.80392568931525],[6.687969103209284,49.80392430326998],[6.687899660978988,49.803922917183144],[6.687830218754077,49.803921531054719],[6.687760776534553,49.803920144884721],[6.687621892111658,49.803917372419974],[6.687552449908289,49.803915986125233],[6.687550308374767,49.803960921256277],[6.687480866112614,49.803959534917773],[6.687411423855846,49.803958148537674],[6.687341981604463,49.803956762116009],[6.687272539358467,49.803955375652755],[6.687270397562882,49.804000310774612],[6.687200955258102,49.803998924267596],[6.687131512958709,49.803997537718992],[6.687129371029399,49.804042472836059],[6.687127229094705,49.804087407952707],[6.687057786672358,49.804086021358145],[6.687055644668109,49.804130956472171],[6.687053502658475,49.804175891585786],[6.687049218623053,49.804265761811784],[6.687047076597265,49.804310696924141],[6.687044934566092,49.804355632036092],[6.687042792529534,49.804400567147624],[6.687040650487592,49.80444550225873],[6.687036366387553,49.804535372479691],[6.687032082265976,49.804625242699004],[6.687029940197109,49.804670177808021],[6.687027798122856,49.804715112916625],[6.687025656043221,49.804760048024811],[6.687023513958201,49.804804983132577],[6.686954070514494,49.804803596461362],[6.68694978619995,49.80489346667126],[6.686947644034601,49.804938401775587],[6.686945501863867,49.804983336879474],[6.686943359687747,49.805028271982977],[6.686941217506241,49.805073207086032],[6.686939075319352,49.805118142188682],[6.686869631431817,49.805116755460553],[6.686867489175368,49.805161690560602],[6.686798045229048,49.805160303788689],[6.686795902903039,49.80520523888611],[6.686793760571645,49.805250173983119],[6.686724316502362,49.80524878716524],[6.686722174101407,49.805293722259641],[6.686652729973338,49.805292335398008],[6.686650587502823,49.80533727048978],[6.686648445026922,49.805382205581161],[6.686646302545634,49.805427140672123],[6.686644160058961,49.805472075762665],[6.686642017566902,49.805517010852782],[6.686639875069456,49.805561945942479],[6.686637732566626,49.805606881031757],[6.686707177143921,49.80560826790876],[6.68670503469988,49.805653202999814],[6.686702892250453,49.805698138090456],[6.686700749795638,49.805743073180679],[6.686770194570851,49.805744460022652],[6.686768052174828,49.805789395114658],[6.686837497019604,49.805790781917246],[6.686835354682372,49.805835717011014],[6.686904799596713,49.805837103774223],[6.686902657318272,49.805882038869754],[6.686900515034445,49.805926973964887],[6.686969960082527,49.805928360690892],[6.686967817857492,49.80597329578778],[6.686965675627071,49.80601823088427],[6.687035120808895,49.806019617573078],[6.687032978637266,49.80606455267133],[6.687030836460253,49.806109487769163],[6.687028694277855,49.80615442286657],[6.687098139657598,49.806155809520369],[6.687095997533992,49.806200744619566],[6.68702655209007,49.806199357963578],[6.687024409896901,49.806244293060153],[6.686954964394189,49.806242906360389],[6.686952822131456,49.806287841454363],[6.686883376569954,49.806286454710829],[6.686813931013838,49.806285067925714],[6.686811788617363,49.806330003014885],[6.686742343002458,49.806328616185986],[6.686672897392942,49.806327229315507],[6.686670754862723,49.806372164399875],[6.686601309194416,49.806370777485611],[6.686531863531497,49.806369390529774],[6.686462417873967,49.806368003532349],[6.686460275145827,49.806412938609732],[6.686390829429508,49.80641155156853],[6.686321383718577,49.806410164485754],[6.686251938013037,49.806408777361376],[6.686182492312885,49.806407390195425],[6.686113046618122,49.806406002987885],[6.686043600928747,49.806404615738778],[6.686041457810149,49.806449550802569],[6.685972012061987,49.806448163509685],[6.685969868873823,49.806493098570868],[6.685900423066872,49.806491711234209],[6.685898279809139,49.806536646292784],[6.685828833943401,49.806535258912326],[6.685826690616103,49.806580193968315],[6.685824547283415,49.80662512902385],[6.685755101294708,49.806623741597441],[6.685685655311392,49.806622354129438],[6.685683511844958,49.80666728918019],[6.685614065802852,49.80666590166841],[6.68561192226685,49.806710836716555],[6.685542476165956,49.806709449160991],[6.685473030070455,49.80670806156386],[6.685403583980342,49.806706673925135],[6.685401440246413,49.806751608966266],[6.685331994097514,49.806750221283764],[6.685329850294015,49.806795156322288],[6.685260404086327,49.806793768596023],[6.685258260213258,49.806838703631946],[6.685188813946783,49.806837315861898],[6.6851193676857,49.806835928050248],[6.685117223678882,49.806880863081361],[6.685047777359009,49.806879475225934],[6.684978331044529,49.806878087328947],[6.684976186903961,49.806923022355242],[6.684906740530693,49.806921634414472],[6.684904596320556,49.80696656943816],[6.6848351498885,49.806965181453613],[6.684765703461838,49.806963793427478],[6.684763559117949,49.807008728446348],[6.684694112632499,49.807007340376437],[6.684691968219038,49.807052275392707],[6.684622521674801,49.807050887279011],[6.684620377191768,49.807095822292673],[6.684550930588745,49.807094434135195],[6.684548786036141,49.807139369146256],[6.684479339374328,49.807137980945001],[6.684477194752151,49.807182915953447],[6.684407748031552,49.807181527708401],[6.684405603339803,49.807226462714233],[6.684336156560416,49.807225074425425],[6.684266709786423,49.807223686095021],[6.684197263017826,49.807222297723044],[6.684127816254622,49.807220909309486],[6.684125671300755,49.807265844306109],[6.684123526341497,49.807310779302327],[6.684054079455326,49.807309390842789],[6.684051934426494,49.807354325836378],[6.683982487481535,49.807352937333064],[6.683980342383128,49.80739787232406],[6.683910895379383,49.807396483776962],[6.683908750211401,49.807441418765336],[6.683839303148869,49.807440030174462],[6.683837157911312,49.807484965160214],[6.683767710789994,49.80748357652557],[6.683765565482862,49.807528511508707],[6.683696118302756,49.807527122830273],[6.683693972926051,49.807572057810809],[6.683624525687158,49.807570669088598],[6.683622380240876,49.807615604066513],[6.683552932943197,49.807614215300518],[6.683483485650915,49.807612826492935],[6.683481340070873,49.807657761466061],[6.683411892719803,49.807656372614694],[6.683409747070185,49.807701307585191],[6.683340299660331,49.807699918690048],[6.683338153941135,49.807744853657944],[6.683268706472495,49.807743464719003],[6.683266560683723,49.807788399684298],[6.683197113156295,49.807787010701581],[6.683194967297945,49.807831945664255],[6.683125519711731,49.807830556637761],[6.683056072130914,49.807829167569686],[6.683053926138802,49.807874102527542],[6.6829844784992,49.807872713415684],[6.68298233243751,49.807917648370932],[6.682912884739121,49.807916259215297],[6.682910738607853,49.80796119416793],[6.682841290850678,49.807959804968512],[6.682839144649831,49.808004739918523],[6.682769696833871,49.808003350675328],[6.682767550563445,49.808048285622732],[6.682698102688697,49.808046896335746],[6.682628654819348,49.808045507007186],[6.682626508415159,49.808090441949766],[6.682557060487024,49.808089052577422],[6.682554914013255,49.808133987517394],[6.682485466026334,49.808132598101274],[6.682483319482984,49.808177533038638],[6.682413871437277,49.80817614357872],[6.682411724824346,49.808221078513469],[6.682342276719855,49.808219689009789],[6.682340130037344,49.808264623941909],[6.682270681874067,49.808263234394431],[6.68220123371619,49.808261844805386],[6.682199086899911,49.808306779732703],[6.682129638683248,49.808305390099861],[6.682127491797388,49.808350325024563],[6.682058043521941,49.808348935347944],[6.682055896566499,49.808393870270017],[6.681986448232265,49.808392480549614],[6.68198430120724,49.808437415469093],[6.681914852814222,49.808436025704907],[6.681845404426603,49.808434635899125],[6.68184325726781,49.808479570813795],[6.681773808821406,49.808478180964244],[6.68177166159303,49.808523115876291],[6.681702213087842,49.808521725982942],[6.681700065789882,49.808566660892382],[6.681630617225907,49.808565270955256],[6.681561168667336,49.808563880976543],[6.681559021235606,49.808608815881165],[6.681489572618248,49.808607425858668],[6.681487425116935,49.808652360760675],[6.681417976440793,49.808650970694394],[6.681415828869895,49.808695905593794],[6.681346380134968,49.808694515483737],[6.681276931405443,49.808693125332084],[6.681274783700773,49.808738060226659],[6.681205334912463,49.808736670031237],[6.681203187138207,49.808781604923198],[6.681133738291114,49.808780214683978],[6.681131590447274,49.808825149573323],[6.681062141541394,49.80882375929032],[6.680992692640918,49.80882236896575],[6.680990544663306,49.808867303850271],[6.680921095704044,49.808865913481895],[6.680918947656846,49.808910848363816],[6.6808494986388,49.808909457951671],[6.680780049626159,49.808908067497924],[6.680777901445184,49.808953002375027],[6.680708452373758,49.808951611877504],[6.680706304123198,49.808996546751992],[6.680636854992988,49.808995156210678],[6.680567405868181,49.808993765627783],[6.680565257483845,49.80903870049746],[6.680495808300254,49.809037309870774],[6.680493659846331,49.809082244737823],[6.680424210603955,49.809080854067375],[6.680354761366986,49.80907946335531],[6.680352612779287,49.809124398217556],[6.680283163483533,49.809123007461714],[6.680281014826245,49.809167942321338],[6.680211565471707,49.809166551521706],[6.68020941674483,49.809211486378722],[6.68013996733151,49.809210095535313],[6.680137818535043,49.8092550303897],[6.680068369062938,49.809253639502508],[6.679998919596239,49.809252248573721],[6.679996770665994,49.809297183423304],[6.679927321140511,49.80929579245074],[6.679925172140677,49.809340727297702],[6.679855722556411,49.809339336281347],[6.679853573486985,49.809384271125687],[6.679784123843937,49.809382880065534],[6.67978197470492,49.809427814907281],[6.679712525003088,49.809426423803345],[6.67971037579448,49.809471358642448],[6.679640926033865,49.809469967494742],[6.679638776755665,49.809514902331237],[6.679569326936268,49.809513511139734],[6.679567177588475,49.809558445973614],[6.679497727710295,49.809557054738328],[6.67949557829291,49.809601989569593],[6.679426128355948,49.809600598290515],[6.679423978868971,49.809645533119145],[6.679354528873224,49.809644141796291],[6.679352379316654,49.809689076622313],[6.679282929262126,49.809687685255668],[6.679280779635962,49.809732620079068],[6.679211329522651,49.809731228668639],[6.679209179826893,49.809776163489424],[6.6791397296548,49.809774772035205],[6.679137579889449,49.809819706853375],[6.679068129658573,49.809818315355365],[6.679065979823627,49.80986325017092],[6.678996529533967,49.809861858629127],[6.678994379629428,49.809906793442067],[6.678924929280987,49.809905401856483],[6.678922779306851,49.809950336666795],[6.678920629327312,49.809995271476694],[6.678851178855897,49.809993879845123],[6.678849028806761,49.810038814652408],[6.678779578276565,49.810037422977047],[6.678777428157833,49.810082357781717],[6.678707977568854,49.810080966062564],[6.678705827380527,49.810125900864612],[6.678636376732763,49.810124509101676],[6.67863422647484,49.810169443901103],[6.678564775768296,49.810168052094376],[6.678562625440774,49.810212986891194],[6.678493174675448,49.810211595040677],[6.678491024278332,49.810256529834859],[6.678421573454221,49.810255137940565],[6.678419422987507,49.81030007273214],[6.678349972104614,49.810298680794048],[6.678347821568302,49.810343615583008],[6.678278370626626,49.810342223601126],[6.678276220020717,49.810387158387464],[6.678206769020259,49.810385766361797],[6.678204618344751,49.810430701145506],[6.678135167285511,49.810429309076056],[6.678133016540404,49.810474243857151],[6.678063565422382,49.810472851743917],[6.678061414607676,49.810517786522382],[6.677991963430872,49.810516394365344],[6.677989812546566,49.810561329141208],[6.677920361310981,49.810559936940386],[6.677918210357075,49.810604871713622],[6.677848759062707,49.810603479469016],[6.677779307773749,49.810602087182815],[6.677777156686052,49.810647021951226],[6.677707705338311,49.810645629621234],[6.677705554181014,49.810690564387045],[6.677636102774491,49.810689172013262],[6.677633951547592,49.810734106776451],[6.67756450008229,49.810732714358885],[6.67756234878579,49.810777649119437],[6.677492897261704,49.810776256658073],[6.677423445743029,49.810774864155114],[6.677421294312735,49.81081979891087],[6.677351842735278,49.810818406364127],[6.677349691235382,49.810863341117255],[6.677347539730078,49.810908275869949],[6.677278088029648,49.810906883277212],[6.677208636334628,49.810905490642895],[6.677206484695527,49.810950425390779],[6.677137032941726,49.810949032712671],[6.677067581193336,49.810947639992968],[6.677065429420439,49.810992574736026],[6.676995977613269,49.810991181972533],[6.67692652581151,49.810989789167444],[6.676924373904817,49.811034723905692],[6.676854922044277,49.811033331056819],[6.676852770067981,49.811078265792446],[6.67678331814866,49.811076872899761],[6.676781166102759,49.811121807632773],[6.676711714124658,49.811120414696319],[6.676709562009152,49.811165349426695],[6.67664010997227,49.81116395644645],[6.676637957787159,49.811208891174218],[6.676568505691495,49.811207498150182],[6.676566353436781,49.811252432875314],[6.676564201176656,49.811297367600041],[6.676494748958016,49.811295974529997],[6.676492596628284,49.81134090925211],[6.676423144350864,49.811339516138283],[6.676353692078858,49.81133812298286],[6.676351539615326,49.811383057700141],[6.676349387146383,49.811427992417009],[6.676279934751401,49.811426599215586],[6.67627778221285,49.811471533929847],[6.676208329759088,49.811470140684648],[6.676206177150931,49.811515075396258],[6.676136724638387,49.811513682107254],[6.676134571960623,49.811558616816264],[6.676065119389298,49.811557223483483],[6.676062966641927,49.811602158189856],[6.67599351401182,49.811600764813285],[6.675991361194842,49.811645699517037],[6.675921908505956,49.81164430609666],[6.675919755619368,49.811689240797797],[6.675850302871701,49.81168784733363],[6.675848149915505,49.811732782032152],[6.675778697109057,49.811731388524194],[6.675776544083253,49.811776323220087],[6.675707091218025,49.811774929668331],[6.675637638358211,49.811773536074995],[6.675635485198602,49.81181847076607],[6.675566032280007,49.811817077128929],[6.675563879050788,49.811862011817375],[6.675494426073414,49.811860618136443],[6.675424973101457,49.811859224413929],[6.675355520134914,49.811857830649828],[6.675353366707692,49.811902765331247],[6.67528391368237,49.811901371523334],[6.675214460662464,49.811899977673832],[6.675212307101436,49.811944912350441],[6.67514285402275,49.811943518457149],[6.675073400949482,49.811942124522268],[6.675071247254645,49.811987059194045],[6.675001794122597,49.811985665215367],[6.674999640358149,49.812030599884515],[6.674997486588287,49.812075534553252],[6.674928033333262,49.812074140528587],[6.674858580083654,49.812072746462313],[6.674856426179985,49.812117681126225],[6.674786972871596,49.81211628701616],[6.674717519568626,49.812114892864521],[6.674648066271073,49.812113498671273],[6.67457861297894,49.812112104436451],[6.674509159692223,49.812110710160042],[6.674439706410926,49.812109315842015],[6.674437552116657,49.812154250492277],[6.674368098776581,49.812152856130474],[6.674298645441923,49.812151461727076],[6.674296491013845,49.812196396372521],[6.674227037620408,49.812195001925325],[6.674157584232391,49.812193607436541],[6.674088130849793,49.812192212906169],[6.674018677472614,49.812190818334194],[6.67401652278233,49.812235752970395],[6.673947069346373,49.81223435835463],[6.673877615915836,49.812232963697276],[6.673875461091739,49.812277898328666],[6.673806007602424,49.812276503627508],[6.673736554118529,49.812275108884776],[6.673667100640055,49.812273714100442],[6.673664945617948,49.812318648724791],[6.673595492080696,49.812317253896659],[6.673526038548864,49.812315859026945],[6.673523883392944,49.812360793646462],[6.673454429802335,49.812359398732951],[6.673384976217148,49.812358003777838],[6.673382820927415,49.812402938392523],[6.67331336728345,49.812401543393626],[6.673243913644907,49.812400148353127],[6.673174460011785,49.812398753271047],[6.673172304524039,49.812443687878705],[6.67310285083214,49.812442292752827],[6.673033397145663,49.812440897585354],[6.673031241524103,49.812485832188173],[6.67296178777885,49.812484436976895],[6.67289233403902,49.812483041724036],[6.672890178283642,49.812527976322038],[6.672820724485035,49.812526581025374],[6.67275127069185,49.812525185687136],[6.672681816904086,49.812523790307296],[6.672679660950695,49.812568724898256],[6.672610207104157,49.812567329474632],[6.672540753263041,49.812565934009392],[6.672538597175834,49.812610868595527],[6.672469143275943,49.812609473086496],[6.672399689381477,49.812608077535884],[6.672397533160451,49.812653012117188],[6.672328079207208,49.812651616522764],[6.672258625259389,49.812650220886759],[6.672256468904544,49.812695155463231],[6.67218701489795,49.812693759783436],[6.672117560896781,49.81269236406203],[6.672115404408117,49.812737298633664],[6.672045950348172,49.812735902868475],[6.671976496293651,49.812734507061691],[6.671907042244556,49.812733111213312],[6.671904885557875,49.812778045777904],[6.671835431450004,49.812776649885741],[6.671765977347557,49.812775253951976],[6.671763820527056,49.812820188511751],[6.671694366365836,49.812818792534195],[6.67162491221004,49.81281739651503],[6.671622755255719,49.812862331069965],[6.671553301041149,49.812860935007009],[6.671483846832005,49.812859538902451],[6.671481689743862,49.812904473452569],[6.671412235475944,49.812903077304235],[6.671342781213452,49.81290168111429],[6.671340623991487,49.812946615659563],[6.671271169670222,49.812945219425821],[6.671201715354384,49.812943823150498],[6.671199557998595,49.812988757690931],[6.671130103623983,49.81298736137181],[6.671060649254797,49.812985965011087],[6.671058491765186,49.813030899546696],[6.670989037337226,49.813029503142182],[6.670919582914695,49.813028106696066],[6.670917425291259,49.813073041226858],[6.670847970809954,49.813071644736944],[6.670845813116896,49.813116579265078],[6.670776358576817,49.81311518273138],[6.670706904042167,49.813113786156073],[6.670704746215284,49.813158720679397],[6.67063529162186,49.813157324060299],[6.67063313372535,49.813202258580986],[6.670563679073155,49.813200861918084],[6.670494224426386,49.813199465213593],[6.670492066396052,49.813244399729449],[6.670422611690511,49.813243002981153],[6.67042045359055,49.81328793749438],[6.670350998826237,49.813286540702286],[6.67034884065665,49.813331475212884],[6.670279385833564,49.813330078376993],[6.67027722759435,49.813375012884983],[6.670207772712493,49.813373616005293],[6.670138317836065,49.813372219083995],[6.670136159463024,49.813417153587139],[6.670066704527823,49.813415756622049],[6.670064546085153,49.813460691122565],[6.669995091091181,49.813459294113677],[6.669992932578884,49.813504228611563],[6.66992347752614,49.813502831558878],[6.669921318944214,49.813547766054143],[6.669851863832698,49.81354636895766],[6.669849705181145,49.813591303450281],[6.669780250010857,49.813589906309993],[6.669778091289674,49.813634840799999],[6.669708636060614,49.813633443615913],[6.669706477269802,49.81367837810329],[6.669637021981971,49.8136769808754],[6.669634863121529,49.813721915360141],[6.669632704255661,49.813766849844477],[6.669563248844856,49.813765452570578],[6.669561089909357,49.813810387052293],[6.66949163443978,49.813808989734582],[6.669489475434652,49.813853924213653],[6.669420019906301,49.813852526852152],[6.669417860831542,49.813897461328608],[6.669348405244421,49.813896063923302],[6.66934624610003,49.813940998397129],[6.669344086950212,49.813985932870523],[6.669274631240116,49.813984535419209],[6.669272472020666,49.814029469889995],[6.669270312795787,49.814074404360341],[6.669200856962717,49.814073006863005],[6.669198697668206,49.814117941330736],[6.669129241776364,49.814116543789602],[6.669127082412222,49.814161478254704],[6.669124923042648,49.814206412719393],[6.669055467027831,49.814205015132252],[6.669053307588626,49.814249949594299],[6.669051148143991,49.814294884055933],[6.668981692006199,49.814293486422784],[6.668979532491931,49.814338420881789],[6.668977372972234,49.814383355340368],[6.668907916711465,49.814381957661205],[6.668905757122134,49.814426892117169],[6.668903597527373,49.814471826572706],[6.668834141143628,49.814470428847535],[6.668831981479233,49.814515363300437],[6.668762525036715,49.814513965531461],[6.668760365302685,49.814558899981748],[6.668758205563226,49.814603834431608],[6.668688748997732,49.81460243661661],[6.668686589188637,49.814647371063849],[6.668684429374111,49.814692305510661],[6.668682269554156,49.814737239957068],[6.668612812801478,49.814735842093846],[6.668610652911889,49.81478077653761],[6.668608493016867,49.814825710980976],[6.668539036141211,49.814824313071739],[6.668536876176554,49.814869247512455],[6.668534716206465,49.814914181952759],[6.66846525920783,49.814912783997514],[6.668463099168106,49.814957718435188],[6.668460939122951,49.815002652872444],[6.668458779072362,49.815047587309287],[6.668389321886543,49.815046189305818],[6.668387161766319,49.815091123740025],[6.668385001640663,49.815136058173813],[6.668382841509577,49.815180992607175],[6.668452298888016,49.815182390617281],[6.66852175627189,49.815183788585777],[6.668519596263786,49.815228723023147],[6.668589053717299,49.815230120952265],[6.668658511176244,49.815231518839781],[6.668656351291125,49.815276453281143],[6.668725808819711,49.815277851129274],[6.66879526635373,49.815279248935823],[6.668864723893179,49.815280646700764],[6.668934181438063,49.815282044424116],[6.668936341066352,49.815237109973914],[6.669005798552462,49.815238507653461],[6.669007958111116,49.815193573200617],[6.669010117664341,49.815148638747374],[6.669079575027467,49.815150036380899],[6.669081734511055,49.81510510192502],[6.669151191815406,49.815106499514755],[6.669153351229358,49.81506156505624],[6.669155510637881,49.815016630597306],[6.66922496781925,49.815018028141026],[6.669227127158138,49.81497309367947],[6.669229286491595,49.814928159217494],[6.669298743549984,49.8149295567152],[6.669300902813807,49.814884622250595],[6.6693030620722,49.814839687785572],[6.669233605142225,49.814838290292286],[6.669235764459396,49.81479335582906],[6.669237923771136,49.814748421365415],[6.669240083077449,49.81470348690133],[6.669309539814809,49.814704884387993],[6.669311699051488,49.8146599499213],[6.669313858282736,49.81461501545418],[6.669383314897118,49.814616412894829],[6.669385474058733,49.814571478425073],[6.66938763321492,49.814526543954912],[6.669457089706322,49.814527941349546],[6.66945493061434,49.814572875821924],[6.669524387175375,49.814574273177165],[6.669593843741843,49.814575670490825],[6.669663300313741,49.81457706776289],[6.669665459213109,49.814532133283883],[6.669667618107049,49.814487198804486],[6.669737074555968,49.814488596030529],[6.669739233380275,49.814443661548474],[6.669808689770419,49.814445058730719],[6.669810848525095,49.814400124246049],[6.669880304856463,49.814401521384482],[6.669882463541507,49.814356586897198],[6.669951919814102,49.81435798399184],[6.669954078429514,49.814313049501912],[6.669956237039498,49.814268115011565],[6.670025693189115,49.814269512060207],[6.670027851729468,49.814224577567224],[6.670097307820308,49.814225974572061],[6.670099466291032,49.814181040076448],[6.670168922323099,49.814182437037488],[6.670238378360596,49.814183833956918],[6.670240536697485,49.814138899456474],[6.670309992676206,49.81414029633212],[6.670312150943464,49.814095361829061],[6.67038160686341,49.814096758660895],[6.67038376506104,49.814051824155207],[6.670453220922211,49.814053220943229],[6.670455379050212,49.81400828643492],[6.670385923253244,49.814006889649093],[6.67038808144002,49.813961955142574],[6.670390239621371,49.813917020635628],[6.670320783958238,49.813915623812619],[6.670322942198365,49.813870689307457],[6.670325100433065,49.81382575480189],[6.67032941688619,49.81373588578947],[6.670398872292514,49.81373728260364],[6.670401030446735,49.813692348094612],[6.670403188595529,49.813647413585144],[6.670472643878879,49.813648810353314],[6.670542099167657,49.813650207079881],[6.670544257182623,49.813605272565574],[6.670613712412626,49.813606669248351],[6.670683167648058,49.813608065889525],[6.670752622888917,49.813609462489104],[6.670754780705851,49.813564527967785],[6.670824235887936,49.813565924523559],[6.670893691075448,49.813567321037752],[6.670895848758555,49.813522386511586],[6.670965303887293,49.813523782981967],[6.670967461500775,49.813478848453173],[6.670969619108829,49.813433913923966],[6.671039074114591,49.813435310348346],[6.671041231653021,49.813390375816503],[6.67111068660001,49.813391772197086],[6.671180141552425,49.813393168536081],[6.671249596510265,49.81339456483348],[6.671319051473531,49.813395961089284],[6.671388506442224,49.813397357303494],[6.671457961416343,49.813398753476115],[6.671455804263118,49.813443688021202],[6.671386349224798,49.813442291846378],[6.67138419200195,49.813487226388823],[6.671382034773678,49.813532160930862],[6.6714514899404,49.813533557110091],[6.671520945112548,49.813534953247746],[6.671590400290122,49.813536349343806],[6.671659855473122,49.813537745398264],[6.671729310661546,49.813539141411127],[6.671798765855397,49.813540537382401],[6.67180092269846,49.813495602827132],[6.671870377833534,49.813496998754609],[6.67193983297403,49.813498394640483],[6.671941989683269,49.813453460080382],[6.67201144476499,49.813454855922473],[6.672013601404605,49.813409921359735],[6.672083056427549,49.813411317158028],[6.672085212997541,49.813366382592662],[6.67208736956211,49.813321448026883],[6.672089526121258,49.813276513460686],[6.672158980957024,49.813277909210761],[6.672228435798214,49.813279304919241],[6.672297890644828,49.813280700586127],[6.67230004700595,49.813235766012902],[6.672302203361652,49.81319083143925],[6.672304359711934,49.81314589686518],[6.672234905057921,49.813144501204903],[6.67223706146698,49.81309956663263],[6.672239217870618,49.813054632059924],[6.672241374268835,49.813009697486798],[6.672310828730247,49.813011093140453],[6.672312985058842,49.81296615856472],[6.672382439461478,49.812967554174577],[6.672451893869536,49.812968949742839],[6.67252134828302,49.812970345269513],[6.672523504413594,49.812925410686717],[6.672592958768301,49.812926806169592],[6.672662413128429,49.812928201610873],[6.672664569125184,49.812883267023267],[6.672734023426537,49.812884662420757],[6.672803477733313,49.812886057776637],[6.672805633596249,49.812841123184214],[6.672875087844246,49.812842518496296],[6.672944542097667,49.812843913766805],[6.673013996356509,49.812845308995712],[6.673016152021428,49.812800374396232],[6.673085606221492,49.812801769581348],[6.673155060426979,49.812803164724869],[6.673224514637887,49.812804559826802],[6.673226670104789,49.812759625220281],[6.67329612425692,49.812761020278415],[6.673365578414471,49.812762415294962],[6.673367733747556,49.812717480683624],[6.673437187846329,49.812718875656365],[6.673506641950524,49.812720270587519],[6.673508797149792,49.812675335971356],[6.673578251195208,49.812676730858705],[6.673647705246045,49.812678125704473],[6.673717159302304,49.812679520508645],[6.673786613363981,49.81268091527123],[6.673788768301034,49.812635980645815],[6.673858222303935,49.812637375364602],[6.673927676312254,49.812638770041794],[6.673997130325994,49.812640164677397],[6.673999285065033,49.81259523004497],[6.674068739019993,49.812596624636768],[6.674138192980372,49.812598019186979],[6.674136038369729,49.812642953823818],[6.674205492399727,49.812644348334651],[6.674203337847866,49.812689282973281],[6.674201183290588,49.812734217611485],[6.674270637454402,49.812735612085135],[6.674340091623637,49.812737006517168],[6.674409545798287,49.812738400907641],[6.674478999978358,49.812739795256498],[6.67447684567246,49.8127847299031],[6.674474691361146,49.812829664549298],[6.674544145675034,49.812831058860972],[6.674546299922149,49.812786124212579],[6.674615754177255,49.812787518480455],[6.674613599994341,49.812832453131051],[6.674683054319065,49.812833847359556],[6.674685208437781,49.812788912706758],[6.674754662703724,49.812790306891458],[6.674824116975085,49.81279170103457],[6.674893571251863,49.81279309513608],[6.674963025534059,49.812794489196008],[6.674965179390561,49.812749554533973],[6.675034633613976,49.812750948550104],[6.675104087842807,49.812752342524647],[6.675173542077054,49.812753736457587],[6.675242996316721,49.812755130348933],[6.675312450561803,49.812756524198704],[6.675381904812301,49.812757918006866],[6.675451359068216,49.812759311773448],[6.675520813329546,49.812760705498434],[6.67552296666704,49.81271577081835],[6.675592420869588,49.812717164499539],[6.675661875077551,49.812718558139139],[6.675664028281231,49.812673623454238],[6.675733482430412,49.81267501705004],[6.675802936585008,49.812676410604247],[6.675872390745019,49.812677804116881],[6.675874543750687,49.812632869424966],[6.675876696750945,49.812587934732605],[6.675946150787973,49.812589328199223],[6.675948303718617,49.812544393504261],[6.676017757696863,49.812545786927082],[6.676019910557897,49.812500852229505],[6.676022063413517,49.812455917531501],[6.675952609563669,49.812454524113079],[6.675954762478075,49.812409589416852],[6.676024216263724,49.812410982833079],[6.676093670054787,49.81241237620771],[6.676163123851266,49.812413769540747],[6.676232577653159,49.812415162832195],[6.676302031460466,49.812416556082042],[6.676304184048468,49.812371621374403],[6.676373637796991,49.812373014580452],[6.676443091550927,49.812374407744926],[6.676512545310278,49.812375800867805],[6.676581999075042,49.812377193949096],[6.676651452845221,49.812378586988778],[6.676720906620812,49.812379979986879],[6.676790360401816,49.812381372943392],[6.676792512535019,49.812336438219909],[6.676861966257237,49.812337831132631],[6.676859814188233,49.81238276585831],[6.676929267980063,49.812384158731639],[6.67693141998487,49.812339224003757],[6.676933571984266,49.812294289275442],[6.676935723978252,49.812249354546729],[6.6770051775829,49.812250747371849],[6.677007329507278,49.812205812640507],[6.677076783053141,49.812207205421856],[6.67707893490791,49.812162270687892],[6.677148388394988,49.812163663425444],[6.677217841887478,49.812165056121401],[6.677219993608443,49.812120121382613],[6.677289447042146,49.812121514034772],[6.677358900481263,49.812122906645342],[6.677428353925791,49.812124299214318],[6.67749780737573,49.81212569174172],[6.677499958834494,49.812080756993701],[6.677504261735796,49.811990887496435],[6.677573714998555,49.811992279975641],[6.677643168266725,49.81199367241323],[6.677712621540305,49.811995064809246],[6.677782074819297,49.811996457163673],[6.677784226005047,49.8119515224056],[6.677853679225251,49.811952914716223],[6.677855830341396,49.811907979955549],[6.677925283502813,49.811909372222388],[6.677994736669642,49.811910764447632],[6.677996887651984,49.811865829682134],[6.678066340760027,49.811867221863587],[6.678068491672764,49.81182228709546],[6.678070642580095,49.811777352326914],[6.678140095565153,49.811778744462387],[6.67814224640288,49.811733809691219],[6.678211699329152,49.811735201782895],[6.678281152260834,49.811736593832975],[6.67828330296476,49.811691659056997],[6.678352755837655,49.81169305106328],[6.678354906471979,49.811648116284687],[6.678424359286087,49.811649508247193],[6.678493812105603,49.811650900168104],[6.678563264930529,49.811652292047413],[6.678565415366857,49.811607357261799],[6.678634868132995,49.811608749097331],[6.678637018499722,49.811563814309089],[6.678706471207073,49.81156520610083],[6.678708621504197,49.811520271309981],[6.678847526806733,49.811523054764287],[6.678916979466112,49.811524446429054],[6.6789864321309,49.811525838052226],[6.678988582165837,49.811480903252153],[6.679127487383243,49.811483686369328],[6.679196940000058,49.811485077865534],[6.679199089837002,49.811440143058448],[6.679268542395029,49.811441534510863],[6.679337994958463,49.811442925921696],[6.679407447527303,49.81144431729092],[6.679409597166256,49.811399382476814],[6.679479049676306,49.811400773802269],[6.679548502191765,49.811402165086122],[6.679617954712629,49.811403556328379],[6.679620104153592,49.81135862150726],[6.679689556615667,49.811360012705741],[6.679759009083148,49.811361403862627],[6.679828461556035,49.811362794977924],[6.67983061079901,49.811317860149785],[6.679900063213107,49.811319251221285],[6.679902212386482,49.811274316390545],[6.67997166474179,49.811275707418261],[6.679973813845567,49.811230772584892],[6.679975962943941,49.811185837751104],[6.680045415176265,49.81118722873282],[6.680047564205041,49.811142293896431],[6.680117016378576,49.811143684834356],[6.680119165337755,49.811098749995345],[6.680188617452499,49.811100140889508],[6.680190766342082,49.811055206047861],[6.680260218398037,49.811056596898226],[6.680262367218022,49.811011662053978],[6.680264516032606,49.810966727209305],[6.680266664841787,49.810921792364219],[6.680336116710564,49.810923183166402],[6.680338265450148,49.810878248318694],[6.680340414184332,49.81083331347056],[6.680409865930127,49.810834704226757],[6.680412014594714,49.810789769376022],[6.680414163253899,49.810744834524861],[6.680483614876713,49.810746225235064],[6.680485763466304,49.810701290381296],[6.680555215030327,49.810702681047701],[6.680557363550322,49.810657746191325],[6.680559512064916,49.810612811334508],[6.680628963505958,49.810614201954941],[6.680631111950958,49.810569267095516],[6.680700563333211,49.810570657672159],[6.680702711708617,49.810525722810127],[6.68077216303208,49.810527113342978],[6.680774311337892,49.810482178478317],[6.680843762602567,49.810483568967399],[6.680845910838785,49.810438634100123],[6.680915362044671,49.810440024545407],[6.680917510211298,49.810395089675509],[6.680919658372524,49.810350154805192],[6.680989109455428,49.810351545204497],[6.680991257547062,49.810306610331573],[6.681060708571177,49.810308000687087],[6.681062856593218,49.810263065811547],[6.681132307558544,49.810264456123285],[6.681134455510994,49.810219521245124],[6.681203906417531,49.810220911513063],[6.681206054300389,49.810175976632294],[6.681275505148137,49.81017736685645],[6.681277652961405,49.810132431973067],[6.681279800769271,49.810087497089256],[6.681349251494039,49.810088887267426],[6.681351399232317,49.810043952381001],[6.681420849898295,49.81004534251538],[6.681422997566981,49.810000407626355],[6.681425145230269,49.809955472736895],[6.681494595773267,49.809956862825295],[6.681496743366965,49.809911927933229],[6.681566193851174,49.809913317977852],[6.681568341375283,49.809868383083163],[6.681637791800705,49.809869773083989],[6.681639939255223,49.809824838186692],[6.681709389621855,49.809826228143727],[6.681711537006785,49.809781293243823],[6.681780987314629,49.809782683157081],[6.68178313462997,49.809737748254555],[6.681852584879024,49.80973913812403],[6.681854732124776,49.809694203218882],[6.681924182315042,49.809695593044573],[6.681926329491207,49.809650658136817],[6.681995779622683,49.809652047918725],[6.68199792672926,49.809607113008347],[6.682067376801946,49.809608502746471],[6.682069523838937,49.809563567833472],[6.682138973852833,49.809564957527819],[6.682141120820237,49.809520022612205],[6.682210570775346,49.809521412262768],[6.682212717673162,49.809476477344546],[6.682214864565583,49.809431542425898],[6.682217011452604,49.809386607506852],[6.68221915833423,49.809341672587372],[6.682288608037982,49.809343062187558],[6.682358057747133,49.809344451746149],[6.682427507461685,49.809345841263159],[6.682429654145348,49.809300906336659],[6.682431800823613,49.809255971409776],[6.682501250415187,49.809257360880792],[6.682503397023868,49.80921242595128],[6.682505543627152,49.809167491021334],[6.682574993095748,49.8091688804464],[6.682577139629449,49.809123945513853],[6.682579286157751,49.809079010580881],[6.682648735503371,49.809080399959946],[6.682650881962091,49.809035465024358],[6.682653028415414,49.808990530088359],[6.68265517486334,49.808945595151954],[6.682724624021798,49.80894698448283],[6.682726770400142,49.808902049543811],[6.682728916773089,49.808857114604365],[6.68279836580857,49.808858503889269],[6.682800512111934,49.808813568947208],[6.682802658409905,49.808768634004721],[6.682804804702476,49.808723699061822],[6.682806950989654,49.808678764118497],[6.682876399773788,49.808680153353052],[6.682878545991383,49.808635218407119],[6.682880692203582,49.808590283460767],[6.682882838410388,49.808545348513995],[6.682884984611797,49.808500413566804],[6.68288713080781,49.808455478619202],[6.682956579276413,49.808456867801176],[6.682958725402846,49.808411932850952],[6.682960871523882,49.808366997900315],[6.682963017639523,49.808322062949266],[6.68296516374977,49.808277127997791],[6.683034611967028,49.808278517129402],[6.683036758007694,49.808233582175312],[6.683106206166167,49.808234971263147],[6.683175654330035,49.808236360309394],[6.683177800236938,49.8081914253505],[6.68324724834202,49.808192814352957],[6.683249394179342,49.808147879391434],[6.683318842225637,49.808149268350121],[6.683320987993381,49.808104333385998],[6.683390435980887,49.808105722300901],[6.683392581679053,49.808060787334163],[6.683462029607772,49.808062176205283],[6.683464175236359,49.80801724123593],[6.683533623106289,49.808018630063273],[6.683603070981618,49.808020018849014],[6.683605216476443,49.807975083874858],[6.683674664292981,49.807976472616836],[6.683744112114917,49.807977861317219],[6.683746257475982,49.807932926338253],[6.683815705239128,49.80793431499486],[6.683885153007671,49.807935703609878],[6.683887298234976,49.807890768626088],[6.68395674594473,49.80789215719733],[6.683958891102457,49.807847222210953],[6.683961036254793,49.807802287224135],[6.684030483841575,49.807803675749412],[6.684099931433751,49.807805064233079],[6.684102076452327,49.807760129241458],[6.684171523985717,49.807761517681371],[6.684173668934716,49.807716582687149],[6.684243116409317,49.807717971083257],[6.684245261288742,49.80767303608642],[6.684314708704554,49.807674424438758],[6.684316853514404,49.807629489439307],[6.684386300871427,49.807630877747862],[6.684388445611702,49.807585942745803],[6.684457892909938,49.807587331010581],[6.684460037580639,49.807542396005907],[6.684529484820085,49.807543784226908],[6.684598932064925,49.807545172406321],[6.68460107660187,49.807500237396845],[6.684670523787921,49.807501625532481],[6.684672668255294,49.807456690520382],[6.684742115382555,49.807458078612243],[6.68481156251521,49.807459466662515],[6.684813706848827,49.807414531645605],[6.684883153922693,49.807415919652108],[6.684885298186738,49.807370984632584],[6.684954745201814,49.807372372595303],[6.684956889396287,49.807327437573178],[6.685026336352575,49.807328825492121],[6.685028480477475,49.807283890467374],[6.685097927374974,49.80728527834254],[6.685167374277865,49.807286666176111],[6.685236821186148,49.807288053968108],[6.685238965113112,49.80724311893637],[6.685308411962606,49.807244506684576],[6.685377858817492,49.807245894391194],[6.685380002610705,49.80720095935466],[6.685449449406801,49.807202347017508],[6.685518896208288,49.807203734638769],[6.685521039867749,49.807158799597424],[6.685590486610446,49.807160187174915],[6.685659933358534,49.807161574710811],[6.685662076884244,49.807116639664663],[6.685731523573542,49.807118027156783],[6.685733667029681,49.807073092108034],[6.685803113660189,49.80707447955637],[6.685872560296088,49.807075866963132],[6.685874703618476,49.807030931909566],[6.685944150195584,49.807032319272551],[6.686013596778083,49.807033706593941],[6.686015739966723,49.806988771535586],[6.686085186490431,49.806990158813214],[6.686087329609503,49.80694522375223],[6.686156776074419,49.806946610986067],[6.686158919123923,49.806901675922482],[6.686228365530049,49.806903063112543],[6.686297811941565,49.80690445026103],[6.68629995485732,49.806859515192649],[6.686369401210045,49.806860902297345],[6.686438847568158,49.806862289360467],[6.686440990350166,49.806817354287276],[6.686510436649489,49.806818741306621],[6.686512579361929,49.806773806230808],[6.686582025602462,49.806775193206377],[6.686651471848382,49.806776580140358],[6.686653614427076,49.806731645059756],[6.686723060614205,49.806733031949967],[6.686792506806722,49.806734418798598],[6.686861953004628,49.806735805605634],[6.686864095385396,49.806690870518032],[6.68693354152451,49.806692257281291],[6.687002987669011,49.806693644002976],[6.6870724338189,49.806695030683073],[6.687074576001744,49.806650095588473],[6.687144022092841,49.806651482224794],[6.687213468189326,49.806652868819533],[6.687215610238426,49.806607933720137],[6.687217752282141,49.806562998620322],[6.687287198255653,49.806564385169089],[6.687289340229803,49.806519450066666],[6.687358786144523,49.806520836571657],[6.687428232064631,49.806522223035074],[6.687430373905038,49.806477287927855],[6.687499819766352,49.806478674347495],[6.687569265633054,49.806480060725534],[6.687571407339718,49.806435125613511],[6.687640853147626,49.806436511947794],[6.68771029896092,49.806437898240482],[6.687779744779601,49.806439284491596],[6.687918636433119,49.806442056869052],[6.687988082267956,49.806443442995409],[6.688057528108178,49.806444829080178],[6.688126973953787,49.806446215123366],[6.688196419804779,49.806447601124972],[6.688265865661157,49.806448987084991],[6.68833531152292,49.806450373003429],[6.688404757390066,49.806451758880279],[6.688474203262598,49.806453144715547],[6.688543649140514,49.806454530509221],[6.688541508332356,49.806499465651925],[6.688539367518818,49.806544400794188],[6.688608813530476,49.806545786550664],[6.688747705569944,49.806548557938875],[6.688817151597753,49.806549943570602],[6.688886597630946,49.806551329160747],[6.688956043669521,49.806552714709312],[6.688958184097983,49.806507779553897],[6.689027630077763,49.806509165058692],[6.689097076062925,49.806510550521892],[6.68916652205347,49.806511935943504],[6.689235968049398,49.806513321323543],[6.689305414050708,49.806514706661986],[6.689374860057401,49.806516091958855],[6.689444306069476,49.806517477214129],[6.689513752086933,49.806518862427836],[6.68958319810977,49.806520247599948],[6.689652644137991,49.806521632730473],[6.689722090171593,49.806523017819416],[6.689724229888699,49.806478082639501],[6.689726369600427,49.806433147459167],[6.689795815511051,49.806434532502152],[6.689865261427056,49.806435917503549],[6.689934707348442,49.806437302463365],[6.689936846862252,49.806392367276054],[6.690006292724839,49.806393752192093],[6.690008432169092,49.806348817002167],[6.690010571607968,49.806303881811822],[6.690012711041463,49.806258946621064],[6.690082156716895,49.806260331488971],[6.690084296080834,49.806215396295592],[6.690014850469582,49.80621401142988],[6.690016989892321,49.806169076238291],[6.690086435439396,49.806170461101807],[6.690088574792577,49.806125525907611],[6.690158020280854,49.80612691072735],[6.690227465774509,49.806128295505509],[6.690229604993958,49.806083360306509],[6.690299050428815,49.806084745040899],[6.690368495869054,49.8060861297337],[6.690437941314672,49.80608751438492],[6.690507386765669,49.806088898994545],[6.690505247802934,49.806133834202306],[6.690574693323487,49.806135218772539],[6.690572554419553,49.806180153982055],[6.690570415510242,49.806225089191152],[6.690639861164533,49.806226473724195],[6.690637722314024,49.806271408935068],[6.690635583458138,49.806316344145522],[6.690705029246166,49.806317728641346],[6.690702890449082,49.806362663853577],[6.69070075164662,49.806407599065388],[6.690770197568386,49.806408983524001],[6.690768058824728,49.806453918737567],[6.690765920075694,49.806498853950743],[6.690835366131196,49.806500238372152],[6.690833227440965,49.806545173587082],[6.690831088745356,49.806590108801593],[6.690900534934598,49.806591493185792],[6.690898396297793,49.806636428402079],[6.690967842556594,49.806637812746871],[6.690965703978593,49.806682747964949],[6.690963565395216,49.806727683182579],[6.691033011787756,49.806729067490174],[6.691030873263182,49.806774002709574],[6.691100319725282,49.806775386977769],[6.691098181259513,49.806820322198952],[6.691167627791171,49.806821706427755],[6.691165489384209,49.806866641650693],[6.69116335097187,49.806911576873226],[6.691232797637268,49.806912961064818],[6.691230659283734,49.806957896289113],[6.691300106018693,49.806959280441319],[6.691297967723965,49.807004215667376],[6.691367414528481,49.807005599780176],[6.69136527629256,49.807050535008017],[6.691434723166636,49.80705191908141],[6.691573616930922,49.807054687103459],[6.691571478882171,49.807099622337446],[6.691640925836562,49.807101006288278],[6.691710372796328,49.807102390197521],[6.691779819761472,49.80710377406519],[6.691777681899892,49.807148709305316],[6.691775544032938,49.807193644545023],[6.69170609693943,49.807192260672977],[6.691703959002919,49.807237195910083],[6.69177340616061,49.807238579784304],[6.691771268282906,49.807283515023187],[6.691701821061033,49.807282131146771],[6.691699683113773,49.807327066383039],[6.691769130399828,49.807328450261643],[6.691766992511376,49.807373385499666],[6.691764854617548,49.807418320737284],[6.691834302037348,49.807419704578678],[6.69183216420233,49.807464639818065],[6.691901611691688,49.807466023620059],[6.69189947391548,49.807510958861208],[6.691968921474398,49.807512342623802],[6.691966783756998,49.807557277866735],[6.691964646034223,49.807602213109249],[6.692034093726887,49.807603596834625],[6.692031956062922,49.8076485320789],[6.692101403825146,49.807649915764877],[6.692170851592746,49.807651299409265],[6.692168714051776,49.807696234657506],[6.692166576505431,49.807741169905327],[6.692236024406775,49.807742553512497],[6.692233886919243,49.807787488762081],[6.692303334890147,49.807788872329866],[6.692301197461424,49.807833807581225],[6.692370645501888,49.807835191109611],[6.692368508131977,49.807880126362733],[6.692437956242004,49.807881509851718],[6.692435818930904,49.807926445106595],[6.692505267110489,49.807927828556188],[6.692574715295452,49.807929211964179],[6.692572578107351,49.807974147223035],[6.692570440913875,49.808019082481465],[6.692639889232582,49.808020465852245],[6.692637752097919,49.808065401112444],[6.692707200486187,49.808066784443817],[6.692705063410338,49.808111719705799],[6.692774511868166,49.80811310299778],[6.69277237485113,49.80815803826151],[6.692841823378518,49.808159421514091],[6.692839686420297,49.808204356779598],[6.692909135017246,49.808205739992765],[6.692906998117837,49.808250675260055],[6.692976446784347,49.808252058433837],[6.692974309943754,49.808296993702868],[6.693043758679825,49.80829837683725],[6.693041621898044,49.80834331210805],[6.693111070703677,49.808344695203033],[6.693108933980712,49.80838963047561],[6.693178382855905,49.808391013531192],[6.693176246191755,49.808435948805545],[6.693245695136508,49.808437331821715],[6.693243558531175,49.808482267097823],[6.693313007545489,49.808483650074599],[6.693310870998973,49.808528585352484],[6.693380320082846,49.808529968289854],[6.693378183595145,49.8085749035695],[6.693447632748581,49.808576286467471],[6.693445496319696,49.808621221748886],[6.693514945542693,49.808622604607464],[6.693512809172625,49.808667539890642],[6.693582258465185,49.808668922709806],[6.693580122153934,49.808713857994761],[6.693649571516053,49.808715240774525],[6.693647435263618,49.808760176061263],[6.693716884695299,49.808761558801621],[6.693714748501683,49.808806494090113],[6.693784198002925,49.808807876791072],[6.693782061868128,49.808852812081312],[6.69385151143893,49.808854194742878],[6.693849375362951,49.808899130034902],[6.693918825003315,49.808900512657061],[6.693916688986155,49.808945447950848],[6.693986138696079,49.8089468305336],[6.693984002737738,49.808991765829155],[6.694053452517224,49.808993148372515],[6.694051316617703,49.809038083669833],[6.694120766466751,49.809039466173786],[6.694118630626049,49.80908440147288],[6.694188080544659,49.809085783937419],[6.694185944762777,49.80913071923829],[6.694255394750947,49.809132101663408],[6.694253259027884,49.809177036966055],[6.694322709085617,49.809178419351788],[6.694320573421376,49.809223354656183],[6.694390023548668,49.809224737002516],[6.694385752332461,49.809314607614432],[6.694383616716303,49.809359542919765],[6.694381481094775,49.809404478224671],[6.694450931484202,49.809405860538149],[6.694520381879,49.809407242810039],[6.694518246380486,49.809452178118903],[6.694587696844845,49.809453560351386],[6.694657147314575,49.809454942542303],[6.694726597789677,49.809456324691617],[6.694724462478367,49.809501260006613],[6.694793913023029,49.80950264211652],[6.694791777770544,49.809547577433271],[6.694861228384767,49.809548959503779],[6.694859093191105,49.809593894822321],[6.694928543874891,49.809595276853422],[6.694926408740051,49.809640212173719],[6.694924273599844,49.809685147493603],[6.694993724417382,49.809686529487479],[6.694991589335999,49.809731464809126],[6.695061040223101,49.809732846763595],[6.695058905200542,49.809777782087011],[6.695128356157205,49.80977916400208],[6.695126221193472,49.809824099327258],[6.695195672219697,49.809825481202921],[6.695193537314787,49.809870416529876],[6.695262988410575,49.809871798366132],[6.69526085356449,49.809916733694848],[6.695330304729842,49.809918115491705],[6.695328169942583,49.809963050822176],[6.695397621177495,49.809964432579619],[6.695395486449063,49.810009367911867],[6.695464937753536,49.81001074962991],[6.695462803083931,49.81005568496392],[6.695532254457968,49.81005706664255],[6.695530119847189,49.810102001978329],[6.695599571290788,49.810103383617559],[6.695597436738836,49.810148318955108],[6.695666888251997,49.810149700554931],[6.69566475375887,49.810194635894241],[6.695734205341595,49.810196017454651],[6.695732070907297,49.810240952795731],[6.695801522559583,49.81024233431674],[6.695799388184113,49.81028726965959],[6.695868839905962,49.810288651141185],[6.695866705589321,49.810333586485797],[6.695936157380731,49.810334967927986],[6.69593402312292,49.810379903274359],[6.696003474983893,49.810381284677156],[6.696001340784909,49.810426220025299],[6.696070792715444,49.810427601388682],[6.696068658575291,49.81047253673858],[6.696138110575387,49.810473918062563],[6.696135976494062,49.810518853414237],[6.696205428563723,49.810520234698807],[6.696203294541228,49.81056517005225],[6.696272746680451,49.810566551297399],[6.696270612716788,49.810611486652597],[6.696340064925572,49.810612867858353],[6.696337931020738,49.810657803215328],[6.696407383299087,49.81065918438167],[6.696405249453083,49.810704119740407],[6.696474701800994,49.810705500867343],[6.696472568013823,49.810750436227849],[6.696470434221285,49.810795371587929],[6.696539886702956,49.810796752677639],[6.696609339189993,49.810798133725754],[6.696607205520484,49.810843069089792],[6.696676658077083,49.8108444500985],[6.696674524466407,49.810889385464293],[6.696743977092571,49.810890766433594],[6.696741843540726,49.810935701801156],[6.696811296236451,49.810937082731058],[6.696809162743439,49.810982018100383],[6.696878615508728,49.810983398990864],[6.69687648207455,49.811028334361957],[6.696945934909401,49.811029715213031],[6.696943801534056,49.811074650585894],[6.69701325443847,49.811076031397562],[6.69708270734825,49.811077412167641],[6.697221613183905,49.811080173583015],[6.697291066109781,49.811081554228323],[6.697288933050059,49.811126489611681],[6.697358386045498,49.811127870217561],[6.697356253044612,49.811172805602688],[6.697425706109612,49.811174186169161],[6.69742357316756,49.811219121556036],[6.697354120038362,49.811217740987374],[6.697351987026749,49.811262676371655],[6.697349854009776,49.811307611755517],[6.697347720987437,49.811352547138974],[6.697345587959737,49.81139748252199],[6.697415041345728,49.811398863099384],[6.697412908376864,49.811443798484177],[6.697482361832418,49.811445179022165],[6.697480228922391,49.811490114408713],[6.697549682447509,49.811491494907287],[6.69761913597799,49.811492875364287],[6.697617003190998,49.811537810754778],[6.697614870398644,49.811582746144865],[6.697684324062888,49.811584126564611],[6.69768219132937,49.811629061956474],[6.697751645063178,49.811630442336821],[6.697749512388498,49.811675377730431],[6.697818966191871,49.811676758071357],[6.697816833576028,49.811721693466737],[6.697886287448965,49.811723073768256],[6.69788415489196,49.811768009165405],[6.697953608834458,49.811769389427511],[6.697951476336293,49.811814324826422],[6.698020930348356,49.811815705049113],[6.698018797909028,49.811860640449801],[6.698088251990654,49.811862020633086],[6.698086119610166,49.811906956035521],[6.698155573761357,49.811908336179393],[6.698153441439708,49.811953271583597],[6.698222895660463,49.811954651688048],[6.698220763397653,49.811999587094022],[6.698290217687971,49.812000967159072],[6.698288085484003,49.812045902566794],[6.698357539843885,49.812047282592445],[6.698355407698754,49.812092218001929],[6.698424862128202,49.812093597988159],[6.698422730041913,49.81213853339942],[6.698492184540923,49.812139913346236],[6.698490052513475,49.812184848759252],[6.69855950708205,49.812186228666661],[6.698557375113443,49.812231164081446],[6.698626829751581,49.812232543949442],[6.698624697841816,49.812277479365989],[6.698694152549518,49.812278859194564],[6.698692020698595,49.812323794612873],[6.698761475475862,49.812325174402041],[6.698759343683781,49.812370109822119],[6.698757211886341,49.812415045241771],[6.698826666797374,49.812416424993714],[6.698824535058776,49.812461360415121],[6.698893990039374,49.81246274012765],[6.69889185835962,49.812507675550833],[6.698961313409781,49.812509055223934],[6.698959181788871,49.812553990648894],[6.699028636908596,49.812555370282588],[6.699026505346528,49.812600305709303],[6.699095960535818,49.812601685303591],[6.699093829032595,49.812646620732053],[6.69916328429145,49.81264800028692],[6.699161152847071,49.812692935717159],[6.69923060817549,49.812694315232612],[6.699228476789956,49.812739250664599],[6.699297932187938,49.812740630140659],[6.69929580086125,49.812785565574423],[6.699365256328798,49.812786945011048],[6.699363125060954,49.812831880446581],[6.699432580598067,49.812833259843792],[6.699430449389069,49.812878195281073],[6.699499904995747,49.812879574638878],[6.699497773845594,49.812924510077927],[6.699567229521835,49.812925889396318],[6.69956509843053,49.81297082483713],[6.699634554176336,49.812972204116107],[6.699632423143877,49.813017139558674],[6.699701878959249,49.813018518798231],[6.69977133477998,49.813019897996206],[6.699840790606071,49.813021277152579],[6.699838659760869,49.813066212601278],[6.699908115656525,49.813067591718223],[6.69990598487017,49.813112527168691],[6.699975440835391,49.813113906246237],[6.699973310107882,49.813158841698453],[6.700042766142667,49.813160220736577],[6.700040635474009,49.813205156190563],[6.700110091578357,49.813206535189273],[6.700179547688066,49.813207914146389],[6.700177417142461,49.813252849604311],[6.700246873321734,49.813254228522013],[6.700244742834977,49.813299163981696],[6.700242612342866,49.813344099440975],[6.70031206865591,49.81334547832143],[6.700381524974311,49.813346857160298],[6.700379394605253,49.813391792623527],[6.700448850993221,49.81339317142298],[6.700446720683014,49.813438106887943],[6.700516177140546,49.813439485647983],[6.700514046889189,49.813484421114715],[6.700511916632476,49.813529356581043],[6.700581373223779,49.813530735303836],[6.700579243025917,49.813575670771925],[6.700648699686785,49.813577049455304],[6.700646569547774,49.813621984925149],[6.700716026278207,49.813623363569107],[6.700713896198048,49.813668299040728],[6.700783352998045,49.813669677645279],[6.700781222976738,49.813714613118648],[6.7008506798463,49.813715991683779],[6.700848549883845,49.81376092715891],[6.700779092950075,49.813759548591598],[6.700776962918056,49.813804484064129],[6.700846419916034,49.813805862633622],[6.700844289942869,49.8138507981079],[6.700913747010411,49.813852176637987],[6.700911617096098,49.813897112114034],[6.700981074233208,49.813898490604693],[6.700978944377748,49.81394342608251],[6.700976814516932,49.813988361559922],[6.701046271787814,49.813989740013334],[6.701115729064055,49.813991118425157],[6.7011135993263,49.814036053906506],[6.701111469583194,49.814080989387421],[6.701180926993207,49.814082367761998],[6.701178797308954,49.814127303244682],[6.701248254788533,49.814128681579859],[6.701246125163133,49.814173617064306],[6.701315582712279,49.814174995360055],[6.701313453145735,49.814219930846257],[6.701382910764444,49.814221309102585],[6.701380781256756,49.814266244590563],[6.701450238945032,49.814267622807478],[6.701448109496198,49.814312558297203],[6.70151756725404,49.814313936474711],[6.701515437864063,49.814358871966185],[6.701584895691472,49.814360250104265],[6.701582766360349,49.814405185597515],[6.701652224257324,49.814406563696181],[6.701650094985057,49.814451499191193],[6.701719552951599,49.814452877250439],[6.70171742373819,49.814497812747199],[6.701786881774296,49.814499190767023],[6.701784752619744,49.814544126265559],[6.701854210725417,49.814545504245963],[6.701852081629722,49.814590439746254],[6.70192153980496,49.814591817687244],[6.701990997985553,49.814593195586632],[6.701988869012928,49.814638131090859],[6.70198674003495,49.814683066594675],[6.702056198349321,49.814684444456823],[6.702054069430202,49.814729379962394],[6.702123527814137,49.814730757785121],[6.702121398953876,49.814775693292461],[6.70219085740738,49.81477707107576],[6.702188728605977,49.814822006584855],[6.702258187129046,49.814823384328747],[6.702256058386502,49.814868319839611],[6.702325516979139,49.814869697544083],[6.702323388295454,49.814914633056688],[6.702392846957656,49.814916010721745],[6.702390718332832,49.814960946236127],[6.7024601770646,49.814962323861749],[6.702458048498636,49.815007259377893],[6.702527507299972,49.815008636964102],[6.702525378792869,49.815053572481993],[6.70259483766377,49.815054950028781],[6.702592709215527,49.815099885548435],[6.702662168155995,49.815101263055816],[6.702660039766614,49.815146198577239],[6.702729498776648,49.815147576045185],[6.702727370446128,49.815192511568362],[6.702725242110258,49.815237447091121],[6.702794701254072,49.815238824521813],[6.702792572977063,49.815283760046341],[6.702862032190443,49.815285137437627],[6.702859903972298,49.815330072963903],[6.702929363255245,49.81533145031576],[6.702927235095961,49.815376385843813],[6.702996694448474,49.815377763156256],[6.702994566348055,49.815422698686042],[6.703064025770137,49.815424075959058],[6.703061897728579,49.81546901149062],[6.703059769681671,49.81551394702177],[6.703129229237533,49.815515324257547],[6.703127101249489,49.815560259790445],[6.703196560874918,49.815561636986793],[6.703194432945739,49.815606572521467],[6.703263892640734,49.815607949678387],[6.703261764770419,49.815652885214824],[6.703259636894753,49.81569782075082],[6.703329096723532,49.815699197870501],[6.703326968906731,49.81574413340828],[6.703396428805076,49.81574551048854],[6.703394301047141,49.815790446028061],[6.703392173283855,49.815835381567162],[6.703461633315983,49.815836758610189],[6.703459505611563,49.815881694151052],[6.70352896571326,49.815883071154644],[6.703526838067706,49.81592800669727],[6.703524710416803,49.815972942239476],[6.703594170652283,49.815974319205829],[6.703592043060245,49.816019254749811],[6.703661503365292,49.816020631676729],[6.703659375832122,49.816065567222452],[6.703657248293602,49.816110502767764],[6.703726708732434,49.816111879657448],[6.703724581252782,49.816156815204515],[6.70372245376778,49.816201750751162],[6.703791914340397,49.8162031276036],[6.703789786914263,49.816248063152003],[6.70378765948278,49.8162929987],[6.703857120189182,49.816294375515191],[6.703854992816567,49.816339311064951],[6.703852865438603,49.81638424661427],[6.703922326278792,49.816385623392222],[6.703920198959696,49.81643055894331],[6.703989659869454,49.816431935681827],[6.703987532609228,49.816476871234684],[6.703985405343652,49.816521806787122],[6.704054866387197,49.816523183488385],[6.704052739180491,49.816568119042579],[6.704050611968436,49.816613054596367],[6.704120073145769,49.816614431260383],[6.704117945992585,49.816659366815919],[6.704115818834051,49.816704302371043],[6.70411369167017,49.816749237925741],[6.704183153045509,49.816750614554692],[6.704181025940497,49.816795550111159],[6.704178898830137,49.8168404856672],[6.704248360339265,49.816841862258897],[6.704246233287776,49.8168867978167],[6.70424410623094,49.816931733374084],[6.704241979168755,49.816976668931055],[6.704311440875891,49.816978045487694],[6.704309313872577,49.817022981046414],[6.704307186863916,49.817067916604728],[6.704376648704844,49.817069293124099],[6.704374521755053,49.817114228684169],[6.704372394799916,49.817159164243833],[6.704370267839431,49.817204099803064],[6.704439729878368,49.81720547628737],[6.704437602976755,49.81725041184837],[6.704435476069794,49.81729534740893],[6.704433349157485,49.817340282969099],[6.704502811394436,49.817341659418318],[6.704500684541001,49.817386594980242],[6.704498557682217,49.817431530541747],[6.704496430818085,49.817476466102839],[6.704565893253052,49.817477842516993],[6.704563766447794,49.817522778079841],[6.704561639637189,49.817567713642262],[6.704631102205948,49.817569090019163],[6.704628975454216,49.817614025583353],[6.704626848697138,49.817658961147117],[6.704696311399691,49.817660337486771],[6.704694184701488,49.817705273052297],[6.704692057997936,49.817750208617412],[6.704689931289038,49.817795144182107],[6.704759394189608,49.817796520486681],[6.704757267539584,49.817841456053124],[6.704755140884214,49.817886391619162],[6.70482460391858,49.817887767886482],[6.704822477322086,49.817932703454282],[6.704820350720244,49.817977639021656],[6.704818224113055,49.81802257458861],[6.70488768734544,49.818023950820859],[6.704885560797127,49.818068886389575],[6.704883434243468,49.818113821957873],[6.704881307684461,49.818158757525758],[6.704950771114868,49.818160133722927],[6.704948644614738,49.81820506929256],[6.704946518109262,49.818250004861788],[6.705015981673466,49.818251381021717],[6.705013855226867,49.818296316592708],[6.705011728774921,49.818341252163258],[6.705081192472924,49.818342628285919],[6.705079066079856,49.818387563858252],[6.705076939681441,49.818432499430159],[6.705146403513243,49.818433875515581],[6.705144277173707,49.818478811089236],[6.705213741075084,49.818480187135215],[6.705211614794427,49.818525122710646],[6.705281078765377,49.818526498717198],[6.705278952543598,49.818571434294384],[6.705348416584123,49.818572810261507],[6.705556808737784,49.818576937913278],[6.705626272799701,49.818578313714006],[6.705624146893706,49.818623249301638],[6.705693611025196,49.818624625062924],[6.705691485178081,49.818669560652324],[6.705760949379145,49.818670936374183],[6.705830413585557,49.818672312054446],[6.705899877797314,49.818673687693092],[6.705902003451751,49.818628752097169],[6.70597146760463,49.818630127692053],[6.705969342014421,49.818675063290137],[6.706038806236873,49.818676438845586],[6.706036680705544,49.818721374445445],[6.706034555168871,49.818766310044872],[6.706104019525123,49.818767685563067],[6.706101894047332,49.818812621164248],[6.706099768564195,49.818857556765032],[6.706097643075714,49.818902492365382],[6.706167107629994,49.818903867848483],[6.706164982200397,49.818948803450603],[6.706162856765454,49.818993739052296],[6.706232321453535,49.818995114498165],[6.706230196077475,49.819040050101606],[6.706228070696072,49.819084985704649],[6.706225945309324,49.819129921307265],[6.706295410195434,49.819131296718034],[6.706293284867569,49.819176232322413],[6.706362749823254,49.81917760769376],[6.706360624554273,49.819222543299894],[6.706358499279949,49.819267478905608],[6.706356374000282,49.819312414510904],[6.706425839153996,49.819313789847172],[6.706423713933213,49.819358725454229],[6.706421588707085,49.819403661060861],[6.706419463475616,49.819448596667073],[6.706488928827363,49.819449971968254],[6.706486803654776,49.819494907576249],[6.706484678476846,49.819539843183811],[6.706554143962398,49.819541218447725],[6.706552018843355,49.819586154057049],[6.706549893718966,49.819631089665947],[6.706619359338324,49.819632464892614],[6.706617234272822,49.819677400503267],[6.706615109201977,49.819722336113514],[6.70668457495514,49.81972371130292],[6.70668244994318,49.819768646914923],[6.70668032492588,49.8198135825265],[6.706749790812848,49.819814957678645],[6.706747665854433,49.819859893291991],[6.706745540890675,49.819904828904917],[6.706815006911451,49.819906204019794],[6.706812882006581,49.819951139634476],[6.706810757096367,49.819996075248739],[6.706880223250949,49.819997450326369],[6.706878098399624,49.820042385942394],[6.70680863218081,49.820041010862596],[6.706806507259909,49.820085946476006],[6.706875973542956,49.820087321557992],[6.706873848680943,49.820132257173178],[6.706871723813588,49.820177192787945],[6.706941190230443,49.82017856783267],[6.706939065421977,49.820223503449192],[6.707008531908408,49.820224878454468],[6.707006407158831,49.820269814072752],[6.707075873714838,49.820271189038614],[6.707073749024151,49.820316124658646],[6.707143215649736,49.820317499585073],[6.707141091017938,49.820362435206867],[6.7072105577131,49.820363810093859],[6.707208433140193,49.820408745717408],[6.707277899904931,49.820410120564972],[6.707275775390915,49.820455056190269],[6.707345242225231,49.820456430998398],[6.707343117770105,49.820501366625457],[6.707412584673998,49.820502741394151],[6.707410460277762,49.820547677022979],[6.707479927251233,49.820549051752224],[6.707477802913888,49.8205939873828],[6.707547269956938,49.820595362072623],[6.707545145678484,49.820640297704962],[6.70761461279111,49.820641672355357],[6.707684079909078,49.820643046964136],[6.707681955753752,49.820687982600404],[6.707751422941297,49.820689357169762],[6.707749298844862,49.820734292807771],[6.707818766101986,49.820735667337694],[6.707816642064445,49.820780602977457],[6.707886109391146,49.820781977467945],[6.707883985412497,49.820826913109464],[6.707953452808774,49.820828287560524],[6.708022920210396,49.82082966196996],[6.708020796354876,49.820874597615415],[6.708090263826072,49.820875971985416],[6.708088140029446,49.82092090763264],[6.708157607570221,49.820922281963213],[6.708155483832489,49.820967217612186],[6.708224951442841,49.820968591903323],[6.708222827764003,49.821013527554037],[6.708292295443933,49.821014901805746],[6.708361763129206,49.82101627601584],[6.708359639573499,49.821061211670489],[6.708429107328347,49.821062585841155],[6.708426983831535,49.821107521497552],[6.708496451655961,49.821108895628804],[6.708494328218045,49.821153831286949],[6.708563796112048,49.821155205378744],[6.708633264011393,49.821156579428937],[6.708631140696609,49.821201515091026],[6.708700608665532,49.82120288910177],[6.708770076639794,49.821204263070918],[6.708767953448141,49.821249198736936],[6.708837421491982,49.821250572666649],[6.708835298359227,49.821295508334401],[6.708833175221133,49.821340444001756],[6.7088310520777,49.821385379668698],[6.708761583841152,49.821384005732469],[6.708757337409797,49.821473877060733],[6.708826805774819,49.82147525100131],[6.708896274145183,49.821476624900257],[6.708965742520887,49.821477998757615],[6.708967865546523,49.821433063087177],[6.708969988566821,49.821388127416327],[6.709039456819394,49.821389501227721],[6.709108925077305,49.821390874997519],[6.709178393340558,49.821392248725708],[6.709176270512969,49.821437184403081],[6.709245738845798,49.821438558091835],[6.70931520718397,49.821439931738965],[6.709313084479515,49.821484867420274],[6.709382552887262,49.821486241027976],[6.709380430241707,49.821531176711041],[6.709449898719031,49.821532550279308],[6.709519367201694,49.821533923805966],[6.709517244679277,49.821578859492945],[6.709586713231515,49.821580232980168],[6.709656181789094,49.821581606425788],[6.709654059389816,49.821626542116697],[6.70972352801697,49.821627915522875],[6.709792996649464,49.821629288887443],[6.709790874373324,49.821674224582281],[6.709860343075393,49.821675597907415],[6.709929811782803,49.821676971190954],[6.709927689629801,49.821721906889692],[6.709997158406786,49.821723280133789],[6.71006662718911,49.821724653336261],[6.710064505159248,49.821769589038958],[6.710133974011148,49.821770962201995],[6.710203442868386,49.821772335323431],[6.710201320961664,49.821817271030042],[6.710270789888478,49.821818644112042],[6.71034025882063,49.821820017152426],[6.710338137037049,49.821864952862953],[6.710407606038778,49.821866325863908],[6.710477075045843,49.821867698823247],[6.710474953385403,49.821912634537703],[6.710544422462045,49.821914007457607],[6.710613891544025,49.821915380335909],[6.71068336063134,49.821916753172594],[6.710681239158282,49.821961688893133],[6.710750708315174,49.82196306169039],[6.710820177477403,49.821964434446024],[6.710818056127486,49.822009370170498],[6.71088752535929,49.822010742886697],[6.71095699459643,49.822012115561293],[6.710954873369658,49.822057051289683],[6.711024342676375,49.822058423924837],[6.711093811988426,49.822059796518388],[6.711163281305813,49.822061169070324],[6.711161160266427,49.82210610480481],[6.711230629653389,49.82210747731731],[6.711300099045688,49.822108849788201],[6.711369568443322,49.822110222217475],[6.711367447591321,49.822155157958058],[6.711436917058529,49.822156530347904],[6.711506386531074,49.822157902696127],[6.711575856008953,49.822159275002761],[6.711573735344336,49.822204210749433],[6.71164320489179,49.822205583016611],[6.711712674444579,49.82220695524218],[6.711782144002702,49.822208327426154],[6.711780023525474,49.822253263178901],[6.711849493153171,49.822254635323439],[6.711918962786203,49.82225600742634],[6.711988432424569,49.82225737948766],[6.711986312134728,49.82230231524651],[6.712055781842668,49.822303687268366],[6.712125251555943,49.822305059248635],[6.71219472127455,49.822306431187279],[6.712264190998491,49.822307803084328],[6.712262070960281,49.822352738851421],[6.712331540753794,49.822354110709021],[6.712401010552644,49.822355482525012],[6.712470480356823,49.822356854299407],[6.712539950166337,49.822358226032179],[6.71253783037976,49.822403161807522],[6.712607300258847,49.822404533500858],[6.712676770143267,49.822405905152586],[6.712746240033018,49.822407276762696],[6.712815709928103,49.822408648331198],[6.712885179828518,49.82241001985809],[6.712954649734267,49.822411391343387],[6.712952530327803,49.822456327131334],[6.713022000303123,49.822457698577189],[6.713230410261074,49.822461812665061],[6.713299880257721,49.822463183944464],[6.713369350259698,49.822464555182258],[6.713438820267005,49.822465926378449],[6.713508290279644,49.822467297533031],[6.713577760297612,49.822468668645996],[6.71357564146399,49.822513604453043],[6.713645111551531,49.822514975526566],[6.713714581644402,49.82251634655848],[6.713784051742603,49.822517717548784],[6.713853521846133,49.822519088497486],[6.713922991954993,49.822520459404572],[6.713992462069182,49.822521830270055],[6.714061932188701,49.822523201093915],[6.714131402313549,49.822524571876187],[6.71413352063324,49.822479636051803],[6.71427246077044,49.822482377487148],[6.714480871016204,49.822486489328128],[6.714550341108783,49.822487859858555],[6.714689281309922,49.822490600794595],[6.714758751418485,49.822491971200201],[6.714828221532374,49.822493341564211],[6.714897691651591,49.822494711886591],[6.714967161776134,49.822496082167369],[6.715106102041203,49.822498822604096],[6.715175572181726,49.822500192760039],[6.715245042327578,49.822501562874379],[6.715314512478756,49.82250293294711],[6.715383982635259,49.822504302978231],[6.715453452797089,49.822505672967743],[6.715592393136726,49.822508412821932],[6.71559451010202,49.822463476951647],[6.715733450334477,49.822466216635078],[6.715802920458692,49.822467586414362],[6.715872390588235,49.822468956152051],[6.7159418607231,49.82247032584813],[6.716011330863291,49.8224716955026],[6.716080801008807,49.822473065115453],[6.716150271159647,49.82247443468669],[6.71621974131581,49.822475804216339],[6.716289211477299,49.822477173704371],[6.716428151816247,49.8224799125556],[6.716497621993707,49.822481281918797],[6.71656709217649,49.822482651240392],[6.716636562364597,49.822484020520371],[6.716706032558027,49.822485389758732],[6.716775502756779,49.822486758955506],[6.716983913384976,49.822490866296121],[6.717053383605018,49.82249223532645],[6.717261794297081,49.822496342167753],[6.717470205037039,49.822500448634571],[6.717539675294334,49.82250181737362],[6.71760914555695,49.82250318607106],[6.717678615824887,49.822504554726905],[6.717817556376724,49.822507291913738],[6.717887026660622,49.822508660444733],[6.717956496949842,49.822510028934133],[6.71816490784942,49.822514134152655],[6.718234378159918,49.822515502475611],[6.718303848475737,49.822516870756957],[6.718305962930276,49.822471934801854],[6.718375433187171,49.822473303039438],[6.718583843989771,49.822477407502497],[6.718722784551431,49.822480143603144],[6.718792254840238,49.822481511591064],[6.718794368839766,49.822436575620422],[6.71886383906965,49.822437943564559],[6.718933309304851,49.822439311467079],[6.719002779545371,49.822440679328004],[6.719072249791209,49.822442047147312],[6.719141720042363,49.822443414925004],[6.719143833715364,49.82239847894315],[6.719213303907594,49.822399846677072],[6.719282774105141,49.822401214369386],[6.719352244308004,49.822402582020104],[6.719421714516186,49.822403949629191],[6.719491184729683,49.822405317196676],[6.719560654948497,49.822406684722559],[6.719562768230731,49.82236174872731],[6.71963223839062,49.822363116209424],[6.719701708555824,49.82236448364992],[6.719771178726345,49.822365851048801],[6.719840648902181,49.822367218406079],[6.7199795892698,49.822369952995814],[6.720049059461583,49.822371320228264],[6.720051172288811,49.822326384217455],[6.720120642421667,49.822327751406142],[6.720190112559838,49.822329118553199],[6.720329052852125,49.822331852722506],[6.72039852300624,49.822333219744749],[6.72046799316567,49.82233458672539],[6.720537463330412,49.8223359536644],[6.720539575702634,49.822291017638051],[6.72060904580845,49.822292384533299],[6.720678515919579,49.822293751386937],[6.720747986036024,49.822295118198973],[6.720750098210208,49.822250182165718],[6.720819568267723,49.822251548933984],[6.720889038330551,49.82225291566062],[6.720958508398692,49.822254282345668],[6.720960620374841,49.82220934630552],[6.720962732345678,49.822164410264968],[6.721032202290649,49.822165776904086],[6.721101672240933,49.822167143501581],[6.72117114219653,49.82216851005748],[6.721173253969332,49.822123574010014],[6.721242723866,49.822124940522137],[6.721312193767981,49.822126306992651],[6.721381663675275,49.822127673421555],[6.721383775250042,49.82208273736719],[6.721453245098406,49.822084103752331],[6.721522714952081,49.822085470095857],[6.721524826393057,49.82204053403678],[6.721594296187802,49.822041900336522],[6.721663765987859,49.822043266594662],[6.721733235793228,49.822044632811199],[6.721802705603907,49.822045998986134],[6.721804816782609,49.822001062917977],[6.721874286534359,49.822002429049128],[6.721943756291419,49.822003795138684],[6.722013226053791,49.822005161186617],[6.722015337034461,49.821960225111575],[6.722084806737902,49.821961591115745],[6.722154276446653,49.821962957078306],[6.722223746160714,49.821964322999264],[6.722225856943353,49.821919386917337],[6.722295326598483,49.821920752794512],[6.722364796258923,49.821922118630084],[6.722434265924675,49.821923484424048],[6.722503735595734,49.821924850176408],[6.722505846116102,49.821879914085429],[6.72257531572823,49.821881279794006],[6.722644785345668,49.821882645460974],[6.722714254968414,49.821884011086347],[6.722716365290752,49.821839074988475],[6.722785834854568,49.821840440570078],[6.72285530442369,49.821841806110065],[6.722924773998121,49.821843171608442],[6.722926884122432,49.821798235503685],[6.722996353637932,49.8217996009583],[6.723065823158739,49.821800966371306],[6.723135292684856,49.821802331742695],[6.723137402611139,49.821757395631032],[6.723206872078321,49.821758760958666],[6.723276341550813,49.821760126244669],[6.723345811028612,49.821761491489085],[6.723415280511717,49.821762856691883],[6.723417390175733,49.821717920571189],[6.723486859599906,49.821719285730211],[6.723556329029386,49.821720650847624],[6.723625798464171,49.821722015923449],[6.723627907930162,49.821677079795855],[6.723697377306015,49.821678444827896],[6.723766846687174,49.821679809818342],[6.72383631607364,49.821681174767171],[6.723838425341605,49.821636238632685],[6.723907894669137,49.821637603537745],[6.723977364001975,49.821638968401196],[6.724046833340118,49.821640333223037],[6.724116302683567,49.821641698003283],[6.724185772032323,49.821643062741899],[6.724187880973783,49.821598126596214],[6.724257350263604,49.821599491291067],[6.724326819558729,49.821600855944325],[6.724396288859159,49.82160222055596],[6.724465758164895,49.821603585125999],[6.724463649480394,49.821648521280309],[6.724533118855675,49.821649885810892],[6.724531010230111,49.821694821966943],[6.724600479674937,49.821696186458063],[6.724669949125066,49.821697550907579],[6.724672057622148,49.821652614747222],[6.724674166113928,49.821607678586432],[6.724676274600406,49.821562742425243],[6.724745743863119,49.821564106826685],[6.724747852280056,49.82151917066291],[6.724817321483832,49.821520535020575],[6.724886790692914,49.821521899336645],[6.724888898976069,49.821476963168138],[6.724891007253922,49.82143202699924],[6.724960476339828,49.821433391269373],[6.725029945431037,49.821434755497904],[6.725032053575108,49.821389819324267],[6.725101522607382,49.821391183509036],[6.725170991644958,49.821392547652195],[6.725240460687837,49.821393911753738],[6.72524256863389,49.821348975573216],[6.725312037617833,49.821350339630996],[6.725314145494346,49.821305403447894],[6.725383614419352,49.82130676746192],[6.72545308334966,49.821308131434336],[6.725522552285272,49.821309495365135],[6.725524659963766,49.821264559175155],[6.725594128840441,49.821265923062192],[6.725663597722417,49.82126728690762],[6.725665705267136,49.821222350712901],[6.725735174090174,49.821223714514574],[6.725804642918514,49.82122507827463],[6.725874111752156,49.821226441993062],[6.725876219098858,49.821181505791486],[6.725945687873561,49.82118286946617],[6.726015156653567,49.821184233099238],[6.726084625438873,49.821185596690711],[6.726086732587559,49.821140660482236],[6.726156201313928,49.821142024029932],[6.726225670045597,49.821143387536026],[6.726227777060507,49.821098451322833],[6.726297245733237,49.821099814785164],[6.726366714411268,49.821101178205879],[6.726368821292404,49.821056241987947],[6.726438289911497,49.821057605364913],[6.72650775853589,49.821058968700257],[6.726577227165582,49.821060331993998],[6.726579333848704,49.821015395769194],[6.726648802419459,49.821016759019166],[6.726718270995511,49.821018122227535],[6.72672037754486,49.820973185998007],[6.726789846061975,49.820974549162614],[6.726859314584387,49.820975912285611],[6.726861420999962,49.820930976051351],[6.726930889463437,49.820932339130572],[6.72700035793221,49.820933702168205],[6.727002464214011,49.820888765929226],[6.727071932623844,49.820890128923082],[6.727141401038977,49.820891491875344],[6.727210869459407,49.820892854786003],[6.727212975543198,49.820847918540139],[6.727282443904689,49.820849281407028],[6.727351912271478,49.820850644232301],[6.727421380643564,49.820852007015965],[6.727423486529347,49.82080707076323],[6.727492954842492,49.820808433503132],[6.727562423160935,49.820809796201431],[6.727564528912947,49.820764859943964],[6.72763399717245,49.820766222598508],[6.727703465437251,49.820767585211421],[6.727705571055492,49.820722648949243],[6.727775039261352,49.820724011518408],[6.727844507472507,49.820725374045971],[6.72784661295698,49.820680437779046],[6.727916081109196,49.820681800262847],[6.727918186524136,49.820636863993364],[6.727987654617411,49.820638226433395],[6.728057122715982,49.820639588831824],[6.728059227997153,49.820594652557631],[6.72806133327303,49.820549716283004],[6.728130801248422,49.820551078635518],[6.728200269229112,49.820552440946422],[6.728202374371222,49.820507504667084],[6.72827184229297,49.820508866934219],[6.728273947365548,49.820463930652323],[6.728343415228355,49.820465292875696],[6.728412883096456,49.82046665505748],[6.72841498803527,49.820421718770831],[6.728484455844431,49.82042308090886],[6.728553923658885,49.820424443005258],[6.728556028463933,49.820379506713905],[6.728625496219447,49.820380868766549],[6.728627600954964,49.820335932472624],[6.728697068651536,49.820337294481519],[6.728766536353403,49.82033865644879],[6.728768640955156,49.82029372015014],[6.72883810859808,49.82029508207367],[6.728840213130306,49.820250145772441],[6.728909680714288,49.820251507652209],[6.728911785176985,49.820206571348436],[6.728981252702027,49.820207933184435],[6.729050720232363,49.82020929497881],[6.729052824561296,49.820164358670304],[6.729122292032689,49.820165720420945],[6.729124396292095,49.820120784109868],[6.729193863704546,49.82012214581674],[6.72926333112229,49.820123507481995],[6.729265435247934,49.820078571166206],[6.729334902606735,49.820079932787714],[6.729337006662853,49.82003499646936],[6.729406473962712,49.820036358047105],[6.729475941267863,49.820037719583233],[6.729478045190219,49.819992783260155],[6.729547512436429,49.819994144752542],[6.729616979687931,49.819995506203306],[6.729619083476526,49.819950569875509],[6.729688550669085,49.819951931282517],[6.729690654388156,49.819906994952156],[6.729760121521771,49.819908356315395],[6.729829588660679,49.819909717637046],[6.729899055804879,49.81991107891708],[6.729901159325956,49.819866142579848],[6.729970626411212,49.81986750381612],[6.729972729862763,49.819822567476329],[6.730042196889077,49.819823928668846],[6.730111663920682,49.819825289819761],[6.730113767238476,49.819780353475238],[6.730183234211135,49.819781714582398],[6.730185337459405,49.81973677823531],[6.730254804373123,49.819738139298707],[6.73025690755187,49.819693202949054],[6.730326374406644,49.819694563968689],[6.730328477515868,49.819649627616471],[6.730397944311699,49.81965098859235],[6.730467411112819,49.819652349526621],[6.730469514088287,49.81960741316967],[6.73060844757793,49.819610134909105],[6.730677914330686,49.819611495716416],[6.730680017108164,49.819566559352602],[6.730749483801977,49.819567920116143],[6.730751586509934,49.819522983749764],[6.730821053144801,49.819524344469556],[6.730823155783238,49.819479408100619],[6.730892622359161,49.81948076877665],[6.730962088940374,49.819482129411078],[6.730964191445056,49.819437193037409],[6.731033657967323,49.819438553628082],[6.731103124494881,49.819439914177138],[6.731172591027728,49.8194412746846],[6.731174693334421,49.819396338304067],[6.731244159808324,49.819397698767759],[6.731313626287513,49.819399059189848],[6.731315728460455,49.819354122804612],[6.731385194880699,49.81935548318296],[6.731454661306231,49.819356843519678],[6.73145676334542,49.819311907129723],[6.731526229712007,49.819313267422693],[6.731528331681679,49.819268331030166],[6.73159779798932,49.819269691279388],[6.731599899889471,49.819224754884296],[6.731669366138168,49.819226115089755],[6.731671467968802,49.819181178692098],[6.731740934158553,49.819182538853802],[6.731810400353591,49.819183898973897],[6.731812502050476,49.819138962571515],[6.731881968186567,49.819140322647861],[6.731884069813934,49.819095386242921],[6.731953535891081,49.819096746275513],[6.732023001973513,49.819098106266495],[6.732025103467131,49.819053169856851],[6.732094569490618,49.81905452980407],[6.732164035519392,49.819055889709681],[6.73216613687926,49.819010953295319],[6.732235602849088,49.819012313157174],[6.732237704139441,49.818967376740247],[6.732307170050323,49.818968736558361],[6.73230927127116,49.818923800138862],[6.732378737123096,49.818925159913221],[6.732380838274417,49.818880223491149],[6.732450304067405,49.818881583221753],[6.732452405149213,49.818836646797124],[6.732521870883255,49.818838006483979],[6.732591336622582,49.818839366129211],[6.732593437570644,49.818794429699857],[6.732662903251025,49.81879578930134],[6.732665004129571,49.818750852869442],[6.732734469751007,49.818752212427164],[6.732803935377726,49.81875357194329],[6.732806036122527,49.818708635506681],[6.732808136862046,49.818663699069646],[6.732877602365589,49.818665058539857],[6.732879703035594,49.818620122100263],[6.732949168480189,49.818621481526726],[6.733018633930069,49.818622840911587],[6.733016533388525,49.818667777355479],[6.733085998907919,49.818669136700876],[6.733083898425324,49.818714073146516],[6.733153364014234,49.818715432452457],[6.73315126359059,49.818760368899802],[6.733220729249014,49.818761728166294],[6.733218628884319,49.81880666461538],[6.733288094612258,49.818808023842415],[6.733285994306513,49.818852960293249],[6.733283893995487,49.81889789674365],[6.733214428139084,49.818896537512323],[6.733212327758546,49.818941473960166],[6.73328179367918,49.818942833193645],[6.733279693357591,49.818987769643229],[6.733349159347742,49.818989128837238],[6.733347059085103,49.819034065288555],[6.733344958817185,49.819079001739446],[6.733342858543985,49.819123938189932],[6.733340758265503,49.819168874639992],[6.733410224517868,49.819170233801003],[6.733408124298338,49.819215170252804],[6.733477590620218,49.819216529374344],[6.73347549045964,49.819261465827886],[6.733473390293783,49.819306402280993],[6.733542856749412,49.819307761365224],[6.733540756642507,49.819352697820086],[6.733610223167653,49.819354056864853],[6.733606023066465,49.819443929777613],[6.73360392300795,49.819488866233357],[6.733673389731081,49.81949022524298],[6.73367128973152,49.819535161700465],[6.733740756524168,49.819536520670624],[6.733738656583561,49.819581457129836],[6.733736556637672,49.819626393588635],[6.733806023564071,49.819627752521484],[6.733803923677137,49.819672688982017],[6.733801823784924,49.819717625442131],[6.733871290845075,49.819718984337669],[6.733869191011815,49.819763920799524],[6.733938658141484,49.819765279655599],[6.733940757910508,49.819720343191591],[6.733942857674253,49.819675406727185],[6.733944957432716,49.819630470262354],[6.733947057185902,49.81958553379711],[6.733949156933805,49.819540597331454],[6.73395125667643,49.819495660865378],[6.733953356413775,49.819450724398884],[6.733955456145839,49.81940578793197],[6.733957555872625,49.819360851464644],[6.733959655594129,49.819315914996913],[6.733961755310354,49.819270978528763],[6.733892288887263,49.819269619696321],[6.73389438866244,49.819224683229898],[6.733898588196958,49.819134810295807],[6.73396805442735,49.819136169121812],[6.733972253812282,49.819046296181774],[6.733974353496827,49.81900135971113],[6.733976453176094,49.81895642324006],[6.734045919154838,49.818957782015879],[6.734048018764593,49.818912845542251],[6.733978552850081,49.818911486768592],[6.733980652518787,49.818866550296704],[6.733982752182214,49.818821613824397],[6.733984851840363,49.818776677351671],[6.733915386123828,49.818775318542848],[6.733917485840927,49.818730382071855],[6.733919585552747,49.818685445600458],[6.733850119969957,49.818684086754324],[6.733780654392448,49.81868272786658],[6.733782754227451,49.818637791399063],[6.733784854057173,49.818592854931126],[6.733715388613409,49.818591496006079],[6.733717488502083,49.818546559539861],[6.733648023127833,49.818545200575358],[6.733578557758864,49.818543841569237],[6.733580657770718,49.818498905106921],[6.733511192471263,49.818497546061351],[6.733513292542067,49.818452609600762],[6.733443827312125,49.818451250515729],[6.733445927441879,49.818406314056872],[6.733448027566352,49.818361377597604],[6.733517492667833,49.818362736678324],[6.733519592722794,49.818317800216491],[6.733589057765329,49.818319159253463],[6.73359115775078,49.818274222789057],[6.733660622734368,49.818275581782281],[6.733662722650308,49.81823064531531],[6.733732187574947,49.818232004264779],[6.733734287421378,49.81818706779525],[6.733803752287071,49.818188426700971],[6.733805852063993,49.818143490228884],[6.733875316870738,49.818144849090849],[6.733877416578149,49.818099912616198],[6.733946881325948,49.818101271434401],[6.734016346079027,49.818102630211023],[6.734085810837388,49.818103988946021],[6.734087910346833,49.818059052464498],[6.734157375046246,49.818060411155749],[6.734159474486185,49.818015474671675],[6.734161573920844,49.817970538187183],[6.73423103849708,49.817971896832525],[6.734233137862231,49.817926960345467],[6.734302602379519,49.817928318947082],[6.734304701675162,49.81788338245746],[6.734374166133503,49.817884741015305],[6.73437626535964,49.817839804523132],[6.734378364580498,49.817794868030525],[6.734447828915663,49.817796226542477],[6.734517293256109,49.817797585012819],[6.734519392343231,49.817752648515516],[6.734588856624731,49.817754006942103],[6.734590955642347,49.817709070442227],[6.734660419864897,49.817710428825066],[6.734729884092727,49.81771178716631],[6.734731982976611,49.817666850661737],[6.734801447145493,49.817668208959212],[6.734870911319653,49.817669567215091],[6.734873010069804,49.817624630705815],[6.734942474185017,49.817625988917939],[6.734944572865663,49.817581052406091],[6.735014036921927,49.817582410574474],[6.735083500983471,49.817583768701247],[6.735085599530385,49.817538832184695],[6.73515506353298,49.817540190267714],[6.735157162010391,49.817495253748596],[6.735226625954038,49.817496611787867],[6.735228724361944,49.817451675266184],[6.735298188246642,49.817453033261707],[6.735300286585044,49.817408096737466],[6.735369750410794,49.817409454689233],[6.735439214241821,49.817410812599398],[6.735508678078127,49.817412170467968],[6.735510776218574,49.817367233936864],[6.735580239995929,49.817368591761685],[6.735582338066873,49.81732365522803],[6.735651801785282,49.817325013009089],[6.735721265508967,49.81732637074856],[6.735723363446182,49.817281434210187],[6.735792827110918,49.817282791905896],[6.73579492497863,49.817237855364972],[6.735864388584417,49.817239213016933],[6.735933852195481,49.817240570627305],[6.735935949929466,49.817195634081656],[6.736005413481581,49.817196991648267],[6.736007511146066,49.81715205510006],[6.736076974639229,49.817153412622929],[6.736079072234213,49.817108476072178],[6.736148535668428,49.817109833551292],[6.73621799910792,49.81711119098879],[6.736220096569177,49.817066254433328],[6.736289559949718,49.817067611827085],[6.736291657341477,49.817022675269065],[6.736361120663068,49.817024032619067],[6.736363217985327,49.816979096058482],[6.736432681247969,49.816980453364749],[6.736502144515886,49.816981810629407],[6.73650424170442,49.816936874064112],[6.736573704913387,49.816938231285022],[6.73664316812763,49.816939588464329],[6.73664526518244,49.816894651894316],[6.736714728337732,49.816896009029882],[6.736784191498299,49.81689736612384],[6.736786288419386,49.81685242954913],[6.736925214627894,49.816855143607945],[6.736927311415259,49.816810207028539],[6.736996774463199,49.816811563993383],[6.737066237516412,49.816812920916647],[6.737135700574902,49.816814277798287],[6.737137797164317,49.81676934121203],[6.737207260163856,49.816770698049936],[6.737276723168667,49.816772054846233],[6.7372746267077,49.816816991436781],[6.737272530241461,49.81686192802691],[6.737341993379998,49.816863284785896],[6.737411456523806,49.816864641503273],[6.737480919672888,49.816865998179047],[6.737550382827242,49.816867354813233],[6.737619845986869,49.816868711405796],[6.737689309151771,49.816870067956764],[6.737758772321945,49.816871424466129],[6.737760868338606,49.816826487860986],[6.737830331449826,49.81682784432661],[6.73789979456632,49.816829200750618],[6.73790189044926,49.816784264140779],[6.7379713535068,49.816785620521046],[6.737969257688085,49.816830557133038],[6.738038720815121,49.816831913473834],[6.738108183947431,49.816833269773042],[6.738110279637696,49.816788333156772],[6.738179742711051,49.816789689412225],[6.738249205789678,49.816791045626076],[6.738318668873577,49.816792401798317],[6.738320764365896,49.816747465175212],[6.738390227390839,49.816748821303719],[6.738392322813665,49.816703884678034],[6.738394418231223,49.816658948051931],[6.738463881132987,49.816660304134544],[6.738533344040024,49.816661660175555],[6.738535439323862,49.816616723544762],[6.738604902171944,49.816618079542025],[6.738674365025296,49.816619435497685],[6.738676460175417,49.816574498862188],[6.738884848574422,49.816578566473126],[6.738954311384631,49.816579922260225],[6.739093237020854,49.816582633709636],[6.739162699846871,49.816583989371928],[6.739232162678157,49.816585344992639],[6.739234257309214,49.816540408339563],[6.739303720081543,49.816541763916526],[6.739373182859141,49.816543119451879],[6.739442645642009,49.816544474945616],[6.739512108430144,49.816545830397757],[6.739514202799037,49.816500893735714],[6.739583665528216,49.816502249144108],[6.739653128262664,49.816503604510906],[6.739722591002379,49.816504959836088],[6.739724685173333,49.81646002316721],[6.739794147854091,49.816461378448658],[6.73986361054012,49.816462733688496],[6.739933073231413,49.81646408888674],[6.739935167204428,49.816419152211004],[6.740004629836767,49.816420507365493],[6.74007409247437,49.816421862478393],[6.740143555117242,49.816423217549676],[6.740213017765379,49.816424572579372],[6.740215111476233,49.816379635894663],[6.740284574065414,49.816380990880603],[6.740354036659861,49.816382345824948],[6.740423499259574,49.816383700727677],[6.740492961864553,49.816385055588817],[6.7405624244748,49.816386410408342],[6.740564517859267,49.816341473712519],[6.740703442967108,49.816344183222483],[6.740772905528927,49.816345537915062],[6.74084236809601,49.816346892566045],[6.740844461218319,49.816301955861228],[6.740913923726445,49.816303310468463],[6.740983386239835,49.816304665034096],[6.74105284875849,49.81630601955812],[6.741122311282409,49.816307374040555],[6.741261236346042,49.816310082880591],[6.741330698885755,49.816311437238227],[6.741332791553233,49.816266500518005],[6.741402254033986,49.816267854831892],[6.741471716520002,49.816269209104156],[6.741541179011283,49.816270563334825],[6.741543271480828,49.816225626607775],[6.741612733913148,49.816226980794703],[6.74168219635073,49.816228334940028],[6.741751658793577,49.816229689043752],[6.741821121241686,49.816231043105866],[6.741823213449075,49.816186106369841],[6.741892675838224,49.816187460388221],[6.741962138232636,49.816188814364985],[6.742031600632309,49.816190168300153],[6.742101063037245,49.816191522193726],[6.742103154982479,49.81614658544872],[6.742172617328453,49.816147939298546],[6.74224207967969,49.816149293106776],[6.742311542036189,49.816150646873389],[6.74238100439795,49.816152000598414],[6.742450466764971,49.816153354281823],[6.742519929137254,49.816154707923644],[6.742589391514798,49.816156061523856],[6.742591483005206,49.816111124763459],[6.742660945323788,49.816112478319916],[6.742730407647631,49.816113831834791],[6.742799869976735,49.81611518530805],[6.742869332311098,49.81611653873972],[6.742867241077585,49.816161475508665],[6.742865149838813,49.816206412277211],[6.742934612306885,49.81620776567155],[6.743004074780217,49.816209119024293],[6.743001983664634,49.816254055796684],[6.743071446207451,49.816255409109957],[6.743073537258809,49.816210472335413],[6.743142999742662,49.816211825604938],[6.743145090724537,49.816166888827844],[6.743147181701157,49.816121952050338],[6.743149272672518,49.816077015272413],[6.743218734968958,49.816078368493933],[6.743220825870839,49.816033431713436],[6.743222916767461,49.815988494932554],[6.743225007658828,49.81594355815124],[6.743227098544935,49.81589862136952],[6.743229189425787,49.815853684587381],[6.743159727450461,49.815852331376561],[6.743163909324835,49.815762457815325],[6.743233371171716,49.815763811021867],[6.743302833023856,49.815765164186807],[6.743372294881254,49.815766517310131],[6.74337438561789,49.815721580522464],[6.743513309220019,49.815724286640048],[6.743515399822951,49.815679349847699],[6.743584861567682,49.815680702841945],[6.743654323317672,49.815682055794596],[6.74372378507292,49.815683408705645],[6.743793246833426,49.815684761575092],[6.74386270859919,49.815686114402929],[6.743864798875756,49.81564117759946],[6.743934260582556,49.815642530383563],[6.744073184011929,49.815645235826963],[6.744142645734502,49.815646588486253],[6.744212107462333,49.815647941103954],[6.744214197412532,49.815603004289386],[6.744283659081398,49.815604356863339],[6.744353120755521,49.815605709395683],[6.7444225824349,49.815607061886446],[6.744420492677366,49.815651998707416],[6.744418402914579,49.815696935527988],[6.744416313146536,49.815741872348127],[6.744414223373241,49.815786809167868],[6.744483685314766,49.815788161625562],[6.744622609213587,49.815790866416165],[6.744620519627704,49.815835803241896],[6.744618430036566,49.8158807400672],[6.744616340440176,49.815925676892107],[6.744614250838531,49.815970613716601],[6.744612161231632,49.816015550540669],[6.744681623510042,49.81601690288425],[6.744751085793709,49.816018255186222],[6.744748996310002,49.816063192014163],[6.744746906821042,49.816108128841684],[6.744744817326828,49.816153065668786],[6.744814279808422,49.816154417935564],[6.744883742295272,49.816155770160748],[6.744885831661038,49.816110833329375],[6.74488792102155,49.816065896497584],[6.744957383385208,49.816067248676887],[6.74502684575412,49.816068600814603],[6.745022667284739,49.816158474486308],[6.744953204787377,49.816157122344329],[6.744951115480582,49.816202059177435],[6.744949026168532,49.816246996010129],[6.745018488794343,49.816248348156378],[6.745087951425408,49.816249700261025],[6.745157414061729,49.81625105232407],[6.745159503181105,49.816206115484981],[6.745228965758456,49.816207467504285],[6.745298428341062,49.816208819481993],[6.745367890928923,49.816210171418085],[6.745437353522038,49.816211523312582],[6.745439442379264,49.816166586464519],[6.74550890491341,49.816167938315289],[6.74557836745281,49.816169290124442],[6.745580456176335,49.816124353271697],[6.745649918656764,49.816125705037116],[6.745719381142449,49.816127056760926],[6.745721469732274,49.816082119903491],[6.745790932158987,49.816083471583568],[6.745860394590953,49.816084823222035],[6.745862483047079,49.81603988635991],[6.745864571497953,49.81599494949738],[6.745866659943576,49.81595001263441],[6.745868748383947,49.815905075771042],[6.745870836819068,49.815860138907269],[6.745872925248937,49.815815202043069],[6.745875013673555,49.81577026517845],[6.745877102092922,49.815725328313427],[6.745879190507036,49.815680391447984],[6.745881278915902,49.815635454582122],[6.745889632498847,49.815455707114559],[6.745891720881456,49.815410770246629],[6.745893809258814,49.81536583337828],[6.745910516088641,49.815006338416595],[6.745979976984531,49.815007689962194],[6.74598206525041,49.814962753087983],[6.745984153511038,49.814917816213352],[6.745986241766415,49.814872879338317],[6.745990418261418,49.814783005586982],[6.745994594735418,49.814693131834005],[6.745996682964543,49.814648194956881],[6.746000859407039,49.814558321201417],[6.746002947620412,49.814513384323043],[6.746005035828535,49.81446844744427],[6.746007124031405,49.814423510565078],[6.746009212229026,49.814378573685481],[6.746015476790387,49.814243763044182],[6.746017564967006,49.814198826162915],[6.746019653138374,49.814153889281243],[6.746021741304491,49.814108952399152],[6.74602382946536,49.814064015516642],[6.746030093916461,49.813929204866632],[6.746032182056327,49.81388426798248],[6.746042622676905,49.81365958355542],[6.746044710785269,49.813614646668782],[6.746046798888384,49.81356970978171],[6.746053063166227,49.813434899118022],[6.74605515124834,49.813389962229287],[6.746057239325205,49.813345025340148],[6.74598778080535,49.81334367387359],[6.74599613331716,49.813163926321423],[6.746065591580158,49.81316527777944],[6.746067679630771,49.813120340888226],[6.746069767676135,49.813075403996599],[6.746071855716248,49.813030467104554],[6.746073943751111,49.812985530212096],[6.746004485744966,49.812984178762626],[6.74601283808877,49.812804431197186],[6.746082295838066,49.812805782638108],[6.74608438384668,49.812760845743583],[6.746086471850043,49.812715908848638],[6.746090647841021,49.812626035057498],[6.74616010533872,49.812627386448277],[6.746162193262123,49.812582449549957],[6.746166369093181,49.812492575752053],[6.746168457000834,49.81244763885249],[6.746172632800393,49.812357765052099],[6.746174720692297,49.812312828151292],[6.746176808578953,49.812267891250059],[6.746178896460359,49.812222954348421],[6.746180984336516,49.81217801744635],[6.74618516007308,49.812088143640999],[6.746187247933487,49.812043206737698],[6.746189335788647,49.811998269833971],[6.746191423638555,49.811953332929846],[6.746195599322625,49.811863459120339],[6.746199774985699,49.811773585309169],[6.746201862809361,49.811728648402969],[6.746203950627774,49.811683711496343],[6.746273406782315,49.811685062800677],[6.74627549453127,49.8116401258915],[6.746277582274978,49.811595188981919],[6.746279670013434,49.811550252071932],[6.746210214051516,49.811548900774007],[6.74614075809485,49.811547549434479],[6.746142845956474,49.811502612528329],[6.746073390069266,49.81150126114936],[6.746003934187311,49.811499909728788],[6.745934478310607,49.811498558266621],[6.745936566359604,49.811453621366468],[6.745867110552359,49.811452269864837],[6.745797654750368,49.811450918321597],[6.745799742922529,49.81140598142531],[6.745730287189997,49.811404629842627],[6.745732375421116,49.811359692948059],[6.745734463646984,49.811314756053065],[6.745665008048117,49.811313404433065],[6.745667096332942,49.811268467539797],[6.745597640803536,49.811267115880334],[6.745599729147315,49.811222178988793],[6.745530273687368,49.811220827289866],[6.745460818232675,49.811219475549336],[6.745391362783232,49.811218123767219],[6.745393451314382,49.811173186881668],[6.74539553984028,49.811128249995711],[6.745326084524504,49.811126898176269],[6.745328173109358,49.811081961292032],[6.745258717863042,49.81108060943312],[6.745189262621979,49.811079257532619],[6.745119807386171,49.81107790559053],[6.745117718608699,49.811122842468365],[6.745113541038002,49.811212716222784],[6.745111452244775,49.811257653099361],[6.745180907737409,49.811259005050012],[6.745250363235296,49.811260356959053],[6.745248274565233,49.811305293839489],[6.745317730132579,49.811306645709081],[6.74531564152147,49.811351582591236],[6.74531355290511,49.811396519472986],[6.745244097209349,49.81139516759913],[6.745242008523531,49.811440104478336],[6.745172552768813,49.81143875256074],[6.745103097019353,49.811437400601555],[6.745105185833586,49.811392463726627],[6.745035730153585,49.811391111727986],[6.744966274478839,49.811389759687742],[6.744896818809347,49.811388407605897],[6.744827363145109,49.81138705548247],[6.744688451832397,49.811384351110824],[6.744690541026621,49.811339414248302],[6.744621085442353,49.811338062002221],[6.744551629863342,49.811336709714531],[6.744482174289585,49.811335357385261],[6.744484263671175,49.811290420528742],[6.744414808166881,49.811289068160008],[6.744345352667841,49.811287715749678],[6.744275897174059,49.811286363297754],[6.744067530724243,49.811282305692416],[6.744069620485819,49.81123736884831],[6.744000165077265,49.811236016232137],[6.744002254897793,49.811191079389758],[6.743932799558703,49.811189726734128],[6.743934889438182,49.811144789893468],[6.743865434168554,49.811143437198389],[6.743795978904183,49.8111420844617],[6.743726523645069,49.81114073168343],[6.743728613711911,49.811095794848761],[6.743659158522259,49.811094442031042],[6.743589703337865,49.81109308917172],[6.743520248158729,49.811091736270789],[6.743522338412934,49.811046799442117],[6.743452883303259,49.811045446501744],[6.743383428198843,49.811044093519776],[6.743313973099685,49.811042740496212],[6.743316063541251,49.810997803673537],[6.743246608511556,49.810996450610517],[6.743177153487119,49.810995097505895],[6.74310769846794,49.810993744359678],[6.743109789096865,49.810948807543028],[6.743040334147151,49.810947454357354],[6.742970879202693,49.810946101130092],[6.742901424263496,49.810944747861221],[6.74290351507978,49.810899811050561],[6.742834060210046,49.810898457742248],[6.742764605345571,49.810897104392339],[6.742695150486355,49.810895751000835],[6.742697241489996,49.810850814196179],[6.742627786700245,49.810849460765219],[6.742558331915753,49.810848107292664],[6.742488877136521,49.810846753778506],[6.742490968327519,49.810801816979847],[6.74242151361775,49.810800463426247],[6.742352058913243,49.810799109831045],[6.742282604213995,49.810797756194241],[6.742284695592349,49.810752819401586],[6.742215240962565,49.810751465725332],[6.742145786338042,49.81075011200749],[6.742147877839545,49.810705175218708],[6.742078423284487,49.810703821461409],[6.74200896873469,49.810702467662509],[6.741939514190154,49.81070111382202],[6.74194160587901,49.810656177039242],[6.741872151403939,49.810654823159283],[6.741802696934129,49.810653469237749],[6.74173324246958,49.810652115274621],[6.74173533434579,49.810607178497833],[6.741665879950705,49.810605824495255],[6.741596425560885,49.810604470451068],[6.741526971176324,49.810603116365286],[6.741529063239883,49.810558179594516],[6.741459608924789,49.810556825469291],[6.741390154614956,49.810555471302465],[6.741320700310387,49.810554117094043],[6.741322792561296,49.810509180329277],[6.741253338326191,49.810507826081412],[6.741183884096349,49.810506471791939],[6.741114429871771,49.81050511746087],[6.74111652231003,49.810460180702108],[6.741047068154917,49.81045882633159],[6.740977614005067,49.810457471919484],[6.740908159860481,49.810456117465783],[6.740838705721158,49.810454762970487],[6.740840798410967,49.810409826219875],[6.740771344341111,49.810408471685122],[6.740701890276517,49.810407117108781],[6.740632436217188,49.810405762490845],[6.740634529094343,49.810360825746237],[6.740565075104482,49.810359471088844],[6.740495621119884,49.810358116389857],[6.740426167140549,49.810356761649281],[6.740428260205051,49.810311824910677],[6.740358806295184,49.810310470130652],[6.740289352390581,49.810309115309025],[6.740219898491243,49.810307760445802],[6.740221991743089,49.810262823713231],[6.740152537913218,49.810261468810552],[6.740083084088613,49.810260113866285],[6.740013630269273,49.81025875888043],[6.740015723708461,49.810213822153855],[6.739946269958589,49.810212467128537],[6.73980736247464,49.810209756953128],[6.739809456101171,49.810164820232558],[6.739740002431298,49.810163465084607],[6.73967054876669,49.81016210989506],[6.739601095107348,49.810160754663926],[6.739603188921219,49.810115817949374],[6.739533735331346,49.81011446267879],[6.73946428174674,49.810113107366597],[6.739394828167399,49.810111752012837],[6.739325374593325,49.810110396617446],[6.739327468658738,49.810065459911058],[6.739258015154133,49.81006410447624],[6.739188561654794,49.810062748999819],[6.739119108160724,49.81006139348181],[6.739121202413475,49.810016456781426],[6.739051748988873,49.810015101223975],[6.738982295569539,49.810013745624914],[6.738912842155472,49.810012389984259],[6.738914936595561,49.8099674532899],[6.738845483250962,49.809966097609802],[6.738776029911632,49.809964741888102],[6.73870657657757,49.809963386124821],[6.738637123248777,49.809962030319944],[6.738639217940404,49.809917093633729],[6.738569764681079,49.80991573778941],[6.738500311427023,49.809914381903489],[6.738430858178237,49.809913025975973],[6.738432953057198,49.809868089295769],[6.73836349987788,49.809866733328803],[6.738294046703833,49.809865377320257],[6.738224593535055,49.809864021270108],[6.738155140371545,49.809862665178365],[6.738157235502039,49.809817728506324],[6.738087782408001,49.809816372375117],[6.738018329319232,49.809815016202336],[6.738016234060336,49.809859952870099],[6.738085687213304,49.80986130904504],[6.738083592013342,49.809906245714515],[6.738153045235782,49.809907601849993],[6.738222498463491,49.809908957943883],[6.738220403386662,49.809953894617237],[6.738289856683842,49.809955250671671],[6.738359309986291,49.809956606684516],[6.738357215032595,49.810001543361743],[6.738426668404514,49.810002899335132],[6.738496121781703,49.810004255266925],[6.738494026951142,49.810049191948039],[6.7385634803978,49.810050547840376],[6.738561385626173,49.81009548452321],[6.738630839142301,49.810096840376119],[6.738700292663697,49.810098196187411],[6.738698198015207,49.810143132874117],[6.738767651606073,49.810144488645967],[6.738837105202208,49.81014584437623],[6.738835010676853,49.810190781066808],[6.738904464342458,49.810192136757621],[6.73897391801333,49.810193492406825],[6.738971823611114,49.810238429101275],[6.739041277351455,49.810239784711044],[6.739110731097065,49.810241140279217],[6.739108636817987,49.810286076977519],[6.739039183008175,49.810284721407207],[6.738969729203631,49.8102833657953],[6.738900275404356,49.81028201014179],[6.73890236987604,49.810237073449912],[6.738832916146234,49.81023571775696],[6.738763462421695,49.81023436202242],[6.738694008702427,49.810233006246278],[6.73869610336145,49.810188069560404],[6.738626649711652,49.810186713744812],[6.738557196067122,49.810185357887626],[6.738487742427859,49.810184001988844],[6.73848983727422,49.810139065308988],[6.738420383704429,49.810137709370764],[6.738350930139907,49.810136353390938],[6.738281476580654,49.810134997369531],[6.738283571614351,49.810090060695686],[6.73821411812457,49.810088704634822],[6.738144664640056,49.810087348532363],[6.738075211160813,49.810085992388302],[6.738077306381847,49.81004105572049],[6.738007852972075,49.810039699536986],[6.737938399567573,49.810038343311888],[6.737868946168341,49.810036987045201],[6.73787104157671,49.809992050383386],[6.737801588246949,49.80999069407725],[6.737732134922458,49.809989337729512],[6.737662681603239,49.809987981340193],[6.737664777198941,49.80994304468441],[6.737595323949193,49.809941688255627],[6.737525870704716,49.809940331785263],[6.73745641746551,49.809938975273305],[6.737458513248545,49.809894038623533],[6.737389060078811,49.809892682072118],[6.737319606914348,49.809891325479121],[6.737250153755157,49.809889968844516],[6.737252249725523,49.809845032200762],[6.737182796635803,49.809843675526722],[6.737113343551355,49.809842318811079],[6.737043890472179,49.809840962053855],[6.737045986629876,49.809796025416105],[6.736976533620172,49.809794668619439],[6.736907080615742,49.809793311781156],[6.736837627616584,49.809791954901307],[6.73683972396161,49.809747018269576],[6.736770271031924,49.80974566135027],[6.73670081810751,49.809744304389362],[6.73663136518837,49.809742947386866],[6.736561912274502,49.809741590342782],[6.736564008871056,49.809696653719215],[6.736494556026662,49.809695296635674],[6.736425103187541,49.809693939510552],[6.736355650353695,49.809692582343821],[6.736357747137575,49.809647645726294],[6.7362882943732,49.809646288520128],[6.7362188416141,49.809644931272359],[6.736149388860274,49.809643573983003],[6.73615148583148,49.809598637371494],[6.736082033147127,49.809597280042681],[6.736012580468049,49.809595922672294],[6.735943127794243,49.809594565260305],[6.735945224952776,49.8095496286548],[6.735875772348445,49.809548271203369],[6.73580631974939,49.809546913710342],[6.73573686715561,49.809545556175721],[6.735738964501463,49.809500619576248],[6.735669511977156,49.809499262002184],[6.735600059458125,49.809497904386525],[6.73553060694437,49.809496546729278],[6.735532704477547,49.809451610135817],[6.735463252033266,49.809450252439127],[6.735393799594259,49.809448894700836],[6.735324347160529,49.809447536920949],[6.735326444881026,49.809402600333527],[6.735256992516772,49.809401242514198],[6.735187540157793,49.809399884653281],[6.73511808780409,49.809398526750769],[6.735120185711907,49.809353590169358],[6.735050733427678,49.809352232227404],[6.734981281148727,49.809350874243854],[6.734911828875052,49.809349516218724],[6.734913926970188,49.809304579643332],[6.734844474765988,49.809303221578752],[6.734775022567066,49.809301863472569],[6.734777120785323,49.809256926901057],[6.734707668655877,49.809255568755447],[6.734638216531706,49.809254210568227],[6.734568764412812,49.809252852339426],[6.734570862818387,49.809207915773939],[6.734501410768971,49.809206557505675],[6.734431958724831,49.809205199195837],[6.73436250668597,49.809203840844404],[6.734364605278861,49.809158904284942],[6.734295153309475,49.809157545894067],[6.734225701345367,49.809156187461589],[6.734156249386538,49.809154828987523],[6.734158348166743,49.809109892434101],[6.734088896277391,49.809108533920593],[6.734019444393317,49.80910717536549],[6.733949992514521,49.809105816768806],[6.733952091482039,49.809060880221395],[6.733882639672721,49.809059521585269],[6.73381318786868,49.80905816290754],[6.73374373606992,49.809056804188231],[6.733745835224751,49.809011867646838],[6.733815286959316,49.809013226364009],[6.733884738699159,49.809014585039584],[6.733954190444282,49.809015943673572],[6.734023642194685,49.809017302265971],[6.734021543296639,49.80906223881594],[6.734090995116516,49.80906359736889],[6.734160446941671,49.80906495588026],[6.734229898772107,49.809066314350019],[6.73429935060782,49.809067672778205],[6.734297251961284,49.809112609336346],[6.734366703866474,49.809113967725075],[6.73443615577694,49.809115326072224],[6.734505607692686,49.80911668437777],[6.734503509233467,49.809161620941929],[6.734572961218687,49.809162979208033],[6.734711865204959,49.809165695615476],[6.734709766933055,49.80921063218566],[6.734779218998306,49.809211990329132],[6.734848671068833,49.809213348431022],[6.734918123144638,49.809214706491318],[6.73491602506005,49.809259643067541],[6.734985477205331,49.809261001088387],[6.735054929355886,49.809262359067631],[6.73505283139442,49.809307295647727],[6.735122283614451,49.809308653587529],[6.735191735839757,49.809310011485756],[6.735330640306199,49.809312727157412],[6.735328542596251,49.809357663745672],[6.735397994901584,49.809359021521274],[6.735467447212194,49.80936037925526],[6.735536899528078,49.809361736947672],[6.735606351849239,49.809363094598481],[6.735604254390808,49.809408031194906],[6.735673706781443,49.809409388806266],[6.735743159177352,49.809410746376045],[6.735812611578536,49.809412103904229],[6.735810514307428,49.809457040506679],[6.735879966778086,49.809458397995414],[6.735949419254019,49.809459755442553],[6.736018871735227,49.809461112848112],[6.73601677465144,49.80950604945658],[6.73608622720212,49.809507406822682],[6.736155679758075,49.809508764147203],[6.736225132319305,49.809510121430115],[6.736294584885808,49.809511478671446],[6.736364037457585,49.809512835871189],[6.736361940689521,49.809557772489967],[6.73643139333077,49.809559129650239],[6.736500845977293,49.809560486768945],[6.736570298629089,49.809561843846048],[6.73663975128616,49.809563200881556],[6.736637654769619,49.809608137508505],[6.73670710749616,49.809609494504571],[6.736776560227975,49.809610851459041],[6.736846012965064,49.809612208371917],[6.736915465707424,49.809613565243197],[6.736984918455057,49.809614922072889],[6.736987014650602,49.809569985435218],[6.736917561967169,49.809568628607664],[6.736848109289007,49.809567271738537],[6.73685020560768,49.809522335104738],[6.736711300395573,49.809519621245961],[6.736641847797429,49.809518264254187],[6.736572395204558,49.809516907220818],[6.736502942616959,49.809515550145868],[6.736505039251357,49.809470613522379],[6.73643558673323,49.809469256407972],[6.736366134220379,49.809467899251985],[6.7362966817128,49.809466542054388],[6.736298778534522,49.80942160543691],[6.736229326096415,49.809420248199878],[6.736159873663582,49.809418890921251],[6.736090421236025,49.809417533601028],[6.736092518245069,49.809372596989583],[6.736023065886982,49.809371239629918],[6.735953613534171,49.809369882228658],[6.735884161186635,49.80936852478581],[6.735886258383001,49.809323588180369],[6.735816806104937,49.809322230698079],[6.735677901564635,49.809319515608699],[6.735679998948322,49.809274579009305],[6.735610546750282,49.809273221404375],[6.735541094557516,49.80927186375785],[6.735471642370027,49.809270506069744],[6.735402190187813,49.809269148340043],[6.735404287823018,49.809224211748798],[6.735334835710278,49.809222853979634],[6.735265383602814,49.809221496168895],[6.73526748136114,49.809176559581537],[6.735198029323148,49.809175201731342],[6.735128577290434,49.809173843839574],[6.735059125262996,49.809172485906196],[6.73506122320864,49.809127549324863],[6.734991771250676,49.80912619135205],[6.734922319297987,49.809124833337634],[6.734852867350576,49.809123475281638],[6.734854965483536,49.809078538706324],[6.7347855136056,49.809077180610878],[6.734716061732942,49.809075822473837],[6.73464660986556,49.809074464295222],[6.734648708185835,49.809029527725919],[6.734579256387929,49.809028169507847],[6.734509804595299,49.809026811248188],[6.734440352807948,49.809025452946926],[6.734370901025874,49.809024094604084],[6.734372999597659,49.808979158042966],[6.734303547885061,49.808977799660667],[6.734234096177741,49.808976441236801],[6.734164644475698,49.808975082771319],[6.734166743234797,49.808930146216227],[6.734097291602231,49.808928787711295],[6.734027839974943,49.808927429164797],[6.733958388352935,49.808926070576689],[6.733960487299345,49.808881134027615],[6.733891035746812,49.808879775400079],[6.733821584199556,49.808878416730934],[6.733752132657581,49.808877058020215],[6.733754231791303,49.808832121477174],[6.733684780318804,49.808830762726998],[6.733615328851584,49.808829403935242],[6.733545877389643,49.80882804510189],[6.733476425932984,49.808826686226944],[6.733478525318212,49.808781749692074],[6.733409073931027,49.808780390777684],[6.733339622549124,49.808779031821707],[6.733270171172501,49.808777672824149],[6.733272270745037,49.808732736295305],[6.733202819437889,49.808731377258297],[6.733133368136023,49.808730018179688],[6.733063916839439,49.808728659059483],[6.733066016599281,49.808683722536678],[6.732996565372172,49.808682363377052],[6.732927114150346,49.808681004175817],[6.7328576629338,49.808679644933001],[6.732859762880949,49.808634708416228],[6.73279031173388,49.808633349133963],[6.732720860592091,49.80863198981011],[6.732581958324363,49.808629271037631],[6.732584058523012,49.80858433452903],[6.732514607461266,49.808582975082544],[6.732445156404802,49.808581615594491],[6.732375705353622,49.808580256064815],[6.732377805739573,49.80853531956226],[6.732308354757871,49.808533959993149],[6.732238903781449,49.80853260038247],[6.732169452810311,49.80853124073019],[6.732171553383566,49.808486304233654],[6.732102102481906,49.808484944541924],[6.732032651585528,49.808483584808613],[6.731963200694436,49.808482225033721],[6.731893749808625,49.808480865217227],[6.731895850633376,49.808435928728855],[6.731826399817044,49.808434568872926],[6.731756949005996,49.808433208975408],[6.731687498200232,49.808431849036282],[6.731689599212282,49.808386912553978],[6.731620148475997,49.808385552575416],[6.731550697744996,49.808384192555273],[6.731481247019279,49.808382832493535],[6.73148334821863,49.808337896017242],[6.731413897562391,49.808336535916055],[6.731344446911439,49.808335175773287],[6.73127499626577,49.808333815588938],[6.731205545625387,49.808332455362986],[6.731207647076229,49.808287518894872],[6.731138196505325,49.808286158629485],[6.731068745939707,49.808284798322504],[6.730999295379374,49.808283437973941],[6.731001397017511,49.808238501511873],[6.730931946526659,49.808237141123861],[6.730862496041091,49.808235780694261],[6.730793045560809,49.808234420223073],[6.730723595085815,49.808233059710297],[6.730654144616104,49.808231699155932],[6.730656246569925,49.808186762704182],[6.730586796169694,49.808185402110375],[6.730517345774754,49.808184041474981],[6.730447895385097,49.808182680797998],[6.730449997526212,49.808137744352294],[6.730380547206036,49.808136383635869],[6.730311096891149,49.808135022877842],[6.730241646581548,49.808133662078234],[6.730172196277234,49.808132301237045],[6.730174298669834,49.808087364799533],[6.730104848435,49.808086003918895],[6.730035398205455,49.808084642996668],[6.729965947981199,49.808083282032861],[6.729968050561091,49.808038345601382],[6.729898600406314,49.808036984598125],[6.729829150256826,49.80803562355328],[6.729759700112627,49.808034262466848],[6.729761802879807,49.807989326041408],[6.729692352805089,49.80798796491554],[6.729622902735659,49.807986603748077],[6.729553452671518,49.807985242539026],[6.729484002612665,49.807983881288386],[6.729486105631328,49.807938944871132],[6.729347205657877,49.807936222249388],[6.729349308799636,49.807891285836035],[6.729279858885037,49.807889924464924],[6.729210408975726,49.807888563052231],[6.729140959071707,49.80788720159795],[6.729071509172976,49.807885840102067],[6.729073612566213,49.807840903696899],[6.729004162736965,49.807839542161595],[6.728934712913007,49.807838180584703],[6.728865263094339,49.807836818966209],[6.728867366674864,49.807791882567088],[6.728797916925679,49.807790520909151],[6.728728467181784,49.807789159209626],[6.728659017443181,49.807787797468521],[6.728661121210989,49.807742861075454],[6.728591671541868,49.807741499294892],[6.728522221878038,49.807740137472763],[6.728452772219498,49.807738775609053],[6.72838332256625,49.807737413703734],[6.728385426585533,49.807692477318852],[6.728315977001769,49.807691115374098],[6.728246527423297,49.80768975338777],[6.728177077850116,49.807688391359839],[6.728038178719632,49.807685667179221],[6.727968729162328,49.807684305026534],[6.727760380522176,49.807680218318922],[6.727762485113885,49.807635281952983],[6.727693035641944,49.807633919636089],[6.727623586175297,49.807632557277614],[6.727554136713944,49.807631194877537],[6.727484687257883,49.807629832435879],[6.727415237807117,49.807628469952625],[6.727345788361643,49.807627107427791],[6.72734368338479,49.807672043780812],[6.727274233880422,49.80767068121223],[6.727276338921465,49.807625744861362],[6.727278443957216,49.807580808510082],[6.727280548987673,49.807535872158397],[6.72721109968117,49.807534509554699],[6.727208994586522,49.807579445904224],[6.727139545221123,49.807578083256757],[6.727137440056992,49.807623019603739],[6.727135334887567,49.807667955950308],[6.727133229712851,49.807712892296429],[6.727202679270821,49.807714254950334],[6.727200574155003,49.807759191298217],[6.727270023782459,49.807760553912701],[6.727339473415209,49.807761916485589],[6.727478372696593,49.807764641506594],[6.727476267832246,49.807809577862663],[6.727545717545071,49.807810940312933],[6.727615167263187,49.807812302721622],[6.727684616986597,49.807813665088716],[6.727754066715302,49.807815027414229],[6.727823516449298,49.807816389698147],[6.727892966188588,49.807817751940476],[6.727962415933172,49.807819114141211],[6.728031865683049,49.807820476300364],[6.728170765198678,49.807823200493893],[6.728240214964432,49.807824562528282],[6.728309664735478,49.807825924521069],[6.728379114511815,49.807827286472275],[6.728377010476662,49.80787222285592],[6.728446460322484,49.807873584767677],[6.728515910173597,49.80787494663786],[6.728585360029999,49.807876308466454],[6.728654809891696,49.807877670253447],[6.728724259758682,49.807879031998866],[6.728722156039197,49.807923968392856],[6.728791605975667,49.807925330098826],[6.728789502315085,49.807970266494557],[6.728720052314424,49.807968904786442],[6.728650602319054,49.807967543036717],[6.728581152328976,49.807966181245412],[6.728583256182132,49.807921244856139],[6.728513806261537,49.807919883025399],[6.728444356346232,49.807918521153077],[6.728236006632071,49.807914435286534],[6.728166556737936,49.807913073247846],[6.72809710684909,49.807911711167577],[6.727888757214315,49.807907624677213],[6.727819307346643,49.807906262430578],[6.727749857484262,49.80790490014234],[6.727680407627176,49.807903537812528],[6.727610957775384,49.807902175441129],[6.727541507928883,49.807900813028148],[6.727472058087678,49.807899450573558],[6.727402608251766,49.807898088077387],[6.727333158421148,49.807896725539628],[6.727263708595824,49.807895362960288],[6.727194258775795,49.807894000339346],[6.727124808961062,49.807892637676808],[6.727055359151622,49.80789127497269],[6.727053253886251,49.807936211314612],[6.726983804017916,49.807934848566738],[6.726914354154875,49.807933485777291],[6.726775454444679,49.807930760073631],[6.726636554755665,49.807928034203606],[6.72635875544119,49.807922581964498],[6.726289305625812,49.807921218800736],[6.726219855815731,49.807919855595387],[6.726150406010946,49.807918492348463],[6.726080956211459,49.807917129059945],[6.726011506417268,49.807915765729845],[6.725942056628376,49.807914402358136],[6.725872606844781,49.807913038944847],[6.725874713201401,49.807868102639567],[6.725805263487294,49.807866739186849],[6.725735813778485,49.807865375692536],[6.725666364074976,49.807864012156635],[6.725596914376762,49.807862648579146],[6.72559902098485,49.80781771228208],[6.725529571356127,49.807816348665156],[6.725460121732702,49.807814985006644],[6.725390672114576,49.807813621306543],[6.725392778909939,49.807768685015525],[6.725323329361301,49.807767321275996],[6.725253879817964,49.807765957494865],[6.725255986736411,49.80772102120774],[6.725186537262563,49.807719657387182],[6.725117087794013,49.807718293525035],[6.725119194835545,49.807673357241804],[6.725049745436485,49.807671993340222],[6.724980296042725,49.807670629397052],[6.724982403207339,49.807625693117728],[6.724912953883068,49.80762432913513],[6.724843504564097,49.80762296511093],[6.724845611851794,49.807578028835486],[6.724776162602313,49.807576664771865],[6.724778269948901,49.807531728498162],[6.724708820768911,49.807530364395099],[6.724639371594219,49.807529000250462],[6.724641479063888,49.80748406398066],[6.724572029958687,49.807482699796587],[6.724574137487248,49.807437763528519],[6.724504688451537,49.807436399305018],[6.724506796038987,49.807391463038691],[6.724437347072766,49.807390098775748],[6.724439454719107,49.807345162511169],[6.724441562360152,49.807300226246156],[6.724372113527608,49.807298861945945],[6.72437422122754,49.80725392568268],[6.724304772464487,49.807252561343034],[6.72430688022331,49.807207625081517],[6.724308987976832,49.807162688819581],[6.724239539347456,49.80716132444266],[6.72424164715987,49.807116388182465],[6.724172198599983,49.807115023766116],[6.724174306471284,49.807070087507668],[6.724176414337286,49.807025151248787],[6.724106965911076,49.807023786795156],[6.724109073835966,49.80697885053803],[6.724039625479246,49.806977486044964],[6.723970177127827,49.806976121510317],[6.723972285175792,49.806931185257092],[6.723902836893862,49.80692982068301],[6.723904945000715,49.806884884431526],[6.72390705310227,49.806839948179615],[6.723837604954015,49.806838583568265],[6.723835496788275,49.806883519818022],[6.723766048581136,49.806882155162917],[6.723768156811063,49.806837218915319],[6.723698708673415,49.8068358542208],[6.723629260541067,49.806834489484679],[6.723559812414023,49.806833124706991],[6.72356192083121,49.806788188465447],[6.723492472773655,49.806786823648324],[6.723423024721403,49.806785458789605],[6.723425133261663,49.806740522551955],[6.723355685278901,49.806739157653809],[6.723286237301441,49.806737792714074],[6.723216789329286,49.806736427732751],[6.723218898056803,49.806691491501162],[6.723149450154138,49.806690126480397],[6.723080002256776,49.806688761418059],[6.723010554364716,49.806687396314139],[6.722941106477962,49.806686031168631],[6.722943215456924,49.806641094945249],[6.722873767639659,49.806639729760313],[6.722804319827699,49.806638364533782],[6.72280642892973,49.806593428314308],[6.722736981187261,49.806592063048349],[6.722598085718235,49.806589332391667],[6.72252863799168,49.806587967000951],[6.722459190270429,49.80658660156864],[6.722389742554483,49.80658523609474],[6.722391852036327,49.806540299887807],[6.722322404389873,49.806538934374473],[6.722320294843844,49.806583870579267],[6.72225084713851,49.806582505022199],[6.722248737522992,49.8066274412244],[6.722179289758778,49.806626075623591],[6.72217718007377,49.806671011823212],[6.722175070383458,49.806715948022443],[6.722105622496177,49.806714582375719],[6.722103512736376,49.806759518572363],[6.72210140297127,49.806804454768589],[6.722099293200861,49.806849390964402],[6.722097183425148,49.806894327159789],[6.722027735286428,49.80689296146285],[6.722025625441224,49.806937897655672],[6.722023515590714,49.806982833848075],[6.722021405734901,49.807027770040065],[6.721951957408925,49.807026404295073],[6.721949847483621,49.807071340484477],[6.721947737553012,49.807116276673476],[6.721945627617099,49.807161212862056],[6.72194351767588,49.807206149050216],[6.721941407729359,49.807251085237972],[6.721871959087752,49.807249719440584],[6.721869849071737,49.807294655625761],[6.721867739050418,49.807339591810518],[6.721865629023794,49.807384527994863],[6.72179618019493,49.807383162149414],[6.721794070098812,49.807428098331179],[6.721791959997391,49.807473034512526],[6.721789849890663,49.807517970693461],[6.721720400874539,49.80751660479995],[6.721718290698318,49.80756154097832],[6.721716180516792,49.807606477156256],[6.721714070329961,49.807651413333787],[6.721711960137825,49.807696349510898],[6.721642510870251,49.80769498356716],[6.72164040060862,49.807739919741707],[6.721638290341684,49.807784855915813],[6.721636180069441,49.807829792089521],[6.721634069791894,49.80787472826281],[6.721564620272868,49.80787336226885],[6.721562509925826,49.807918298439567],[6.721560399573478,49.807963234609858],[6.721558289215824,49.808008170779743],[6.721556178852863,49.80805310694921],[6.721486729082383,49.808051740905029],[6.721484618649928,49.808096677071909],[6.721482508212166,49.808141613238391],[6.721480397769098,49.808186549404454],[6.721549847732152,49.808187915455107],[6.72154773734797,49.808232851622904],[6.721545626958481,49.808277787790288],[6.721543516563687,49.808322723957268],[6.721474066408061,49.808321357900127],[6.72147195594377,49.808366294064513],[6.721469845474172,49.808411230228494],[6.721539295758184,49.808412596289955],[6.721537185347474,49.808457532455684],[6.721535074931457,49.808502468620972],[6.721465624519061,49.808501102555205],[6.721463514033547,49.808546038717935],[6.721461403542727,49.808590974880246],[6.7214592930466,49.808635911042145],[6.721457182545167,49.808680847203632],[6.721455072038427,49.8087257833647],[6.721452961526384,49.808770719525334],[6.721450851009034,49.808815655685571],[6.721448740486377,49.808860591845388],[6.721518191412318,49.808861957928443],[6.721516080948549,49.808906894090001],[6.721513970479475,49.808951830251132],[6.721583421539112,49.808953196296919],[6.721581311128925,49.80899813245982],[6.721650762258064,49.808999498466164],[6.721648651906766,49.809044434630785],[6.721718103105409,49.809045800597694],[6.721715992812999,49.80909073676407],[6.721785444081142,49.809092102691551],[6.721783333847623,49.809137038859667],[6.721852785185269,49.809138404747713],[6.721850675010638,49.809183340917578],[6.721920126417787,49.809184706766189],[6.721989577830243,49.809186072573226],[6.721987467778697,49.809231008746977],[6.722056919260655,49.809232374514572],[6.722126370747919,49.809233740240579],[6.72219582224049,49.809235105924998],[6.722265273738368,49.809236471567822],[6.722334725241552,49.80923783716905],[6.722404176750041,49.809239202728698],[6.722402067078363,49.80928413891499],[6.722471518656355,49.809285504435202],[6.722540970239653,49.809286869913826],[6.722610421828256,49.809288235350849],[6.72260831234386,49.809333171543202],[6.722677764001964,49.809334536940796],[6.722675654576461,49.809379473134896],[6.722745106304068,49.809380838493055],[6.722747215665375,49.809335902296795],[6.722816667334091,49.809337267611205],[6.722814558036978,49.809382203809626],[6.722884009775195,49.809383569084595],[6.722953461518716,49.809384934317997],[6.722955570687438,49.809339998115256],[6.723025022372068,49.809341363304895],[6.723027131471291,49.809296427099603],[6.723029240565211,49.809251490893878],[6.723098692126754,49.809252856037617],[6.723100801151176,49.809207919829326],[6.723031349653827,49.809206554687762],[6.723033458737143,49.809161618481198],[6.723035567815155,49.809116682274237],[6.723105019184113,49.809118047411502],[6.723107128192629,49.809073111201954],[6.723109237195841,49.809028174992008],[6.72311345518636,49.808938302570844],[6.723115564173666,49.808893366359648],[6.72311767315567,49.808848430148039],[6.723187124144767,49.808849795230749],[6.723189233057274,49.808804859016561],[6.723191341964481,49.808759922801954],[6.723260792830492,49.80876128783877],[6.72325868398748,49.808806224055537],[6.723328134922991,49.808807589052918],[6.723326026138871,49.80885252527144],[6.723323917349449,49.808897461489515],[6.723393368418651,49.808898826449635],[6.723391259688122,49.808943762669465],[6.723460710826822,49.808945127590135],[6.723530161970826,49.808946492469225],[6.723599613120133,49.808947857306727],[6.723601721658079,49.808902921080417],[6.723671172748495,49.808904285874178],[6.723740623844215,49.808905650626336],[6.723810074945236,49.808907015336899],[6.723812183285299,49.808862079103704],[6.723881634327428,49.808863443770534],[6.724020536427598,49.8088661729794],[6.724089987485636,49.808867537521451],[6.724087879402349,49.808912473763257],[6.724157330529883,49.808913838265887],[6.72422678166272,49.808915202726908],[6.724224673702524,49.808960138972616],[6.724155222505494,49.808958774509435],[6.724153114475803,49.809003710752584],[6.724222565737029,49.809005075217911],[6.724292017003555,49.809006439641671],[6.724361468275383,49.809007804023828],[6.724359360432977,49.809052740273025],[6.724289909096954,49.809051375888721],[6.724151006440812,49.809048646995315],[6.724081555120694,49.809047282486233],[6.724083663219879,49.809002346245649],[6.724014211969259,49.809000981697132],[6.724012103805878,49.809045917935549],[6.723942652496365,49.809044553343291],[6.723944760723939,49.808999617107027],[6.723875309483923,49.80899825247532],[6.723873201192153,49.809043188709431],[6.723803749893245,49.809041824033976],[6.72373429859964,49.809040459316947],[6.72373219017418,49.80908539554629],[6.723662738821683,49.809084030785506],[6.723660630326727,49.80912896701232],[6.723730081743421,49.809130331775258],[6.723799533165415,49.809131696496607],[6.723797424793549,49.809176632727301],[6.723727973307358,49.809175268003791],[6.72365852182647,49.809173903238694],[6.723589070350886,49.809172538432001],[6.723586961781133,49.809217474655817],[6.723584853206078,49.809262410879207],[6.723582744625723,49.809307347102184],[6.723652196293894,49.809308711915349],[6.723650087772434,49.80935364814006],[6.723719539510103,49.809355012913791],[6.723717431047539,49.80939994914025],[6.723786882854707,49.809401313874545],[6.723784774451036,49.809446250102752],[6.723782666042066,49.809491186330533],[6.723713214106504,49.809489821591917],[6.723643762176245,49.809488456811728],[6.72357431025129,49.809487091989922],[6.723572201644427,49.809532028210832],[6.723570093032265,49.809576964431308],[6.723639545085614,49.809578329257405],[6.723708997144266,49.809579694041915],[6.723706888655195,49.809624630266306],[6.723637436532345,49.809623265479637],[6.723635327973777,49.809668201701442],[6.723633219409908,49.80971313792282],[6.723631110840736,49.809758074143801],[6.723629002266263,49.809803010364369],[6.723559549891931,49.809801645527479],[6.7234900975229,49.809800280648979],[6.723487988814731,49.809845216864808],[6.723418536386808,49.809843851942574],[6.723349083964188,49.809842486978752],[6.723346975122322,49.809887423189856],[6.723208070164598,49.809884693133114],[6.72321017913486,49.80983975692633],[6.723140726728152,49.809838391837729],[6.723142835757309,49.809793455632693],[6.723144944781162,49.809748519427231],[6.723075492508154,49.809747154301355],[6.723006040240451,49.809745789133885],[6.723008149387397,49.80970085293233],[6.722938697189195,49.809699487725432],[6.722869244996297,49.809698122476938],[6.722799792808707,49.809696757186856],[6.722730340626421,49.809695391855179],[6.722591436277765,49.809692661067039],[6.722452531950332,49.809689930112562],[6.722383079794574,49.809688564572923],[6.722313627644123,49.809687198991696],[6.722244175498979,49.809685833368881],[6.722246285346787,49.809640897190654],[6.722176833271146,49.809639531528397],[6.722107381200813,49.809638165824559],[6.722037929135784,49.809636800079133],[6.721968477076064,49.809635434292112],[6.721899025021651,49.809634068463495],[6.721690668890255,49.809629970728096],[6.721551764829198,49.809627238696542],[6.72148231280663,49.809625872618376],[6.721412860789372,49.809624506498629],[6.721414971402234,49.809579570345875],[6.721345519454481,49.809578204186693],[6.721276067512036,49.809576837985915],[6.7212066155749,49.80957547174355],[6.721208726375044,49.80953053559687],[6.721139274507414,49.80952916931507],[6.721069822645092,49.809527802991667],[6.721000370788079,49.80952643662669],[6.720998259795347,49.809571372766889],[6.720928807879448,49.809570006358165],[6.720859355968858,49.809568639907837],[6.720857244842425,49.809613576043304],[6.720926696817211,49.809614942495784],[6.720924585749668,49.809659878632992],[6.72099403779396,49.809661245046044],[6.72106348984356,49.809662611417508],[6.721132941898472,49.809663977747384],[6.721202393958691,49.809665344035658],[6.721271846024219,49.809666710282343],[6.721480202252659,49.809670808772864],[6.72147809169338,49.809715744926926],[6.72154754384434,49.809717111009419],[6.721616996000608,49.809718477050303],[6.721686448162185,49.809719843049599],[6.721684337790191,49.809764779209743],[6.721614885564418,49.80976341320828],[6.721545433343953,49.809762047165236],[6.721475981128796,49.80976068108059],[6.721406528918948,49.809759314954356],[6.721404418284861,49.809804251105433],[6.721196061494576,49.809800152470714],[6.721057156994264,49.809797419839612],[6.720987704752073,49.80979605346166],[6.720985593727495,49.809840989599373],[6.720916141426417,49.809839623177687],[6.720846689130647,49.8098382567144],[6.720777236840187,49.809836890209532],[6.720775125617712,49.809881826340337],[6.720705673268363,49.809880459791714],[6.720703561976383,49.809925395919947],[6.720634109568149,49.809924029327561],[6.720631998206661,49.80996896545323],[6.720629886839866,49.810013901578465],[6.720560434308548,49.810012534940178],[6.720558322872248,49.810057471062848],[6.720419417697146,49.810054737657161],[6.720421529261843,49.810009801538826],[6.720423640821231,49.809964865420056],[6.720425752375311,49.809919929300889],[6.72035629998832,49.809918562542137],[6.720286847606639,49.809917195741804],[6.720288959283804,49.80987225962653],[6.720219506971632,49.809870892786762],[6.720150054664772,49.809869525905405],[6.720080602363222,49.809868158982454],[6.72008271422767,49.809823222873241],[6.720013261995629,49.809821855910855],[6.719943809768901,49.809820488906887],[6.719874357547483,49.809819121861324],[6.71980490533138,49.809817754774173],[6.719666000915109,49.809815020475078],[6.719668113159428,49.809770084378414],[6.719598661023457,49.809768717168645],[6.719529208892799,49.80976734991728],[6.719390304647423,49.809764615289787],[6.719320852532705,49.809763247913651],[6.719251400423301,49.809761880495927],[6.719181948319209,49.809760513036608],[6.719179835625513,49.809805449118144],[6.719110383462539,49.809804081615084],[6.719040931304878,49.809802714070415],[6.718971479152532,49.809801346484157],[6.7189020270055,49.809799978856319],[6.718904139955983,49.809755042783422],[6.718834687878462,49.809753675116148],[6.718765235806255,49.809752307407287],[6.718695783739363,49.80975093965683],[6.718626331677787,49.809749571864778],[6.718556879621524,49.809748204031138],[6.718487427570577,49.809746836155909],[6.718485314234916,49.809791772215831],[6.718415862125087,49.809790404296848],[6.718346410020575,49.809789036336277],[6.718276957921378,49.809787668334103],[6.71827907144963,49.809742732280675],[6.718209619419945,49.809741364239073],[6.718140167395577,49.809739996155891],[6.718142281046905,49.809695060106364],[6.71807282909205,49.809693691983753],[6.718003377142511,49.809692323819547],[6.717933925198285,49.809690955613753],[6.717931811354369,49.809735891656786],[6.717862359351265,49.809734523407229],[6.717860245437838,49.809779459447689],[6.717858131519093,49.809824395487738],[6.717788679392914,49.809823027192266],[6.71778656540466,49.809867963229721],[6.717717113219602,49.809866594890508],[6.717647661039861,49.809865226509686],[6.717645546917898,49.809910162542415],[6.717576094679277,49.809908794117845],[6.717573980487802,49.809953730147981],[6.717504528190302,49.809952361679656],[6.717502413929314,49.809997297707213],[6.717432961572935,49.809995929195146],[6.717430847242433,49.810040865220138],[6.717361394827175,49.810039496664302],[6.717365623611254,49.809949624618248],[6.717296171329708,49.809948256025159],[6.71729828577797,49.809903320003656],[6.717300400220916,49.809858383981748],[6.717302514658547,49.809813447959442],[6.717304629090862,49.809768511936696],[6.717374081115621,49.809769880521138],[6.717376195478424,49.809724944495819],[6.717445647444306,49.809726313036506],[6.717447761737597,49.809681377008616],[6.717517213644601,49.809682745505555],[6.71751932786838,49.809637809475078],[6.717588779716506,49.809639177928261],[6.717658231569948,49.80964054633985],[6.717660345660021,49.809595610304633],[6.717662459744777,49.809550674268998],[6.717664573824219,49.809505738232957],[6.717595122163363,49.809504369827863],[6.717597236301685,49.809459433793535],[6.717599350434692,49.80941449775883],[6.717529898907544,49.809413129316468],[6.717532013099431,49.809368193283476],[6.717462561641795,49.8093668248017],[6.717464675892562,49.809321888770469],[6.717395224504438,49.809320520249237],[6.717397338814083,49.809275584219776],[6.717327887495472,49.809274215659123],[6.717330001863997,49.809229279631388],[6.717260550614897,49.809227911031314],[6.717262665042301,49.809182975005321],[6.717193213862713,49.809181606365819],[6.717195328348994,49.809136670341573],[6.717197442829959,49.809091734316937],[6.717199557305608,49.809046798291853],[6.717269008292614,49.80904816692486],[6.717271122698753,49.809003230897225],[6.717273237099576,49.80895829486915],[6.717342687963512,49.808959663456257],[6.717344802294826,49.808914727425616],[6.717346916620826,49.808869791394542],[6.717416367361692,49.808871159935713],[6.717418481618182,49.808826223902074],[6.717420595869357,49.808781287868023],[6.717490046487156,49.808782656363299],[6.717492160668823,49.808737720326654],[6.717494274845174,49.808692784289597],[6.71749638901621,49.808647848252136],[6.71756583944675,49.808649216699322],[6.717567953548279,49.808604280659267],[6.717570067644494,49.8085593446188],[6.717639517951965,49.808560713020071],[6.717641631978672,49.808515776977025],[6.717643746000064,49.808470840933559],[6.71771319618447,49.808472209288922],[6.717715310136356,49.808427273242884],[6.717717424082926,49.808382337196434],[6.717719538024182,49.808337401149551],[6.717788988021329,49.808338769456839],[6.717793215759518,49.808248897357515],[6.717795329620641,49.808203961307235],[6.717797443476448,49.808159025256529],[6.71779955732694,49.808114089205425],[6.71786900700845,49.808115457460303],[6.717871120789439,49.808070521406606],[6.717873234565114,49.808025585352482],[6.717875348335474,49.80798064929796],[6.71787746210052,49.807935713243019],[6.717946911530587,49.807937081447655],[6.71794902522613,49.807892145390127],[6.717951138916358,49.807847209332202],[6.717953252601273,49.807802273273843],[6.718022701844085,49.807803641430404],[6.718024815459497,49.807758705369473],[6.718026929069595,49.807713769308123],[6.718029042674379,49.807668833246339],[6.718098491729941,49.807670201354831],[6.718100605265223,49.807625265290504],[6.71810271879519,49.807580329225736],[6.718106945839186,49.807490457094964],[6.718109059353213,49.807445521028946],[6.718111172861928,49.807400584962529],[6.718041724191496,49.807399216867005],[6.71797227552638,49.807397848729913],[6.71797016188929,49.807442784792009],[6.717900713165302,49.807441416611155],[6.717831264446629,49.807440048388713],[6.717829150675849,49.807484984446084],[6.717759701898306,49.807483616179894],[6.717757588058023,49.807528552234665],[6.717755474212427,49.807573488289037],[6.717686025311822,49.807572119976925],[6.717616576416535,49.807570751623238],[6.717614462437247,49.807615687672858],[6.717545013483087,49.807614319275416],[6.717542899434296,49.807659255322456],[6.717473450421267,49.807657886881266],[6.717471336302971,49.807702822925727],[6.717469222179361,49.807747758969789],[6.71739977304327,49.807746390482677],[6.717330323912496,49.807745021953977],[6.717260874787039,49.807743653383689],[6.717121976552079,49.807740916118355],[6.717124090996633,49.807695980085121],[6.717054641951319,49.807694611392236],[6.716985192911323,49.80769324265777],[6.716915743876644,49.807691873881701],[6.716913629239524,49.807736809908455],[6.716911514597086,49.807781745934776],[6.716909399949333,49.807826681960691],[6.716907285296264,49.80787161798618],[6.71676838672935,49.807868880291984],[6.716698937453872,49.807867511382511],[6.716696822602918,49.807912447401087],[6.716627373268569,49.807911078447866],[6.716625258348107,49.807956014463876],[6.71662314342233,49.808000950479453],[6.716621028491235,49.808045886494639],[6.716618913554823,49.808090822509399],[6.716616798613095,49.80813575852374],[6.716614683666048,49.808180694537668],[6.716684133385536,49.808182063503885],[6.716682018497364,49.808226999519562],[6.716679903603875,49.808271935534812],[6.716749353457063,49.808273304463768],[6.716747238622447,49.808318240480773],[6.716816688545145,49.808319609370301],[6.716814573769404,49.808364545389061],[6.716812458988345,49.808409481407381],[6.716810344201971,49.80845441742531],[6.716808229410279,49.808499353442812],[6.716806114613271,49.808544289459888],[6.716736664369615,49.808542920559546],[6.716667214131278,49.808541551617616],[6.71666932905667,49.808496615604859],[6.716599878887846,49.808495246623501],[6.716530428724339,49.808493877600547],[6.716532543772797,49.808448941591699],[6.716463093678802,49.808447572529325],[6.716393643590125,49.808446203425355],[6.71632419350677,49.808444834279811],[6.716326308742484,49.808399898277024],[6.716256858728641,49.808398529092052],[6.716187408720116,49.808397159865486],[6.716189524078895,49.808352223866628],[6.716120074139882,49.808350854600633],[6.716050624206189,49.80834948529305],[6.716048508719029,49.808394421287581],[6.715979058726466,49.808393051936235],[6.715909608739225,49.808391682543323],[6.715907493118362,49.808436618533115],[6.715838043072251,49.808435249096441],[6.71569914299599,49.808432510098314],[6.715629692965842,49.808431140536868],[6.715560242941016,49.808429770933834],[6.715490792921511,49.808428401289213],[6.715488676910184,49.808473337265596],[6.715419226831809,49.808471967577219],[6.715417110750971,49.808516903551016],[6.715412878573332,49.808606775497381],[6.715410762476534,49.808651711469935],[6.715480212811674,49.808653081166966],[6.715478096773747,49.808698017141268],[6.715475980730499,49.808742953115157],[6.715545431199347,49.808744322774935],[6.715543315214973,49.808789258750565],[6.715541199225279,49.808834194725783],[6.715610649827832,49.808835564348293],[6.71560853389701,49.808880500325266],[6.715677984569078,49.808881869908362],[6.71567586869713,49.808926805887062],[6.715745319438713,49.808928175430736],[6.715743203625638,49.808973111411198],[6.715812654436735,49.808974480915438],[6.715810538682534,49.809019416897648],[6.715879989563145,49.80902078636246],[6.715877873867819,49.809065722346425],[6.715875758167174,49.809110658329956],[6.715945209181494,49.809112027757521],[6.715943093539722,49.809156963742808],[6.715940977892632,49.80920189972769],[6.716010429040661,49.80920326911798],[6.716008313452447,49.809248205104595],[6.716077764669989,49.809249574455471],[6.71607564914065,49.809294510443834],[6.716006197858913,49.809293141090798],[6.716004082260061,49.809338077076582],[6.715934630919448,49.809336707679812],[6.715936746582496,49.809291771696181],[6.7158672953114,49.809290402259968],[6.715869411033322,49.809245466278092],[6.715799959831742,49.809244096802459],[6.715802075612539,49.809199160822324],[6.715804191388016,49.809154224841791],[6.715734740320146,49.809152855328882],[6.715736856154499,49.809107919350083],[6.715667405156143,49.809106549797761],[6.715669521049369,49.809061613820717],[6.715600070120528,49.809060244228966],[6.715602186072629,49.809015308253649],[6.715532735213304,49.809013938622478],[6.715534851224278,49.808969002648936],[6.715465400434467,49.808967632978337],[6.715463284359301,49.809012568949719],[6.715461168278814,49.809057504920688],[6.715322266458387,49.809054765446064],[6.715320150244194,49.809099701412286],[6.715250699277771,49.809098331610421],[6.715252815556158,49.809053395646359],[6.715183364659252,49.809052025805066],[6.715113913767667,49.809050655922185],[6.715111797360894,49.809095591881913],[6.71504234641044,49.809094221955284],[6.715040229934152,49.809139157912433],[6.715038113452543,49.809184093869163],[6.715035996965613,49.809229029825481],[6.715033880473361,49.809273965781379],[6.714964429271456,49.809272595804501],[6.714894978074873,49.809271225786013],[6.714825526883613,49.809269855725944],[6.714827643568447,49.809224919776561],[6.714758192446705,49.809223549677057],[6.714756075697678,49.809268485624294],[6.714686624517067,49.809267115481049],[6.714684507698524,49.809312051425707],[6.714615056459042,49.809310681238692],[6.714612939570984,49.809355617180771],[6.714543488272632,49.809354246950008],[6.714474036979605,49.809352876677657],[6.714404585691903,49.809351506363726],[6.714335134409525,49.809350136008192],[6.714265683132473,49.80934876561107],[6.714126780594341,49.809346024692069],[6.714128897931759,49.809301088765153],[6.714198349133968,49.809302459243291],[6.714200466401869,49.809257523313789],[6.714269917545209,49.809258893748165],[6.714272034743592,49.809213957816105],[6.714274151936654,49.809169021883605],[6.714276269124392,49.809124085950693],[6.714278386306808,49.809079150017368],[6.714208935420243,49.809077779591661],[6.714211052661528,49.80903284366007],[6.714213169897491,49.808987907728081],[6.714352071419176,49.808990648529253],[6.714421522188005,49.808992018867457],[6.714423639226067,49.808947082928555],[6.714425756258804,49.808902146989226],[6.714427873286222,49.808857211049499],[6.714429990308315,49.808812275109332],[6.714360539796258,49.808810904779797],[6.714291089289524,49.808809534408667],[6.714221638788113,49.808808163995948],[6.714152188292029,49.808806793541642],[6.714150071013166,49.80885172947314],[6.714080620458215,49.808850358975072],[6.714011169908589,49.808848988435415],[6.713941719364288,49.808847617854184],[6.713872268825314,49.808846247231344],[6.713874386360947,49.808801311308514],[6.713876503891256,49.808756375385272],[6.713945954301847,49.808757746003764],[6.713948071762641,49.808712810077949],[6.714017522114364,49.808714180652679],[6.714086972471413,49.808715551185841],[6.714089089798501,49.808670615255259],[6.714158540096683,49.808671985744667],[6.714160657354254,49.808627049811513],[6.714230107593571,49.808628420257151],[6.714299557838213,49.808629790661207],[6.714301674962079,49.8085848547233],[6.714371125147854,49.808586225083602],[6.714440575338952,49.808587595402308],[6.714442692329113,49.808542659459661],[6.714446926293467,49.808452787573088],[6.714449043267661,49.808407851629184],[6.714379593333327,49.808406481319139],[6.714381710366389,49.808361545376982],[6.714312260501569,49.808360175027509],[6.7143143775935,49.808315239087108],[6.714383827394129,49.808316609434414],[6.714453277200081,49.808317979740139],[6.714522727011359,49.808319350004268],[6.714524843905396,49.808274414056932],[6.714594293657806,49.808275784277306],[6.714663743415541,49.808277154456086],[6.714661626649886,49.808322090407749],[6.714731076477135,49.808323460547108],[6.7147331931786,49.808278524593291],[6.714802642946982,49.808279894688887],[6.714804759578937,49.808234958732484],[6.714874209288452,49.808236328784332],[6.714876325850894,49.808191392825357],[6.714945775501542,49.80819276283345],[6.714947891994473,49.808147826871895],[6.715017341586255,49.80814919683624],[6.71508679118336,49.808150566758989],[6.715088907542589,49.808105630792681],[6.715297256173269,49.808109740304928],[6.715366705727474,49.808111110059158],[6.715368821824623,49.808066174083777],[6.715438271319962,49.808067543794259],[6.715507720820621,49.808068913463153],[6.71550983678407,49.808023977483025],[6.715579286225862,49.808025347108156],[6.715648735672976,49.808026716691714],[6.715650851502726,49.807981780706825],[6.715720300890971,49.807983150246628],[6.715722416651213,49.807938214259174],[6.715791865980591,49.807939583755221],[6.715793981671324,49.807894647765174],[6.715863430941831,49.807896017217473],[6.715865546563058,49.80785108122484],[6.715934995774698,49.807852450633391],[6.716004444991658,49.807853820000346],[6.716006560479188,49.807808884002981],[6.71607600963728,49.807810253326181],[6.716145458800693,49.807811622607787],[6.716147574154525,49.807766686605682],[6.716217023259069,49.807768055843539],[6.716219138543396,49.807723119838847],[6.716288587589071,49.80772448903295],[6.716358036640066,49.807725858185478],[6.716360151790696,49.807680922176033],[6.716429600782822,49.807682291284799],[6.716431715863948,49.807637355272789],[6.716501164797205,49.807638724337799],[6.716570613735782,49.807640093361229],[6.716572728683212,49.80759515734448],[6.716642177562919,49.807596526324161],[6.716644292440844,49.807551590304811],[6.716713741261683,49.807552959240731],[6.716715856070103,49.807508023218809],[6.716785304832071,49.807509392110994],[6.716854753599359,49.80751076096157],[6.716856868274086,49.807465824934908],[6.716858982943498,49.807420888907821],[6.716928431587729,49.807422257712503],[6.716930546187635,49.807377321682836],[6.716999994772997,49.807378690443755],[6.717002109303399,49.807333754411523],[6.717071557829891,49.807335123128681],[6.7171410063617,49.807336491804264],[6.717143120758413,49.807291555767286],[6.717212569231353,49.807292924399107],[6.717214683558564,49.807247988359549],[6.717284131972633,49.807249356947622],[6.717353580392022,49.807250725494121],[6.717355694585541,49.807205789449824],[6.717425142946057,49.807207157952568],[6.717494591311892,49.807208526413724],[6.717496705371724,49.807163590364659],[6.717566153678689,49.807164958782067],[6.717568267669018,49.807120022730444],[6.717637715917114,49.80712139110409],[6.717639829837943,49.807076455049895],[6.717709278027166,49.807077823379799],[6.717778726221708,49.807079191668116],[6.717780840008847,49.807034255609182],[6.717850288144518,49.807035623853743],[6.717852401862158,49.806990687792208],[6.717921849938958,49.806992055993028],[6.717923963587098,49.806947119928928],[6.717993411605027,49.806948488086],[6.717995525183667,49.806903552019307],[6.718064973142726,49.806904920132631],[6.718067086651867,49.806859984063365],[6.718136534552056,49.80686135213292],[6.718138647991697,49.806816416061096],[6.718208095833015,49.806817784086917],[6.718210209203157,49.8067728480125],[6.718279656985604,49.806774215994572],[6.718281770286249,49.806729279917569],[6.718351218009825,49.806730647855893],[6.71835333124097,49.806685711776325],[6.718422778905677,49.806687079670894],[6.718424892067324,49.806642143588746],[6.71849433967316,49.806643511439567],[6.718496452765311,49.806598575354833],[6.718565900312275,49.806599943161906],[6.718568013334926,49.8065550070746],[6.718637460823021,49.806556374837932],[6.718639573776176,49.806511438748039],[6.7187090212054,49.806512806467623],[6.718711134089059,49.806467870375151],[6.718780581459413,49.80646923805098],[6.718850028835079,49.80647060568522],[6.718852141585056,49.806425669588037],[6.718921588901851,49.80642703717853],[6.718923701582334,49.806382101078746],[6.718993148840258,49.806383468625491],[6.718995261451243,49.806338532523121],[6.719064708650297,49.806339900026131],[6.719134155854663,49.806341267487547],[6.719136268331971,49.806296331380452],[6.719205715477465,49.806297698798105],[6.719207827885278,49.80625276268843],[6.719209940287779,49.806207826578351],[6.719279387310218,49.80620919395011],[6.719281499643226,49.806164257837438],[6.719283611970923,49.806119321724353],[6.719285724293309,49.806074385610863],[6.71935517112851,49.806075752934539],[6.719357283381403,49.806030816818463],[6.719361507871258,49.805940944585068],[6.719363620108222,49.805896008467727],[6.719433066692003,49.805897375741196],[6.719435178859474,49.80585243962129],[6.719437291021634,49.805807503500972],[6.719367844566216,49.805806136231837],[6.719369956787249,49.805761200113245],[6.719300510401326,49.805759832804696],[6.719231064020717,49.805758465454545],[6.71916161764542,49.80575709806282],[6.719163730053689,49.805712161950311],[6.719094283747887,49.80571079451915],[6.718955391152221,49.805708059532087],[6.718957503747724,49.805663123425646],[6.718888057522043,49.805661755871903],[6.718749165086619,49.805659020639638],[6.718751277869357,49.805614084539272],[6.718681831723798,49.805612716862925],[6.718612385583552,49.805611349144989],[6.71854293944862,49.80560998138548],[6.718545052418591,49.805565045291175],[6.718475606353155,49.805563677492238],[6.718406160293032,49.805562309651705],[6.718336714238224,49.805560941769599],[6.718267268188732,49.805559573845905],[6.718269381410115,49.805514637759842],[6.718199935430119,49.80551326979672],[6.718061043486068,49.805510533745739],[6.718063156894683,49.80546559766573],[6.717993710994811,49.805464229580025],[6.717924265100256,49.805462861452725],[6.717854819211015,49.805461493283836],[6.71778537332709,49.805460125073374],[6.717787486987115,49.805415189001614],[6.717718041172687,49.805413820751724],[6.717648595363574,49.805412452460246],[6.717579149559778,49.805411084127194],[6.71758126340703,49.805366148061502],[6.717511817672731,49.805364779689029],[6.717442371943748,49.805363411274968],[6.717372926220081,49.805362042819311],[6.717375040254562,49.805317106759681],[6.717305594600393,49.805315738264611],[6.71723614895154,49.805314369727959],[6.717166703308004,49.805313001149727],[6.717097257669786,49.805311632529893],[6.717099371955672,49.805266696478512],[6.717029926386952,49.805265327819264],[6.716960480823548,49.805263959118427],[6.716891035265462,49.805262590376017],[6.716893149738572,49.805217654330697],[6.716823704249985,49.805216285548873],[6.716754258766714,49.805214916725447],[6.716684813288762,49.805213547860454],[6.716615367816129,49.805212178953866],[6.716617482540643,49.805167242916774],[6.716548037137507,49.805165873970758],[6.716478591739691,49.805164504983161],[6.716409146347192,49.80516313595399],[6.716411261258928,49.805118199922987],[6.716341815935928,49.805116830854388],[6.716272370618247,49.805115461744208],[6.716202925305886,49.805114092592433],[6.716205040404843,49.805069156567512],[6.71613559516198,49.805067787376323],[6.716066149924436,49.805066418143554],[6.715996704692213,49.805065048869196],[6.715927259465309,49.805063679553257],[6.715929374815666,49.805018743536571],[6.715859929658261,49.805017374181197],[6.715790484506176,49.805016004784257],[6.715721039359411,49.805014635345728],[6.715723154896986,49.804969699335125],[6.715653709819722,49.804968329857168],[6.715584264747775,49.804966960337637],[6.715514819681151,49.804965590776526],[6.715445374619849,49.804964221173833],[6.715447490408819,49.804919285171458],[6.715378045417017,49.80491791552933],[6.715308600430534,49.804916545845636],[6.715239155449374,49.804915176120339],[6.715241271425562,49.804870240124046],[6.715171826513901,49.804868870359343],[6.715102381607561,49.804867500553058],[6.715032936706544,49.804866130705186],[6.714963491810849,49.804864760815732],[6.714965608038431,49.804819824827675],[6.714896163212235,49.8048184548988],[6.714826718391362,49.804817084928338],[6.714757273575812,49.804815714916295],[6.714687828765586,49.804814344862656],[6.714689945244559,49.804769408882855],[6.714551055768428,49.804766668655184],[6.714481611038347,49.804765298478976],[6.714483727704533,49.804720362505243],[6.714414283043953,49.804718992289615],[6.714344838388696,49.804717622032399],[6.714275393738764,49.804716251733595],[6.714205949094154,49.804714881393217],[6.714208066011729,49.804669945427747],[6.714138621436621,49.804668575047948],[6.714069176866837,49.804667204626561],[6.713999732302378,49.8046658341636],[6.714001849407163,49.804620898204206],[6.713932404912205,49.804619527701817],[6.713862960422571,49.804618157157854],[6.713793515938263,49.804616786572296],[6.713724071459279,49.804615415945172],[6.71372618881545,49.80457047999402],[6.713656744405968,49.80456910932746],[6.713587300001811,49.804567738619333],[6.713517855602981,49.804566367869626],[6.713448411209474,49.804564997078309],[6.713378966821294,49.804563626245425],[6.713381084493026,49.804518690304697],[6.713311640174347,49.804517319432399],[6.713242195860996,49.804515948518507],[6.713244313655757,49.804471012581693],[6.713174869411907,49.804469641628394],[6.713105425173385,49.804468270633514],[6.713035980940189,49.804466899597045],[6.71296653671232,49.804465528518996],[6.712968654758463,49.804420592590439],[6.712899210600095,49.804419221472962],[6.712897092489776,49.804464157399366],[6.712894974374132,49.804509093325343],[6.712964418660851,49.804510464447148],[6.712962300604059,49.80455540037488],[6.713031744960282,49.804556771457257],[6.713101189321832,49.80455814249806],[6.713099071388068,49.804603078429707],[6.713168515819121,49.804604449431096],[6.7132379602555,49.80460582039089],[6.713307404697206,49.804607191309117],[6.71330528695065,49.804652127246847],[6.713374731461859,49.804653498125653],[6.713444175978393,49.804654868962864],[6.713513620500254,49.804656239758494],[6.713511502940905,49.804701175702306],[6.713580947532268,49.804702546458529],[6.713650392128956,49.804703917173164],[6.713719836730969,49.804705287846211],[6.71371771935883,49.804750223796106],[6.713787164030347,49.804751594429739],[6.713856608707187,49.804752965021791],[6.713926053389352,49.804754335572255],[6.713923936204423,49.804799271528232],[6.71385449145808,49.804797900975601],[6.713785046717061,49.804796530381395],[6.713715601981368,49.804795159745588],[6.713646157251,49.804793789068206],[6.713576712525957,49.804792418349237],[6.713507267806238,49.804791047588694],[6.713509385376234,49.804746111645706],[6.713439940726018,49.804744740845734],[6.713370496081129,49.804743370004196],[6.713301051441565,49.804741999121063],[6.713303169198769,49.804697063184157],[6.713164280063977,49.804694321297468],[6.713162162178418,49.80473925723004],[6.713092717554833,49.804737886222149],[6.713023272936574,49.804736515172699],[6.712953828323642,49.804735144081633],[6.712955946401734,49.80469020815557],[6.712886501858306,49.804688837025097],[6.712817057320207,49.80468746585305],[6.712747612787433,49.804686094639415],[6.712745494516811,49.804731030558983],[6.712676049925187,49.8047296593016],[6.712606605338891,49.804728288002622],[6.712608723737869,49.804683352087395],[6.712539279221078,49.80468198074901],[6.712469834709614,49.804680609369044],[6.712400390203479,49.804679237947497],[6.71239827161197,49.804724173856229],[6.712328827046985,49.80472280239092],[6.712326708385974,49.804767738297066],[6.712257263762139,49.804766366788009],[6.712259382487328,49.804721430884037],[6.712189937933001,49.804720059335565],[6.712187819143635,49.80476499523737],[6.71218570034894,49.80480993113877],[6.712116255671586,49.804808559544369],[6.712114136807389,49.804853495443183],[6.712112017937865,49.804898431341577],[6.712042573137484,49.804897059701268],[6.711973128342433,49.804895688019378],[6.711903683552711,49.804894316295901],[6.711905802614768,49.804849380404022],[6.711836357894553,49.80484800864113],[6.71183847701546,49.804803072751],[6.711769032364753,49.804801700948687],[6.711771151544511,49.804756765060297],[6.711701706963309,49.804755393218585],[6.711632262387437,49.804754021335285],[6.711634381690223,49.804709085450817],[6.711564937183857,49.804707713528089],[6.711562817816896,49.804752649410396],[6.711493373251684,49.80475127744392],[6.711423928691802,49.80474990543587],[6.711354484137251,49.804748533386245],[6.711352364572429,49.804793469261611],[6.711282919959031,49.804792097168217],[6.711280800324704,49.804837033041004],[6.71121135565246,49.804835660903862],[6.711141910985546,49.804834288725139],[6.711139791217533,49.804879224593179],[6.711070346491774,49.804877852370701],[6.711000901771346,49.804876480106635],[6.710931457056248,49.804875107800996],[6.710862012346482,49.804873735453768],[6.710792567642048,49.804872363064959],[6.710794687730946,49.804827427207762],[6.710725243096022,49.804826054779539],[6.710655798466428,49.804824682309736],[6.710653678249175,49.804869618162591],[6.710584233560738,49.804868245649018],[6.710586353842168,49.804823309798344],[6.710588474118268,49.804778373947244],[6.710657918678351,49.804779746456461],[6.710660038884945,49.804734810602788],[6.710729483386184,49.80473618306825],[6.710731603523269,49.804691247211984],[6.710733723655026,49.804646311355285],[6.710803168033243,49.804647683774839],[6.710805288095492,49.804602747915574],[6.710807408152413,49.804557812055883],[6.710876852407607,49.804559184429507],[6.710878972395022,49.80451424856723],[6.710881092377107,49.804469312704533],[6.710883212353863,49.804424376841425],[6.710952656421862,49.804425749166967],[6.710954776329112,49.804380813301272],[6.710956896231032,49.804335877435172],[6.710961136018887,49.804246005701692],[6.711030579835515,49.804247377976978],[6.711032699657273,49.804202442107446],[6.710963255904821,49.80420106983432],[6.710965375785425,49.804156133966565],[6.710895932102479,49.804154761654026],[6.710826488424865,49.80415338929992],[6.71082860842849,49.804108453436058],[6.710759164820381,49.804107081042552],[6.71076128488285,49.804062145180453],[6.710691841344249,49.804060772747512],[6.71062239781098,49.804059400272997],[6.710552954283042,49.804058027756895],[6.710483510760437,49.804056655199219],[6.710414067243164,49.804055282599961],[6.71041194685982,49.804100218451211],[6.710342503283705,49.804098845808198],[6.710340382830857,49.804143781656876],[6.710338262372677,49.804188717505127],[6.710336141909168,49.804233653352959],[6.710334021440327,49.804278589200386],[6.710264577612845,49.804277216507117],[6.710195133790696,49.80427584377226],[6.710193013188174,49.804320779614919],[6.710123569307182,49.804319406836314],[6.710054125431523,49.80431803401612],[6.710056246162396,49.804273098177795],[6.710058366887936,49.804228162339058],[6.710060487608147,49.804183226499887],[6.71012993129128,49.804184599313565],[6.710132051941983,49.80413966347183],[6.710134172587356,49.804094727629668],[6.710203616147473,49.804096100397423],[6.710205736723339,49.804051164552682],[6.710207857293875,49.804006228707507],[6.710209977859081,49.803961292861928],[6.710212098418956,49.803916357015936],[6.710142655115535,49.803914984256849],[6.710073211817448,49.803913611456188],[6.710075332500341,49.803868675614098],[6.710005889271762,49.80386730277403],[6.709936446048516,49.80386592989236],[6.709938566854424,49.803820994054213],[6.709869123700685,49.803819621133144],[6.709871244565434,49.803774685296744],[6.709801801481204,49.803773312336261],[6.709732358402306,49.803771939334197],[6.709734479390071,49.80372700350172],[6.70966503638068,49.803725630460242],[6.709595593376624,49.803724257377198],[6.709597714487403,49.803679321548636],[6.709528271552855,49.803677948426163],[6.709530392722475,49.803633012599363],[6.709460949857434,49.803631639437491],[6.709391506997727,49.803630266234023],[6.70939362829036,49.803585330411138],[6.709324185500162,49.803583957168271],[6.709254742715297,49.803582583883809],[6.709256864130943,49.803537648064868],[6.709187421415585,49.803536274740992],[6.709117978705564,49.803534901375549],[6.709048536000878,49.803533527968526],[6.709050657603707,49.803488592155666],[6.708981214968529,49.803487218709222],[6.708911772338687,49.803485845221203],[6.708909650607512,49.803530781029728],[6.708840207918834,49.803529407497948],[6.708838086118154,49.803574343303879],[6.708835964312139,49.803619279109398],[6.708833842500792,49.803664214914477],[6.708831720684109,49.803709150719165],[6.708829598862093,49.803754086523433],[6.708760155857886,49.803752712939222],[6.708690712859017,49.803751339313429],[6.70868859090332,49.80379627511293],[6.708619147845613,49.803794901443382],[6.708617025820409,49.803839837240297],[6.708547582703867,49.803838463526994],[6.70847813959266,49.803837089772124],[6.70840869648679,49.803835715975666],[6.70840657426373,49.80388065176566],[6.708404452035336,49.80392558755522],[6.708402329801607,49.803970523344375],[6.708400207562543,49.804015459133105],[6.708469650925108,49.804016832938252],[6.708467528744883,49.804061768728737],[6.708536972176959,49.804063142494471],[6.708534850055574,49.804108078286717],[6.708532727928853,49.804153014078551],[6.708602171494614,49.804154387807039],[6.708600049426733,49.804199323600614],[6.708669493062006,49.804200697289701],[6.708667371052966,49.804245633085031],[6.70873681475775,49.804247006734705],[6.70873469280755,49.804291942531798],[6.708665249038591,49.804290568879949],[6.708663127018882,49.804335504674455],[6.708661004993838,49.804380440468542],[6.708730448891147,49.804381814124717],[6.708728326924944,49.804426749920559],[6.708797770891767,49.804428123537328],[6.708795648984404,49.804473059334931],[6.708793527071708,49.804517995132102],[6.708724082976535,49.804516621510984],[6.708721960994329,49.804561557305576],[6.708719839006788,49.804606493099747],[6.7086503947886,49.804605119432708],[6.70864827273155,49.804650055224293],[6.708578828454521,49.804648681513498],[6.708509384182832,49.804647307761115],[6.708507261992092,49.804692243547947],[6.708368373336369,49.804689495914104],[6.708298929016514,49.804688122034797],[6.708301051399782,49.804643186254488],[6.708231607149441,49.804641812335788],[6.708162162904437,49.804640438375493],[6.70809271866477,49.804639064373625],[6.708023274430444,49.804637690330161],[6.707953830201453,49.80463631624513],[6.707951707497305,49.804681252014575],[6.707882263209477,49.804679877885775],[6.707812818926989,49.804678503715401],[6.707743374649838,49.804677129503446],[6.707741251747825,49.804722065265963],[6.707739128840473,49.804767001028061],[6.707737005927785,49.804811936789761],[6.707806450397463,49.804813311008232],[6.707804327543616,49.804858246771673],[6.70787377208281,49.804859620950737],[6.707871649287804,49.804904556715933],[6.707869526487459,49.804949492480709],[6.707938971160348,49.804950866622526],[6.707936848418844,49.804995802389072],[6.707934725672004,49.805040738155199],[6.707932602919828,49.8050856739209],[6.707863158054407,49.805084299772545],[6.707861035232717,49.805129235535659],[6.707930480162316,49.805130609686174],[6.707928357399466,49.805175545451043],[6.70792623463128,49.805220481215486],[6.707856789573326,49.80521910706063],[6.707854666735625,49.805264042822493],[6.707785221618832,49.80526266862389],[6.707783098711615,49.80530760438316],[6.707713653535983,49.805306230140793],[6.707711530559252,49.80535116589747],[6.707642085324779,49.805349791611349],[6.707572640095646,49.805348417283646],[6.707570516985221,49.805393353035569],[6.707568393869457,49.80543828878708],[6.707498948517307,49.805436914413448],[6.707496825332027,49.805481850162352],[6.70749470214141,49.80552678591085],[6.707492578945455,49.805571721658943],[6.707423133406106,49.805570347237214],[6.70742525666624,49.805525411491288],[6.70735581119641,49.805524037030146],[6.70728636573192,49.805522662527402],[6.707288489115075,49.805477726785426],[6.707219043720103,49.805476352243282],[6.707080152946183,49.805473603034244],[6.707078029370493,49.805518538769711],[6.707008583927363,49.805517164100635],[6.707006460282154,49.805562099833523],[6.707004336631607,49.805607035565977],[6.70700221297572,49.805651971298019],[6.707071658611386,49.80565334597361],[6.70706953501434,49.805698281707407],[6.707067411411956,49.805743217440785],[6.707065287804233,49.805788153173744],[6.707063164191171,49.805833088906304],[6.706993718298785,49.805831714222023],[6.706924272411739,49.805830339496168],[6.706926396153161,49.805785403767956],[6.706928519889245,49.805740468039332],[6.706930643619988,49.805695532310295],[6.706861197930825,49.805694157549368],[6.70686332172041,49.805649221822087],[6.706865445504655,49.805604286094386],[6.706795999949191,49.805602911296219],[6.706798123792278,49.805557975570288],[6.706800247630024,49.805513039843923],[6.706802371462432,49.805468104117139],[6.706732926104846,49.805466729283921],[6.706735049996094,49.805421793558899],[6.706737173882002,49.805376857833473],[6.706667728658116,49.805375482963001],[6.706669852602863,49.805330547239315],[6.70667197654227,49.805285611515224],[6.706602531452083,49.805284236607513],[6.706604655450331,49.805239300885162],[6.706606779443237,49.805194365162414],[6.706537334486748,49.805192990217456],[6.706539458538492,49.805148054496463],[6.706541582584898,49.805103118775051],[6.706543706625965,49.805058183053198],[6.706613151389921,49.805059557991633],[6.706682596159219,49.805060932888473],[6.70668472006659,49.805015997161888],[6.706754164777053,49.805017372014966],[6.706756288614908,49.804972436285766],[6.706825733266536,49.80497381109511],[6.706827857034875,49.804928875363331],[6.706897301627666,49.804930250128898],[6.706899425326488,49.804885314394532],[6.706968869860443,49.804886689116358],[6.70697099348975,49.804841753379392],[6.706973117113718,49.804796817642028],[6.707042561524661,49.804798192317925],[6.707044685079115,49.80475325657796],[6.707046808628231,49.80470832083757],[6.707048932172007,49.804663385096774],[6.707051055710447,49.804618449355566],[6.70698161155621,49.804617074688366],[6.706985858745423,49.804527203209034],[6.706916414724878,49.804525828504588],[6.706918538375653,49.80448089276647],[6.706849094424624,49.804479518022632],[6.706779650478937,49.804478143237198],[6.70678389802117,49.804388271768403],[6.706714454209174,49.804386896945729],[6.706716578036459,49.804341961212877],[6.706647134293979,49.804340586350797],[6.70664501040252,49.804385522081482],[6.706575566601206,49.804384147175647],[6.706577690556839,49.804339211447143],[6.706508246825043,49.804337836501901],[6.706510370839512,49.804292900775152],[6.706440927177231,49.804291525790504],[6.706443051250535,49.80424659006551],[6.706373607657771,49.804245215041448],[6.70637573178991,49.804200279318216],[6.706306288266663,49.804198904254747],[6.706308412457635,49.804153968533264],[6.706238969003904,49.804152593430395],[6.706241093253711,49.804107657710659],[6.706171649869495,49.804106282568377],[6.706173774178136,49.804061346850418],[6.706104330863437,49.804059971668707],[6.706034887554081,49.804058596445437],[6.705965444250068,49.804057221180585],[6.705896000951397,49.804055845874146],[6.705826557658069,49.804054470526118],[6.705828682282238,49.804009534818597],[6.705830806901065,49.803964599110678],[6.705761363741427,49.803963223725425],[6.705763488419088,49.80391828801924],[6.705765613091406,49.80387335231265],[6.705767737758385,49.803828416605633],[6.705769862420022,49.803783480898204],[6.705700419522419,49.803782105480053],[6.705704668958015,49.803692234068301],[6.705706793667801,49.803647298361795],[6.705708918372245,49.803602362654878],[6.705711043071349,49.803557426947542],[6.705641600499952,49.803556051498688],[6.705643725257887,49.803511115793093],[6.705645850010479,49.803466180087099],[6.705647974757731,49.803421244380679],[6.705578532384192,49.803419868896768],[6.705582781991013,49.80332999748704],[6.705584906786412,49.803285061781537],[6.705654348967438,49.803286437258933],[6.705723791153807,49.803287812694741],[6.705725915815523,49.803242876984477],[6.705728040471898,49.803197941273808],[6.705730165122932,49.803153005562713],[6.705732289768624,49.803108069851199],[6.705734414408977,49.803063134139286],[6.70566497254346,49.803061758714335],[6.705595530683286,49.803060383247811],[6.705593405914594,49.803105318955396],[6.705523963995594,49.803103943445109],[6.705526088828456,49.803059007739712],[6.705528213655977,49.803014072033889],[6.705532463294994,49.802924200620993],[6.705463021638017,49.802922825077829],[6.705465146513682,49.802877889372937],[6.705467271384007,49.802832953667611],[6.705469396248991,49.80278801796188],[6.705471521108631,49.802743082255731],[6.705540962508931,49.802744457790205],[6.705543087299064,49.802699522081468],[6.705473645962932,49.802698146549169],[6.705475770811891,49.802653210842188],[6.705406329545272,49.802651835270481],[6.705336888283996,49.802650459657215],[6.705267447028064,49.802649084002361],[6.705269572064187,49.802604148301469],[6.705200130877768,49.802602772607216],[6.705130689696694,49.802601396871367],[6.705132814855811,49.802556461174419],[6.705063373744249,49.80255508539917],[6.705065498962191,49.802510149703998],[6.704996057920142,49.802508773889336],[6.704926616883438,49.802507398033114],[6.704928742224374,49.80246246234185],[6.704859301257183,49.802461086446215],[6.704861426656944,49.802416150756713],[6.704791985759265,49.802414774821663],[6.704722544866929,49.802413398845047],[6.704724670389683,49.802368463159475],[6.704726795907094,49.80232352747349],[6.70465735514844,49.802322151459641],[6.704659480724675,49.802277215775412],[6.704590040035533,49.802275839722157],[6.704592165670591,49.802230904039696],[6.704522725050962,49.802229527947034],[6.704524850744844,49.802184592266322],[6.704455410194727,49.80218321613426],[6.704457535947432,49.80213828045531],[6.704459661694793,49.802093344775948],[6.704390221278356,49.802091968606646],[6.70439234708454,49.802047032929025],[6.704394472885379,49.802002097251005],[6.704325032602622,49.802000721044486],[6.704327158462283,49.801955785368207],[6.704329284316601,49.801910849691524],[6.704331410165576,49.801865914014421],[6.704333536009206,49.801820978336892],[6.704264095988457,49.801819602097488],[6.704266221890908,49.801774666421714],[6.704268347788016,49.801729730745549],[6.704270473679779,49.80168479506893],[6.704272599566199,49.801639859391919],[6.704274725447275,49.801594923714504],[6.704278977193395,49.801505052358372],[6.70428322891814,49.801415181000586],[6.704285354772495,49.801370245321074],[6.704354794151599,49.801371621538721],[6.704356919936448,49.801326685856623],[6.704359045715952,49.801281750174084],[6.704361171490114,49.801236814491141],[6.704363297258931,49.801191878807771],[6.704432736386727,49.801193254975146],[6.704434862086038,49.801148319289197],[6.704436987780005,49.801103383602822],[6.704439113468629,49.801058447916041],[6.70444123915191,49.801013512228835],[6.704443364829847,49.800968576541209],[6.704512803642175,49.800969952656132],[6.704514929250607,49.80092501696592],[6.704517054853695,49.800880081275281],[6.70451918045144,49.800835145584244],[6.704523431630901,49.800745274200899],[6.704525557212616,49.800700338508605],[6.704527682788989,49.800655402815885],[6.704529808360018,49.800610467122745],[6.704531933925704,49.8005655314292],[6.704534059486048,49.800520595735229],[6.704536185041048,49.800475660040838],[6.704538310590704,49.80043072434605],[6.704540436135019,49.800385788650829],[6.70454256167399,49.800340852955188],[6.704544687207617,49.800295917259135],[6.704546812735902,49.800250981562677],[6.704477374950152,49.800249605482549],[6.704481626119013,49.800159734092709],[6.704483751695428,49.800114798397161],[6.704414314107501,49.800113422281989],[6.704416439742734,49.800068486588181],[6.704418565372621,49.800023550893997],[6.704420690997167,49.799978615199379],[6.704422816616369,49.799933679504335],[6.704353379290424,49.799932303356279],[6.704355504968441,49.799887367663004],[6.704357630641116,49.799842431969303],[6.704359756308447,49.799797496275183],[6.704290319180322,49.799796120092076],[6.704292444906468,49.799751184399732],[6.70429457062727,49.799706248706954],[6.70429669634273,49.799661313013772],[6.704227259412423,49.799659936795607],[6.704229385186696,49.7996150011042],[6.704231510955625,49.79957006541234],[6.704233636719212,49.799525129720067],[6.704235762477455,49.799480194027382],[6.704166325809124,49.799478817776347],[6.704168451626181,49.799433882085424],[6.704170577437893,49.799388946394089],[6.704172703244262,49.79934401070232],[6.704103266773746,49.799342634416249],[6.704105392638929,49.799297698726242],[6.704107518498765,49.799252763035831],[6.704109644353261,49.799207827344979],[6.704111770202411,49.799162891653729],[6.704042333993867,49.799161515334781],[6.704044459901829,49.799116579645293],[6.704046585804448,49.799071643955372],[6.704048711701723,49.799026708265046],[6.704050837593654,49.798981772574308],[6.703981401647077,49.798980396222476],[6.70398352759782,49.798935460533485],[6.70398565354322,49.798890524844076],[6.703987779483274,49.798845589154261],[6.703989905417985,49.798800653464028],[6.703920469733374,49.798799277079326],[6.703922595726895,49.798754341390833],[6.703924721715071,49.798709405701942],[6.703926847697907,49.798664470012618],[6.703928973675397,49.798619534322889],[6.703931099647542,49.798574598632733],[6.703933225614344,49.798529662942173],[6.703935351575802,49.798484727251186],[6.703865916345614,49.798483350840144],[6.703868042365881,49.798438415150919],[6.703870168380805,49.798393479461275],[6.703872294390385,49.798348543771212],[6.703874420394619,49.798303608080737],[6.703876546393511,49.798258672389835],[6.703878672387058,49.798213736698536],[6.703880798375262,49.79816880100681],[6.703885050335638,49.7980789296221],[6.703887176307809,49.798033993929117],[6.703891428236122,49.797944122541907],[6.703893554192261,49.797899186847687],[6.70389780608851,49.797809315457961],[6.703899932028619,49.797764379762484],[6.703902057963385,49.79771944406658],[6.703904183892806,49.797674508370264],[6.703906309816883,49.797629572673536],[6.703908435735617,49.797584636976381],[6.703910561649008,49.797539701278822],[6.703912687557054,49.797494765580822],[6.703914813459757,49.797449829882432],[6.703919065249131,49.797359958484371],[6.703925442893117,49.797225151384161],[6.703931820489011,49.797090344280207],[6.704001253730523,49.797091720623804],[6.704003379520985,49.79704678491948],[6.704005505306103,49.797001849214737],[6.704009756860312,49.796911977803987],[6.704011882629402,49.796867042098],[6.704014008393147,49.796822106391581],[6.70401825990461,49.796732234977497],[6.704020385652327,49.796687299269827],[6.704089818321855,49.796688675552289],[6.704091944000082,49.796643739842033],[6.704094069672966,49.796598804131357],[6.704098321002703,49.796508932708754],[6.704100446659557,49.79646399699682],[6.704104697957237,49.796374125571724],[6.704174130183087,49.796375501797392],[6.704176255759767,49.796330566082027],[6.704178381331104,49.796285630366256],[6.704180506897099,49.796240694650081],[6.70418475801306,49.79615082321645],[6.704186883563026,49.79610588749901],[6.70418900910765,49.796060951781151],[6.704258440889828,49.796062327950025],[6.704260566364964,49.796017392229572],[6.704262691834758,49.795972456508714],[6.70426481729921,49.79592752078743],[6.70426694275832,49.795882585065733],[6.704269068212087,49.795837649343618],[6.704273319103594,49.795747777898129],[6.704342750442107,49.79574915401021],[6.704344875815703,49.795704218284676],[6.704347001183957,49.795659282558717],[6.70434912654687,49.79561434683233],[6.704351251904439,49.795569411105546],[6.704353377256667,49.795524475378336],[6.704355502603553,49.795479539650707],[6.704424933562552,49.795480915708161],[6.704427058839953,49.795435979977945],[6.704429184112012,49.79539104424731],[6.704431309378729,49.795346108516256],[6.704433434640104,49.795301172784789],[6.704435559896139,49.79525623705289],[6.704437685146831,49.795211301320592],[6.704439810392181,49.795166365587868],[6.704509240907528,49.795167741588543],[6.704511366083396,49.795122805853225],[6.704513491253921,49.795077870117503],[6.704515616419104,49.795032934381354],[6.704517741578947,49.794987998644785],[6.704519866733447,49.794943062907805],[6.704521991882606,49.794898127170406],[6.704591422018451,49.794899503116454],[6.704593547098128,49.794854567376476],[6.704595672172463,49.794809631636078],[6.704597797241458,49.794764695895246],[6.70459992230511,49.794719760154003],[6.704602047363422,49.794674824412347],[6.704604172416392,49.794629888670265],[6.704673602172742,49.794631264561701],[6.70467572715623,49.79458632881704],[6.704677852134378,49.79454139307196],[6.704679977107187,49.794496457326453],[6.704682102074652,49.794451521580548],[6.704684227036778,49.794406585834203],[6.704688476945005,49.794316714340283],[6.704757906257723,49.794318090174926],[6.704760031139687,49.794273154425177],[6.70476215601631,49.794228218674995],[6.704764280887592,49.794183282924408],[6.704768530614134,49.794093411421969],[6.704770655469395,49.794048475670131],[6.704772780319313,49.794003539917867],[6.704842209188409,49.794004915695716],[6.70484433396885,49.793959979940865],[6.70484645874395,49.793915044185603],[6.704850708278132,49.793825172673799],[6.704852833037211,49.793780236917293],[6.70485495779095,49.793735301160346],[6.704857082539347,49.793690365402995],[6.704926510964827,49.793691741124071],[6.704928635643749,49.793646805364133],[6.704930760317331,49.793601869603762],[6.704932884985572,49.793556933842972],[6.704935009648474,49.793511998081769],[6.704937134306035,49.793467062320168],[6.704941383605136,49.793377190795681],[6.704943508246676,49.793332255032823],[6.705012936164413,49.793333630694931],[6.705015060736478,49.793288694929473],[6.705017185303205,49.793243759163609],[6.705021434420637,49.793153887630602],[6.705023558971341,49.793108951863488],[6.705027808056733,49.793019080327987],[6.70502993259142,49.792974144559608],[6.705099360001423,49.792975520162763],[6.705101484466637,49.792930584391797],[6.705103608926509,49.79288564862042],[6.705105733381043,49.792840712848616],[6.705109982274091,49.792750841303771],[6.705112106712606,49.792705905530717],[6.705114231145782,49.792660969757236],[6.705116355573617,49.792616033983343],[6.705185782475898,49.792617409527558],[6.705187906834261,49.792572473751079],[6.70519215553497,49.792482602196884],[6.705196404214323,49.792392730640998],[6.705198528545991,49.79234779486243],[6.705200652872318,49.792302859083463],[6.705202777193308,49.792257923304064],[6.705204901508957,49.792212987524259],[6.705274327839393,49.792214363007325],[6.705276452085572,49.792169427224927],[6.705280700561914,49.792079555658866],[6.705282824792077,49.79203461987521],[6.7052849490169,49.791989684091135],[6.70528919745053,49.791899812521748],[6.705291321659337,49.79185487673643],[6.705295570060935,49.791765005164521],[6.705364995755408,49.791766380584306],[6.705367119884069,49.791721444795556],[6.705371368125374,49.791631573216804],[6.705373492238019,49.791586637426803],[6.705375616345325,49.79154170163639],[6.705377740447293,49.791496765845558],[6.705379864543922,49.791451830054314],[6.705381988635213,49.791406894262643],[6.705384112721164,49.79136195847056],[6.705386236801777,49.791317022678072],[6.705388360877053,49.791272086885137],[6.705390484946989,49.79122715109181],[6.705459909877259,49.791228526443938],[6.70546203387773,49.791183590648018],[6.705466281862655,49.791093719054913],[6.705468405847111,49.791048783257743],[6.705472653800006,49.790958911662131],[6.705479025689314,49.790824104265603],[6.705481149641741,49.790779168465932],[6.705483273588828,49.790734232665834],[6.705485397530579,49.79068929686531],[6.705489645398065,49.790599425263039],[6.7054917693238,49.790554489461279],[6.705561193297515,49.79055586473924],[6.705565441004723,49.79046599313012],[6.705567564850319,49.790421057324927],[6.705569688690577,49.790376121519323],[6.705571812525498,49.790331185713306],[6.705573936355081,49.79028624990687],[6.705576060179327,49.790241314100015],[6.705578183998234,49.790196378292734],[6.705580307811805,49.790151442485062],[6.705582431620037,49.790106506676956],[6.705588803012706,49.789971699250131],[6.705590926799586,49.789926763440363],[6.705593050581131,49.789881827630168],[6.705595174357336,49.789836891819554],[6.70566459731041,49.789838267021189],[6.705666721017156,49.789793331207981],[6.705673092105369,49.789658523765894],[6.705675215790764,49.789613587951038],[6.705677339470824,49.789568652135742],[6.705679463145544,49.789523716320048],[6.705681586814928,49.789478780503934],[6.705683710478975,49.789433844687395],[6.705685834137684,49.789388908870443],[6.705687957791056,49.789343973053079],[6.705694328719148,49.789209165598479],[6.705698575977857,49.789119293959985],[6.705700699599206,49.78907435814012],[6.705702823215218,49.789029422319828],[6.705707070431229,49.788939550678009],[6.705709194031229,49.788894614856467],[6.705711317625892,49.78884967903452],[6.705713441215218,49.788804743212147],[6.705782862698852,49.788806118322235],[6.70579135674631,49.788626375019874],[6.705793480244833,49.788581439193258],[6.705795603738019,49.788536503366217],[6.705797727225869,49.788491567538735],[6.705799850708381,49.788446631710862],[6.705801974185555,49.788401695882577],[6.705804097657395,49.788356760053851],[6.705808344585061,49.788266888395171],[6.705810468040889,49.788221952565202],[6.705812591491382,49.788177016734828],[6.705814714936537,49.78813208090402],[6.705816838376355,49.788087145072808],[6.705821085239982,49.787997273409125],[6.705827455495399,49.787862465910479],[6.70589687563791,49.787863840933355],[6.705905368980625,49.787684097587309],[6.705907492302964,49.787639161749752],[6.705909615619966,49.787594225911768],[6.705911738931631,49.787549290073372],[6.705913862237961,49.787504354234578],[6.705915985538954,49.787459418395343],[6.705918108834609,49.787414482555704],[6.705922355409916,49.787324610875167],[6.705924478689563,49.787279675034277],[6.705926601963876,49.787234739192961],[6.705932971754796,49.787099931666532],[6.705935095007764,49.787054995823546],[6.705937218255395,49.787010059980148],[6.70593934149769,49.786965124136337],[6.70594146473465,49.786920188292108],[6.705945711192561,49.786830316602405],[6.705947834413512,49.786785380756925],[6.705949957629128,49.786740444911025],[6.705952080839407,49.7866955090647],[6.705954204044352,49.786650573217976],[6.70595632724396,49.786605637370826],[6.705958450438231,49.786560701523257],[6.705960573627167,49.786515765675269],[6.705964819989032,49.78642589397807],[6.705966943161961,49.786380958128824],[6.705969066329554,49.78633602227918],[6.70597331264873,49.786246150578641],[6.705975435800316,49.786201214727726],[6.705977558946567,49.786156278876405],[6.705979682087481,49.786111343024679],[6.705981805223059,49.78606640717252],[6.705912387645043,49.786065032236557],[6.705914510839395,49.78602009638616],[6.70591663402841,49.785975160535351],[6.705918757212091,49.785930224684115],[6.705920880390435,49.785885288832468],[6.705925126731115,49.785795417127929],[6.705927249893453,49.785750481275024],[6.70593149620212,49.785660609567984],[6.705862079206417,49.785659234610009],[6.705864202416856,49.785614298758027],[6.705866325621956,49.78556936290564],[6.705868448821723,49.785524427052835],[6.705937865625102,49.78552580200428],[6.705939988755426,49.785480866148887],[6.706009405500035,49.785482241056613],[6.706011528560915,49.785437305198634],[6.706080945246756,49.785438680062626],[6.706083068238194,49.785393744202047],[6.706152484865266,49.785395119022319],[6.706150361937935,49.785440054885065],[6.70621977863445,49.785441429665958],[6.706289195336304,49.785442804405278],[6.706358612043493,49.785444179103067],[6.706356489303148,49.785489114971909],[6.706352243806453,49.785578986708366],[6.706350121050106,49.785623922575965],[6.706347998288421,49.785668858443152],[6.706345875521402,49.785713794309927],[6.706415292618574,49.785715168979188],[6.706413169910329,49.785760104847697],[6.706411047196749,49.785805040715807],[6.706408924477834,49.785849976583499],[6.706406801753586,49.785894912450772],[6.706404679024002,49.785939848317632],[6.70640043354883,49.786029720050081],[6.706396188052319,49.786119591780889],[6.706394065296063,49.786164527645646],[6.706389819767544,49.786254399373945],[6.706383451434755,49.786389206963236],[6.706452869498902,49.786390581623529],[6.706450746774745,49.786435517487973],[6.706381328646489,49.786434142825506],[6.706379205852888,49.786479078687364],[6.706448624045255,49.786480453351999],[6.70644650131043,49.786525389215612],[6.706444378570271,49.786570325078799],[6.706442255824776,49.786615260941574],[6.706440133073947,49.786660196803936],[6.706438010317784,49.786705132665865],[6.706435887556285,49.786750068527382],[6.706431642017283,49.786839940249187],[6.706429519239779,49.786884876109447],[6.706427396456942,49.786929811969323],[6.70649681529576,49.786931186614112],[6.706566234139918,49.786932561217363],[6.706568356794531,49.78688762535316],[6.706637775579913,49.786888999912684],[6.70663989816508,49.786844064045887],[6.706709316891685,49.786845438561663],[6.706711439407406,49.786800502692294],[6.706850276748401,49.786803251594854],[6.706852399130564,49.786758315720711],[6.706854521507393,49.786713379846155],[6.706923940057671,49.786714754230765],[6.706926062365055,49.786669818353616],[6.706995480856556,49.786671192694484],[6.706999725327099,49.786581320934609],[6.707001847554371,49.786536385054028],[6.707003969776309,49.786491449173049],[6.707073388016703,49.786492823463675],[6.707075510169195,49.786447887580103],[6.707077632316357,49.786402951696111],[6.707147050433863,49.786404325940836],[6.707149172511579,49.786359390054265],[6.707151294583964,49.786314454167275],[6.707081876594676,49.786313079926892],[6.707083998725837,49.786268144041657],[6.707086120851666,49.786223208155988],[6.707088242972159,49.786178272269908],[6.707090365087321,49.786133336383422],[6.70709248719715,49.786088400496517],[6.707161904865885,49.786089774726044],[6.707231322539958,49.786091148914011],[6.707300740219365,49.786092523060425],[6.707370157904107,49.786093897165287],[6.707372279752165,49.786048961269273],[6.707441697378131,49.786050335330408],[6.707443819156746,49.786005399431815],[6.70751323672394,49.786006773449209],[6.707515358433114,49.78596183754803],[6.707519601835466,49.785871965744406],[6.707521723528644,49.785827029841954],[6.707591140844735,49.785828403809127],[6.707593262468472,49.785783467904096],[6.70752384521649,49.785782093939105],[6.707525966899004,49.785737158035836],[6.707595384086877,49.785738531998653],[6.707734218478627,49.785741279799637],[6.707736339963486,49.785696343889427],[6.707738461443011,49.785651407978804],[6.70780787851867,49.785652781812622],[6.707809999928757,49.78560784589942],[6.707812121333512,49.785562909985785],[6.707814242732936,49.785517974071752],[6.707883659621606,49.785519347857488],[6.707887902276243,49.785429476023822],[6.707890023595567,49.785384540106342],[6.707892144909558,49.785339604188479],[6.707961561547132,49.785340977923987],[6.708030978190039,49.785342351617942],[6.708033099370486,49.785297415695297],[6.708035220545603,49.78525247977224],[6.708104637065628,49.785253853420294],[6.708106758171307,49.785208917494664],[6.708111000366674,49.785119045642119],[6.708113121456361,49.785074109715218],[6.708182537725294,49.785075483313058],[6.708184658745546,49.78503054738357],[6.708186779760466,49.784985611453671],[6.708256195906521,49.784986985005595],[6.708258316852006,49.784942049073109],[6.708327732939287,49.784943422581314],[6.708329853815337,49.784898486646235],[6.708331974686056,49.78485355071075],[6.708401390650457,49.784854924173061],[6.708470806620192,49.784856297593798],[6.708472927357371,49.784811361653553],[6.708475048089221,49.784766425712888],[6.708544463936076,49.784767799087739],[6.708613879788263,49.784769172421043],[6.708616000386574,49.784724236475626],[6.708754831978731,49.784726983013222],[6.708824247782807,49.784728356219695],[6.708826368183473,49.784683420267349],[6.708828488578813,49.784638484314584],[6.708897904260009,49.784639857475156],[6.708967319946537,49.784641230594168],[6.708969440208338,49.784596294636657],[6.70897156046481,49.784551358678712],[6.708973680715954,49.784506422720355],[6.708904265221739,49.784505049607844],[6.708834849732855,49.784503676453774],[6.708765434249301,49.784502303258158],[6.708767554687429,49.784457367305905],[6.708769675120227,49.784412431353225],[6.708771795547698,49.784367495400126],[6.708773915969839,49.784322559446615],[6.708776036386651,49.784277623492692],[6.708845451549687,49.78427899667745],[6.708914866718053,49.784280369820664],[6.708912746429447,49.784325305778935],[6.708982161667246,49.784326678882778],[6.709051576910375,49.78432805194506],[6.709053697070775,49.784283115982433],[6.709123112255132,49.784284489000996],[6.709192527444818,49.784285861977999],[6.709190407412627,49.784330797944946],[6.709188287375106,49.784375733911475],[6.709186167332259,49.784420669877591],[6.709255582719586,49.784422042819543],[6.709253462735514,49.784466978787414],[6.709322878192275,49.784468351689988],[6.709392293654367,49.784469724551009],[6.709461709121786,49.784471097370485],[6.709531124594536,49.784472470148394],[6.709533244322191,49.784427534171847],[6.709602659736166,49.784428906906037],[6.709672075155471,49.784430279598674],[6.709674194749591,49.784385343617373],[6.709676314338386,49.784340407635653],[6.709678433921853,49.784295471653529],[6.709747849154175,49.784296844298098],[6.709817264391824,49.784298216901114],[6.709886679634803,49.784299589462599],[6.709888799020634,49.784254653473532],[6.709890918401139,49.784209717484053],[6.709893037776317,49.784164781494169],[6.709895157146169,49.784119845503852],[6.709964572138063,49.784121218015095],[6.709962452832314,49.784166154007572],[6.71003186789364,49.784167526479429],[6.710029748646667,49.784212462473654],[6.710099163777423,49.784213834906147],[6.710168578913506,49.784215207297052],[6.710237994054918,49.784216579646412],[6.710240113109581,49.784171643645685],[6.710309528192216,49.784173015951325],[6.71031164717745,49.784128079948012],[6.71038106220131,49.784129452209918],[6.710383181117117,49.784084516204018],[6.7104525960822,49.784085888422226],[6.710454714928579,49.784040952413733],[6.710458952605363,49.783951080395489],[6.710528367383464,49.783952452565636],[6.710530486149767,49.783907516553732],[6.710599900869094,49.783908888680138],[6.710602019565969,49.783863952665641],[6.710671434226521,49.783865324748348],[6.71067355285397,49.783820388731264],[6.710675671476095,49.783775452713769],[6.71074508601377,49.783776824750575],[6.710814500556769,49.783778196745843],[6.710816619045366,49.783733260723587],[6.710886033529591,49.783734632675127],[6.71095544801914,49.783736004585109],[6.71095756637421,49.783691068558106],[6.711026980804985,49.783692440424367],[6.711029099090631,49.783647504394779],[6.71109851346263,49.783648876217327],[6.71110063167885,49.783603940185152],[6.711170045992072,49.783605311963981],[6.711239460310618,49.783606683701258],[6.711241578393314,49.783561747664329],[6.711243696470686,49.783516811626981],[6.711313110666356,49.783518183318364],[6.71138252486735,49.783519554968201],[6.71145193907367,49.783520926576472],[6.711454056953416,49.783475990532224],[6.711523471100958,49.783477362096782],[6.711592885253825,49.783478733619788],[6.711595003000049,49.783433797570765],[6.711664417094139,49.783435169050065],[6.711733831193553,49.783436540487791],[6.711735948806252,49.78339160443403],[6.711805362846889,49.783392975828043],[6.71187477689285,49.783394347180497],[6.711876894372027,49.783349411122003],[6.71194630835921,49.783350782430745],[6.712015722351717,49.783352153697933],[6.712085136349547,49.783353524923584],[6.712087253631101,49.783308588858141],[6.712156667570153,49.783309960040064],[6.712158784782287,49.783265023972042],[6.712228198662563,49.783266395110246],[6.712297612548159,49.783267766206897],[6.712299729626772,49.783222830134136],[6.712369143453591,49.783224201187068],[6.712371260462783,49.783179265111713],[6.712373377466657,49.783134329035946],[6.712375494465208,49.783089392959766],[6.71237761145844,49.783044456883168],[6.712379728446352,49.78299952080615],[6.712381845428944,49.782954584728728],[6.712451258876488,49.782955955727104],[6.712449141957996,49.783000891806694],[6.71251855547496,49.783002262765699],[6.712587968997247,49.783003633683137],[6.712585852201633,49.783048569766656],[6.712655265793341,49.783049940644709],[6.71272467939037,49.783051311481223],[6.712722562717636,49.78309624756865],[6.712791976384087,49.783097618365773],[6.712789859770133,49.783142554454955],[6.712859273506005,49.783143925212691],[6.712928687247198,49.783145295928868],[6.71293080373295,49.783100359835366],[6.712932920213385,49.78305542374143],[6.712935036688502,49.783010487647083],[6.713004450242716,49.78301185831522],[6.713073863802251,49.783013228941797],[6.71307598014385,49.78296829284271],[6.713145393644606,49.782969663425575],[6.713214807150682,49.782971033966895],[6.713216923358766,49.782926097863026],[6.713286336806062,49.782927468360633],[6.713288452944727,49.782882532254206],[6.713357866333245,49.782883902708079],[6.713359982402493,49.78283896659908],[6.713429395732233,49.782840337009233],[6.713498809067291,49.782841707377855],[6.713500925003023,49.782796771264096],[6.713503040933438,49.782751835149931],[6.713572454145619,49.782753205472645],[6.713641867363118,49.782754575753827],[6.713643983160019,49.782709639634923],[6.713646098951604,49.782664703515572],[6.713648214737871,49.782619767395815],[6.713650330518822,49.782574831275653],[6.713652446294454,49.782529895155072],[6.71365456206477,49.782484959034065],[6.713656677829769,49.782440022912652],[6.713658793589452,49.782395086790814],[6.713660909343817,49.782350150668556],[6.713663025092865,49.782305214545893],[6.713665140836598,49.782260278422804],[6.713595728324173,49.782258908165446],[6.713597844126685,49.782213972044126],[6.71359995992388,49.782169035922365],[6.713530547544968,49.782167665627782],[6.713532663400944,49.782122729507783],[6.713463251091448,49.782121359173821],[6.713465367006202,49.782076423055571],[6.713467482915638,49.782031486936887],[6.713536895096942,49.782032857266529],[6.713539010936964,49.781987921145273],[6.713469598819757,49.781986550817805],[6.71340018670787,49.781985180448793],[6.713402302670766,49.781940244331466],[6.713471714718559,49.781941614698312],[6.713473830612045,49.781896678578384],[6.713475946500213,49.781851742458045],[6.713478062383063,49.781806806337293],[6.713408650527557,49.781805435976935],[6.71333923867737,49.781804065575038],[6.713341354683093,49.781759129458194],[6.713343470683501,49.781714193340939],[6.713412882405497,49.781715563738508],[6.713414998336491,49.781670627618681],[6.713417114262168,49.781625691498427],[6.713419230182528,49.781580755377753],[6.713488641717561,49.781582125727276],[6.713490757568509,49.78153718960403],[6.713492873414141,49.781492253480359],[6.713562284826303,49.781493623784002],[6.713564400602523,49.78144868765775],[6.713568632139013,49.781358815403998],[6.713499220919132,49.781357445106842],[6.713501336743497,49.781312508981514],[6.713503452562542,49.781267572855768],[6.713505568376273,49.781222636729588],[6.713574979403873,49.781224007020242],[6.713644390436793,49.781225377269344],[6.713646506117019,49.781180441138439],[6.713715917091164,49.781181811343814],[6.713785328070627,49.781183181507664],[6.713787443617353,49.781138245371992],[6.713856854538041,49.781139615492123],[6.713858970015356,49.78109467935387],[6.713861085487355,49.781049743215227],[6.713999907088316,49.781052483322163],[6.714069317896774,49.78105385331331],[6.714071433171179,49.781008917167739],[6.714140843920862,49.78101028711518],[6.714142959125859,49.780965350967008],[6.714145074325542,49.780920414818453],[6.714214484952357,49.780921784720007],[6.714283895584489,49.780923154580009],[6.714286010650672,49.780878218426693],[6.71428812571154,49.780833282272965],[6.714357536220805,49.78083465208708],[6.714359651212266,49.78078971593078],[6.714429061662757,49.780791085701189],[6.714431176584811,49.780746149542296],[6.714433291501551,49.78070121338299],[6.714502701829177,49.780702583107526],[6.71450481667651,49.780657646945635],[6.714506931518529,49.780612710783316],[6.714576341723288,49.78061408046198],[6.714578456495901,49.78056914429709],[6.714580571263202,49.780524208131787],[6.714511161186626,49.780522838457458],[6.714513276012702,49.780477902293896],[6.714443866005532,49.780476532580181],[6.71437445600368,49.780475162824921],[6.714372341049422,49.780520098984141],[6.714302930988795,49.780518729185168],[6.714300815965133,49.780563665341816],[6.714298700936154,49.780608601498045],[6.714229290752663,49.780607231653192],[6.714159880574489,49.780605861766787],[6.714090470401633,49.780604491838844],[6.714088355175067,49.780649427988166],[6.714018944943437,49.780648058016496],[6.714021060234094,49.780603121869348],[6.713951650071872,49.780601751858299],[6.713949534717123,49.780646688003294],[6.713880124496129,49.780645317948526],[6.713878009071974,49.780690254090942],[6.713875893642502,49.780735190232932],[6.713873778207714,49.780780126374509],[6.713804367799763,49.780778756271708],[6.713806483298642,49.780733820132298],[6.7137370729601,49.780732449990111],[6.713739188517756,49.780687513852442],[6.713669778248624,49.780686143670877],[6.713671893865053,49.780641207534956],[6.713602483665333,49.780639837314006],[6.713604599340536,49.780594901179839],[6.713674009476166,49.780596271398629],[6.713676125081963,49.780551335261876],[6.713678240682444,49.780506399124711],[6.713680356277608,49.780461462987148],[6.713682471867455,49.780416526849145],[6.713684587451987,49.780371590710736],[6.713753997272483,49.780372960877145],[6.713756112787609,49.780328024736143],[6.713758228297419,49.780283088594736],[6.713760343801911,49.78023815245291],[6.713829753435455,49.780239522571286],[6.713831868870543,49.780194586426866],[6.713833984300315,49.780149650282048],[6.71383609972477,49.780104714136797],[6.713905509171365,49.780106084207127],[6.713907624526416,49.780061148059296],[6.713909739876152,49.780016211911068],[6.71391185522057,49.779971275762406],[6.713981264480216,49.779972645784703],[6.713983379755232,49.779927709633455],[6.713985495024931,49.779882773481809],[6.713987610289315,49.779837837329737],[6.713989725548386,49.779792901177238],[6.714059134556995,49.779794271149321],[6.714061249746661,49.779749334994257],[6.714063364931012,49.779704398838767],[6.714132773816762,49.77970576876497],[6.714134888931709,49.779660832606893],[6.714137004041342,49.779615896448419],[6.714139119145659,49.779570960289512],[6.714208527844465,49.779572330167674],[6.71421064287938,49.779527394006195],[6.71421275790898,49.779482457844296],[6.714282166484928,49.779483827676579],[6.714284281445128,49.7794388915121],[6.714286396400013,49.779393955347203],[6.714355804853102,49.779395325133613],[6.714357919738585,49.779350388966137],[6.714360034618754,49.779305452798248],[6.714429442948988,49.779306822538778],[6.714431557759755,49.77926188636831],[6.714500966031219,49.779263256065114],[6.714503080772587,49.779218319892074],[6.714572488985282,49.77921968954518],[6.714574603657249,49.779174753369539],[6.714576718323904,49.779129817193486],[6.714646126413741,49.779131186800726],[6.714648241010995,49.779086250622093],[6.714717649042062,49.779087620185628],[6.714719763569917,49.779042684004409],[6.714789171542215,49.779044053524224],[6.71479128600067,49.778999117340426],[6.714860693914198,49.779000486816528],[6.714930101833041,49.779001856251085],[6.714932216158013,49.778956920062555],[6.715001624018085,49.778958289453399],[6.715003738273658,49.778913353262283],[6.715073146074961,49.778914722609414],[6.715075260261137,49.778869786415719],[6.715144668003669,49.778871155719145],[6.715146782120447,49.77882621952287],[6.715216189804209,49.77882758878259],[6.71521830385159,49.778782652583729],[6.715287711476581,49.778784021799744],[6.715289825454565,49.778739085598296],[6.715359233020786,49.778740454770599],[6.715428640592321,49.778741823901356],[6.715430754436824,49.778696887695169],[6.715500161949588,49.778698256782221],[6.715569569467665,49.77869962582772],[6.715571683178688,49.778654689616786],[6.715641090637996,49.778656058618573],[6.715710498102616,49.778657427578828],[6.715712611680159,49.778612491363155],[6.715782019086009,49.778613860279698],[6.715784132594156,49.778568924061453],[6.715853539941233,49.778570292934276],[6.715922947293625,49.778571661765561],[6.715925060668294,49.778526725542569],[6.715994467961913,49.778528094330149],[6.716063875260844,49.778529463076175],[6.716133282565089,49.778530831780657],[6.716135395742196,49.778485895550759],[6.716204802987669,49.778487264211542],[6.716274210238453,49.778488632830772],[6.716276323282083,49.778443696596121],[6.716345730474095,49.778445065171653],[6.71641513767142,49.778446433705632],[6.716417250581572,49.778401497466241],[6.716486657720124,49.778402865956515],[6.716488770560884,49.778357929714559],[6.716558177640663,49.778359298161121],[6.716627584725754,49.77836066656613],[6.716629697433039,49.778315730319427],[6.716631810135013,49.778270794072313],[6.716701217097248,49.778272162431449],[6.716770624064795,49.778273530749054],[6.716772736633295,49.778228594497207],[6.716774849196486,49.778183658244927],[6.716844256041177,49.778185026516667],[6.716846368534977,49.778140090261815],[6.716915775320897,49.778141458489827],[6.716917887745305,49.778096522232403],[6.716922112578199,49.778006649716282],[6.716924224986685,49.777961713457607],[6.716928449787731,49.777871840938978],[6.716930562180291,49.777826904679067],[6.716999968522944,49.777828272850414],[6.717002080846116,49.777783336587895],[6.717004193163979,49.777738400324978],[6.717006305476535,49.777693464061635],[6.717075711632255,49.777694832184956],[6.717077823875422,49.777649895919033],[6.717079936113281,49.777604959652692],[6.717149342146148,49.77760632773014],[6.717151454314619,49.777561391461226],[6.717220860288715,49.77756275949497],[6.71729026626812,49.77756412748716],[6.717359672252836,49.77756549543782],[6.717361784223757,49.777520559161999],[6.7174311901497,49.777521927068953],[6.717500596080953,49.777523294934355],[6.717570002017513,49.777524662758218],[6.717572113790887,49.777479726475491],[6.717574225558953,49.777434790192366],[6.717643631372662,49.777436157970357],[6.717713037191678,49.777437525706809],[6.717715148826278,49.777392589418938],[6.717717260455571,49.777347653130647],[6.717719372079559,49.777302716841945],[6.717721483698242,49.777257780552823],[6.717790889266245,49.777259148239082],[6.717793000815542,49.777214211947388],[6.717795112359532,49.777169275655275],[6.717864517804686,49.777170643295662],[6.717866629279292,49.77712570700097],[6.717936034665674,49.777127074597658],[6.717938146070894,49.777082138300393],[6.71794025747081,49.777037202002695],[6.718009662734341,49.777038569553525],[6.718011774064871,49.776993633253262],[6.718081179269632,49.776995000760387],[6.718083290530777,49.776950064457552],[6.718152695676766,49.776951431920963],[6.718154806868529,49.776906495615549],[6.718224211955746,49.776907863035255],[6.71829361704827,49.776909230413423],[6.7183630221461,49.776910597750053],[6.718365133140323,49.776865661437725],[6.718434538179383,49.776867028730649],[6.718503943223747,49.776868395982028],[6.718506054084508,49.776823459664989],[6.718508164939966,49.776778523347502],[6.718510275790119,49.776733587029618],[6.718512386634969,49.776688650711321],[6.718581791428328,49.776690017912514],[6.718583902203795,49.776645081591624],[6.718653306938382,49.776646448749119],[6.718722711678275,49.776647815865068],[6.718724822320283,49.776602879539446],[6.718726932956988,49.776557943213412],[6.71872904358839,49.776513006886958],[6.718659639040729,49.77651163977751],[6.718661749730905,49.776466703452797],[6.718731154214487,49.776468070560099],[6.718800558703377,49.77646943762587],[6.718802669260095,49.776424501296425],[6.718872073690211,49.776425868318498],[6.718941478125635,49.77642723529901],[6.719010882566363,49.776428602237978],[6.719080287012397,49.776429969135407],[6.719082397307504,49.776385032796902],[6.719151801694764,49.77638639965064],[6.719153911920491,49.776341463309571],[6.719223316248979,49.776342830119596],[6.719225426405328,49.776297893775947],[6.719294830675044,49.776299260542267],[6.719296940762014,49.776254324196046],[6.719299050843683,49.776209387849391],[6.71936845499055,49.776210754569853],[6.719370565002839,49.776165818220647],[6.719439969090935,49.77616718489741],[6.719442079033848,49.776122248545605],[6.719444188971457,49.776077312193401],[6.719513592936704,49.776078678824298],[6.719515702804936,49.776033742469515],[6.719517812667868,49.77598880611432],[6.719519922525498,49.775943869758692],[6.719589326303822,49.775945236341578],[6.719591436092076,49.775900299983384],[6.719660839811628,49.775901666522557],[6.719662949530504,49.775856730161784],[6.71966505924408,49.7758117938006],[6.719734462840785,49.775813160293914],[6.719736572484985,49.775768223930157],[6.719738682123884,49.775723287565981],[6.719808085597743,49.77572465401343],[6.719810195167266,49.775679717646682],[6.719879598582354,49.775681084050447],[6.719949002002745,49.775682450412653],[6.719951111438819,49.775637514041165],[6.720020514800438,49.775638880359679],[6.720022624167136,49.775593943985626],[6.720092027469983,49.775595310260428],[6.720161430778132,49.775596676493699],[6.720230834091584,49.775598042685431],[6.720300237410337,49.775599408835618],[6.720369640734392,49.775600774944266],[6.720439044063747,49.775602141011383],[6.720441153040702,49.775557204623944],[6.720510556311286,49.775558570647355],[6.720512665218867,49.775513634257358],[6.720514774121148,49.775468697866927],[6.720584177268885,49.775470063844473],[6.720586286101794,49.77542512745147],[6.720588394929404,49.775380191058062],[6.720590503751716,49.775335254664228],[6.720592612568728,49.775290318269981],[6.720594721380442,49.775245381875322],[6.720596830186857,49.775200445480245],[6.720598938987973,49.775155509084748],[6.720601047783792,49.775110572688831],[6.720531645148641,49.775109206728558],[6.720533754003232,49.77506427033439],[6.720535862852524,49.775019333939817],[6.720466460350817,49.775017967942304],[6.720464351437453,49.775062904334725],[6.720394948876976,49.775061538293528],[6.720397057854414,49.77501660190326],[6.72040127579339,49.774926729121475],[6.72033187343043,49.774925363045206],[6.720262471072773,49.774923996927399],[6.720260361977791,49.774968933314184],[6.720190959561362,49.774967567152679],[6.720193068720416,49.774922630768053],[6.72019517787417,49.774877694383022],[6.720125775591187,49.774876328184291],[6.720127884803714,49.774831391800987],[6.720058482590105,49.774830025562878],[6.720060591861403,49.774785089181336],[6.719991189717167,49.774783722903827],[6.719921787578232,49.774782356584808],[6.719852385444601,49.77478099022423],[6.719782983316272,49.774779623822113],[6.719785092838555,49.774734687448792],[6.719715690779599,49.774733321007297],[6.719717800360653,49.774688384635702],[6.719719909936405,49.774643448263703],[6.719722019506857,49.774598511891277],[6.719652617645417,49.774597145414724],[6.719654727274639,49.774552209044046],[6.719585325482572,49.774550842528114],[6.719587435170563,49.774505906159163],[6.71951803344787,49.774504539603853],[6.719520143194631,49.774459603236657],[6.719522252936089,49.774414666869042],[6.719524362672248,49.774369730501029],[6.719454961147066,49.774368363910646],[6.719457070941994,49.774323427544367],[6.719387669486186,49.774322060914614],[6.719318268035682,49.774320694243315],[6.719320377953446,49.774275757880943],[6.719250976572314,49.774274391170259],[6.719181575196489,49.774273024418044],[6.719183685237089,49.774228088059566],[6.719114283930634,49.774226721267972],[6.719116394030003,49.774181784911242],[6.719046992792921,49.774180418080256],[6.719049102951058,49.774135481725267],[6.718979701783348,49.774134114854917],[6.718910300620945,49.774132747943028],[6.718912410901915,49.774087811591954],[6.718843009808886,49.774086444640666],[6.718847230483056,49.773996571941581],[6.71891663144795,49.773997938888535],[6.718986032418148,49.773999305793943],[6.718988142619144,49.773954369439451],[6.719057543530578,49.773955736301161],[6.719126944447317,49.77395710312134],[6.719129054514874,49.773912166762109],[6.719198455372849,49.773913533538582],[6.719200565371037,49.773868597176779],[6.719204785351507,49.77377872445193],[6.719274186022582,49.773780091180377],[6.719276295940796,49.773735154815171],[6.719345696553108,49.77373652149992],[6.719347806401955,49.773691585132141],[6.719417206955502,49.773692951773214],[6.71941931673498,49.773648015402841],[6.719488717229764,49.773649382000194],[6.71955811772985,49.77365074855603],[6.719560227375893,49.773605812180939],[6.719562337016636,49.773560875805423],[6.71963173739389,49.773562242315386],[6.719633846965266,49.773517305937283],[6.719635956531341,49.773472369558782],[6.719705356785764,49.773473736022893],[6.719707466282472,49.77342879964182],[6.719709575773879,49.773383863260307],[6.719778975905474,49.77338522967856],[6.719781085327515,49.773340293294495],[6.719783194744255,49.773295356909991],[6.719852594753019,49.7732967232824],[6.719854704100395,49.773251786895329],[6.719924104050396,49.773253153224033],[6.719926213328404,49.773208216834398],[6.719928322601113,49.773163280444336],[6.719930431868523,49.773118344053856],[6.719999831631629,49.773119710334534],[6.720001940829674,49.773074773941502],[6.720071340534017,49.773076140178489],[6.720073449662697,49.773031203782864],[6.720075558786077,49.772986267386827],[6.720144958367592,49.772987633577948],[6.720147067421608,49.772942697179346],[6.720149176470325,49.772897760780317],[6.720218575929012,49.772899126925594],[6.720220684908365,49.772854190523987],[6.720290084308288,49.772855556625558],[6.720292193218279,49.772810620221378],[6.720294302122971,49.772765683816779],[6.720363701400068,49.772767049872513],[6.720365810235397,49.772722113465349],[6.720367919065426,49.772677177057766],[6.720437318219694,49.772678543067641],[6.720439426980362,49.772633606657472],[6.720441535735731,49.77258867024689],[6.720510934767175,49.772590036210907],[6.720513043453181,49.772545099797746],[6.720515152133891,49.77250016338418],[6.720584551042506,49.772501529302346],[6.720586659653854,49.772456592886201],[6.720656058503707,49.772457958760675],[6.720658167045694,49.772413022341958],[6.720727565836784,49.772414388172741],[6.72072967430941,49.772369451751445],[6.720799073041738,49.772370817538516],[6.720801181445004,49.772325881114661],[6.720870580118568,49.772327246858048],[6.720872688452475,49.772282310431585],[6.720874796781083,49.772237374004732],[6.720944195331821,49.772238739702274],[6.720946303591071,49.772193803272827],[6.721015702083046,49.772195168926672],[6.721017810272936,49.77215023249466],[6.72101991845753,49.77210529606225],[6.720950520093678,49.772103930412733],[6.720881121735125,49.772102564721671],[6.720811723381872,49.772101198989077],[6.720809615005093,49.772146135415021],[6.720740216593078,49.772144769638736],[6.720738108146939,49.7721897060621],[6.720668709676162,49.772188340242124],[6.720666601160664,49.772233276662924],[6.720597202631125,49.772231910799235],[6.720595094046266,49.772276847217469],[6.720525695457964,49.772275481310089],[6.720523586803746,49.772320417725737],[6.720521478144229,49.77236535414098],[6.720452079433104,49.772363988187749],[6.720449970704224,49.772408924600413],[6.720380571934336,49.77240755860349],[6.720378463136098,49.77245249501356],[6.720376354332561,49.77249743142324],[6.720306955439844,49.772496065380466],[6.720304846566947,49.772541001787559],[6.72023544761547,49.772539635701087],[6.720233338673209,49.772584572105607],[6.720231229725648,49.772629508509716],[6.720161830651347,49.772628142377393],[6.720159721634424,49.772673078778915],[6.720157612612202,49.772718015180033],[6.720088213415075,49.772716649001843],[6.72008610432349,49.772761585400389],[6.720016705067597,49.772760219178508],[6.72001459590665,49.772805155574467],[6.720012486740403,49.772850091970007],[6.719943087361686,49.772848725702289],[6.719940978126075,49.77289366209525],[6.719871578688593,49.772892295783826],[6.719869469383617,49.772937232174215],[6.719867360073343,49.772982168564191],[6.719797960513035,49.772980802206909],[6.719795851133395,49.773025738594313],[6.719726451514325,49.773024372193341],[6.719724342065321,49.773069308578158],[6.719654942387487,49.773067942133487],[6.719585542714957,49.773066575647277],[6.719583433132522,49.773111512027356],[6.71951403340123,49.773110145497448],[6.719511923749428,49.773155081874975],[6.719509814092326,49.773200018252084],[6.719440414238205,49.77319865167631],[6.719438304511737,49.773243588050832],[6.719368904598854,49.77324222143136],[6.719371014389387,49.773197285058998],[6.71937312417462,49.773152348686217],[6.719442523959373,49.773153715301355],[6.719444633675239,49.773108778925994],[6.719446743385804,49.773063842550229],[6.719516143047729,49.773065209119515],[6.719518252688929,49.773020272741164],[6.719587652292091,49.773021639266766],[6.719589761863927,49.772976702885828],[6.719591871430461,49.772931766504499],[6.719661270910796,49.772933132984228],[6.719663380407965,49.77288819660032],[6.719665489899833,49.772843260215978],[6.719667599386402,49.772798323831218],[6.719669708867671,49.772753387446052],[6.719600309643591,49.772752020974963],[6.719598200098258,49.772796957357968],[6.719528800815418,49.772795590843167],[6.719526691200722,49.772840527223593],[6.71945729185912,49.7728391606651],[6.719455182175057,49.772884097042969],[6.719453072485695,49.772929033420404],[6.719383673021268,49.772927666816052],[6.71938156326254,49.772972603190915],[6.719312163739351,49.772971236542872],[6.719310053911259,49.773016172915163],[6.719307944077864,49.773061109287028],[6.719305834239168,49.77310604565848],[6.719236434529088,49.773104678962419],[6.719234324621025,49.773149615331299],[6.719232214707662,49.773194551699767],[6.719162814874754,49.77319318495784],[6.719160704892024,49.773238121323736],[6.719091305000354,49.773236754538111],[6.719089194948257,49.773281690901428],[6.719019794997826,49.773280324072118],[6.719017684876361,49.773325260432841],[6.719015574749593,49.773370196793167],[6.718946174676335,49.773368829917985],[6.7189440644802,49.773413766275738],[6.718941954278764,49.773458702633064],[6.718939844072024,49.773503638989986],[6.718870443811872,49.773502272066786],[6.718801043557024,49.773500905102054],[6.718798933216848,49.773545841454229],[6.718796822871372,49.773590777805985],[6.718727422493695,49.773589410795395],[6.718725312078849,49.773634347144572],[6.71865591164241,49.773632980090277],[6.718586511211275,49.773631612994457],[6.718517110785446,49.773630245857099],[6.718515000173097,49.773675182199383],[6.718445599688506,49.773673815018327],[6.718443489006787,49.773718751358032],[6.718374088463434,49.773717384133271],[6.718371977712343,49.773762320470404],[6.718302577110229,49.773760953201936],[6.718233176513421,49.773759585891952],[6.718163775921921,49.773758218540401],[6.718161664973325,49.773803154870635],[6.718159554019425,49.773848091200456],[6.71815744306022,49.773893027529851],[6.718226843843924,49.773894394887868],[6.718296244632935,49.773895762204354],[6.718365645427251,49.773897129479295],[6.718435046226873,49.773898496712711],[6.718428714086253,49.774033305724338],[6.718426603362105,49.774078242060718],[6.718424492632655,49.774123178396678],[6.7184223818979,49.774168114732213],[6.718491783087238,49.774169481937044],[6.718561184281881,49.774170849100337],[6.718559073669961,49.774215785439793],[6.718556963052738,49.77426072177883],[6.718626364380825,49.774262088904898],[6.718695765714215,49.774263455989434],[6.718693655219827,49.774308392332365],[6.718763056622592,49.774309759377523],[6.718832458030663,49.774311126381136],[6.718830347659111,49.774356062727975],[6.718899749136555,49.774357429692209],[6.718897638823771,49.774402366040796],[6.71896704037059,49.774403732965638],[6.718964930116572,49.774448669315973],[6.719034331732765,49.774450036201443],[6.719032221537515,49.774494972553526],[6.719101623223082,49.774496339399626],[6.719099513086599,49.774541275753442],[6.719097402944814,49.774586212106847],[6.719166804763828,49.774587578915714],[6.719236206588143,49.774588945683043],[6.719234096569198,49.774633882040362],[6.71923198654495,49.774678818397255],[6.719229876515401,49.774723754753708],[6.719299278537234,49.774725121485993],[6.719297168566453,49.774770057844201],[6.719366570657661,49.774771424537093],[6.71936446074565,49.77481636089707],[6.719433862906231,49.77481772755057],[6.71943175305299,49.77486266391228],[6.719501155282948,49.774864030526416],[6.719499045488477,49.774908966889861],[6.719568447787808,49.774910333464611],[6.719637850092443,49.774911699997816],[6.719635740420814,49.774956636365168],[6.719633630743885,49.775001572732101],[6.719703033181966,49.775002939228102],[6.719700923563808,49.775047875596762],[6.719770326071265,49.775049242053377],[6.719768216511876,49.775094178423799],[6.719837619088709,49.775095544841022],[6.719835509588093,49.775140481213192],[6.719904912234299,49.775141847591037],[6.719974314885808,49.775143213927343],[6.719972205508038,49.775188150303407],[6.719970096124968,49.775233086679044],[6.719900693345313,49.775231720338432],[6.719898583892869,49.775276656711512],[6.719829181054444,49.775275290327187],[6.719759778221322,49.775273923901324],[6.719757668635433,49.775318860269643],[6.71975555904424,49.775363796637578],[6.719753449447749,49.775408733005094],[6.719684046427711,49.775407366531205],[6.719681936761845,49.775452302896134],[6.719612533683036,49.775450936378547],[6.719610423947795,49.775495872740912],[6.719541020810216,49.775494506179626],[6.719471617677939,49.775493139576803],[6.719469507809251,49.775538075934428],[6.719400104618204,49.775536709287898],[6.719330701432463,49.775535342599824],[6.719261298252023,49.775533975870218],[6.719259188185812,49.775578912220936],[6.719189784946603,49.775577545447625],[6.719187674811014,49.775622481795779],[6.719118271513037,49.775621114978762],[6.719048868220364,49.775619748120221],[6.718979464932994,49.77561838122012],[6.718910061650931,49.775617014278481],[6.718907951253742,49.775661950617582],[6.71883854791291,49.775660583632245],[6.718769144577381,49.775659216605369],[6.718699741247159,49.775657849536948],[6.718630337922241,49.775656482426989],[6.718628227263454,49.775701418757023],[6.718558823879769,49.775700051603366],[6.718556713151603,49.775744987930828],[6.718554602418134,49.775789924257865],[6.718485198911606,49.775788557058348],[6.718483088108759,49.775833493382805],[6.718413684543461,49.775832126139576],[6.718411573671236,49.775877062461475],[6.718409462793706,49.775921998782941],[6.718407351910873,49.775966935104002],[6.718476755668395,49.775968302353711],[6.718546159431223,49.775969669561867],[6.718544048671236,49.776014605886843],[6.718541937905945,49.776059542211385],[6.718472534014967,49.776058174998887],[6.718474644844332,49.776013238676519],[6.718405241022735,49.776011871424643],[6.718335837206443,49.776010504131229],[6.718333726248926,49.776055440449291],[6.718194918504111,49.776052705733527],[6.718125514639664,49.776051338313337],[6.718056110780524,49.776049970851581],[6.718053999561399,49.776094907160598],[6.718051888336971,49.776139843469188],[6.717982484354986,49.776138475961581],[6.717980373061178,49.776183412267578],[6.717910969020424,49.776182044716272],[6.717908857657233,49.776226981019718],[6.717906746288738,49.776271917322724],[6.71783734212514,49.77627054972556],[6.717767937966848,49.776269182086843],[6.717765826464896,49.77631411838513],[6.717763714957636,49.776359054682985],[6.717761603445071,49.776403990980441],[6.71769219909986,49.776402623293691],[6.717622794759956,49.776401255565411],[6.717620683113933,49.77644619185812],[6.717551278715261,49.776444824086134],[6.717549166999853,49.776489760376272],[6.717479762542412,49.776488392560573],[6.717477650757623,49.776533328848132],[6.717408246241413,49.776531960988741],[6.71740613438724,49.776576897273706],[6.717336729812262,49.776575529370611],[6.717334617888705,49.776620465653018],[6.717265213254959,49.77661909770621],[6.717195808626522,49.77661772971787],[6.717197920678235,49.776572793439797],[6.717128516119184,49.776571425412065],[6.717130628229666,49.77652648913574],[6.717061223740001,49.776525121068637],[6.716991819255646,49.776523752959996],[6.71698970701701,49.776568689231986],[6.716920302473888,49.776567321079639],[6.716850897936075,49.77656595288574],[6.716781493403572,49.776564584650309],[6.716779380967397,49.776609520915407],[6.716709976376128,49.776608152636271],[6.71664057179017,49.776606784315568],[6.7166426843545,49.776561848054804],[6.716573279837927,49.776560479694737],[6.716503875326667,49.776559111293125],[6.716505988013841,49.776514175036262],[6.716367179135406,49.776511438112749],[6.716365066320077,49.776556374365292],[6.716295661824749,49.776555005839043],[6.716293548940035,49.776599942089014],[6.716224144385942,49.776598573519074],[6.71622203143184,49.776643509766458],[6.716152626818981,49.776642141152813],[6.716154739837158,49.776597204907588],[6.716156852850028,49.776552268661952],[6.716087448370634,49.776550900011081],[6.716089561442269,49.7765059637672],[6.716020157032264,49.77650459507695],[6.716018043896552,49.776549531318679],[6.715948639427782,49.776548162584739],[6.715946526222682,49.776593098823881],[6.715877121695148,49.776591730046228],[6.715875008420661,49.776636666282805],[6.715872895140865,49.776681602518963],[6.715870781855759,49.776726538754694],[6.715801377141305,49.776725169929009],[6.71579926378681,49.776770106162175],[6.715797150427006,49.776815042394908],[6.715795037061891,49.776859978627236],[6.715864441968579,49.776861347459409],[6.715933846880578,49.776862716250044],[6.71593173363831,49.776907652486287],[6.715862328662231,49.776906283693485],[6.715792923691466,49.776904914859152],[6.715790810315731,49.776949851090635],[6.715721405286199,49.776948482212589],[6.71565200026198,49.776947113293005],[6.715649886752778,49.776992049519755],[6.715647773238264,49.777036985746101],[6.715578368091202,49.777035616780651],[6.715576254507299,49.777080553004389],[6.715574140918086,49.777125489227735],[6.715504735648179,49.777124120216399],[6.715435330383587,49.777122751163525],[6.715433216660904,49.777167687382125],[6.715431102932912,49.777212623600299],[6.715361697545473,49.777211254501566],[6.715359583748089,49.777256190717168],[6.715357469945393,49.777301126932358],[6.71528806443511,49.777299757787745],[6.715285950563024,49.777344694000341],[6.715281722802915,49.77743456642429],[6.715212317105707,49.777433197231645],[6.715210203153606,49.777478133440837],[6.715208089196193,49.777523069649604],[6.715138683376138,49.777521700411086],[6.715136569349333,49.777566636617273],[6.715067163470513,49.777565267335056],[6.714997757597008,49.777563898011294],[6.714928351728817,49.77756252864598],[6.714858945865942,49.77756115923912],[6.7148568315775,49.777606095436255],[6.714787425655859,49.77760472598569],[6.714785311298027,49.777649662180231],[6.71471590531762,49.77764829268596],[6.714713790890394,49.777693228877915],[6.714644384851221,49.777691859339932],[6.7146422703546,49.777736795529314],[6.714640155852667,49.777781731718278],[6.714635926832861,49.777871604094955],[6.714705333128356,49.777872973641593],[6.71477473942917,49.777874343146692],[6.714776853813568,49.777829406954218],[6.714781082566423,49.777739534568063],[6.714850488680306,49.777740904025116],[6.714852602984684,49.777695967829246],[6.714854717283749,49.777651031632956],[6.714924123274787,49.777652401044143],[6.714993529271137,49.777653770413778],[6.714995643436729,49.777608834212749],[6.715065049374314,49.777610203538678],[6.715062935272804,49.777655139741874],[6.715132341279784,49.777656509028425],[6.71520174729208,49.777657878273423],[6.71527115330969,49.77765924747689],[6.715273267218958,49.777614311267214],[6.7153426731778,49.777615680426955],[6.715412079141957,49.777617049545171],[6.715550891086211,49.777619787656967],[6.715620297066306,49.777621156650547],[6.715689703051717,49.777622525602574],[6.71569181657119,49.777577589379483],[6.715761222497834,49.777578958287812],[6.715830628429789,49.777580327154595],[6.715900034367056,49.777581695979841],[6.715969440309636,49.777583064763526],[6.716038846257528,49.777584433505687],[6.716108252210732,49.777585802206289],[6.716177658169249,49.77758717086536],[6.716247064133078,49.777588539482878],[6.716316470102218,49.777589908058857],[6.716385876076669,49.777591276593284],[6.716455282056431,49.77759264508618],[6.716453169241845,49.777637581333067],[6.716522575291,49.777638949786571],[6.716591981345466,49.777640318198529],[6.716661387405241,49.777641686568948],[6.716659274777588,49.777686622821896],[6.716657162144627,49.777731559074418],[6.716655049506357,49.777776495326542],[6.716585643254337,49.777775126949635],[6.716583530546678,49.777820063199165],[6.716581417833709,49.777864999448276],[6.716512011458836,49.777863631025504],[6.716509898676476,49.777908567272057],[6.716440492242834,49.777907198805572],[6.716371085814504,49.777905830297549],[6.71636897289867,49.777950766539348],[6.716299566411569,49.777949397987612],[6.716301679391482,49.777904461747973],[6.716303792366088,49.777859525507907],[6.716305905335383,49.77781458926745],[6.716236499045837,49.777813220680663],[6.716167092761604,49.777811852052331],[6.716097686482683,49.777810483382453],[6.716028280209073,49.77780911467103],[6.715958873940775,49.777807745918061],[6.715956760651074,49.77785268214771],[6.715954647356061,49.777897618376961],[6.715885240964913,49.777896249578106],[6.715883127600508,49.777941185804778],[6.715881014230792,49.777986122031017],[6.715811607716794,49.77798475318631],[6.715809494277686,49.778029689409969],[6.715740087704918,49.77802832052155],[6.715737974196417,49.778073256742637],[6.715668567564879,49.778071887810512],[6.715666453986985,49.77811682402902],[6.715597047296679,49.778115455053189],[6.715594933649391,49.778160391269125],[6.715592819996792,49.778205327484628],[6.715523413183635,49.778203958462917],[6.715454006375789,49.778202589399669],[6.715451892589715,49.778247525610425],[6.715382485723102,49.778246156503471],[6.715380371867631,49.778291092711655],[6.715310964942248,49.778289723560995],[6.715308851017384,49.778334659766593],[6.715239444033233,49.778333290572235],[6.715100630080871,49.778330552058847],[6.715031223112662,49.778329182739832],[6.714961816149768,49.778327813379285],[6.714963930395047,49.778282877184495],[6.714966044635014,49.778237940989293],[6.714968158869668,49.778193004793678],[6.71497027309901,49.778148068597645],[6.714900866397762,49.7781466992042],[6.714831459701829,49.778145329769217],[6.714762053011211,49.778143960292681],[6.714759938589621,49.778188896482227],[6.714690531840235,49.778187526961986],[6.714688417349252,49.778232463148946],[6.714619010541099,49.778231093584992],[6.714616895980718,49.77827602976938],[6.714614781415023,49.778320965953348],[6.71454537448402,49.778319596343522],[6.714543259848931,49.77836453252489],[6.714541145208526,49.778409468705867],[6.714539030562808,49.778454404886418],[6.71446962344487,49.778453035228573],[6.714467508729756,49.778497971406537],[6.714465394009326,49.77854290758409],[6.714395986768539,49.778541537880344],[6.714393871978712,49.778586474055324],[6.714391757183572,49.778631410229877],[6.714322349819933,49.778630040480266],[6.714320234955394,49.778674976652248],[6.71431812008554,49.778719912823803],[6.714316005210372,49.778764848994946],[6.71431389032989,49.77880978516567],[6.714311775444094,49.778854721335975],[6.714242367765349,49.778853351534003],[6.714240252810154,49.778898287701729],[6.714238137849643,49.778943223869049],[6.714168730048046,49.778941854021184],[6.714166615018136,49.778986790185925],[6.714097207157771,49.778985420294347],[6.714099322251765,49.778940484131788],[6.714101437340445,49.778895547968801],[6.714103552423811,49.77885061180541],[6.714105667501861,49.778805675641586],[6.714036259903152,49.778804305717138],[6.71396685230976,49.778802935751145],[6.713968967510665,49.778757999591242],[6.713899559986674,49.778756629585871],[6.713830152468002,49.77875525953894],[6.713760744954646,49.778753889450478],[6.713758629561488,49.778798825603886],[6.713828037138927,49.778800195694515],[6.713825921804538,49.778845131849671],[6.713823806464834,49.778890068004408],[6.713893214175761,49.778891438057826],[6.713891098894825,49.778936374214311],[6.713888983608575,49.778981310370391],[6.71395839145299,49.778982680386584],[6.713956276225509,49.779027616544411],[6.714025684139325,49.779028986521226],[6.714023568970616,49.779073922680801],[6.714092976953835,49.779075292618245],[6.714090861843895,49.779120228779554],[6.71408874672864,49.779165164940451],[6.714086631608071,49.779210101100936],[6.714084516482187,49.779255037260995],[6.714082401350987,49.779299973420649],[6.714080286214472,49.779344909579891],[6.714078171072642,49.779389845738706],[6.71400876264082,49.779388475786106],[6.713939354214314,49.779387105791962],[6.713937238938996,49.779432041946038],[6.713867830453721,49.779430671908194],[6.713865715109001,49.779475608059684],[6.713863599758965,49.779520544210754],[6.713794191150834,49.779519174127024],[6.713792075731395,49.779564110275516],[6.713789960306641,49.779609046423595],[6.713720551575653,49.779607676293985],[6.713718436081495,49.779652612439484],[6.713716320582021,49.779697548584551],[6.713646911728177,49.779696178409075],[6.713644796159299,49.77974111455157],[6.713642680585106,49.779786050693644],[6.713640565005595,49.779830986835307],[6.713571155964806,49.779829616611792],[6.713569040315891,49.779874552750876],[6.713566924661661,49.779919488889526],[6.713564809002113,49.779964425027778],[6.713495399774377,49.779963054756216],[6.713493284045425,49.780007990891868],[6.713491168311156,49.780052927027121],[6.71342175896056,49.780051556709672],[6.713419643156886,49.780096492842333],[6.713417527347894,49.780141428974595],[6.71334811787444,49.780140058611266],[6.713346001996043,49.780184994740935],[6.713343886112328,49.780229930870185],[6.713341770223296,49.780274866999015],[6.713272360562892,49.780273496587647],[6.713270244604454,49.780318432713905],[6.713268128640698,49.780363368839737],[6.713198718857435,49.780361998382496],[6.713196602824272,49.780406934505756],[6.713192370741994,49.78049680675101],[6.713122960771779,49.780495436245722],[6.713120844658574,49.78054037236555],[6.713118728540051,49.78058530848498],[6.71311661241621,49.780630244603977],[6.713047202259042,49.780628874050649],[6.713045086065793,49.780673810167059],[6.713042969867225,49.780718746283078],[6.71304085366334,49.780763682398671],[6.712971443319219,49.780762311797289],[6.712969327045926,49.780807247910289],[6.712899916643032,49.780805877265195],[6.712897800300328,49.780850813375615],[6.712895683952306,49.780895749485623],[6.712893567598966,49.780940685595212],[6.712824157009119,49.780939314902071],[6.712822040586368,49.78098425100908],[6.712819924158299,49.781029187115678],[6.712817807724912,49.781074123221842],[6.712748396948107,49.781072752480661],[6.712746280445309,49.781117688584246],[6.712744163937193,49.781162624687433],[6.712674753037524,49.781161253900358],[6.712672636459994,49.781206190000951],[6.712603225501554,49.781204819170156],[6.712601108854614,49.781249755268178],[6.712598992202354,49.781294691365765],[6.712596875544777,49.781339627462948],[6.712527464399377,49.781338256584107],[6.712525347672385,49.781383192678703],[6.712523230940077,49.78142812877288],[6.712521114202447,49.781473064866645],[6.712518997459498,49.781518000959991],[6.712449586063046,49.781516630030943],[6.712380174671915,49.781515259060335],[6.712378057795459,49.781560195148927],[6.712308646345556,49.781558824134621],[6.712306529399687,49.781603760220634],[6.712304412448496,49.781648696306227],[6.712235000875725,49.781647325246027],[6.712232883855123,49.781692261329034],[6.712230766829198,49.781737197411637],[6.712161355133562,49.78173582630555],[6.712159238038223,49.781780762385559],[6.712089826283813,49.781779391235766],[6.712087709119059,49.781824327313188],[6.712085591948985,49.781869263390206],[6.712016180071707,49.781867892194519],[6.712014062832218,49.781912828268958],[6.711944650896168,49.781911457029565],[6.711942533587262,49.781956393101396],[6.711940416273036,49.782001329172829],[6.711871004214118,49.78199995788755],[6.711868886830475,49.782044893956389],[6.711799474712784,49.782043522627376],[6.711797357259726,49.78208845869365],[6.711727945083261,49.782087087320932],[6.711725827560785,49.782132023384612],[6.711656415325548,49.782130651968174],[6.711654297733654,49.782175588029261],[6.711584885439646,49.782174216569111],[6.711582767778333,49.782219152627626],[6.711513355425553,49.782217781123741],[6.711511237694823,49.782262717179677],[6.711509119958771,49.782307653235193],[6.711507002217398,49.782352589290284],[6.71143758967765,49.782351217738359],[6.711368177143227,49.782349846144896],[6.711298764614129,49.782348474509867],[6.711296646675143,49.782393410558036],[6.711227234087271,49.782392038879294],[6.711157821504726,49.782390667158992],[6.711155703432223,49.782435603202423],[6.711086290790904,49.782434231438415],[6.711084172648983,49.782479167479238],[6.71101475994889,49.782477795671511],[6.711012641737549,49.782522731709768],[6.710943228978686,49.782521359858315],[6.710941110697923,49.782566295893979],[6.710871697880288,49.782564923998812],[6.710802285067979,49.782563552062093],[6.710800166653697,49.782608488093018],[6.710730753782616,49.78260711611258],[6.710661340916861,49.782605744090588],[6.71065922236906,49.78265068011676],[6.710589809444533,49.782649308051042],[6.710520396525332,49.782647935943778],[6.710518277844012,49.782692871965189],[6.710448864866041,49.78269149981422],[6.710379451893395,49.782690127621677],[6.710377333078554,49.782735063638341],[6.710307920047137,49.782733691402079],[6.710238507021049,49.782732319124293],[6.710236388072688,49.782777255136189],[6.710166974987826,49.782775882814676],[6.710097561908292,49.782774510451603],[6.71009544282641,49.782819446458745],[6.710026029688105,49.782818074051953],[6.709956616555128,49.782816701603615],[6.709887203427479,49.782815329113724],[6.709885084147976,49.782860265113953],[6.709815670961556,49.782858892580336],[6.709746257780465,49.782857520005166],[6.709676844604701,49.782856147388443],[6.709674725127577,49.782901083381752],[6.709605311893043,49.782899710721324],[6.709535898663838,49.782898338019336],[6.709538018269158,49.782853402030369],[6.709607431434264,49.782854774730183],[6.709609550970161,49.782809838738629],[6.709678964076497,49.78281121139473],[6.709681083542968,49.782766275400604],[6.709750496590535,49.782767648012978],[6.709752615987583,49.782722712016252],[6.709822028976379,49.782724084584906],[6.709891441970506,49.782725457112015],[6.70989356123403,49.782680521110549],[6.709962974169386,49.782681893593931],[6.709965093363487,49.78263695758988],[6.710034506240073,49.782638330029542],[6.710036625364752,49.782593394022904],[6.710175451005711,49.782596138773236],[6.71017756999687,49.782551202761823],[6.710246982761242,49.782552575072515],[6.710316395530942,49.782553947341626],[6.710318514388581,49.78250901132548],[6.710387927099509,49.782510383550893],[6.710457339815765,49.782511755734745],[6.710459458539886,49.782466819713839],[6.710461577258681,49.782421883692507],[6.710463695972153,49.78237694767077],[6.710394283448188,49.782375575493425],[6.710396402220432,49.782330639473429],[6.710398520987352,49.782285703453027],[6.710329108596906,49.782284331238458],[6.710331227422598,49.782239395219804],[6.710261815101576,49.782238022965849],[6.710192402785881,49.782236650670356],[6.710122990475513,49.782235278333317],[6.710053578170472,49.782233905954719],[6.710051459088394,49.782278841964697],[6.709982046724583,49.782277469542379],[6.709979927573086,49.782322405549777],[6.709910515150507,49.78232103308374],[6.709908395929587,49.782365969088552],[6.709838983448241,49.782364596578795],[6.70976957097222,49.782363224027499],[6.709700158501528,49.782361851434636],[6.709630746036164,49.782360478800236],[6.70956133357613,49.782359106124275],[6.709491921121423,49.782357733406769],[6.709422508672044,49.782356360647718],[6.709420388997122,49.782401296636927],[6.709350976488977,49.782399923834141],[6.709348856744632,49.782444859820764],[6.709346736994959,49.782489795806974],[6.709277324363948,49.782488422958309],[6.709275204544852,49.782533358941919],[6.709205791855075,49.782531986049527],[6.709207911738267,49.782487050068084],[6.709138499117915,49.782485677136329],[6.709140619059879,49.78244074115662],[6.709142738996514,49.782395805176513],[6.709073326509686,49.782394432207532],[6.709003914028186,49.782393059196998],[6.709001793963358,49.782437995172771],[6.708862968888154,49.782435249022718],[6.708865089081177,49.782390313051287],[6.708795676615667,49.78238893991611],[6.708726264155488,49.782387566739381],[6.708724143834274,49.78243250270647],[6.708654731315328,49.782431129486007],[6.70865685170064,49.782386193521091],[6.708587439251122,49.782384820261264],[6.708518026806934,49.782383446959884],[6.708448614368079,49.782382073616944],[6.708379201934553,49.782380700232466],[6.708309789506359,49.782379326806435],[6.708307668800565,49.782424262760493],[6.708305548089442,49.782469198714153],[6.708303427372988,49.782514134667395],[6.708234014757837,49.782512761193303],[6.708164602148016,49.782511387677651],[6.708166722992662,49.782466451728759],[6.70809731045227,49.782465078173729],[6.708027897917209,49.782463704577154],[6.70802577694437,49.782508640521705],[6.708095189543528,49.782510014120454],[6.708090947710051,49.782599886012676],[6.708160360442734,49.7826012595742],[6.708158239582099,49.782646195521849],[6.708227652384211,49.782647569044016],[6.708297065191655,49.782648942524617],[6.708299185924095,49.782604006572626],[6.708301306651206,49.782559070620223],[6.708370719335787,49.78256044405493],[6.708368598672773,49.782605380009514],[6.708438011426781,49.782606753404849],[6.708435890822536,49.782651689361174],[6.708505303645974,49.782653062717138],[6.708503183100496,49.782697998675211],[6.70843377021296,49.782696625317094],[6.708431649598057,49.782741561272587],[6.708362236651755,49.782740187870743],[6.708292823710786,49.782738814427333],[6.708290702962357,49.782783750378073],[6.70822128996262,49.782782376890964],[6.708219169144764,49.78282731283911],[6.708217048321578,49.782872248786859],[6.708214927493063,49.78291718473416],[6.708284340685092,49.782918558227799],[6.708353753882454,49.782919931679871],[6.708492580293173,49.782922678459386],[6.708561993506529,49.7829240517868],[6.708631406725217,49.782925425072676],[6.708700819949233,49.782926798317007],[6.708770233178583,49.782928171519785],[6.708839646413262,49.782929544680997],[6.708978472898611,49.782932290878776],[6.70904788614928,49.782933663915351],[6.709045766084616,49.782978599888288],[6.708976352769848,49.782977226849546],[6.708974232635758,49.783022162819904],[6.708972112496341,49.783067098789836],[6.708902699058704,49.783065725705221],[6.708833285626399,49.783064352579039],[6.708831165353455,49.783109288544217],[6.708761751862381,49.783107915374316],[6.708757511172311,49.783197787299102],[6.70868809755837,49.783196414083307],[6.708690217970167,49.783151478123308],[6.708620804425656,49.783150104868128],[6.708551390886476,49.783148731571409],[6.708553511421145,49.783103795615318],[6.708484097951393,49.783102422279207],[6.708414684486974,49.78310104890155],[6.708416805144511,49.783056112949382],[6.708418925796718,49.783011176996816],[6.708421046443599,49.782966241043816],[6.708351633176807,49.782964867631115],[6.708282219915346,49.782963494176869],[6.70828009914027,49.783008430125527],[6.708210685820043,49.783007056627554],[6.708141272505147,49.783005683088028],[6.708071859195584,49.783004309506957],[6.708069738222882,49.78304924544868],[6.708000324854552,49.783047871823889],[6.707930911491555,49.783046498157532],[6.707928790385325,49.783091434094509],[6.707926669273765,49.783136370031073],[6.707857255787902,49.783134996318822],[6.707787842307371,49.783133622565039],[6.707789963547128,49.783088686632816],[6.707792084781556,49.783043750700188],[6.707722671434556,49.783042376909194],[6.707653258092889,49.78304100307664],[6.707651136730265,49.78308593900492],[6.707581723329833,49.78308456512864],[6.707512309934733,49.783083191210821],[6.707514431425555,49.783038255286876],[6.707583844756556,49.783039629202541],[6.707585966177946,49.782994693276017],[6.707588087594007,49.782949757349066],[6.707518674391205,49.782948383437756],[6.707449261193734,49.782947009484893],[6.707379848001597,49.782945635490471],[6.707381969604621,49.782900699569623],[6.707312556481916,49.78289932553583],[6.707310434814794,49.78294426145451],[6.707241021633325,49.78294288737699],[6.707243143364546,49.782897951460491],[6.707104317145806,49.782895203185141],[6.707034904044438,49.782893828985138],[6.706965490948404,49.782892454743596],[6.706896077857705,49.782891080460494],[6.706826664772341,49.782889706135848],[6.706757251692311,49.782888331769641],[6.706618425548258,49.782885582912584],[6.706620547851027,49.782840647015213],[6.706551134851101,49.78283927252653],[6.706481721856511,49.782837897996295],[6.706412308867256,49.782836523424507],[6.706342895883338,49.782835148811174],[6.706273482904757,49.782833774156281],[6.70620406993151,49.782832399459856],[6.706134656963601,49.782831024721858],[6.706136779709721,49.782786088839266],[6.706067366811244,49.782784714061904],[6.705997953918107,49.782783339242982],[6.705928541030305,49.782781964382515],[6.705859128147841,49.782780589480488],[6.705861251145014,49.782735653606181],[6.705722425524291,49.78273290368184],[6.705653012721934,49.78273152865733],[6.705583599924917,49.782730153591288],[6.705514187133238,49.782728778483687],[6.705444774346896,49.78272740333454],[6.705375361565892,49.782726028143834],[6.705373238120038,49.782770964002943],[6.705303825280274,49.782769588768524],[6.705234412445851,49.782768213492545],[6.705232288866465,49.782813149346886],[6.705162875973283,49.782811774027195],[6.705160752324463,49.782856709878935],[6.705230165281743,49.782858085200814],[6.705228041691685,49.782903021054317],[6.705297454718401,49.782904396336811],[6.705295331187104,49.782949332192082],[6.70529320765047,49.782994268046913],[6.705362620810721,49.78299564329221],[6.705360497332849,49.783040579148818],[6.705429910562537,49.783041954354729],[6.705427787143426,49.783086890213092],[6.70549720044255,49.783088265379625],[6.705566613747012,49.783089640504613],[6.705564490450763,49.783134576366898],[6.705562367149178,49.783179512228777],[6.705560243842258,49.783224448090223],[6.70542141685408,49.783221697785663],[6.705423540289198,49.783176761928551],[6.705354126867215,49.783175386716124],[6.705356250361096,49.783130450860774],[6.705286837008551,49.783129075608962],[6.705288960561194,49.783084139755367],[6.705219547278085,49.783082764464183],[6.705221670889491,49.783037828612336],[6.705152257675819,49.783036453281767],[6.705154381345985,49.782991517431689],[6.705156505010814,49.782946581581186],[6.705087091930678,49.782945206213419],[6.705089215654269,49.782900270364678],[6.705019802643569,49.782898894957526],[6.704950389638208,49.782897519508822],[6.704880976638186,49.782896144018586],[6.704878852722303,49.782941079860805],[6.704809439663522,49.782939704326822],[6.704740026610084,49.7829383287513],[6.704670613561984,49.782936953134225],[6.704668489448469,49.782981888969502],[6.704666365329618,49.783026824804374],[6.704596952158663,49.783025449141405],[6.704594827970372,49.783070384973684],[6.704525414740659,49.783069009266981],[6.704456001516285,49.783067633518741],[6.704453877194463,49.783112569346237],[6.704384463911333,49.783111193554262],[6.704386588297252,49.783066257728933],[6.704388712677836,49.783021321903178],[6.704319299528242,49.783019946073992],[6.704321423967584,49.782975010249999],[6.704252010887429,49.782973634381435],[6.70425413538553,49.782928698559203],[6.704256259878291,49.782883762736546],[6.704186846931673,49.782882386830792],[6.704188971483194,49.78283745100989],[6.704119558606013,49.782836075064758],[6.704121683216292,49.78279113924561],[6.70405227040855,49.782789763261107],[6.704054395077587,49.782744827443715],[6.704056519741284,49.78269989162591],[6.703987107067078,49.782698515604203],[6.703989231789532,49.782653579788168],[6.703919819184764,49.782652203727075],[6.703921943965976,49.782607267912788],[6.703924068741849,49.782562332098081],[6.703854656270614,49.782560955999799],[6.703856781105244,49.782516020186854],[6.703787368703447,49.782514644049193],[6.703789493596833,49.782469708238004],[6.703720081264475,49.782468332060958],[6.703722206216617,49.782423396251517],[6.703724331163419,49.782378460441677],[6.703654918964594,49.782377084227434],[6.703657043970151,49.782332148419343],[6.703587631840764,49.782330772165736],[6.703589756905076,49.782285836359407],[6.703520344845126,49.782284460066407],[6.703522469968192,49.78223952426184],[6.703453057977681,49.782238147929476],[6.703455183159503,49.782193212126657],[6.703385771238429,49.782191835754915],[6.703387896479005,49.782146899953858],[6.703390021714241,49.782101964152382],[6.703320609926698,49.782100587743436],[6.703322735220689,49.782055651943722],[6.703253323502583,49.782054275495405],[6.703255448855327,49.782009339697446],[6.703186037206658,49.782007963209765],[6.703188162618154,49.78196302741356],[6.703118751038923,49.781961650886494],[6.703120876509172,49.781916715092052],[6.70305146499938,49.781915338525614],[6.703053590528381,49.781870402732935],[6.703055716052041,49.781825466939821],[6.702986304675778,49.781824090336194],[6.70298843025819,49.781779154544843],[6.702919018951365,49.78177777790183],[6.702921144592528,49.781732842112255],[6.702851733355139,49.781731465429871],[6.702853859055055,49.781686529642045],[6.702784447887104,49.781685152920282],[6.70278657364577,49.781640217134211],[6.702717162547254,49.781638840373091],[6.702719288364671,49.781593904588782],[6.702649877335594,49.781592527788277],[6.702652003211761,49.781547592005722],[6.702582592252119,49.781546215165847],[6.702584718187037,49.781501279385061],[6.702515307296832,49.781499902505814],[6.7025174332905,49.78145496672677],[6.702519559278825,49.78141003094732],[6.702450148522148,49.781408654030876],[6.702452274569223,49.781363718253182],[6.702382863881983,49.781362341297367],[6.702384989987806,49.781317405521442],[6.702315579370003,49.781316028526255],[6.702317705534576,49.781271092752064],[6.702248294986209,49.781269715717507],[6.702250421209529,49.781224779945084],[6.702181010730599,49.781223402871156],[6.702183137012667,49.781178467100503],[6.702113726603173,49.781177089987196],[6.70211585294399,49.781132154218298],[6.702046442603931,49.78113077706562],[6.702048569003495,49.781085841298484],[6.701979158732874,49.781084464106428],[6.701981285191184,49.781039528341061],[6.70191187499,49.781038151109641],[6.701914001507057,49.780993215346001],[6.701844591375308,49.780991838075209],[6.701846717951112,49.78094690231336],[6.701777307888799,49.780945525003197],[6.70177943452335,49.780900589243096],[6.701781561152556,49.780855653482568],[6.701712151223768,49.780854276135209],[6.70171427791172,49.780809340376464],[6.701644868052369,49.780807962989741],[6.701646994799067,49.780763027232723],[6.701577585009152,49.780761649806628],[6.701579711814594,49.780716714051387],[6.701510302094116,49.780715336585907],[6.701512428958302,49.780670400832427],[6.701443019307258,49.78066902332759],[6.70144514623019,49.780624087575866],[6.701375736648581,49.780622710031658],[6.701377863630256,49.780577774281696],[6.701308454118085,49.780576396698109],[6.701310581158504,49.780531460949902],[6.701241171715767,49.780530083326965],[6.70124329881493,49.780485147580514],[6.70117388944163,49.780483769918199],[6.701176016599536,49.780438834173509],[6.701106607295671,49.780437456471816],[6.70110873451232,49.780392520728888],[6.70103932527789,49.780391142987838],[6.701041452553281,49.780346207246666],[6.700972043388287,49.78034482946623],[6.70097417072242,49.780299893726827],[6.700904761626862,49.780298515907035],[6.700906889019737,49.780253580169401],[6.700837479993614,49.780252202310223],[6.700839607445229,49.780207266574337],[6.700770198488542,49.780205888675802],[6.7007723259989,49.780160952941678],[6.700702917111649,49.780159575003765],[6.700705044680747,49.780114639271396],[6.700635635862931,49.780113261294133],[6.700637763490771,49.780068325563526],[6.700568354742389,49.780066947546871],[6.700570482428969,49.780022011818033],[6.700501073750022,49.780020633762021],[6.700431665076427,49.780019255664456],[6.700433792885831,49.779974319939562],[6.700435920689889,49.779929384214235],[6.700366512149815,49.77992800607948],[6.700297103615088,49.779926627903194],[6.700299231541972,49.779881692181803],[6.700229823076682,49.779880313966139],[6.700231951062304,49.779835378246517],[6.700162542666449,49.779833999991475],[6.70016467071081,49.779789064273622],[6.70009526238439,49.779787685979215],[6.700097390487488,49.779742750263111],[6.700027982230504,49.77974137192934],[6.700030110392341,49.779696436215012],[6.699960702204792,49.77969505784187],[6.699962830425366,49.779650122129297],[6.699893422307252,49.779648743716784],[6.699824014194489,49.779647365262726],[6.699826142537884,49.779602429554096],[6.699756734494556,49.779601051060681],[6.699758862896689,49.779556115353799],[6.699689454922795,49.779554736821019],[6.699691583383665,49.779509801115893],[6.699622175479208,49.779508422543735],[6.699624303998811,49.779463486840392],[6.699554896163789,49.77946210822887],[6.69955702474213,49.779417172527275],[6.699487616976542,49.779415793876382],[6.699418209216306,49.77941441518395],[6.699420337917466,49.779369479486299],[6.699350930226665,49.779368100754503],[6.69935305898656,49.779323165058607],[6.699283651365193,49.779321786287447],[6.699285780183823,49.779276850593313],[6.699216372631892,49.779275471782782],[6.699146965085313,49.779274092930706],[6.69914909402676,49.779229157240501],[6.699079686549616,49.77922777834906],[6.699081815549797,49.779182842660646],[6.699012408142089,49.779181463729827],[6.699014537201003,49.779136528043161],[6.69894512986273,49.779135149072992],[6.698875722529809,49.779133770061279],[6.69887785171154,49.779088834378548],[6.698808444448054,49.779087455327449],[6.698810573688516,49.779042519646495],[6.698741166494465,49.77904114055606],[6.698671759305769,49.779039761424052],[6.698673888669046,49.778994825747027],[6.698604481549784,49.778993446575669],[6.698606610971794,49.778948510900399],[6.698537203921967,49.778947131689677],[6.698467796877494,49.778945752437401],[6.698469926422317,49.778900816766082],[6.698400519447279,49.778899437474458],[6.698331112477593,49.778898058141273],[6.69833324214523,49.778853122473897],[6.698263835244981,49.778851743101363],[6.698265964971347,49.778806807435735],[6.698196558140533,49.778805428023823],[6.698127151315074,49.778804048570372],[6.698129281164252,49.778759112908702],[6.698059874408227,49.778757733415894],[6.698062004316136,49.778712797755979],[6.697992597629547,49.7787114182238],[6.697923190948313,49.778710038650068],[6.697925320979032,49.778665102994097],[6.697855914367233,49.778663723381023],[6.697786507760791,49.778662343726374],[6.697788637914319,49.778617408074346],[6.69771923137731,49.778616028380362],[6.697649824845658,49.778614648644819],[6.697651955121996,49.778569712996728],[6.697582548659779,49.77856833322182],[6.697584678994844,49.778523397575498],[6.697515272602063,49.77852201776124],[6.697445866214638,49.778520637905423],[6.697447996672511,49.778475702263052],[6.697378590354522,49.778474322367877],[6.697309184041887,49.778472942431158],[6.697311314622568,49.778428006792723],[6.69724190837937,49.778426626816646],[6.697172502141529,49.778425246799017],[6.697174632845016,49.778380311164533],[6.69710522667661,49.778378931107532],[6.697035820513562,49.778377551009008],[6.697037951339855,49.77833261537846],[6.696968545246243,49.778331235240564],[6.696899139157987,49.778329855061124],[6.696901270107085,49.778284919434526],[6.696831864088264,49.778283539215735],[6.696762458074802,49.778282158955385],[6.696693052066697,49.778280778653496],[6.69669518320268,49.778235843033023],[6.69662577726401,49.778234462691778],[6.696556371330699,49.778233082308979],[6.696558502589484,49.778188146692464],[6.69648909672561,49.778186766270302],[6.696419690867093,49.778185385806609],[6.696421822248682,49.778140450194016],[6.696352416459601,49.778139069690965],[6.69628301067588,49.778137689146348],[6.696285142180271,49.778092753537713],[6.696215736465986,49.778091372953746],[6.696146330757059,49.778089992328255],[6.69607692505349,49.778088611661197],[6.696079056744762,49.77804367605868],[6.696009651110631,49.778042295352265],[6.69594024548186,49.778040914604304],[6.695942377295932,49.777995979005745],[6.695872971736597,49.777994598218427],[6.695803566182621,49.777993217389572],[6.695734160634005,49.77799183651917],[6.695736292634955,49.777946900926736],[6.695666887155776,49.777945520016971],[6.695597481681957,49.777944139065674],[6.695599613805705,49.777899203477169],[6.695530208401324,49.777897822486509],[6.695460803002303,49.77789644145431],[6.695391397608641,49.777895060380551],[6.695393529919267,49.777850124798192],[6.695324124595044,49.777848743685084],[6.69525471927618,49.777847362530423],[6.695185313962678,49.777845981334224],[6.695187446460178,49.777801045757997],[6.695118041216112,49.777799664522448],[6.695048635977409,49.777798283245346],[6.695050768597707,49.777753347673062],[6.694981363428441,49.777751966356604],[6.694911958264536,49.7777505849986],[6.694842553105993,49.777749203599058],[6.694844685913164,49.777704268032899],[6.69477528082406,49.777702886593993],[6.694705875740317,49.777701505113548],[6.694636470661936,49.777700123591558],[6.694638603655978,49.777655188031545],[6.694569198647035,49.777653806470191],[6.694499793643455,49.777652424867313],[6.694430388645237,49.777651043222882],[6.694360983652381,49.777649661536898],[6.694363116897371,49.777604725985192],[6.694293711973955,49.777603344259859],[6.694224307055901,49.77760196249298],[6.69415490214321,49.777600580684563],[6.694157035575069,49.777555645138996],[6.694087630731818,49.777554263291215],[6.694018225893929,49.777552881401895],[6.693948821061403,49.777551499471038],[6.693950954680131,49.77750656393161],[6.693881549917045,49.777505181961395],[6.693812145159323,49.777503799949613],[6.693742740406965,49.777502417896322],[6.693744874212561,49.777457482363019],[6.693675469529643,49.777456100270349],[6.693606064852089,49.777454718136156],[6.693536660179898,49.777453335960409],[6.693467255513072,49.777451953743117],[6.693469389569612,49.777407018218128],[6.693399984972226,49.777405635961486],[6.693330580380206,49.777404253663292],[6.69326117579355,49.777402871323559],[6.693191771212258,49.777401488942296],[6.693193905519736,49.777356553425633],[6.693124501007888,49.777355171005006],[6.693055096501403,49.777353788542833],[6.692985692000283,49.777352406039121],[6.692916287504528,49.777351023493878],[6.692918422062947,49.777306087985522],[6.692849017636633,49.777304705400923],[6.692779613215686,49.777303322774763],[6.692710208800106,49.777301940107073],[6.692712343545386,49.777257004604863],[6.692642939199247,49.777255621897815],[6.692573534858474,49.777254239149215],[6.692504130523069,49.777252856359084],[6.692434726193029,49.777251473527414],[6.692436861189245,49.777206538033532],[6.692367456928649,49.777205155162491],[6.692298052673418,49.777203772249926],[6.692228648423553,49.777202389295809],[6.692159244179057,49.77720100630016],[6.692161379426208,49.777156070814591],[6.692091975251154,49.777154687779586],[6.692022571081467,49.777153304703027],[6.692024706451404,49.777108369221416],[6.69195530235116,49.777106986105508],[6.691885898256284,49.777105602948055],[6.691816494166775,49.777104219749056],[6.691677686003863,49.777101453226457],[6.691679821688806,49.777056517755362],[6.691610417679477,49.777055134433937],[6.691541013675517,49.777053751070959],[6.691471609676925,49.77705236766645],[6.691402205683703,49.777050984220388],[6.69133280169585,49.777049600732816],[6.691263397713366,49.777048217203678],[6.691124589764509,49.777045450020772],[6.691126725956678,49.777000514566751],[6.691057322054377,49.776999130915172],[6.690987918157447,49.776997747222062],[6.690918514265885,49.77699636348742],[6.690849110379696,49.776994979711219],[6.690779706498876,49.776993595893479],[6.690710302623426,49.776992212034209],[6.690571494888641,49.776989444191031],[6.690573631588032,49.776944508754077],[6.690504227792769,49.776943124772359],[6.690296016439209,49.776938972577966],[6.690226612665433,49.776937588430094],[6.690087805133995,49.776934820009721],[6.690089942276533,49.776889884587668],[6.690020538582946,49.776888500317348],[6.689951134894732,49.776887116005497],[6.689812327534419,49.776884347257166],[6.689742923862322,49.776882962820686],[6.689673520195598,49.776881578342675],[6.689604116534246,49.776880193823118],[6.689534712878269,49.776878809262023],[6.689465309227666,49.776877424659382],[6.689395905582435,49.776876040015203],[6.689398043360335,49.776831104614601],[6.689328639784552,49.776829719931065],[6.689120429089447,49.776825565631228],[6.689051025535159,49.776824180781531],[6.688981621986247,49.77682279589029],[6.688912218442709,49.776821410957524],[6.688842814904548,49.776820025983199],[6.688773411371758,49.776818640967349],[6.688704007844347,49.776817255909947],[6.68863460432231,49.776815870811006],[6.688565200805647,49.776814485670521],[6.688567339347051,49.776769550295782],[6.688497935899838,49.776768165115953],[6.688428532458001,49.776766779894572],[6.68835912902154,49.77676539463166],[6.688150918744414,49.776761238593679],[6.688081515329458,49.776759853164613],[6.688012111919879,49.776758467694009],[6.687942708515678,49.776757082181838],[6.687873305116853,49.776755696628143],[6.687803901723405,49.77675431103291],[6.687595691575328,49.776750153997959],[6.687526288203392,49.776748768236558],[6.687456884836832,49.776747382433619],[6.687387481475652,49.776745996589142],[6.68731807811985,49.776744610703126],[6.687248674769427,49.776743224775558],[6.687179271424381,49.776741838806458],[6.687109868084716,49.776740452795821],[6.687040464750429,49.776739066743644],[6.686971061421521,49.776737680649916],[6.686901658097994,49.776736294514649],[6.686693448159686,49.776732135859632],[6.686624044857677,49.776730749558212],[6.686554641561048,49.776729363215246],[6.6864852382698,49.776727976830735],[6.686346431703443,49.776725203937112],[6.686277028428337,49.776723817427992],[6.686279169078754,49.776678882125076],[6.686348572289789,49.776680268632013],[6.686350712870755,49.776635333326503],[6.686420116023099,49.7766367197897],[6.686489519180824,49.776638106211358],[6.686487378728001,49.77668304152126],[6.686556781955177,49.776684427903561],[6.686558922343929,49.776639492591478],[6.686697728686278,49.776642265227103],[6.686767131865524,49.776643651482608],[6.686836535050148,49.776645037696568],[6.686975341435536,49.776647809999879],[6.687044744636299,49.77664919608921],[6.687114147842443,49.776650582137009],[6.687183551053964,49.77665196814327],[6.687322357493143,49.776654740031169],[6.6873917607208,49.776656125912815],[6.687461163953837,49.776657511752902],[6.687530567192251,49.776658897551464],[6.687599970436043,49.776660283308487],[6.687669373685214,49.776661669023966],[6.687738776939761,49.776663054697899],[6.687808180199687,49.776664440330293],[6.687877583464989,49.77666582592115],[6.687946986735669,49.776667211470475],[6.688016390011726,49.776668596978247],[6.68808579329316,49.776669982444488],[6.688155196579971,49.776671367869184],[6.688224599872158,49.776672753252342],[6.688294003169722,49.776674138593954],[6.688363406472662,49.776675523894028],[6.688432809780978,49.77667690915257],[6.688502213094671,49.776678294369546],[6.688571616413737,49.776679679545005],[6.688641019738182,49.776681064678918],[6.688643158199394,49.776636129300726],[6.688573754939021,49.776634744168994],[6.688504351684026,49.776633358995738],[6.688506490268007,49.776588423621504],[6.68843708708246,49.776587038408877],[6.688367683902288,49.776585653154733],[6.688298280727493,49.776584267859022],[6.688228877558074,49.776582882521794],[6.68815947439403,49.77658149714302],[6.688090071235363,49.776580111722701],[6.688020668082074,49.776578726260837],[6.688022807109185,49.776533790901503],[6.687953404025344,49.776532405400296],[6.68788400094688,49.776531019857551],[6.687814597873794,49.77652963427326],[6.687745194806084,49.776528248647431],[6.687675791743752,49.776526862980063],[6.687606388686798,49.77652547727115],[6.687467582589022,49.776522705728716],[6.687469722123332,49.776477770386485],[6.687400319146583,49.776476384555146],[6.687330916175212,49.776474998682268],[6.687261513209219,49.776473612767852],[6.687192110248607,49.77647222681189],[6.687122707293372,49.77647084081439],[6.687053304343517,49.776469454775345],[6.68698390139904,49.776468068694776],[6.686986041376474,49.776423133367437],[6.686916638501448,49.776421747247504],[6.686847235631801,49.776420361086046],[6.686777832767534,49.776418974883029],[6.686775692597887,49.776463910203795],[6.686706289674928,49.776462523957051],[6.686708429908646,49.776417588638495],[6.68663902705514,49.776416202352401],[6.686569624207012,49.776414816024769],[6.686500221364264,49.776413429655605],[6.686430818526897,49.776412043244903],[6.686432959011522,49.776367107934682],[6.686363556243605,49.776365721484623],[6.686294153481071,49.776364334993026],[6.686224750723918,49.776362948459891],[6.686155347972145,49.776361561885217],[6.686085945225753,49.776360175268998],[6.686016542484743,49.77635878861124],[6.685877737018867,49.776356015171118],[6.685879878010678,49.776311079878013],[6.685810475349883,49.776309693097822],[6.68574107269447,49.776308306276107],[6.68567167004444,49.776306919412846],[6.685602267399791,49.77630553250804],[6.685463462126642,49.776302758573813],[6.68539405949814,49.776301371544399],[6.685324656875022,49.776299984473447],[6.685326798374017,49.776255049197438],[6.685257395820352,49.776253662087136],[6.685187993272071,49.776252274935295],[6.685118590729174,49.776250887741895],[6.684979785659529,49.776248113230508],[6.684910383132781,49.7762467259125],[6.684840980611419,49.776245338552954],[6.68477157809544,49.776243951151869],[6.684702175584846,49.776242563709253],[6.684632773079636,49.776241176225085],[6.684563370579811,49.776239788699378],[6.684493968085371,49.77623840113214],[6.684424565596315,49.776237013523357],[6.684355163112645,49.776235625873035],[6.684353020716665,49.776280561118334],[6.684350878315303,49.776325496363206],[6.684348735908558,49.77637043160766],[6.684346593496429,49.776415366851722],[6.684277190761864,49.776413979151087],[6.684275048280281,49.776458914392514],[6.684272905793316,49.776503849633528],[6.684203502935993,49.77650246188697],[6.684201360379572,49.776547397125377],[6.684131957463563,49.776546009335085],[6.684062554552942,49.776544621503248],[6.683923748747857,49.776541845714966],[6.683925891560561,49.776496910485342],[6.68385648873017,49.776495522531086],[6.68385863160156,49.776450587303231],[6.683789228840625,49.776449199309624],[6.683791371770702,49.776404264083546],[6.683793514695394,49.776359328857055],[6.683795657614704,49.776314393630123],[6.683797800528628,49.776269458402801],[6.683799943437166,49.776224523175046],[6.68373054100197,49.776223135150865],[6.683661138572159,49.77622174708516],[6.683591736147736,49.776220358977909],[6.683522333728701,49.776218970829113],[6.683452931315052,49.776217582638772],[6.68338352890679,49.776216194406899],[6.683244724106431,49.776213417818539],[6.68317532171433,49.776212029462059],[6.683105919327621,49.776210641064033],[6.683036516946299,49.776209252624447],[6.682967114570365,49.776207864143352],[6.68289771219982,49.776206475620697],[6.682828309834663,49.776205087056518],[6.682758907474895,49.776203698450793],[6.682689505120517,49.776202309803516],[6.682550700427927,49.776199532384368],[6.682481298089716,49.77619814361249],[6.682411895756895,49.776196754799074],[6.682273091107422,49.776193977047612],[6.682203688790771,49.776192588109566],[6.68213428647951,49.77619119912999],[6.682064884173638,49.776189810108882],[6.681995481873158,49.776188421046214],[6.681993337298805,49.77623335621692],[6.681923934939647,49.776231967110533],[6.681854532585879,49.7762305779626],[6.681785130237502,49.776229188773129],[6.681782985465552,49.77627412393683],[6.681713583058497,49.776272734703618],[6.681644180656833,49.776271345428881],[6.681574778260561,49.7762699561126],[6.681505375869681,49.77626856675478],[6.681503230836062,49.776313501909272],[6.681433828386504,49.776312112507718],[6.681435973484193,49.776267177355415],[6.681366571104096,49.776265787914518],[6.681297168729393,49.776264398432069],[6.68122776636008,49.776263008908096],[6.681225621070183,49.776307944053819],[6.681156218642195,49.776306554486105],[6.681086816219599,49.776305164876852],[6.681017413802396,49.776303775226062],[6.680948011390585,49.776302385533725],[6.680950156936761,49.776257450396784],[6.680880754594412,49.776256060665126],[6.68081135225746,49.776254670891895],[6.680741949925899,49.776253281077153],[6.680672547599732,49.776251891220852],[6.680603145278959,49.776250501323027],[6.680533742963581,49.776249111383663],[6.680531597032988,49.776294046507424],[6.680529451097002,49.776338981630765],[6.680598853540521,49.77634037157452],[6.680737658443738,49.776343151337429],[6.680807060903438,49.776344541156583],[6.680804915218341,49.776389476288273],[6.680874317747503,49.776390866068091],[6.68094372028206,49.77639225580635],[6.68101312282201,49.776393645503063],[6.681082525367354,49.776395035158245],[6.681151927918089,49.776396424771896],[6.681149782547951,49.776441359914159],[6.68128858779374,49.776444139021223],[6.681357990424724,49.776445528512447],[6.681427393061099,49.776446917962133],[6.681496795702868,49.776448307370266],[6.681566198350028,49.776449696736869],[6.681564053358922,49.776494631891893],[6.681633456075543,49.776496021219153],[6.681702858797557,49.776497410504881],[6.681772261524963,49.776498799749056],[6.68184166425776,49.776500188951694],[6.681911066995949,49.7765015781128],[6.681908922319804,49.776546513278369],[6.681839519517546,49.776545124115067],[6.681770116720678,49.776543734910241],[6.681700713929202,49.776542345663856],[6.681631311143117,49.776540956375953],[6.681561908362425,49.776539567046498],[6.681423102817214,49.776536788262959],[6.681353700052697,49.776535398808896],[6.681355845241406,49.776490463660878],[6.681286442546352,49.776489074167465],[6.681217039856691,49.776487684632514],[6.681147637172421,49.77648629505601],[6.681078234493546,49.776484905437982],[6.681008831820061,49.776483515778402],[6.680939429151972,49.776482126077283],[6.680870026489275,49.776480736334626],[6.680872172121085,49.776435801201565],[6.680802769527851,49.776434411419565],[6.680733366940012,49.776433021596027],[6.680663964357566,49.776431631730944],[6.680594561780516,49.776430241824343],[6.680455756642594,49.776427461886492],[6.680457902653433,49.776382526766177],[6.680388500156634,49.776381136737136],[6.680319097665229,49.776379746666571],[6.68024969517922,49.776378356554446],[6.680180292698605,49.776376966400797],[6.680110890223384,49.776375576205602],[6.680113036549179,49.776330641095868],[6.680043634143424,49.776329250861323],[6.679974231743064,49.776327860585241],[6.679904829348099,49.776326470267634],[6.679835426958531,49.776325079908482],[6.679766024574358,49.776323689507791],[6.679768171215108,49.776278754408608],[6.6796987689004,49.776277363968575],[6.679629366591089,49.776275973486996],[6.679631513354583,49.776231038391799],[6.679562111114739,49.776229647870885],[6.679492708880288,49.776228257308425],[6.679423306651236,49.776226866704434],[6.67935390442758,49.776225476058897],[6.67928450220932,49.776224085371823],[6.679215099996457,49.776222694643216],[6.679217247138973,49.776177759560781],[6.679147844995577,49.776176368792832],[6.679078442857578,49.776174977983331],[6.679009040724977,49.776173587132313],[6.678939638597774,49.776172196239742],[6.678941785991169,49.776127261165684],[6.678872383933431,49.77612587023377],[6.678802981881092,49.776124479260325],[6.678733579834152,49.776123088245335],[6.678735727414355,49.776078153177451],[6.678666325436883,49.776076762123111],[6.678596923464807,49.776075371027254],[6.67852752149813,49.776073979889844],[6.678529669265144,49.776029044828142],[6.678460267367933,49.776027653651397],[6.678390865476123,49.776026262433106],[6.678321463589711,49.776024871173291],[6.678323611543533,49.775979936117757],[6.678254209726589,49.775978544818585],[6.678184807915043,49.775977153477882],[6.678115406108898,49.775975762095641],[6.678117554249526,49.775930827046295],[6.678048152512849,49.775929435624711],[6.677978750781571,49.775928044161589],[6.677909349055692,49.775926652656935],[6.677911497383127,49.775881717613757],[6.677842095726716,49.77588032606976],[6.677772694075706,49.775878934484226],[6.677703292430096,49.775877542857152],[6.677705440944334,49.775832607820156],[6.677636039368194,49.77583121615374],[6.677566637797453,49.775829824445793],[6.677568786434427,49.775784889412769],[6.677499384933155,49.775783497665479],[6.677429983437284,49.775782105876651],[6.677360581946814,49.775780714046292],[6.67736273077059,49.775735779019456],[6.677293329349588,49.775734387149754],[6.677223927933989,49.775732995238513],[6.6772260768805,49.775688060215636],[6.677156675534369,49.77568666826506],[6.677087274193639,49.775685276272938],[6.677017872858312,49.775683884239278],[6.677020021991624,49.775638949222603],[6.676950620725765,49.775637557149608],[6.676881219465309,49.775636165035067],[6.676883368721353,49.775591230022386],[6.676813967530364,49.775589837868509],[6.67674456634478,49.775588445673094],[6.676675165164597,49.775587053436148],[6.676677314607441,49.77554211842962],[6.676607913496729,49.775540726153352],[6.676538512391417,49.775539333835525],[6.676469111291511,49.775537941476166],[6.676471260921153,49.775493006475827],[6.676401859890715,49.775491614077126],[6.676332458865681,49.775490221636886],[6.676263057846051,49.775488829155115],[6.676193656831825,49.775487436631799],[6.676124255823003,49.775486044066959],[6.676054854819585,49.775484651460573],[6.676057004828219,49.775439716473024],[6.675987603894271,49.775438323827302],[6.675918202965728,49.775436931140042],[6.675848802042589,49.775435538411237],[6.675850952238019,49.775390603429869],[6.675781551384349,49.775389210661736],[6.675712150536087,49.775387817852064],[6.675714300854244,49.775342882874668],[6.675644900075451,49.77534149002566],[6.675575499302062,49.775340097135121],[6.67550609853408,49.77533870420303],[6.67550824903903,49.775293769231837],[6.675438848340518,49.775292376260417],[6.675369447647412,49.775290983247459],[6.675371598275088,49.775246048280245],[6.675302197651453,49.775244655227951],[6.675232797033225,49.775243262134119],[6.675234947783627,49.775198327170877],[6.675165547234868,49.775196934037716],[6.675096146691517,49.775195540863017],[6.675098297564643,49.775150605903768],[6.675028897090763,49.775149212689719],[6.674959496622288,49.775147819434153],[6.67496164761814,49.775102884478883],[6.674892247219137,49.775101491183982],[6.674822846825542,49.77510009784752],[6.674753446437354,49.775098704469535],[6.674755597619992,49.775053769520468],[6.674686197301274,49.77505237610314],[6.674616796987965,49.775050982644281],[6.674618948293327,49.775006047699193],[6.674549548049488,49.775004654200998],[6.674480147811057,49.775003260661265],[6.674482299239141,49.774958325720164],[6.674412899070182,49.774956932141095],[6.674343498906631,49.774955538520494],[6.674345650457436,49.774910603583379],[6.674276250363357,49.774909209923443],[6.674206850274686,49.774907816221969],[6.674209001948213,49.774862881288833],[6.674139601929013,49.77486148754803],[6.674070201915222,49.774860093765689],[6.67400080190684,49.774858699941809],[6.673931401903866,49.774857306076392],[6.673862001906302,49.774855912169436],[6.673859849912459,49.774900847091565],[6.673790449856241,49.774899453140868],[6.673788297792928,49.774944388060362],[6.673786145724207,49.774989322979451],[6.673783993650078,49.77503425789812],[6.673714593407079,49.775032863899277],[6.673645193169491,49.775031469858909],[6.67350639271054,49.775028681653552],[6.673504240374749,49.775073616562985],[6.673434840089325,49.775072222395792],[6.673365439809311,49.775070828187083],[6.673296039534709,49.775069433936821],[6.673226639265517,49.775068039645021],[6.673228791857563,49.775023104744406],[6.673159391657845,49.77502171041327],[6.673161544308547,49.774976775514432],[6.673092144178304,49.774975381143975],[6.673022744053472,49.774973986731965],[6.67295334393405,49.774972592278424],[6.672883943820041,49.774971197783351],[6.672886096721587,49.774926262892919],[6.672816696677053,49.774924868358511],[6.67274729663793,49.774923473782557],[6.672677896604219,49.774922079165087],[6.672608496575921,49.774920684506071],[6.672610649728308,49.77487574962403],[6.672541249769486,49.774874354925679],[6.672471849816076,49.774872960185789],[6.67247400309118,49.774828025307734],[6.672404603207244,49.774826630528509],[6.67233520332872,49.774825235707759],[6.67226580345561,49.774823840845464],[6.672196403587912,49.774822445941638],[6.672198557113858,49.774777511071974],[6.672129157315636,49.774776116128827],[6.672059757522828,49.774774721144119],[6.671990357735432,49.774773326117902],[6.671920957953452,49.774771931050132],[6.671851558176884,49.774770535940824],[6.671853712017731,49.774725601081769],[6.671784312310638,49.774724205933133],[6.671714912608961,49.774722810742965],[6.671645512912698,49.774721415511259],[6.671576113221851,49.774720020238014],[6.671578267313534,49.774675085387358],[6.671508867692162,49.774673690074778],[6.671439468076206,49.774672294720666],[6.671370068465662,49.774670899325024],[6.671300668860535,49.774669503887836],[6.671231269260822,49.774668108409109],[6.671161869666524,49.774666712888859],[6.671092470077643,49.774665317327077],[6.671094624612349,49.774620382491435],[6.670955825578957,49.774617591247647],[6.670953670916127,49.774662526078878],[6.670884271343493,49.774661130392481],[6.670814871776274,49.774659734664539],[6.670812716979907,49.774704669490951],[6.670810562178126,49.774749604316938],[6.670741162488199,49.774748208543052],[6.67067176280369,49.774746812727628],[6.670669607868369,49.774791747548782],[6.670600208125214,49.774790351689617],[6.670530808387475,49.774788955788921],[6.670461408655155,49.774787559846693],[6.67039200892825,49.774786163862927],[6.670322609206762,49.774784767837623],[6.670253209490693,49.774783371770781],[6.670183809780041,49.774781975662407],[6.670114410074806,49.774780579512495],[6.670116565522624,49.774735644708983],[6.670047165886871,49.774734248519742],[6.669977766256535,49.774732852288963],[6.669908366631617,49.774731456016646],[6.669910522266205,49.774686521219337],[6.669841122710768,49.774685124907691],[6.669771723160749,49.774683728554514],[6.669702323616148,49.774682332159799],[6.669563524543205,49.774679539245753],[6.669565680492687,49.774634604459074],[6.669496281028404,49.774633207941953],[6.669426881569542,49.774631811383294],[6.6693574821161,49.774630414783111],[6.669288082668077,49.774629018141383],[6.669290238868387,49.774584083363109],[6.669220839489845,49.774582686682038],[6.669082040749021,49.774579893195337],[6.66901264138674,49.774578496389672],[6.668943242029878,49.774577099542462],[6.668873842678439,49.774575702653742],[6.668875999257698,49.774530767888294],[6.668806599975739,49.774529370960217],[6.668737200699201,49.774527973990622],[6.668667801428084,49.774526576979497],[6.668598402162389,49.774525179926833],[6.668529002902115,49.774523782832631],[6.668531159796261,49.774478848077791],[6.66846176060547,49.774477450944254],[6.668392361420101,49.774476053769192],[6.668322962240152,49.774474656552592],[6.668253563065627,49.774473259294453],[6.668255720210597,49.774428324548019],[6.668186321105554,49.774426927250552],[6.668116922005932,49.774425529911547],[6.668047522911734,49.774424132531024],[6.667978123822958,49.774422735108935],[6.667908724739605,49.774421337645343],[6.667839325661676,49.774419940140206],[6.667769926589168,49.774418542593523],[6.667700527522085,49.774417145005309],[6.667702685174119,49.774372210276134],[6.667633286176518,49.774370812648598],[6.667563887184342,49.77436941497951],[6.66749448819759,49.774368017268912],[6.667496646036384,49.774323082545919],[6.667427247119116,49.774321684795986],[6.667357848207272,49.774320287004521],[6.667288449300852,49.774318889171504],[6.667219050399856,49.774317491296969],[6.667221208489467,49.774272556582403],[6.667151809657955,49.774271158668533],[6.66694361319597,49.774266964677714],[6.666874214386159,49.774265566597713],[6.666876372790647,49.774220631893783],[6.66680697405032,49.774219233774446],[6.666737575315419,49.774217835613577],[6.666668176585944,49.77421643741117],[6.666598777861894,49.774215039167231],[6.666529379143269,49.774213640881754],[6.666531537862632,49.774168706188455],[6.666462139213492,49.774167307863657],[6.666392740569782,49.774165909497306],[6.66639489941184,49.774120974808],[6.666325500837613,49.774119576402349],[6.666327659738304,49.774074641714833],[6.666329818633572,49.774029707026891],[6.666331977523416,49.773984772338537],[6.666401375905465,49.773986170737572],[6.666403534725825,49.773941236046589],[6.666405693540762,49.773896301355187],[6.666407852350274,49.773851366663365],[6.6663384541604,49.773849968270952],[6.666340613028546,49.773805033580942],[6.666271214908156,49.773803635149207],[6.666273373834937,49.773758700460967],[6.666203975784032,49.77375730198991],[6.666201816793193,49.773802236675941],[6.666132418683657,49.773800838161151],[6.666130259623337,49.773845772844552],[6.66606086145517,49.773844374286007],[6.665991463292429,49.773842975685938],[6.665993622480865,49.773798041006962],[6.66592422438761,49.773796642367564],[6.665854826299782,49.773795243686628],[6.665785428217381,49.773793844964153],[6.66571603014041,49.773792446200162],[6.665646632068864,49.773791047394617],[6.665648791572166,49.773746112726258],[6.665579393570106,49.773744713881413],[6.665509995573476,49.773743314995009],[6.665440597582274,49.773741916067088],[6.665371199596501,49.773740517097622],[6.665373359350606,49.773695582437689],[6.665303961434318,49.773694183428908],[6.665234563523459,49.773692784378596],[6.665165165618029,49.773691385286739],[6.665095767718028,49.77368998615335],[6.665026369823456,49.773688586978423],[6.665024209749063,49.773733521627307],[6.665022049669243,49.773778456275764],[6.665019889583996,49.773823390923788],[6.664950491502681,49.7738219917007],[6.664948331347948,49.773866926346109],[6.664878933208004,49.773865527079273],[6.664809535073491,49.773864127770914],[6.66481169535634,49.773819193129924],[6.664742297291314,49.773817793782236],[6.664744457632792,49.773772859143051],[6.664675059637253,49.773771459756034],[6.664605661647147,49.773770060327486],[6.664536263662469,49.773768660857399],[6.664466865683223,49.773767261345782],[6.664397467709407,49.773765861792633],[6.664399628365746,49.773720927164071],[6.664330230461418,49.773719527571593],[6.664332391176386,49.773674592944836],[6.664334551885924,49.77362965831766],[6.664403949662137,49.773631057905703],[6.664406110302189,49.773586123275898],[6.664408270936812,49.773541188645673],[6.664338873288713,49.773539789062042],[6.664269475646044,49.773538389436879],[6.664200078008808,49.773536989770186],[6.664130680377003,49.773535590061954],[6.664061282750628,49.773534190312191],[6.663991885129686,49.773532790520896],[6.663994046143221,49.773487855903525],[6.663924648591766,49.773486456072895],[6.663855251045744,49.773485056200748],[6.663785853505154,49.77348365628707],[6.663716455969995,49.773482256331839],[6.663718617234326,49.773437321722888],[6.663649219768657,49.773435921728343],[6.663579822308421,49.773434521692273],[6.663510424853617,49.773433121614666],[6.663512586304685,49.773388187011932],[6.66344318891937,49.773386786894989],[6.663373791539488,49.773385386736535],[6.663371629960307,49.77343032133485],[6.663369468375694,49.773475255932745],[6.663367306785651,49.773520190530206],[6.663365145190178,49.773565125127256],[6.663295747559503,49.773563724918411],[6.663226349934263,49.773562324668028],[6.663156952314456,49.77356092437612],[6.663087554700083,49.773559524042668],[6.663089716551783,49.773514589454471],[6.6630203190069,49.773513189081697],[6.662950921467451,49.773511788667399],[6.662881523933437,49.773510388211562],[6.662812126404856,49.773508987714195],[6.66274272888171,49.773507587175295],[6.66274489104826,49.773462652597736],[6.662675493594605,49.773461252019523],[6.662606096146384,49.773459851399757],[6.6625366987036,49.77345845073846],[6.66246730126625,49.773457050035638],[6.662397903834336,49.773455649291279],[6.662400066315733,49.773410714724378],[6.662330668953309,49.773409313940704],[6.662261271596322,49.773407913115484],[6.662191874244771,49.773406512248741],[6.662122476898655,49.773405111340466],[6.662124639630842,49.773360176781985],[6.662055242354218,49.773358775834389],[6.66198584508303,49.773357374845261],[6.66191644781728,49.773355973814596],[6.661918610736199,49.773311039262339],[6.661849213539941,49.773309638192366],[6.661851376517482,49.773264703641907],[6.661781979390715,49.773263302532598],[6.661712582269384,49.773261901381758],[6.661643185153491,49.773260500189394],[6.661573788043035,49.773259098955492],[6.661504390938014,49.773257697680059],[6.661506554230398,49.773212763140251],[6.661437157194872,49.773211361825489],[6.661367760164782,49.773209960469217],[6.661298363140131,49.773208559071392],[6.661228966120918,49.773207157632037],[6.661231129664086,49.77316222310067],[6.661161732714366,49.773160821621993],[6.661163896316153,49.773115887092423],[6.661094499435925,49.773114485574425],[6.661025102561136,49.773113084014909],[6.660955705691786,49.773111682413848],[6.660886308827875,49.773110280771263],[6.660888472680444,49.773065346250114],[6.660890636527575,49.773020411728567],[6.660821239797213,49.77301901004887],[6.660751843072286,49.773017608327649],[6.660682446352801,49.773016206564883],[6.660613049638755,49.773014804760606],[6.660543652930148,49.773013402914771],[6.660545817092114,49.772968468403882],[6.660476420453,49.772967066518731],[6.660407023819327,49.772965664592057],[6.660337627191094,49.772964262623852],[6.660339791539783,49.772919328119194],[6.660270394981044,49.772917926111667],[6.660200998427745,49.772916524062602],[6.660203162899104,49.772871589561944],[6.660133766415299,49.772870187473572],[6.660064369936935,49.772868785343675],[6.660066534530962,49.772823850847018],[6.659997138122092,49.772822448677793],[6.659927741718663,49.77282104646703],[6.659858345320673,49.772819644214742],[6.659788948928127,49.77281824192093],[6.659719552541021,49.77281683958558],[6.659650156159357,49.772815437208692],[6.659652321132266,49.772770502724917],[6.659582924820096,49.772769100308714],[6.659513528513369,49.772767697850988],[6.659444132212083,49.772766295351715],[6.659374735916238,49.772764892810912],[6.659305339625837,49.772763490228591],[6.659235943340877,49.772762087604725],[6.659166547061361,49.772760684939335],[6.659168712477202,49.772715750470645],[6.659099316267181,49.772714347765948],[6.659029920062603,49.772712945019698],[6.659032085601109,49.77266801055503],[6.658962689466027,49.772666607769473],[6.658893293336388,49.772665204942385],[6.658823897212192,49.772663802073758],[6.658826062937415,49.772618867615321],[6.658756666882715,49.772617464707388],[6.658687270833459,49.77261606175793],[6.658617874789647,49.772614658766926],[6.658620040701585,49.772569724314714],[6.658550644727269,49.772568321284396],[6.658481248758398,49.77256691821254],[6.658411852794972,49.772565515099174],[6.658342456836988,49.772564111944263],[6.658344622999693,49.772519177500492],[6.658275227111206,49.772517774306266],[6.658205831228164,49.772516371070516],[6.658136435350569,49.772514967793221],[6.658067039478417,49.772513564474409],[6.658069205891886,49.7724686300391],[6.657999810089231,49.772467226680959],[6.657930414292023,49.772465823281287],[6.65786101850026,49.772464419840091],[6.657863185100441,49.772419485411014],[6.657793789378175,49.772418081930496],[6.657724393661355,49.772416678408447],[6.657654997949981,49.772415274844882],[6.657585602244054,49.772413871239763],[6.657587769094997,49.772368936819142],[6.657518373458567,49.772367533174716],[6.657448977827583,49.772366129488766],[6.657379582202046,49.772364725761278],[6.657310186581956,49.772363321992273],[6.657312353683659,49.772318387580107],[6.657242958133067,49.772316983771773],[6.657173562587921,49.772315579921909],[6.657104167048223,49.772314176030513],[6.657034771513973,49.7723127720976],[6.657036938866437,49.772267837693875],[6.656967543401684,49.77226643372164],[6.65689814794238,49.772265029707867],[6.656828752488524,49.772263625652563],[6.656759357040116,49.772262221555742],[6.656761524643337,49.772217287160473],[6.656692129264428,49.77221588302433],[6.656622733890967,49.772214478846657],[6.656553338522954,49.772213074627444],[6.65655550631288,49.772168140238421],[6.656486111014366,49.772166735979916],[6.656416715721302,49.772165331679865],[6.656347320433686,49.772163927338276],[6.65627792515152,49.772162522955163],[6.656208529874803,49.772161118530533],[6.656210697979534,49.772116184152168],[6.656141302772317,49.772114779688209],[6.656071907570547,49.772113375182727],[6.656002512374231,49.772111970635699],[6.655933117183362,49.772110566047168],[6.655863721997944,49.772109161417092],[6.655794326817976,49.77210775674547],[6.65579649530156,49.772062822380029],[6.655727100191092,49.7720614176691],[6.655657705086075,49.772060012916654],[6.655588309986509,49.77205860812267],[6.655590478656794,49.772013673763446],[6.65552108362673,49.772012268930155],[6.655451688602114,49.772010864055325],[6.655382293582951,49.772009459138978],[6.655312898569239,49.772008054181086],[6.655315067490274,49.771963119830332],[6.655245672546062,49.771961714833132],[6.655176277607302,49.771960309794409],[6.655106882673995,49.771958904714154],[6.655037487746139,49.771957499592354],[6.654968092823735,49.771956094429051],[6.654898697906784,49.771954689224181],[6.654900867206665,49.771909754886337],[6.654831472359215,49.771908349642175],[6.654762077517218,49.771906944356481],[6.654692682680674,49.771905539029262],[6.654623287849581,49.771904133660513],[6.654553893023944,49.771902728250225],[6.65455606263862,49.771857793923054],[6.654486667882484,49.771856388473459],[6.654417273131802,49.771854982982333],[6.654347878386572,49.771853577449683],[6.654350048187944,49.77180864312875],[6.654280653512217,49.771807237556786],[6.654211258841944,49.77180583194329],[6.654141864177126,49.771804426288263],[6.654072469517761,49.771803020591705],[6.654003074863848,49.771801614853622],[6.654005244980012,49.771756680543383],[6.653935850395604,49.771755274765979],[6.653866455816651,49.771753868947059],[6.653797061243153,49.771752463086607],[6.653658272112521,49.771749651241109],[6.653660442543474,49.771704716941549],[6.65359104805039,49.771703310958735],[6.65352165356276,49.771701904934382],[6.653452259080586,49.771700498868491],[6.653313470132606,49.771697686612129],[6.653244075666801,49.771696280421651],[6.653174681206451,49.771694874189656],[6.653176852080287,49.771649939905217],[6.653107457689441,49.771648533633901],[6.653038063304052,49.771647127321067],[6.65296866892412,49.771645720966688],[6.652899274549643,49.771644314570786],[6.652829880180626,49.771642908133352],[6.652832051369246,49.77159797385962],[6.652762657069733,49.771596567382886],[6.652693262775676,49.771595160864614],[6.652623868487078,49.771593754304817],[6.652554474203936,49.771592347703482],[6.652485079926253,49.771590941060616],[6.652415685654027,49.771589534376226],[6.652417857221478,49.771544600115405],[6.652348463018758,49.771543193391707],[6.652279068821496,49.771541786626493],[6.652209674629693,49.771540379819719],[6.652211846383832,49.771495445565151],[6.652142452261533,49.771494038719084],[6.652073058144694,49.771492631831492],[6.652003664033314,49.771491224902363],[6.651934269927393,49.771489817931723],[6.651864875826932,49.771488410919531],[6.651795481731929,49.771487003865808],[6.651797653864892,49.771442069624158],[6.651728259839396,49.771440662531141],[6.65165886581936,49.771439255396587],[6.651589471804782,49.771437848220515],[6.651591644124429,49.77139291398511],[6.65152225017936,49.771391506769731],[6.65145285623975,49.771390099512807],[6.651383462305601,49.771388692214373],[6.651314068376913,49.771387284874393],[6.651316240947288,49.771342350647458],[6.651246847088106,49.771340943268179],[6.651177453234385,49.771339535847375],[6.651108059386124,49.77133812838504],[6.651038665543325,49.771336720881166],[6.651040838364427,49.771291786662722],[6.650971444591137,49.771290379119542],[6.650832657060938,49.771287563908608],[6.650763263304029,49.771286156240848],[6.650765436375857,49.771241222030866],[6.650696042688458,49.771239814323806],[6.650626649006521,49.771238406575208],[6.650557255330046,49.771236998785071],[6.650487861659033,49.771235590953424],[6.650418467993482,49.771234183080246],[6.65042064138008,49.771189248880972],[6.650351247784038,49.77118784096848],[6.65028185419346,49.771186433014464],[6.650212460608344,49.771185025018916],[6.650143067028691,49.771183616981844],[6.650073673454502,49.771182208903227],[6.650075847155867,49.771137274714668],[6.650006453651185,49.771135866596765],[6.649937060151969,49.771134458437309],[6.649867666658216,49.771133050236344],[6.649798273169926,49.771131641993854],[6.649800447122012,49.771086707813758],[6.649731053703232,49.771085299531961],[6.649661660289915,49.77108389120864],[6.649592266882063,49.771082482843767],[6.649522873479676,49.771081074437383],[6.649453480082754,49.771079665989468],[6.649455654349604,49.77103473182008],[6.649386261022191,49.771033323332865],[6.649316867700245,49.771031914804112],[6.649247474383762,49.771030506233835],[6.649178081072744,49.771029097622034],[6.649180255590311,49.770984163461144],[6.649110862348803,49.770982754810021],[6.649041469112763,49.770981346117388],[6.648972075882187,49.770979937383217],[6.648902682657077,49.770978528607522],[6.648833289437434,49.770977119790295],[6.64883546426976,49.770932185640099],[6.648766071119629,49.770930776783587],[6.648696677974963,49.770929367885522],[6.648627284835761,49.77092795894594],[6.648557891702028,49.770926549964827],[6.64856006678507,49.770881615823129],[6.648490673720847,49.770880206802708],[6.648421280662093,49.770878797740757],[6.648351887608805,49.770877388637288],[6.648282494560984,49.770875979492281],[6.648213101518631,49.77087457030575],[6.648215276916429,49.77082963617476],[6.648145883943587,49.770828226948922],[6.648076490976214,49.770826817681574],[6.648007098014308,49.77082540837268],[6.647937705057871,49.770823999022269],[6.647868312106902,49.77082258963032],[6.647798919161402,49.77082118019684],[6.64772952622137,49.77081977072185],[6.647731702062009,49.770774836606016],[6.64766230919149,49.770773427091711],[6.64759291632644,49.770772017535876],[6.647523523466857,49.770770607938516],[6.647454130612745,49.770769198299625],[6.647384737764102,49.770767788619217],[6.647315344920929,49.770766378897271],[6.647245952083225,49.770764969133801],[6.647248128366704,49.770720035033136],[6.647178735598513,49.770718625230366],[6.647109342835793,49.770717215386064],[6.647039950078543,49.770715805500231],[6.647042126548683,49.770670871405848],[6.646972733860946,49.770669461480722],[6.646903341178682,49.770668051514043],[6.646905517771439,49.770623117423696],[6.646836125158688,49.770621707417725],[6.646766732551407,49.77062029737025],[6.646697339949596,49.770618887281231],[6.646699516729016,49.77057395319715],[6.64663012419672,49.77057254306883],[6.646560731669894,49.770571132898979],[6.64649133914854,49.770569722687611],[6.64649351611462,49.770524788609784],[6.646424123662778,49.770523378359115],[6.646354731216412,49.770521968066923],[6.646356908305107,49.770477033993117],[6.646287515928253,49.770475623661618],[6.646218123556872,49.770474213288587],[6.646220300768181,49.770429279218845],[6.646150908466315,49.770427868806514],[6.646153085736198,49.770382934738571],[6.646083693503845,49.770381524286947],[6.646085870832299,49.770336590220815],[6.646016478669461,49.770335179729884],[6.646018656056487,49.770290245665556],[6.645949263963162,49.770288835135347],[6.64595144140876,49.77024390107281],[6.645882049384952,49.770242490503293],[6.645812657366614,49.770241079892244],[6.645814834934824,49.770196145833758],[6.645745442986002,49.770194735183409],[6.645676051042653,49.770193324491537],[6.645678228733475,49.770148390437093],[6.64560883685964,49.770146979705913],[6.645539444991281,49.770145568933216],[6.645541622804712,49.770100634882816],[6.645472231005866,49.770099224070805],[6.645402839212492,49.770097813217284],[6.645405017148535,49.770052879170905],[6.645335625424678,49.770051468278098],[6.645266233706294,49.770050057343745],[6.645268411764946,49.770005123301409],[6.645199020116078,49.770003712327764],[6.645129628472684,49.770002301312587],[6.645060236834764,49.770000890255893],[6.645062415080066,49.769955956219825],[6.644993023511661,49.769954545123824],[6.644923631948731,49.769953133986306],[6.644854240391276,49.769951722807242],[6.644784848839297,49.769950311586676],[6.644787027335288,49.769905377559084],[6.644717635852824,49.769903966299218],[6.644648244375835,49.769902554997813],[6.644578852904322,49.769901143654891],[6.644581031586959,49.769856209633588],[6.644511640184962,49.769854798251359],[6.644442248788441,49.769853386827606],[6.644444427593685,49.769808452810352],[6.644375036266679,49.769807041347299],[6.64430564494515,49.769805629842722],[6.644236253629098,49.769804218296613],[6.644238432620986,49.769759284285634],[6.644169041374449,49.769757872700232],[6.644099650133389,49.769756461073314],[6.644101829247882,49.76971152706637],[6.644032438076338,49.769710115400144],[6.643963046910271,49.769708703692395],[6.643893655749682,49.769707291943121],[6.643895835050818,49.769662357942437],[6.643826443959745,49.76966094615387],[6.64375705287415,49.769659534323772],[6.64375923229789,49.769614600327138],[6.64368984128181,49.76961318845774],[6.643620450271209,49.769611776546832],[6.643622629817549,49.769566842554234],[6.643553238876465,49.769565430604018],[6.64348384794086,49.769564018612272],[6.643414457010731,49.769562606579008],[6.643416636743712,49.769517672592691],[6.643347245883101,49.769516260520128],[6.643277855027968,49.76951484840604],[6.64328003488355,49.769469914423759],[6.643210644097933,49.769468502270378],[6.643141253317797,49.769467090075473],[6.64307186254314,49.769465677839037],[6.643074042585359,49.769420743863037],[6.643004651880219,49.769419331587308],[6.642935261180558,49.769417919270047],[6.642937441345377,49.769372985298084],[6.642868050715233,49.769371572941537],[6.642798660090569,49.76937016054346],[6.642729269471385,49.769368748103858],[6.64273144982284,49.769323814138161],[6.642662059273174,49.769322401659274],[6.642592668728986,49.769320989138848],[6.642594849203039,49.769276055177208],[6.642525458728371,49.769274642617489],[6.642456068259182,49.769273230016239],[6.642458248855831,49.76922829605865],[6.642388858456162,49.769226883418106],[6.642319468061971,49.769225470736046],[6.642250077673262,49.769224058012462],[6.642252258456545,49.769179124061139],[6.642182868137353,49.769177711298262],[6.642113477823643,49.769176298493846],[6.642115658729521,49.769131364546574],[6.64204626848533,49.769129951702872],[6.64197687824662,49.769128538817647],[6.641979059275092,49.76908360487441],[6.641909669105901,49.769082191949899],[6.64184027894219,49.769080778983863],[6.641842460093255,49.769035845044669],[6.641773069999065,49.769034432039334],[6.641703679910355,49.769033018992474],[6.641705861184014,49.768988085057316],[6.641636471164824,49.768986671971163],[6.641567081151115,49.768985258843486],[6.641569262547367,49.768940324912386],[6.641499872603177,49.768938911745416],[6.641430482664469,49.768937498536921],[6.641432664183312,49.768892564609871],[6.641363274314124,49.768891151362077],[6.641293884450419,49.768889738072765],[6.641296066091853,49.768844804149744],[6.641226676297665,49.768843390821146],[6.641157286508963,49.768841977451018],[6.641159468272988,49.768797043532047],[6.641090078553802,49.768795630122625],[6.641020688840102,49.768794216671679],[6.641022870726715,49.768749282756758],[6.640953481082533,49.768747869266527],[6.640884091443837,49.768746455734764],[6.64088627345304,49.768701521823878],[6.64081688388386,49.76870010825283],[6.640747494320167,49.768698694640257],[6.640749676451957,49.768653760733429],[6.640680286957783,49.768652347081542],[6.640610897469092,49.768650933388159],[6.640613079723471,49.768605999485381],[6.640543690304298,49.768604585752705],[6.64054587261723,49.768559651851724],[6.640476483267578,49.768558238079748],[6.640407093923412,49.768556824266255],[6.640409276358929,49.768511890369332],[6.640339887084281,49.768510476516539],[6.640270497815119,49.768509062622222],[6.640272680373222,49.768464128729349],[6.640203291173579,49.768462714795746],[6.640133901979421,49.768461300820626],[6.64013608466011,49.768416366931788],[6.640066695535472,49.768414952917375],[6.640068878274709,49.768370019030357],[6.639999489219592,49.768368604976629],[6.639930100169961,49.768367190881406],[6.639932283031782,49.768322256998452],[6.639862894051671,49.768320842863922],[6.639865076972042,49.768275908982773],[6.639795688061449,49.768274494808956],[6.639726299156345,49.768273080593616],[6.639728482199298,49.768228146716517],[6.639659093363712,49.768226732461883],[6.639661276465215,49.768181798586603],[6.639591887699148,49.768180384292684],[6.639522498938569,49.768178969957241],[6.639524682162653,49.768134036086003],[6.639455293471594,49.768132621711274],[6.639457476754226,49.768087687841849],[6.639388088132688,49.768086273427819],[6.639318699516635,49.768084858972287],[6.639320882921847,49.768039925106905],[6.639251494375315,49.768038510612087],[6.639253677839074,49.767993576748509],[6.639184289362063,49.767992162214398],[6.639186472884368,49.767947228352639],[6.639117084476876,49.767945813779242],[6.639047696074871,49.7679443991643],[6.638978307678356,49.767942984507847],[6.638980491387271,49.767898050652391],[6.638911103060274,49.767896635956653],[6.638913286827737,49.767851702102988],[6.638843898570261,49.767850287367963],[6.638774510318274,49.767848872591415],[6.638776694208312,49.767803938741814],[6.638707306025846,49.767802523925958],[6.638709489974429,49.767757590078183],[6.638640101861484,49.767756175223056],[6.638642285868612,49.767711241377079],[6.638572897825186,49.767709826482665],[6.638575081890858,49.767664892638514],[6.638505693916952,49.767663477704801],[6.638507878041169,49.767618543862469],[6.638438490136783,49.767617128889476],[6.638369102237886,49.767615713874953],[6.638371286484677,49.767570780036657],[6.638301898655301,49.767569364982862],[6.638304082960635,49.767524431146398],[6.638234695200778,49.767523016053303],[6.638236879564655,49.767478082218631],[6.638167491874319,49.76747666708625],[6.638169676296739,49.76743173325341],[6.638100288675923,49.76743031808175],[6.638102473156886,49.767385384250723],[6.638033085605588,49.767383969039784],[6.638035270145093,49.767339035210561],[6.637965882663316,49.767337619960323],[6.637968067261363,49.767292686132933],[6.637898679849105,49.767291270843401],[6.637900864505691,49.767246337017816],[6.637831477162956,49.76724492168902],[6.637833661878084,49.76719998786524],[6.637764274604868,49.767198572497144],[6.637766459378536,49.76715363867519],[6.63769707217484,49.767152223267807],[6.637699257007048,49.767107289447679],[6.637629869872872,49.767105874001011],[6.63763205476362,49.767060940182688],[6.637562667698964,49.767059524696734],[6.637564852648253,49.76701459088023],[6.637495465653115,49.76701317535499],[6.637497650660943,49.766968241540312],[6.637428263735326,49.766966825975786],[6.637430448801692,49.766921892162898],[6.637361061945594,49.766920476559093],[6.6373632470705,49.766875542748032],[6.637293860283922,49.766874127104948],[6.637296045467366,49.766829193295699],[6.637298230645321,49.76678425948603],[6.63722884399229,49.766782843805899],[6.637231029228782,49.766737909998035],[6.63716164264527,49.766736494278618],[6.6371638279403,49.766691560472594],[6.637094441426308,49.766690144713884],[6.637096626779876,49.766645210909672],[6.637027240335403,49.766643795111662],[6.637029425747508,49.766598861309255],[6.636960039372554,49.766597445471987],[6.636962224843195,49.766552511671406],[6.636964410308345,49.766507577870399],[6.636895024066937,49.766506161996077],[6.636897209590623,49.766461228196881],[6.636827823418734,49.766459812283273],[6.636830009000958,49.766414878485904],[6.636760622898588,49.766413462533009],[6.636762808539347,49.766368528737452],[6.636693422506497,49.766367112745279],[6.636695608205788,49.76632217895154],[6.636626222242458,49.766320762920074],[6.636628408000286,49.766275829128148],[6.636630593752622,49.766230895335795],[6.636561207922837,49.766229479267288],[6.636563393733707,49.766184545476776],[6.63649400797344,49.766183129368976],[6.636496193842844,49.766138195580261],[6.636426808152095,49.766136779433197],[6.636428994080035,49.766091845646294],[6.636359608458803,49.766090429459943],[6.636361794445277,49.766045495674852],[6.636292408893564,49.766044079449223],[6.636294594938571,49.765999145665958],[6.636225209456377,49.765997729401036],[6.636227395559915,49.76595279561959],[6.636158010147241,49.765951379315389],[6.636160196309311,49.765906445535762],[6.636090810966155,49.765905029192275],[6.636092997186758,49.765860095414467],[6.636095183401869,49.765815161636233],[6.636025798192255,49.765813745255699],[6.636027984465898,49.765768811479283],[6.635958599325803,49.76576739505947],[6.635960785657977,49.765722461284859],[6.6358914005874,49.765721044825767],[6.635893586978105,49.76567611105299],[6.635824201977044,49.765674694554619],[6.63582638842628,49.765629760783654],[6.635757003494739,49.765628344245989],[6.635759190002505,49.765583410476843],[6.635689805140482,49.7655819938999],[6.635691991706778,49.765537060132573],[6.635622606914274,49.765535643516351],[6.635624793539099,49.765490709750843],[6.635555408816113,49.765489293095342],[6.63555759549947,49.765444359331632],[6.635488210846,49.765442942636852],[6.635490397587884,49.765398008874975],[6.635421013003934,49.765396592140902],[6.635423199804348,49.765351658380844],[6.635353815289914,49.7653502416075],[6.635356002148857,49.765305307849268],[6.635286617703941,49.765303891036645],[6.635288804621412,49.76525895728021],[6.635219420246014,49.765257540428301],[6.635221607222012,49.765212606673693],[6.635152222916132,49.765211189782505],[6.635154409950659,49.765166256029701],[6.635085025714297,49.765164839099235],[6.63508721280735,49.765119905348271],[6.635017828640505,49.765118488378526],[6.635020015792086,49.765073554629367],[6.634950631694759,49.765072137620336],[6.634952818904866,49.765027203872997],[6.634955006109478,49.764982270125238],[6.634885622145689,49.764980853079173],[6.634887809408828,49.764935919333233],[6.634818425514558,49.76493450224789],[6.634820612836221,49.764889568503762],[6.634751229011467,49.764888151379125],[6.634753416391656,49.764843217636823],[6.634684032636422,49.764841800472915],[6.634686220075136,49.764796866732425],[6.634688407508356,49.764751932991516],[6.634619023886657,49.764750515790574],[6.634621211378402,49.764705582051484],[6.63455182782622,49.764704164811256],[6.634554015376488,49.764659231073978],[6.634556202921263,49.764614297336287],[6.634486819502617,49.764612880059033],[6.634489007105914,49.76456794632314],[6.634419623756785,49.764566529006601],[6.634421811418608,49.764521595272541],[6.634423999074933,49.764476661538069],[6.634426186725762,49.764431727803164],[6.634356803574188,49.764430310451822],[6.63435899128354,49.764385376718749],[6.634361178987398,49.764340442985237],[6.634291795969358,49.764339025596854],[6.634293983731738,49.764294091865175],[6.634296171488621,49.764249158133062],[6.634226788604117,49.764247740707646],[6.634228976419522,49.764202806977352],[6.634159593604535,49.764201389512657],[6.634161781478462,49.764156455784189],[6.634163969346893,49.764111522055302],[6.634166157209829,49.764066588325996],[6.634096774592391,49.764065170826484],[6.634098962513846,49.764020237099004],[6.634101150429808,49.763975303371076],[6.634103338340272,49.76393036964275],[6.63410552624524,49.763885435913998],[6.634036143889368,49.763884018381944],[6.634038331852856,49.763839084655004],[6.634040519810847,49.763794150927652],[6.633971137588508,49.763792733358564],[6.633973325605019,49.763747799633023],[6.633975513616035,49.763702865907057],[6.633906131527226,49.763701448300914],[6.633908319596759,49.76365651457678],[6.633838937577465,49.763655096931366],[6.633769555563668,49.763653679244449],[6.633771743755737,49.763608745524358],[6.633702361811457,49.763607327798148],[6.633704550062045,49.763562394079898],[6.633706738307136,49.763517460361207],[6.633637356496385,49.763516042597971],[6.633639544799994,49.763471108881113],[6.633570163058757,49.763469691078583],[6.633572351420885,49.763424757363538],[6.633502969749163,49.763423339521736],[6.633505158169807,49.763378405808524],[6.633507346584954,49.763333472094871],[6.633437965046761,49.763332054216043],[6.633440153520425,49.763287120504209],[6.633442341988593,49.763242186791963],[6.633372960583928,49.763240768876102],[6.633375149110612,49.763195835165661],[6.633377337631798,49.763150901454807],[6.633307956360661,49.763149483501905],[6.633310144940362,49.763104549792878],[6.633312333514566,49.763059616083424],[6.633242952376957,49.763058198093489],[6.633245141009677,49.763013264385847],[6.633247329636898,49.762968330677793],[6.633249518258623,49.76292339696932],[6.633180137318553,49.76292197894459],[6.633182325998793,49.762877045237929],[6.633184514673533,49.762832111530841],[6.633186703342777,49.762787177823348],[6.633117322600245,49.76278575976383],[6.633119511328004,49.762740826058142],[6.633121700050262,49.762695892352042],[6.633123888767024,49.762650958645523],[6.63305450822203,49.762649540551195],[6.633056696997305,49.762604606846494],[6.633058885767083,49.762559673141375],[6.632989505355612,49.762558255010013],[6.632991694183902,49.762513321306706],[6.632993883006694,49.762468387602972],[6.632996071823988,49.76242345389884],[6.632926691610053,49.762422035732691],[6.63292888048586,49.762377102030364],[6.632931069356168,49.762332168327625],[6.632861689275754,49.762330750124434],[6.632863878204575,49.762285816423507],[6.632866067127898,49.762240882722153],[6.632868256045721,49.762195949020388],[6.632870444958045,49.762151015318189],[6.632872633864872,49.76210608161557],[6.6328748227662,49.762061147912547],[6.632877011662029,49.762016214209076],[6.632946391294371,49.762017632396578],[6.632948580120693,49.761972698690442],[6.632950768941515,49.761927764983902],[6.632881389437193,49.761926346800884],[6.632883578316527,49.76188141309617],[6.632814198881715,49.76187999487388],[6.63281638781956,49.761835061170984],[6.632818576751906,49.76179012746767],[6.632820765678754,49.761745193763922],[6.632751386441468,49.761743775506844],[6.632753575426827,49.761698841804915],[6.632755764406685,49.761653908102573],[6.632757953381045,49.761608974399799],[6.632760142349907,49.761564040696612],[6.632690763374158,49.761562622406984],[6.632692952401529,49.761517688705617],[6.632695141423401,49.761472755003837],[6.632697330439775,49.761427821301609],[6.63269951945065,49.761382887598984],[6.632630140736432,49.761381469276813],[6.632632329805816,49.761336535576],[6.632634518869701,49.76129160187476],[6.632565140288999,49.761290183515548],[6.63256732941139,49.761245249816135],[6.632569518528285,49.761200316116309],[6.632500140081097,49.761198897720064],[6.6325023292565,49.76115396402205],[6.632504518426401,49.76110903032361],[6.632435140112729,49.761107611890345],[6.632437329341139,49.761062678193724],[6.632439518564048,49.761017744496691],[6.632370140383889,49.761016326026386],[6.632372329665308,49.760971392331172],[6.632374518941225,49.760926458635531],[6.632376708211643,49.760881524939478],[6.632307330229002,49.760880106434385],[6.632309519557928,49.76083517274013],[6.632311708881354,49.760790239045477],[6.632242331032226,49.76078882050335],[6.632244520414157,49.760743886810523],[6.632246709790588,49.760698953117249],[6.632177332074972,49.760697534538103],[6.632179521509908,49.760652600846662],[6.632181710939346,49.760607667154801],[6.632112333357241,49.760606248538629],[6.632114522845184,49.760561314848566],[6.632116712327625,49.760516381158105],[6.632118901804566,49.760471447467225],[6.632049524419977,49.760470028816258],[6.632051713955422,49.760425095127189],[6.632053903485369,49.760380161437688],[6.63198452623429,49.760378742749708],[6.63198671582274,49.76033380906204],[6.631917338641165,49.760332390334774],[6.631919528288119,49.760287456648932],[6.631921717929573,49.760242522962649],[6.631852340881506,49.760241104198357],[6.631854530581464,49.760196170513915],[6.631856720275919,49.760151236829046],[6.631787343361362,49.76014981802772],[6.63178953311432,49.76010488434467],[6.631791722861778,49.760059950661208],[6.631722346080728,49.760058531822857],[6.631724535886689,49.760013598141207],[6.631655159175144,49.76001217926359],[6.631657349039607,49.759967245583752],[6.631659538898567,49.759922311903509],[6.63159016232053,49.759920892988859],[6.631592352237993,49.759875959310421],[6.631594542149955,49.75983102563157],[6.631525165705423,49.759829606679894],[6.631527355675887,49.759784673002869],[6.631529545640848,49.759739739325418],[6.631460169329824,49.759738320336723],[6.631462359353285,49.759693386661077],[6.631392983111765,49.759691967633117],[6.631395173193727,49.759647033959304],[6.631397363270188,49.759602100285065],[6.631327987162174,49.759600681220071],[6.631330177297133,49.759555747547665],[6.631332367426591,49.759510813874826],[6.631262991452082,49.759509394772806],[6.631265181640039,49.759464461101793],[6.631267371822495,49.75941952743036],[6.63119799598149,49.759418108291314],[6.631200186222444,49.7593731746217],[6.631202376457898,49.759328240951668],[6.631133000750396,49.759326821775581],[6.631135191044347,49.759281888107381],[6.631065815406349,49.759280468892037],[6.631068005758799,49.759235535225642],[6.631070196105745,49.759190601558828],[6.631000820601249,49.759189182306464],[6.631003011006693,49.759144248641476],[6.631005201406636,49.759099314976055],[6.630935826035644,49.759097895686658],[6.630938016494083,49.75905296202307],[6.63094020694702,49.759008028359055],[6.630870831709529,49.759006609032646],[6.630873022220962,49.75896167537045],[6.630803647052975,49.758960256004762],[6.630805837622904,49.758915322344393],[6.630808028187332,49.758870388683611],[6.630738653152844,49.758868969280897],[6.630740843775768,49.758824035621913],[6.630743034393188,49.758779101962524],[6.6306736594922,49.758777682522791],[6.630675850168116,49.758732748865221],[6.630606475336632,49.758731329386222],[6.630608666071041,49.758686395730471],[6.630610856799949,49.758641462074301],[6.630541482101966,49.758640042558277],[6.630543672889367,49.758595108903933],[6.630545863671267,49.758550175249155],[6.630476489106781,49.758548755696118],[6.630478679947173,49.75850382204316],[6.630480870782064,49.758458888389789],[6.630411496351076,49.758457468799719],[6.63041368724446,49.758412535148167],[6.630344312882975,49.758411115518832],[6.630346503834851,49.758366181869107],[6.630348694781224,49.758321248218955],[6.630279320553238,49.758319828552594],[6.630281511558104,49.758274894904268],[6.630212137399618,49.758273475198642],[6.630214328462976,49.758228541552135],[6.630216519520831,49.75818360790521],[6.630147145495844,49.758182188162564],[6.630149336612189,49.75813725451745],[6.630151527723032,49.758092320871931],[6.63008215383154,49.758090901092267],[6.630084345000874,49.758045967448552],[6.630086536164704,49.758001033804426],[6.630017162406709,49.757999613987735],[6.630019353629031,49.757954680345435],[6.630021544845848,49.757909746702701],[6.629952171221347,49.757908326848991],[6.629954362496655,49.75786339320809],[6.629956553766458,49.757818459566778],[6.629887180275453,49.757817039676034],[6.629889371603746,49.757772106036533],[6.629891562926536,49.757727172396599],[6.629893754243821,49.757682238756246],[6.629824380950304,49.757680818830742],[6.629826572326079,49.757635885192222],[6.62982876369635,49.757590951553269],[6.629759390536327,49.757589531590746],[6.629761581965085,49.757544597953625],[6.62976377338834,49.757499664316079],[6.629694400361808,49.757498244316523],[6.629696591843552,49.757453310680795],[6.629698783319791,49.757408377044662],[6.629700974790524,49.757363443408082],[6.62963160196148,49.757362023373759],[6.629633793490701,49.757317089739011],[6.629635985014419,49.757272156103852],[6.629566612318864,49.757270736032503],[6.62956880390107,49.757225802399162],[6.629499431275014,49.757224382288548],[6.629501622915705,49.75717944865702],[6.629503814550893,49.757134515025086],[6.629506006180576,49.757089581392719],[6.629508197804753,49.75704464775994],[6.629510389423427,49.756999714126728],[6.629512581036593,49.75695478049311],[6.629443208799993,49.756953360354451],[6.629445400471648,49.756908426722646],[6.629514772644256,49.756909846859067],[6.629584144822374,49.756911266953956],[6.62958633636054,49.756866333317255],[6.629516964246415,49.756864913224597],[6.629519155843069,49.756819979589693],[6.629521347434218,49.756775045954384],[6.629451975453581,49.7567736258247],[6.629454167103215,49.75672869219121],[6.629456358747345,49.756683758557287],[6.629386986900195,49.75668233839059],[6.629389178602809,49.7566374047585],[6.629319806825155,49.756635984552538],[6.629321998586255,49.756591050922282],[6.629324190341848,49.756546117291585],[6.629326382091937,49.756501183660475],[6.62925701051176,49.75649976341974],[6.629259202320333,49.756454829790449],[6.629261394123401,49.756409896160733],[6.629263585920963,49.756364962530625],[6.629194214538261,49.756363542255102],[6.629196406394307,49.756318608626799],[6.629198598244848,49.756273674998063],[6.62912922699563,49.756272254685541],[6.629131418904653,49.756227321058624],[6.629133610808172,49.756182387431302],[6.629064239692439,49.756180967081754],[6.629066431654439,49.756136033456244],[6.629068623610934,49.756091099830321],[6.628999252628685,49.756089679443754],[6.629001444643662,49.756044745819658],[6.629003636653134,49.755999812195121],[6.6290058286571,49.755954878570179],[6.62893645787232,49.755953458148845],[6.628938649934767,49.755908524525715],[6.628940841991709,49.755863590902166],[6.628943034043144,49.755818657278205],[6.628873663455834,49.755817236822104],[6.628875855565751,49.755772303199954],[6.628878047670161,49.755727369577393],[6.628880239769066,49.755682435954405],[6.628810869379223,49.75568101546353],[6.62881306153661,49.755636081842347],[6.628815253688487,49.755591148220766],[6.628745883432127,49.755589727692872],[6.628748075642485,49.75554479407311],[6.628750267847338,49.755499860452922],[6.628680897724456,49.755498439888001],[6.628683089987788,49.755453506269646],[6.628685282245613,49.755408572650872],[6.628687474497933,49.75536363903165],[6.628689666744745,49.75531870541203],[6.628694051221853,49.755228838171512],[6.628696243452147,49.755183904550634],[6.628698435676935,49.755138970929316],[6.628700627896218,49.755094037307572],[6.628702820109993,49.755049103685423],[6.628633450632468,49.755047683101445],[6.628635642904722,49.755002749481122],[6.628637835171469,49.754957815860365],[6.62864002743271,49.754912882239189],[6.628642219688444,49.754867948617601],[6.628572850472363,49.754866528001088],[6.628575042786574,49.754821594381319],[6.62857723509528,49.754776660761124],[6.628579427398479,49.754731727140509],[6.62858161969617,49.754686793519468],[6.628512250741529,49.754685372870448],[6.628514443097698,49.754640439251233],[6.628516635448362,49.754595505631599],[6.628518827793517,49.754550572011539],[6.628449459036331,49.754549151327744],[6.628451651439963,49.754504217709517],[6.628453843838089,49.754459284090856],[6.628456036230707,49.754414350471777],[6.628458228617818,49.754369416852278],[6.62838886012207,49.754367996135969],[6.628391052567657,49.754323062518282],[6.628393245007737,49.754278128900197],[6.628395437442311,49.754233195281664],[6.628397629871378,49.754188261662733],[6.628328261637063,49.754186840913881],[6.628330454124603,49.754141907296784],[6.628332646606638,49.754096973679239],[6.628334839083165,49.754052040061268],[6.6282654710463,49.754050619277656],[6.628267663581301,49.754005685661532],[6.628269856110796,49.753960752044968],[6.628200488207401,49.753959331224344],[6.628131120309514,49.753957910362232],[6.628133312961462,49.753912976749731],[6.628063945133065,49.75391155584834],[6.628066137843486,49.75386662223768],[6.628068330548397,49.753821688626594],[6.628070523247803,49.753776755015089],[6.628072715941701,49.753731821403164],[6.628074908630093,49.753686887790799],[6.628077101312977,49.753641954178022],[6.628007733873965,49.7536405332486],[6.628009926615321,49.753595599637656],[6.628012119351169,49.753550666026285],[6.62801431208151,49.753505732414496],[6.628018697525669,49.753415865189645],[6.628020890239489,49.753370931576576],[6.627951523189856,49.75336951061913],[6.627953715962146,49.753324577007909],[6.627955908728928,49.753279643396233],[6.627958101490202,49.753234709784167],[6.627888734638014,49.753233288791947],[6.627890927457758,49.753188355181706],[6.627893120271994,49.753143421571025],[6.627895313080725,49.753098487959939],[6.627897505883947,49.753053554348405],[6.627899698681661,49.753008620736466],[6.627901891473869,49.752963687124115],[6.627904084260568,49.752918753511331],[6.627906277041761,49.75287381989812],[6.627910662587625,49.752783952670441],[6.627912855352296,49.752739019055966],[6.627915048111458,49.752694085441092],[6.627984414195931,49.752695506406354],[6.627986606885612,49.752650572788795],[6.627988799569784,49.75260563917081],[6.628058165531817,49.752607060090099],[6.628060358146508,49.752562126469456],[6.628069128550204,49.752382391982657],[6.628071321137361,49.752337458359904],[6.62807351371901,49.752292524736745],[6.628075706295154,49.752247591113132],[6.628077898865791,49.752202657489114],[6.628008533479528,49.752201236590039],[6.628010726108632,49.75215630296784],[6.628012918732228,49.752111369345229],[6.628015111350318,49.752066435722192],[6.6280173039629,49.752021502098742],[6.628019496569976,49.751976568474859],[6.628021689171545,49.751931634850543],[6.628023881767607,49.751886701225828],[6.627954516834667,49.751885280300961],[6.627956709489195,49.751840346678073],[6.627887344625734,49.751838925713948],[6.627889537338728,49.751793992092864],[6.627896115444664,49.751659191227112],[6.627900500821086,49.751569323981172],[6.627902693501037,49.751524390357574],[6.627904886175481,49.751479456733541],[6.627907078844419,49.75143452310909],[6.627909271507848,49.751389589484212],[6.627911464165771,49.751344655858929],[6.627915849465096,49.751254788607078],[6.627918042106498,49.75120985498053],[6.627920234742394,49.751164921353542],[6.627922427372781,49.751119987726156],[6.627924619997664,49.75107505409833],[6.627926812617039,49.751030120470084],[6.627929005230906,49.750985186841419],[6.627859641588402,49.750983765878466],[6.627861834260733,49.750938832251627],[6.627864026927555,49.750893898624369],[6.627866219588872,49.750848964996678],[6.627870604894986,49.750759097740044],[6.627872797539782,49.750714164111102],[6.627874990179071,49.750669230481734],[6.627805626989858,49.750667809492988],[6.627807819687607,49.750622875865446],[6.627810012379851,49.750577942237484],[6.627812205066588,49.750533008609082],[6.627742842074787,49.750531587585577],[6.627745034819986,49.750486653959015],[6.627747227559676,49.750441720332027],[6.627749420293859,49.75039678670462],[6.627680057499469,49.750395365646362],[6.627682250292112,49.750350432020781],[6.627684443079248,49.750305498394773],[6.627686635860878,49.75026056476834],[6.627688828636999,49.750215631141494],[6.627691021407615,49.750170697514214],[6.627693214172723,49.75012576388653],[6.627695406932323,49.750080830258412],[6.62762604459121,49.750079409174376],[6.627632623028866,49.749944608294228],[6.627634815830405,49.749899674666672],[6.627637008626436,49.749854741038696],[6.627639201416959,49.749809807410308],[6.627641394201976,49.749764873781487],[6.627643586981485,49.749719940152247],[6.627574225157604,49.74971851904467],[6.627580803654983,49.749583718161148],[6.627585189292367,49.749493850903363],[6.627587382102798,49.749448917273838],[6.627589574907723,49.749403983643894],[6.62759396050105,49.749314116382735],[6.627524599258354,49.749312695253863],[6.627526792110721,49.7492677616249],[6.627528984957579,49.749222827995517],[6.627531177798931,49.749177894365701],[6.627533370634774,49.74913296073548],[6.627535563465113,49.749088027104818],[6.627539949109265,49.748998159842259],[6.62754433473139,49.748908292578008],[6.627546527534191,49.748863358945243],[6.627548720331487,49.748818425312059],[6.627553105909555,49.748728558044434],[6.627483745503876,49.748727136903263],[6.627485938348611,49.748682203271052],[6.627488131187839,49.748637269638444],[6.62749032402156,49.748592336005402],[6.627492516849773,49.748547402371933],[6.627494709672479,49.748502468738046],[6.627496902489679,49.748457535103739],[6.627499095301371,49.748412601469006],[6.627501288107555,49.748367667833854],[6.627505673703405,49.748277800562292],[6.62750786649307,49.748232866925875],[6.627512252055876,49.748142999651776],[6.62751444482902,49.748098066014101],[6.627521023115408,49.747963265098527],[6.627523215866524,49.747918331459161],[6.627525408612133,49.747873397819369],[6.627527601352234,49.747828464179157],[6.627531986815918,49.747738596897477],[6.627536372257575,49.747648729614106],[6.627538564970144,49.747603795971798],[6.627540757677205,49.747558862329058],[6.62754295037876,49.747513928685891],[6.62754733576535,49.747424061398313],[6.627549528450384,49.747379127753888],[6.627551721129914,49.747334194109037],[6.627553913803935,49.747289260463766],[6.627562684444956,49.747109525878479],[6.627573647622336,49.746884857637397],[6.627575840241293,49.746839923987906],[6.627578032854742,49.74679499033801],[6.627580225462686,49.746750056687681],[6.627582418065123,49.746705123036939],[6.627584610662055,49.746660189385771],[6.627653968125688,49.746661610423665],[6.627656160653159,49.746616676769833],[6.627669315702357,49.746347074837963],[6.627671508191285,49.746302141181175],[6.627675893152623,49.746212273866334],[6.627680278091939,49.746122406549816],[6.627682470553336,49.74607747289091],[6.627684663009229,49.746032539231607],[6.627686855459616,49.745987605571869],[6.627689047904497,49.745942671911706],[6.627691240343871,49.745897738251116],[6.62769343277774,49.745852804590136],[6.627695625206103,49.745807870928701],[6.62776498146015,49.745809291882459],[6.627767173819056,49.745764358218374],[6.627769366172457,49.745719424553862],[6.627771558520353,49.745674490888923],[6.627780327856877,49.745494756224986],[6.627782520177243,49.745449822557944],[6.627784712492106,49.745404888890469],[6.627789097105313,49.745315021554291],[6.627791289403658,49.745270087885558],[6.627797866265661,49.745135286876859],[6.627802250812802,49.745045419535607],[6.627804443078115,49.74500048586436],[6.627806635337922,49.744955552192685],[6.627811019841021,49.744865684848065],[6.627815404322099,49.744775817501754],[6.62781759655438,49.74473088382797],[6.627819788781156,49.744685950153766],[6.627821981002426,49.744641016479136],[6.627891335599315,49.744642437333034],[6.627895719897447,49.744552569978026],[6.627897912038256,49.744507636299886],[6.627900104173559,49.744462702621327],[6.627902296303358,49.744417768942341],[6.627904488427652,49.744372835262944],[6.627906680546441,49.744327901583127],[6.627908872659725,49.744282967902876],[6.627911064767503,49.744238034222214],[6.627913256869777,49.744193100541132],[6.627915448966546,49.744148166859624],[6.627922025223825,49.744013365812563],[6.627991378930983,49.744014786593553],[6.627993570941789,49.743969852908116],[6.627995762947091,49.743924919222252],[6.628000146941178,49.743835051849274],[6.628004530913249,49.743745184474598],[6.628006722891027,49.743700250786624],[6.628013298791333,49.743565449720201],[6.62801768269735,49.743475582340459],[6.628019874642101,49.743430648649962],[6.628026450443329,49.743295847575951],[6.628028642366062,49.743250913883756],[6.628030834283292,49.743205980191149],[6.628033026195016,49.74316104649813],[6.628035218101238,49.743116112804678],[6.628039601897166,49.743026245416523],[6.628043985671079,49.74293637802667],[6.628050561290665,49.742801576938739],[6.628052753152852,49.742756643241925],[6.628054945009535,49.742711709544679],[6.628057136860714,49.74266677584702],[6.628059328706389,49.742621842148935],[6.628061520546559,49.742576908450424],[6.628063712381226,49.742531974751508],[6.628065904210389,49.742487041052151],[6.628068096034048,49.742442107352375],[6.628070287852202,49.742397173652186],[6.628072479664852,49.742352239951586],[6.62807905506978,49.742217438847199],[6.628081246860416,49.7421725051449],[6.628150597951495,49.742173925792379],[6.628154981388377,49.742084058382034],[6.628157173098563,49.742039124676225],[6.628163748196098,49.74190432355627],[6.628165939884268,49.741859389848777],[6.628168131566936,49.741814456140858],[6.628170323244101,49.74176952243252],[6.62817251491576,49.741724588723763],[6.628174706581916,49.741679655014586],[6.62817908989772,49.741589787594954],[6.628181281547366,49.741544853884513],[6.628183473191508,49.741499920173659],[6.628185664830147,49.741454986462372],[6.628187856463283,49.741410052750645],[6.628190048090914,49.74136511903852],[6.628192239713044,49.741320185325968],[6.628261589594837,49.741321605889325],[6.628263781147528,49.741276672174102],[6.628265972694716,49.741231738458467],[6.6282681642364,49.741186804742405],[6.628198814546411,49.741185384185783],[6.628201006146526,49.741140450471534],[6.628203197741137,49.741095516756886],[6.628205389330246,49.74105058304179],[6.628207580913852,49.741005649326297],[6.628209772491953,49.740960715610377],[6.628211964064552,49.740915781894032],[6.628214155631649,49.740870848177252],[6.628218538749329,49.740780980742464],[6.628222921844999,49.740691113305985],[6.628225113384578,49.740646179587117],[6.628155764467294,49.740644759015943],[6.628157956065302,49.740599825298879],[6.628160147657808,49.740554891581418],[6.628162339244811,49.740509957863516],[6.62816453082631,49.740465024145195],[6.628166722402305,49.740420090426461],[6.628168913972798,49.740375156707309],[6.628173297097275,49.740285289267717],[6.628175488651257,49.7402403555473],[6.628179871742714,49.740150488105193],[6.628182063280189,49.74010555438349],[6.628186446338626,49.740015686938854],[6.628188637859592,49.7399707532159],[6.628193020885011,49.739880885768734],[6.628195212389468,49.739835952044515],[6.62819740388842,49.739791018319877],[6.628266751591017,49.739792438848418],[6.628268943020537,49.739747505121102],[6.628271134444556,49.739702571393373],[6.628201786869816,49.73970115086933],[6.62820397835226,49.739656217143441],[6.628206169829201,49.739611283417105],[6.62820836130064,49.73956634969035],[6.628214935681937,49.739431548507596],[6.628217127131363,49.739386614779164],[6.628219318575288,49.739341681050306],[6.628221510013709,49.739296747321028],[6.628223701446626,49.739251813591345],[6.628225892874043,49.739206879861214],[6.628228084295956,49.739161946130679],[6.628230275712366,49.739117012399717],[6.628160928974196,49.739115591863367],[6.628163120449031,49.739070658134224],[6.628165311918362,49.739025724404662],[6.62816750338219,49.738980790674695],[6.628169694840517,49.738935856944295],[6.628171886293341,49.738890923213461],[6.628174077740661,49.738845989482215],[6.628176269182479,49.738801055750542],[6.628178460618794,49.738756122018451],[6.628180652049606,49.738711188285954],[6.628182843474915,49.738666254553017],[6.628185034894723,49.738621320819668],[6.628187226309027,49.738576387085885],[6.628189417717828,49.738531453351698],[6.6281200718162,49.738530032803041],[6.628122263283425,49.738485099070672],[6.628124454745146,49.73844016533787],[6.628126646201364,49.738395231604649],[6.628128837652079,49.738350297871023],[6.628133220537002,49.738260430402484],[6.62813541197121,49.738215496667571],[6.628137603399916,49.738170562932254],[6.628139794823118,49.738125629196496],[6.628141986240817,49.738080695460333],[6.62814636905971,49.737990827986735],[6.628148560460901,49.737945894249307],[6.628079215395788,49.737944473688351],[6.628081406855399,49.73789953995275],[6.628083598309509,49.737854606216708],[6.628085789758115,49.73780967248026],[6.62808798120122,49.737764738743387],[6.628090172638822,49.737719805006087],[6.62809236407092,49.737674871268375],[6.628094555497516,49.73762993753023],[6.628096746918611,49.737585003791679],[6.628098938334202,49.737540070052702],[6.628101129744291,49.737495136313299],[6.628105512547959,49.737405268833228],[6.628107703941541,49.737360335092553],[6.62810989532962,49.737315401351466],[6.628040551164914,49.737313980780442],[6.62804274261141,49.737269047041181],[6.628044934052403,49.737224113301501],[6.628047125487896,49.737179179561387],[6.628053699761355,49.737044378338531],[6.628055891174836,49.736999444596741],[6.627986547463075,49.736998023999959],[6.627988738934973,49.736953090259973],[6.627990930401368,49.736908156519597],[6.627995313317651,49.736818289037529],[6.627997504767539,49.736773355295881],[6.627999696211925,49.736728421553792],[6.628001887650806,49.736683487811298],[6.628004079084187,49.736638554068378],[6.628006270512066,49.736593620325031],[6.62800846193444,49.736548686581266],[6.627939118867368,49.736547265965442],[6.627941310348159,49.736502332223509],[6.627943501823447,49.736457398481136],[6.627945693293232,49.736412464738343],[6.627947884757514,49.736367530995153],[6.627950076216295,49.736322597251508],[6.627880733474314,49.736321176605436],[6.627882924991509,49.736276242863624],[6.62788730800939,49.73618637537875],[6.627889499510076,49.736141441635681],[6.627820157029268,49.736140020957109],[6.627822348588367,49.736095087215865],[6.627824540141964,49.736050153474189],[6.627826731690059,49.736005219732093],[6.627828923232651,49.735960285989592],[6.627833306301325,49.735870418503303],[6.627835497827409,49.73582548475953],[6.627766155799515,49.735824064055187],[6.627768347384011,49.735779130313233],[6.627770538963004,49.735734196570853],[6.627772730536495,49.73568926282806],[6.627774922104483,49.735644329084828],[6.627777113666967,49.735599395341204],[6.627779305223949,49.735554461597147],[6.627781496775429,49.735509527852663],[6.627712155200442,49.735508107122556],[6.627714346810333,49.735463173379891],[6.62771653841472,49.7354182396368],[6.627718730013606,49.735373305893305],[6.627723113194867,49.735283438405034],[6.627725304777243,49.735238504660266],[6.627727496354118,49.735193570915087],[6.627658155232029,49.735192150159214],[6.627660346867313,49.735147216415839],[6.627662538497095,49.735102282672045],[6.627664730121372,49.735057348927839],[6.627595389196527,49.735055928137243],[6.627597580879215,49.735010994394855],[6.627599772556399,49.734966060652027],[6.62760196422808,49.734921126908816],[6.62760415589426,49.73487619316515],[6.627606347554935,49.734831259421085],[6.627675688160222,49.734832680200476],[6.627677879751483,49.73478774645374],[6.62760853921011,49.734786325676588],[6.627610730859779,49.734741391931671],[6.627612922503946,49.734696458186342],[6.627615114142611,49.734651524440594],[6.627617305775773,49.734606590694405],[6.627619497403431,49.734561656947797],[6.627550157187115,49.73456023614041],[6.627552348873182,49.734515302395629],[6.627554540553746,49.734470368650427],[6.627556732228806,49.734425434904821],[6.627558923898363,49.734380501158775],[6.627561115562419,49.734335567412295],[6.62749177567116,49.734334146574653],[6.627493967393622,49.734289212830006],[6.627496159110581,49.734244279084947],[6.627498350822036,49.734199345339455],[6.627500542527988,49.734154411593565],[6.627502734228438,49.734109477847234],[6.627504925923385,49.734064544100477],[6.627435586421088,49.734063123234826],[6.627437778174439,49.734018189489909],[6.627439969922289,49.733973255744552],[6.627442161664636,49.733928321998782],[6.627444353401479,49.733883388252586],[6.62744654513282,49.733838454505978],[6.627377205955568,49.733837033610087],[6.627379397745313,49.73379209986529],[6.627381589529556,49.733747166120082],[6.627385973081532,49.733657298628401],[6.627388164849264,49.733612364881921],[6.627318825997056,49.733610943955775],[6.627321017823194,49.733566010211113],[6.627323209643826,49.733521076466047],[6.627325401458958,49.733476142720548],[6.627327593268585,49.733431208974636],[6.627329785072709,49.733386275228291],[6.627260446545539,49.73338485427189],[6.627262638408067,49.733339920527378],[6.627264830265091,49.73329498678244],[6.627267022116611,49.733250053037089],[6.627269213962628,49.733205119291313],[6.627271405803143,49.733160185545103],[6.627202067601011,49.733158764558446],[6.627204259499926,49.733113830814077],[6.62720645139334,49.733068897069273],[6.627208643281249,49.733023963324058],[6.627210835163655,49.732979029578416],[6.627141497222648,49.732977608559274],[6.627145881098761,49.732887741071202],[6.627148073028561,49.732842807326556],[6.62715026495286,49.732797873581461],[6.627152456871653,49.732752939835962],[6.627083119255674,49.732751518786571],[6.627085311232869,49.732706585042898],[6.62708750320456,49.732661651298798],[6.627089695170748,49.732616717554265],[6.627091887131432,49.732571783809327],[6.627022549776574,49.732570362727451],[6.627024741795657,49.73252542898431],[6.62702693380924,49.732480495240765],[6.627029125817316,49.732435561496807],[6.626959788659671,49.732434140380199],[6.626961980726147,49.732389206638054],[6.626964172787121,49.732344272895482],[6.62696636484259,49.732299339152497],[6.626968556892556,49.732254405409087],[6.626970748937017,49.732209471665257],[6.626901412104392,49.732208050518395],[6.62690360420725,49.732163116776398],[6.626905796304607,49.732118183033968],[6.62690798839646,49.732073249291119],[6.626910180482808,49.732028315547851],[6.626840843911294,49.732026894368495],[6.626843036056042,49.731981960627046],[6.626845228195284,49.731937026885177],[6.626847420329022,49.731892093142889],[6.626849612457258,49.731847159400182],[6.626780276146856,49.731845738188341],[6.626782468333487,49.731800804447452],[6.626784660514614,49.731755870706138],[6.626786852690238,49.731710936964419],[6.626789044860358,49.731666003222259],[6.626719708811063,49.731664581977931],[6.62672190103958,49.731619648237604],[6.626724093262592,49.731574714496851],[6.626726285480099,49.731529780755679],[6.626728477692104,49.731484847014087],[6.626659141903914,49.731483425737274],[6.626661334174313,49.731438491997494],[6.626663526439208,49.731393558257309],[6.626665718698599,49.731348624516684],[6.626667910952486,49.731303690775654],[6.626598575425399,49.731302269466347],[6.626600767737679,49.731257335727143],[6.626602960044457,49.731212401987506],[6.626605152345731,49.731167468247449],[6.626535817015846,49.731166046903411],[6.626538009375513,49.731121113165187],[6.626540201729676,49.73107617942653],[6.626542394078334,49.731031245687454],[6.62647305894565,49.731029824308685],[6.626475251352701,49.730984890571442],[6.62647744375425,49.730939956833772],[6.626479636150293,49.73089502309567],[6.626481828540832,49.730850089357148],[6.626412493669243,49.730848667945892],[6.626414686118175,49.730803734209204],[6.626416878561602,49.730758800472088],[6.626347543823314,49.730757379023856],[6.626349736325134,49.730712445288574],[6.626351928821448,49.730667511552866],[6.626282594216461,49.73066609006765],[6.626284786771167,49.730621156333761],[6.626286979320369,49.730576222599453],[6.626289171864064,49.730531288864725],[6.626219837456273,49.730529867344785],[6.626222030058361,49.730484933611876],[6.626224222654944,49.730439999878548],[6.62615488838045,49.730438578321625],[6.626157081035424,49.73039364459013],[6.626159273684892,49.730348710858202],[6.626161466328857,49.730303777125854],[6.626092132251556,49.730302355534199],[6.62609432495391,49.730257421803678],[6.626096517650759,49.730212488072738],[6.626027183706756,49.730211066444113],[6.626029376461993,49.730166132714984],[6.626031569211727,49.730121198985451],[6.62596223540102,49.73011977731985],[6.625964428209143,49.730074843592135],[6.625966621011759,49.730029909863987],[6.625968813808871,49.72998497613542],[6.625899480195354,49.729983554435101],[6.625901673050854,49.72993862070836],[6.625903865900849,49.7298936869812],[6.625834532420629,49.729892265243897],[6.625836725329012,49.729847331518563],[6.625838918231888,49.729802397792817],[6.62584111112926,49.729757464066637],[6.625771777846226,49.729756042294603],[6.625773970801985,49.729711108570235],[6.625776163752239,49.729666174845477],[6.625706830602499,49.729664753036467],[6.625709023611139,49.72961981931352],[6.625711216614274,49.729574885590146],[6.625713409611902,49.729529951866354],[6.625644076659347,49.729528530022613],[6.625646269715363,49.729483596300646],[6.625648462765872,49.729438662578247],[6.625650655810875,49.729393728855442],[6.625581323055505,49.729392306976976],[6.625585709256778,49.729302439534578],[6.625587902349155,49.729257505812754],[6.625590095436026,49.729212572090503],[6.625520762941729,49.729211150179552],[6.625522956086986,49.72916621645912],[6.625525149226736,49.729121282738276],[6.62552734236098,49.729076349017014],[6.625533921730676,49.728941547850674],[6.625536114842895,49.728896614127713],[6.625538307949609,49.728851680404333],[6.625542694146518,49.728761812956314],[6.625544887236714,49.728716879231669],[6.625475555450718,49.728715457303963],[6.625477748599297,49.728670523581137],[6.625479941742372,49.728625589857899],[6.625482134879938,49.728580656134234],[6.625484328011999,49.728535722410143],[6.625414996487068,49.728534300449965],[6.625417189677512,49.7284893667277],[6.625419382862449,49.728444433005023],[6.625350051470803,49.728443011007862],[6.625352244714123,49.728398077287011],[6.625282913391874,49.728396655250634],[6.625285106693575,49.72835172153161],[6.62528729998977,49.728306787812144],[6.625217968800805,49.728305365738805],[6.625220162155381,49.728260432021166],[6.625222355504451,49.728215498303129],[6.62515302444877,49.728214076192813],[6.625155217856221,49.728169142476581],[6.625157411258165,49.728124208759937],[6.625088080335767,49.728122786612644],[6.625090273796092,49.728077852897826],[6.62502094294309,49.728076430711326],[6.625023136461795,49.728031496998319],[6.625025329974993,49.727986563284894],[6.624955999255274,49.727985141061417],[6.624958192826852,49.727940207349825],[6.624888862176529,49.72793878508714],[6.624886668541065,49.72798371879648],[6.624817337832365,49.727982296490076],[6.624748007129176,49.727980874142197],[6.624678676431495,49.727979451752873],[6.624676482598865,49.728024385455051],[6.624607151842807,49.728022963022013],[6.62453782109226,49.728021540547502],[6.624535627126347,49.728066474244784],[6.624466296317425,49.72806505172656],[6.624396965514012,49.728063629166883],[6.624394771414819,49.728108562859227],[6.624325440553029,49.728107140255837],[6.624323246384439,49.728152073945516],[6.624253915464275,49.728150651298414],[6.62425610969675,49.728105717610973],[6.624186778845983,49.728104294924641],[6.624188973136837,49.728059361239048],[6.624191167422183,49.728014427553006],[6.624121836704701,49.728013004829712],[6.624124031048424,49.727968071145497],[6.62419336170202,49.727969493866546],[6.624262692361127,49.727970916546127],[6.624332023025745,49.727972339184241],[6.6243342171723,49.727927405492878],[6.624403547778543,49.727928828087293],[6.624472878390296,49.72793025064022],[6.62447507240357,49.72788531694394],[6.624544402956948,49.727886739453176],[6.624613733515836,49.72788816192093],[6.624615927395829,49.72784322821974],[6.624685257896341,49.727844650643796],[6.624687451706941,49.72779971693992],[6.624756782149076,49.727801139320256],[6.624758975890281,49.727756205613723],[6.624689645512033,49.727754783235618],[6.624691839311617,49.727709849530903],[6.624622509002762,49.727708427113598],[6.624624702860725,49.727663493410702],[6.624694033105695,49.727664915825777],[6.624763363356173,49.727666338199384],[6.624765557080857,49.727621404491565],[6.62483488727296,49.727622826821467],[6.624837080928251,49.727577893110997],[6.624839274578036,49.727532959400101],[6.624841468222313,49.727488025688785],[6.624772138221865,49.727486603365627],[6.624774331924519,49.72744166965613],[6.624776525621666,49.727396735946215],[6.624707195754498,49.727395313586094],[6.624637865892839,49.727393891184505],[6.624640059712247,49.727348957478661],[6.624570729919983,49.727347535037865],[6.624572923797768,49.727302601333847],[6.624503594074897,49.727301178853828],[6.624434264357536,49.727299756332343],[6.624436458357581,49.72725482263241],[6.624438652352119,49.727209888932038],[6.624369322768036,49.727208466373597],[6.624299993189465,49.727207043773682],[6.624302187306261,49.72716211007738],[6.624232857797083,49.727160687438257],[6.624235051972255,49.727115753743789],[6.624165722532472,49.727114331065451],[6.624167916766019,49.727069397372802],[6.624098587395629,49.727067974655235],[6.62410078168755,49.727023040964433],[6.624031452386554,49.727021618207658],[6.623962123091069,49.727020195409423],[6.623964317505248,49.726975261722679],[6.623894988279157,49.726973838885222],[6.623897182751709,49.726928905200317],[6.623827853595015,49.726927482323646],[6.623830048125938,49.72688254864056],[6.623760719038637,49.726881125724681],[6.623762913627935,49.726836192043407],[6.623693584610027,49.726834769088313],[6.623695779257698,49.726789835408866],[6.623697973899858,49.72674490172902],[6.623628645015228,49.72674347873695],[6.623630839715761,49.726698545058916],[6.623633034410783,49.726653611380456],[6.623563705659428,49.726652188351437],[6.623565900412823,49.726607254674803],[6.62349657173086,49.72660583160657],[6.623498766542626,49.726560897931755],[6.623500961348883,49.726515964256542],[6.623503156149629,49.726471030580889],[6.623433827664824,49.726469607477931],[6.623436022523941,49.726424673804104],[6.623438217377547,49.726379740129872],[6.623368889026015,49.726378316989944],[6.623371083937992,49.726333383317524],[6.62337327884446,49.726288449644677],[6.623303950626201,49.726287026467794],[6.623306145591037,49.726242092796788],[6.623308340550364,49.726197159125356],[6.623239012465378,49.726195735911496],[6.623241207483074,49.726150802241889],[6.62324340249526,49.726105868571871],[6.623174074543545,49.726104445321042],[6.6231762696141,49.726059511652842],[6.623178464679145,49.726014577984223],[6.623109136860701,49.726013154696432],[6.623111331984114,49.725968221029632],[6.623042004235064,49.725966797702647],[6.623044199416844,49.725921864037666],[6.623046394593114,49.725876930372273],[6.622977066977335,49.725875507008311],[6.622979262211972,49.725830573344759],[6.622981457441099,49.725785639680765],[6.622912129958589,49.725784216279841],[6.622914325246082,49.725739282617681],[6.622916520528066,49.725694348955095],[6.622847193178827,49.725692925517208],[6.622849388519176,49.725647991856448],[6.622780061239327,49.725646568379346],[6.622782256638045,49.725601634720419],[6.622784452031248,49.725556701061066],[6.62271512488467,49.725555277547009],[6.62271732033624,49.725510343889482],[6.6227195157823,49.725465410231536],[6.622650188768989,49.725463986680509],[6.622652384273414,49.725419053024389],[6.622583057329493,49.725417629434148],[6.622585252892283,49.725372695779861],[6.622587448449561,49.72532776212514],[6.622518121638909,49.725326338497943],[6.622520317254551,49.72528140484507],[6.622450990513292,49.725279981178652],[6.622453186187299,49.72523504752759],[6.622383859515429,49.725233623821978],[6.6223860552478,49.725188690172743],[6.62231672864532,49.725187266427916],[6.622318924436055,49.725142332780514],[6.622321120221279,49.725097399132679],[6.622251793752065,49.725095975350897],[6.622253989595652,49.725051041704887],[6.62218466319583,49.72504961788389],[6.622186859097779,49.725004684239714],[6.622117532767346,49.725003260379495],[6.622119728727657,49.724958326737159],[6.622050402466616,49.724956902837732],[6.62205259848529,49.724911969197215],[6.621983272293639,49.724910545258581],[6.621985468370675,49.724865611619904],[6.6219876644422,49.724820677980766],[6.621918338383814,49.724819254005176],[6.621920534513698,49.724774320367899],[6.621851208524702,49.724772896353095],[6.621853404712949,49.724727962717637],[6.621784078793342,49.724726538663631],[6.621786275039949,49.72468160503],[6.621716949189732,49.724680180936772],[6.621719145494701,49.724635247304974],[6.621649819713875,49.724633823172539],[6.621652016077204,49.724588889542574],[6.621582690365767,49.724587465370931],[6.621584886787456,49.72454253174277],[6.621515561145409,49.724541107531934],[6.621517757625456,49.724496173905621],[6.6214484320528,49.724494749655555],[6.621450628591207,49.724449816031068],[6.6214528251241,49.724404882406155],[6.621383499684708,49.724403458119127],[6.62138569627596,49.724358524496054],[6.621316370905955,49.724357100169833],[6.621318567555567,49.724312166548579],[6.621249242254953,49.724310742183143],[6.621251438962923,49.724265808563707],[6.621182113731697,49.724264384159071],[6.621184310498024,49.724219450541469],[6.62111498533619,49.72421802609761],[6.621117182160874,49.724173092481848],[6.621047857068428,49.724171667998796],[6.62105005395147,49.724126734384853],[6.620980728928414,49.724125309862572],[6.620982925869813,49.724080376250463],[6.620913600916146,49.724078951688995],[6.620915797915902,49.724034018078704],[6.620846473031624,49.724032593478029],[6.620848670089736,49.723987659869564],[6.620779345274849,49.723986235229681],[6.620781542391318,49.72394130162305],[6.620712217645817,49.723939876943959],[6.620714414820642,49.723894943339147],[6.620645090144532,49.723893518620841],[6.620647287377712,49.723848585017876],[6.620577962770991,49.723847160260362],[6.620580160062524,49.723802226659224],[6.620510835525194,49.72380080186251],[6.620513032875083,49.72375586826319],[6.62044370840714,49.723754443427275],[6.620445905815383,49.723709509829789],[6.62037658141683,49.723708084954659],[6.620378778883429,49.723663151358984],[6.620309454554264,49.723661726444654],[6.62024013023062,49.72366030148887],[6.620242327819441,49.723615367897288],[6.620173003565186,49.723613942902283],[6.62017520121236,49.723569009312541],[6.620105877027493,49.723567584278335],[6.620108074733022,49.723522650690413],[6.620038750617544,49.723521225616999],[6.619969426507585,49.723519800502132],[6.619971624335337,49.723474866918295],[6.619902300294767,49.72347344176422],[6.61990449818087,49.723428508182209],[6.619835174209689,49.723427082988934],[6.619837372154144,49.723382149408749],[6.619768048252354,49.723380724176273],[6.61977024625516,49.723335790597901],[6.619700922422758,49.723334365326217],[6.619631598595877,49.723332940013073],[6.619633796720903,49.7232880064388],[6.619635994840411,49.723243072864108],[6.619566671146788,49.723241647514008],[6.619497347458685,49.723240222122449],[6.619499545700411,49.723195288551835],[6.61950174393662,49.72315035498081],[6.619432420381774,49.723148929552302],[6.619434618676332,49.723103995983095],[6.619365295190876,49.723102570515373],[6.619367493543785,49.723057636947992],[6.619298170127718,49.723056211441076],[6.619300368538974,49.723011277875536],[6.619231045192296,49.723009852329412],[6.619233243661903,49.72296491876569],[6.619235442125992,49.72291998520155],[6.619166118912569,49.722918559618485],[6.619168317435005,49.722873626056177],[6.619098994290971,49.722872200433891],[6.619101192871756,49.722827266873416],[6.61903186979711,49.722825841211943],[6.619034068436243,49.722780907653281],[6.619036267069856,49.722735974094221],[6.618966944128466,49.722734548395785],[6.618969142820426,49.722689614838536],[6.618899819948425,49.7226881891009],[6.618902018698733,49.722643255545492],[6.61883269589612,49.722641829768641],[6.618834894704774,49.722596896215066],[6.618765571971548,49.722595470399028],[6.61876777083855,49.722550536847272],[6.618698448174713,49.72254911099202],[6.618700647100059,49.722504177442097],[6.618631324505611,49.722502751547651],[6.618633523489303,49.722457817999562],[6.618564200964244,49.722456392065901],[6.618566400006282,49.722411458519652],[6.618497077550609,49.722410032546783],[6.618499276650993,49.722365099002367],[6.618429954264708,49.722363672990305],[6.618432153423437,49.722318739447715],[6.618362831106539,49.722317313396438],[6.618365030323613,49.722272379855674],[6.618295708076105,49.722270953765211],[6.618297907351521,49.722226020226273],[6.618228585173401,49.722224594096609],[6.618230784507163,49.722179660559497],[6.61816146239843,49.722178234390618],[6.618163661790534,49.722133300855347],[6.618094339751189,49.722131874647275],[6.618096539201637,49.722086941113837],[6.61802721723168,49.722085514866571],[6.618029416740471,49.722040581334952],[6.617960094839902,49.722039155048471],[6.617962294407036,49.721994221518692],[6.617892972575856,49.72199279519301],[6.61789517220133,49.721947861665065],[6.617825850439537,49.721946435300183],[6.617828050123355,49.721901501774063],[6.61775872843095,49.72190007536998],[6.61776092817311,49.721855141845687],[6.617691606550092,49.721853715402403],[6.617693806350592,49.721808781879957],[6.617624484796961,49.721807355397473],[6.617626684655802,49.721762421876846],[6.61755736317156,49.721760995355169],[6.617488041692842,49.721759568792017],[6.617490241673886,49.721714635275482],[6.617420920264557,49.72171320867313],[6.617423120303942,49.721668275158429],[6.617353798963999,49.72166684851689],[6.617355999061726,49.721621915004008],[6.61728667779117,49.721620488323261],[6.617288877947234,49.721575554812226],[6.617219556746067,49.721574128092278],[6.617221756960471,49.721529194583063],[6.617152435828691,49.721527767823922],[6.617154636101434,49.721482834316539],[6.617085315039041,49.721481407518198],[6.617087515370123,49.721436474012648],[6.617018194377119,49.721435047175099],[6.617020394766538,49.72139011367139],[6.61695107384292,49.721388686794647],[6.616953274290679,49.72134375329275],[6.616883953436449,49.721342326376814],[6.616886153942545,49.72129739287675],[6.616816833157702,49.721295965921612],[6.616819033722135,49.721251032423382],[6.61674971300668,49.721249605429058],[6.616751913629449,49.721204671932654],[6.616682592983381,49.721203244899122],[6.616613272342841,49.721201817824124],[6.616615473087808,49.721156884331819],[6.616546152516653,49.721155457217641],[6.616548353319957,49.721110523727155],[6.61647903281819,49.721109096573763],[6.61648123367983,49.721064163085117],[6.616411913247451,49.721062735892531],[6.616414114167426,49.721017802405726],[6.616344793804434,49.721016375173924],[6.616346994782744,49.720971441688953],[6.616277674489139,49.720970014417965],[6.616279875525784,49.720925080934826],[6.616210555301567,49.720923653624624],[6.616212756396546,49.720878720143325],[6.616143436241716,49.720877292793936],[6.61614563739503,49.720832359314457],[6.616076317309587,49.720830931925875],[6.616078518521235,49.720785998448228],[6.616009198505178,49.720784571020445],[6.61601139977516,49.720739637544639],[6.615942079828491,49.720738210077656],[6.615944281156806,49.720693276603676],[6.615874961279525,49.720691849097499],[6.615877162666172,49.720646915625352],[6.615807842858278,49.720645488079981],[6.615810044303258,49.720600554609668],[6.615740724564749,49.720599127025103],[6.615742926068063,49.720554193556609],[6.615673606398942,49.720552765932844],[6.615675807960587,49.72050783246619],[6.615606488360853,49.720506404803231],[6.615608689980829,49.72046147133841],[6.615539370450483,49.720460043636251],[6.61554157212879,49.720415110173263],[6.615472252667831,49.720413682431897],[6.615402933212399,49.720412254649084],[6.615405135012896,49.720367321190182],[6.615335815626852,49.720365893368182],[6.615338017485679,49.72032095991112],[6.615268698169022,49.720319532049928],[6.61527090008618,49.720274598594685],[6.615201580838908,49.720273170694284],[6.615203782814397,49.720228237240882],[6.615134463636513,49.720226809301295],[6.61513666567033,49.720181875849732],[6.615067346561833,49.720180447870945],[6.615069548653979,49.720135514421202],[6.615000229614869,49.720134086403213],[6.615002431765345,49.720089152955303],[6.614933112795621,49.720087724898129],[6.614935315004427,49.720042791452073],[6.614865996104089,49.720041363355683],[6.614868198371222,49.719996429911454],[6.614798879540272,49.719995001775871],[6.614801081865732,49.719950068333482],[6.614731763104169,49.719948640158719],[6.614662444348136,49.719947211942497],[6.614664646795781,49.719902278504193],[6.614595328109135,49.719900850248777],[6.614597530615105,49.719855916812293],[6.614528211997848,49.719854488517676],[6.614530414562146,49.719809555083046],[6.614461096014273,49.719808126749228],[6.614463298636897,49.719763193316432],[6.614393980158411,49.719761764943435],[6.614396182839362,49.719716831512457],[6.614326864430263,49.71971540310026],[6.61432906716954,49.719670469671129],[6.614259748829827,49.719669041219731],[6.614261951627429,49.719624107792427],[6.614192633357103,49.719622679301835],[6.614194836213032,49.719577745876371],[6.614125518012091,49.719576317346586],[6.614127720926343,49.719531383922948],[6.61405840279479,49.71952995535397],[6.614060605767367,49.719485021932172],[6.613991287705201,49.719483593324],[6.613993490736103,49.719438659904036],[6.613924172743323,49.71943723125667],[6.613926375832547,49.719392297838546],[6.613857057909153,49.719390869151987],[6.613859261056702,49.719345935735696],[6.613789943202694,49.719344507009936],[6.613792146408567,49.719299573595471],[6.613722828623946,49.719298144830532],[6.613725031888142,49.7192532114179],[6.613655714172906,49.719251782613753],[6.613657917495425,49.719206849202962],[6.613588599849576,49.719205420359629],[6.613519282209261,49.719203991474856],[6.613521485653952,49.719159058068151],[6.613452168083024,49.719157629144171],[6.613454371586039,49.719112695739312],[6.613385054084496,49.719111266776146],[6.613387257645833,49.719066333373114],[6.613317940213676,49.719064904370747],[6.613320143833334,49.719019970969555],[6.613250826470565,49.719018541928001],[6.613181509113327,49.719017112844995],[6.613183712855158,49.718972179447896],[6.613114395567307,49.718970750325695],[6.613116599367459,49.71892581693043],[6.613047282148994,49.718924387769036],[6.613049486007467,49.718879454375603],[6.61298016885839,49.718878025175016],[6.612982372775181,49.718833091783431],[6.612913055695489,49.71883166254365],[6.612915259670601,49.718786729153891],[6.612845942660295,49.718785299874924],[6.612848146693725,49.718740366486998],[6.612778829752807,49.718738937168837],[6.612709512817421,49.718737507809244],[6.612711716973021,49.718692574425404],[6.612642400107022,49.718691145026604],[6.612644604320942,49.718646211644597],[6.612575287524329,49.71864478220661],[6.612505970733253,49.71864335272717],[6.61250817506934,49.71859841934927],[6.61243885834765,49.718596989830637],[6.612441062742055,49.71855205645457],[6.61237174608975,49.718550626896743],[6.612373950542473,49.718505693522509],[6.612304633959555,49.718504263925503],[6.612235317382172,49.718502834287037],[6.612237521957062,49.71845790091691],[6.612168205449066,49.718456471239257],[6.612170410082272,49.718411537870949],[6.612101093643663,49.718410108154103],[6.612031777210588,49.718408678395818],[6.612033981965961,49.718363745031596],[6.611964665602273,49.718362315234124],[6.611966870415961,49.718317381871749],[6.61189755412166,49.718315952035077],[6.611899758993664,49.718271018674535],[6.611830442768749,49.718269588798684],[6.611761126549371,49.718268158881372],[6.611763331543539,49.718223225524923],[6.611694015393548,49.718221795568425],[6.61169622044603,49.718176862213824],[6.611626904365426,49.718175432218132],[6.611557588290358,49.718174002181001],[6.611559793465003,49.718129068830486],[6.611490477459322,49.718127638754162],[6.611421161459178,49.718126208636384],[6.611423366755987,49.718081275289954],[6.61135405082523,49.718079845132991],[6.61135625618035,49.718034911788415],[6.61128694031898,49.718033481592265],[6.611289145732413,49.717988548249522],[6.61121982994043,49.717987118014172],[6.611150514153985,49.717985687737375],[6.611152719689579,49.717940754398732],[6.61108340397252,49.717939324082749],[6.611085609566427,49.71789439074594],[6.611016293918754,49.717892960390778],[6.610946978276621,49.717891529994148],[6.610949183992687,49.717846596661438],[6.61087986841994,49.717845166225629],[6.610882074194317,49.71780023289476],[6.610812758690956,49.717798802419765],[6.610743443193136,49.717797371903316],[6.610745649089671,49.717752438576539],[6.610676333661237,49.717751008020905],[6.610678539616083,49.717706074695954],[6.610609224257035,49.71770464410114],[6.610539908903528,49.717703213464873],[6.610542114980531,49.717658280144036],[6.61047279969641,49.717656849468582],[6.610403484417828,49.717655418751676],[6.610405690616988,49.717610485434925],[6.610336375407794,49.717609054678839],[6.610338581665263,49.717564121363921],[6.610269266525455,49.717562690568649],[6.610199951391188,49.717561259731916],[6.610202157770812,49.717516326421105],[6.610132842705933,49.717514895545193],[6.610135049143864,49.717469962236223],[6.610065734148371,49.717468531321117],[6.610067940644611,49.717423598013987],[6.609998625718505,49.717422167059695],[6.60992931079794,49.717420736063957],[6.609931517416332,49.717375802760913],[6.609862202565155,49.717374371725995],[6.609864409241855,49.717329438424798],[6.609795094460065,49.717328007350694],[6.609725779683814,49.717326576235145],[6.609656464913106,49.717325145078135],[6.609658671775805,49.71728021178329],[6.609589357074483,49.717278780587101],[6.609591563995489,49.717233847294089],[6.609522249363556,49.717232416058728],[6.609452934737164,49.717230984781906],[6.60945514178032,49.717186051493002],[6.609385827223316,49.717184620176987],[6.609388034324777,49.717139686889922],[6.60931871983716,49.717138255534728],[6.609320926996926,49.71709332224949],[6.609251612578697,49.717091890855109],[6.609253819796767,49.717046957571718],[6.609184505447924,49.717045526138158],[6.609115191104625,49.717044094663152],[6.609045876766867,49.717042663146692],[6.609048084170931,49.716997729869654],[6.608978769902562,49.716996298314015],[6.608909455639735,49.716994866716924],[6.608911663165947,49.716949933444006],[6.608842348972507,49.716948501807735],[6.608844556557023,49.71690356853663],[6.608775242432971,49.716902136861179],[6.608705928314464,49.716900705144269],[6.608708136021126,49.716855771877263],[6.608638821972006,49.716854340121174],[6.608641029736971,49.716809406856029],[6.608571715757238,49.716807975060753],[6.608502401783048,49.716806543224038],[6.60850460967016,49.716761609962973],[6.608435295765358,49.716760178087071],[6.608365981866102,49.716758746169724],[6.608368189875356,49.716713812912765],[6.608298876045488,49.716712380956231],[6.608229562221164,49.716710948958259],[6.608231770352562,49.716666015705407],[6.608162456597627,49.716664583668233],[6.608093142848236,49.716663151589621],[6.60802382910439,49.71666171946957],[6.607954515366089,49.716660287308066],[6.607885201633334,49.716658855105109],[6.607815887906124,49.716657422860713],[6.607746574184459,49.716655990574864],[6.607748782757216,49.716611057337424],[6.607679469104941,49.716609625012403],[6.607610155458212,49.716608192645928],[6.607540841817029,49.716606760238008],[6.60754305057577,49.716561827006927],[6.607473737003976,49.716560394559828],[6.607475945821016,49.716515461330602],[6.607406632318611,49.716514028844315],[6.607337318821751,49.716512596316591],[6.60726800533044,49.716511163747413],[6.607270214333464,49.716466230524546],[6.60720090091154,49.716464797916181],[6.607131587495164,49.716463365266385],[6.607133796620327,49.716418432047611],[6.607064483273342,49.716416999358628],[6.606995169931903,49.7164155666282],[6.606997379179204,49.71637063341354],[6.606928065907154,49.716369200643925],[6.606858752640653,49.716367767832871],[6.606860962010091,49.716322834622304],[6.60679164881298,49.71632140177207],[6.606722335621415,49.716319968880377],[6.606724545112993,49.71627503567391],[6.606655231990818,49.716273602743037],[6.606585918874191,49.716272169770725],[6.606516605763114,49.716270736756968],[6.606518815440668,49.716225803556888],[6.606449502398981,49.716224370503944],[6.606380189362842,49.716222937409555],[6.606382399162532,49.716178004213567],[6.606313086195783,49.716176571080005],[6.606243773234583,49.71617513790499],[6.606245983156409,49.71613020471311],[6.606176670264599,49.716128771498916],[6.606107357378339,49.716127338243275],[6.606038044497628,49.716125904946196],[6.606040254605428,49.716080971760682],[6.605970941794108,49.716079538424417],[6.605901628988336,49.716078105046712],[6.605903839218271,49.716033171865313],[6.605834526481891,49.716031738448415],[6.60576521375106,49.716030304990078],[6.60576742410313,49.715985371812771],[6.605698111441689,49.715983938315254],[6.605628798785799,49.715982504776292],[6.605631009259998,49.715937571603099],[6.605561696673499,49.715936138024965],[6.605492384092552,49.715934704405377],[6.605423071517155,49.715933270744337],[6.605425282177325,49.715888337577518],[6.60535596967132,49.715886903877305],[6.605286657170865,49.715885470135646],[6.605288867953167,49.715840536972941],[6.605219555522103,49.715839103192103],[6.605150243096591,49.715837669369819],[6.605152454001023,49.71579273621122],[6.605083141644901,49.715791302349743],[6.605013829294331,49.715789868446848],[6.605016040320892,49.715744935292342],[6.604946728039714,49.715743501350268],[6.604877415764087,49.715742067366733],[6.604808103494014,49.715740633341753],[6.604810314706542,49.715695700193628],[6.60474100250586,49.715694266129482],[6.604743213776677,49.71564933298319],[6.604673901645387,49.715647898879858],[6.604604589519647,49.715646464735073],[6.604606800912593,49.715601531592895],[6.604537488856246,49.715600097408945],[6.604468176805451,49.715598663183549],[6.604398864760211,49.7155972289167],[6.604401076339121,49.715552295780896],[6.604331764363272,49.715550861474874],[6.604262452392976,49.715549427127414],[6.604264664094011,49.715504493995716],[6.604195352193107,49.71550305960907],[6.604126040297758,49.715501625180984],[6.604128252120919,49.715456692053387],[6.60405894029496,49.715455257586122],[6.603989628474556,49.715453823077411],[6.603920316659707,49.715452388527268],[6.603922528668829,49.715407455406044],[6.603853216923373,49.715406020816722],[6.603783905183469,49.71540458618594],[6.603786117314716,49.71535965306883],[6.603716805644205,49.715358218398876],[6.603647493979249,49.715356783687476],[6.603649706232618,49.715311850574487],[6.603580394637055,49.715310415823907],[6.603511083047046,49.715308981031889],[6.603513295422536,49.715264047923014],[6.603443983901921,49.715262613091809],[6.60337467238686,49.715261178219173],[6.603376884884472,49.715216245114398],[6.603307573438805,49.715214810202575],[6.603238261998692,49.715213375249327],[6.603240474618426,49.715168442148659],[6.603171163247707,49.715167007156211],[6.603101851882545,49.715165572122338],[6.603032540522936,49.715164137047012],[6.603034753328625,49.715119203952725],[6.602965442038411,49.715117768838226],[6.602896130753755,49.715116333682282],[6.602898343681563,49.715071400592109],[6.602829032466299,49.715069965396978],[6.602759721256591,49.715068530160423],[6.602761934306518,49.715023597074357],[6.602692623166203,49.715022161798608],[6.602623312031446,49.715020726481434],[6.60262552520349,49.714975793399482],[6.602556214138126,49.714974358043122],[6.60248690307832,49.714972922645316],[6.602489116372481,49.714927989567471],[6.602419805382067,49.7149265541305],[6.602350494397212,49.714925118652083],[6.602281183417915,49.714923683132213],[6.602283396898027,49.714878750060748],[6.602214085988124,49.714877314501713],[6.602144775083779,49.714875878901225],[6.602146988686006,49.714830945833882],[6.602077677851055,49.714829510194228],[6.602008367021662,49.714828074513122],[6.602010580746004,49.714783141449885],[6.601941269986004,49.714781705729614],[6.601871959231564,49.714780269967896],[6.601874173078021,49.714735336908753],[6.601804862392974,49.714733901107863],[6.601735551713488,49.714732465265527],[6.60166624103956,49.714731029381753],[6.601668455071963,49.714686096329011],[6.60159914446743,49.714684660406057],[6.601529833868454,49.714683224441657],[6.601532048022972,49.714638291393022],[6.601462737493391,49.714636855389465],[6.60139342696937,49.714635419344447],[6.601395641246,49.714590486299933],[6.601326330791374,49.71458905021575],[6.601257020342308,49.714587614090128],[6.601187709898803,49.714586177923053],[6.601189924361377,49.714541244884906],[6.601120613987266,49.714539808678673],[6.601051303618716,49.714538372430972],[6.6010535182034,49.714493439396961],[6.600984207904244,49.714492003110109],[6.60091489761065,49.714490566781798],[6.600917112317444,49.714445633751879],[6.600847802093244,49.714444197384402],[6.600778491874606,49.714442760975494],[6.600780706703507,49.714397827949689],[6.600711396554264,49.714396391501609],[6.600642086410583,49.714394955012075],[6.600644301361593,49.714350021990391],[6.600574991287306,49.714348585461693],[6.600505681218581,49.714347148891541],[6.600436371155419,49.714345712279943],[6.60043858629237,49.714300779264647],[6.600369276298602,49.714299342613884],[6.600299966310396,49.714297905921683],[6.600302181569452,49.714252972910508],[6.600232871650642,49.714251536179134],[6.600163561737395,49.714250099406321],[6.600165777118559,49.714205166399239],[6.600096467274707,49.714203729587247],[6.600027157436418,49.714202292733823],[6.600029372939686,49.714157359730876],[6.599960063170793,49.714155922838266],[6.599890753407464,49.714154485904217],[6.599821443649698,49.714153048928729],[6.599823659338902,49.71410811593217],[6.599754349650531,49.71410667891751],[6.599685039967724,49.714105241861411],[6.599687255779032,49.714060308868959],[6.599617946165622,49.71405887177368],[6.599548636557774,49.714057434636977],[6.599550852491185,49.714012501648646],[6.599481542952734,49.71401106447275],[6.599412233419847,49.714009627255436],[6.59941444947536,49.713964694271219],[6.599345140011871,49.713963257014719],[6.599275830553945,49.713961819716779],[6.599206521101582,49.713960382377408],[6.599208737343028,49.713915449399565],[6.599139427960064,49.713914012021014],[6.599070118582665,49.713912574601032],[6.59907233494621,49.713867641627317],[6.599003025638207,49.713866204168156],[6.59893371633577,49.713864766667555],[6.598935932821416,49.713819833697954],[6.598866623588376,49.713818396158182],[6.5987973143609,49.713816958576956],[6.598799530968646,49.71377202561149],[6.598730221810567,49.713770587991107],[6.598660912658054,49.713769150329277],[6.598591603511109,49.713767712626009],[6.598593820304782,49.713722779666931],[6.598524511227232,49.71372134192449],[6.59845520215525,49.713719904140611],[6.598457419071021,49.713674971185647],[6.598388110068435,49.713673533362595],[6.598318801071416,49.713672095498112],[6.598321018109284,49.713627162547262],[6.598251709181663,49.713625724643592],[6.598182400259607,49.713624286698497],[6.598184617419571,49.713579353751776],[6.598115308566914,49.713577915767509],[6.598045999719823,49.713576477741796],[6.597976690878301,49.713575039674645],[6.597978908224191,49.713530106734297],[6.597909599452066,49.71352866862798],[6.597840290685509,49.713527230480217],[6.597842508153493,49.713482297543997],[6.597773199456333,49.713480859357063],[6.597703890764743,49.713479421128696],[6.597706108354821,49.713434488196611],[6.597636799732627,49.713433049929066],[6.597567491116001,49.713431611620095],[6.597569708828173,49.71338667869211],[6.597500400280945,49.713385240343968],[6.597431091739286,49.713383801954372],[6.59743330957355,49.713338869030522],[6.597364001101289,49.713337430601761],[6.597294692634597,49.713335992131569],[6.597225384173475,49.71333455361993],[6.597227602193659,49.713289620702476],[6.597158293801935,49.713288182151672],[6.597088985415779,49.713286743559422],[6.597091203558056,49.713241810646082],[6.597021895241299,49.713240372014667],[6.596952586930112,49.713238933341813],[6.596954805194478,49.713194000432594],[6.596885496952688,49.713192561720582],[6.59681618871647,49.713191122967118],[6.596746880485822,49.713189684172207],[6.596749098936105,49.713144751269397],[6.596679790774855,49.713143312435314],[6.596610482619178,49.713141873559813],[6.59661270119155,49.713096940661103],[6.596543393105269,49.713095501746437],[6.59647408502456,49.713094062790319],[6.59647630371902,49.713049129895744],[6.59640699570771,49.713047690900453],[6.59633768770197,49.713046251863737],[6.596339906518518,49.713001318973284],[6.596270598582177,49.712999879897396],[6.596201290651408,49.712998440780069],[6.596203509590041,49.712953507893737],[6.596134201728672,49.712952068737238],[6.596064893872875,49.7129506295393],[6.595995586022647,49.712949190299931],[6.595997805147195,49.712904257419986],[6.595928497366368,49.712902818141437],[6.595859189591113,49.712901378821471],[6.595861408837745,49.712856445945654],[6.595792101131889,49.712855006586516],[6.595722793431607,49.712853567185924],[6.595725012800323,49.712808634314229],[6.59565570516944,49.712807194874479],[6.595586397544131,49.71280575539329],[6.595517089924392,49.71280431587067],[6.595519309479019,49.712759383005377],[6.595450001928682,49.712757943443584],[6.595380694383917,49.712756503840353],[6.595382914060627,49.712711570979181],[6.595313606585262,49.71271013133677],[6.595244299115471,49.712708691652935],[6.595246518914262,49.712663758795898],[6.595177211513872,49.712662319072898],[6.595107904119055,49.712660879308444],[6.595110124039928,49.712615946455536],[6.595040816714511,49.712614506651924],[6.594971509394667,49.712613066806874],[6.594902202080399,49.712611626920392],[6.594904422187179,49.712566694073864],[6.594835114942311,49.712565254148224],[6.594765807703017,49.712563814181131],[6.594768027931877,49.712518881338724],[6.594698720761983,49.712517441332487],[6.594629413597665,49.71251600128479],[6.594631633948603,49.712471068446519],[6.594562326853685,49.712469628359671],[6.594493019764343,49.712468188231377],[6.59449524023736,49.712423255397233],[6.594425933217417,49.712421815229767],[6.594356626203052,49.712420375020869],[6.594358846798146,49.712375442190854],[6.594289539853181,49.712374001942791],[6.594220232913792,49.712372561653289],[6.594150925979979,49.712371121322349],[6.594153146760975,49.712326188498736],[6.594083839896562,49.712324748128644],[6.594014533037726,49.712323307717099],[6.594016753940799,49.712278374897608],[6.593947447151363,49.712276934446898],[6.593878140367504,49.712275493954763],[6.59388036139265,49.7122305611394],[6.593811054678195,49.712229120608093],[6.593741747969315,49.712227680035355],[6.593743969116536,49.712182747224112],[6.593674662477057,49.712181306612216],[6.593605355843156,49.712179865958859],[6.593607577112452,49.712134933151759],[6.593538270547952,49.712133492459252],[6.59346896398903,49.712132051725312],[6.593471185380398,49.712087118922334],[6.593401878890877,49.712085678149215],[6.593332572406934,49.712084237334672],[6.593334793920375,49.712039304535828],[6.593265487505835,49.712037863682127],[6.593196181096871,49.712036422786973],[6.593126874693485,49.712034981850387],[6.593129096392823,49.711990049057938],[6.59305979005884,49.71198860808218],[6.592990483730436,49.711987167065004],[6.592992705551843,49.711942234276691],[6.592923399292841,49.711940793220343],[6.592854093039417,49.711939352122556],[6.592856314982895,49.711894419338364],[6.592787008798873,49.711892978201419],[6.592717702620431,49.711891537023043],[6.592719924685977,49.711846604242979],[6.592650618576938,49.71184516302543],[6.592581312473478,49.711843721766456],[6.592583534661093,49.711798788990514],[6.592514228627036,49.711797347692375],[6.592444922598558,49.711795906352798],[6.592447144908242,49.711750973580997],[6.592377838949166,49.711749532202262],[6.592308532995671,49.711748090782081],[6.592239227047754,49.711746649320467],[6.59224144954333,49.711701716555062],[6.592172143664817,49.711700275054291],[6.592102837791884,49.711698833512074],[6.592105060409525,49.711653900750797],[6.592035754605996,49.711652459169429],[6.592037977281881,49.71160752641002],[6.591968671547753,49.711606084789494],[6.591899365819208,49.711604643127515],[6.591901588617158,49.711559710372235],[6.591832282958016,49.711558268671098],[6.591762977304453,49.711556826928529],[6.591693671656473,49.711555385144528],[6.59169589464031,49.711510452395643],[6.591626589061732,49.711509010572485],[6.591557283488737,49.711507568707873],[6.591559506594638,49.711462635963144],[6.591490201091045,49.711461194059382],[6.591420895593036,49.71145975211418],[6.591423118820999,49.711414819373559],[6.591353813392392,49.711413377389206],[6.591284507969368,49.711411935363408],[6.591286731319394,49.711367002626929],[6.591217425965773,49.71136556056198],[6.591148120617735,49.711364118455592],[6.591150344089823,49.71131918572322],[6.591081038811188,49.711317743577688],[6.591011733538137,49.711316301390696],[6.591013957132286,49.711271368662473],[6.590944651928638,49.71126992643633],[6.590875346730573,49.711268484168755],[6.590877570446781,49.711223551444675],[6.59080826531812,49.711222109137928],[6.590738960195043,49.711220666789757],[6.590741184033312,49.711175734069798],[6.590671878979638,49.711174291682461],[6.590602573931547,49.711172849253686],[6.590604797891875,49.711127916537869],[6.59053549291319,49.711126474069935],[6.590466187940089,49.71112503156057],[6.590468412022474,49.711080098848889],[6.590399107118777,49.711078656300359],[6.590329802220664,49.711077213710404],[6.590332026425108,49.711032281002844],[6.590262721596399,49.711030838373716],[6.590193416773275,49.711029395703164],[6.590195641099776,49.71098446299974],[6.590126336346055,49.710983020290037],[6.590057031597921,49.710981577538888],[6.58998772685537,49.710980134746301],[6.589989951367746,49.710935202049299],[6.589920646694601,49.710933759217554],[6.589851342027042,49.710932316344383],[6.589853566661473,49.71088738365151],[6.589784262063318,49.710885940739168],[6.58971495747075,49.710884497785401],[6.589717182227235,49.710839565096656],[6.589647877704071,49.710838122103723],[6.589578573186492,49.710836679069359],[6.589580798065032,49.710791746384764],[6.589511493616859,49.710790303311235],[6.589513718553634,49.710745370628494],[6.589444414174864,49.710743927515821],[6.589375109801684,49.710742484361695],[6.589377334860511,49.71069755168309],[6.589308030556733,49.71069610848982],[6.589238726258544,49.710694665255112],[6.58916942196594,49.710693221978978],[6.589171647210637,49.710648289306789],[6.58910234298744,49.710646845991484],[6.58910456829037,49.710601913321149],[6.589035264136578,49.710600469966693],[6.588965959988373,49.710599026570797],[6.588968185413353,49.710554093904591],[6.588898881334554,49.710552650469545],[6.588829577261341,49.710551206993067],[6.588760273193717,49.710549763475157],[6.588762498804566,49.710504830815367],[6.588693194806347,49.710503387258292],[6.588623890813716,49.710501943659786],[6.588626116546614,49.710457011004131],[6.588556812623389,49.710455567366473],[6.588487508705753,49.710454123687377],[6.588489734560699,49.710409191035858],[6.588420430712468,49.710407747317603],[6.588351126869826,49.710406303557924],[6.58835335284682,49.71036137091054],[6.588284049073584,49.710359927111703],[6.588214745305936,49.710358483271435],[6.588216971404977,49.710313550628186],[6.588147667706736,49.710312106748752],[6.588078364014084,49.710310662827894],[6.588080590235172,49.71026573018878],[6.588011286611925,49.710264286228764],[6.58794198299427,49.710262842227309],[6.587944209337404,49.710217909592345],[6.587874905789153,49.710216465551731],[6.587805602246493,49.710215021469679],[6.587807828711671,49.710170088838858],[6.587738525238418,49.710168644717655],[6.587669221770754,49.71016720055502],[6.587671448357976,49.710122267928327],[6.587602144959719,49.710120823726555],[6.587532841567053,49.710119379483324],[6.587535068276318,49.710074446860773],[6.587465764953057,49.710073002578405],[6.587396461635389,49.710071558254597],[6.587398688466697,49.710026625636175],[6.587329385218435,49.710025181273217],[6.587260081975764,49.71002373686882],[6.587262308929114,49.709978804254561],[6.58719300575585,49.709977359810999],[6.587123702588176,49.709975915326012],[6.587125929663569,49.709930982715882],[6.587056626565302,49.709929538191744],[6.586987323472628,49.709928093626168],[6.586989550670061,49.709883161020159],[6.586920247646794,49.709881716415438],[6.586850944629119,49.709880271769279],[6.586853171948591,49.709835339167427],[6.586783869000322,49.709833894482117],[6.586714566057647,49.709832449755375],[6.58671679349916,49.70978751715765],[6.58664749062589,49.709786072391751],[6.586578187758215,49.709784627584426],[6.586580415321765,49.709739694990844],[6.586511112523496,49.709738250144362],[6.58644180973082,49.709736805256448],[6.586444037416407,49.709691872667015],[6.586374734693139,49.709690427739943],[6.586305431975465,49.709688982771439],[6.58630765978309,49.709644050186142],[6.586238357134823,49.709642605178487],[6.586169054492149,49.709641160129394],[6.586171282421812,49.709596227548232],[6.586101979848546,49.709594782459988],[6.586032677280872,49.709593337330318],[6.58603490533257,49.709548404753313],[6.585965602834306,49.709546959584486],[6.585896300341635,49.70954551437422],[6.585898528515369,49.709500581801343],[6.585829226092105,49.709499136551941],[6.585759923674436,49.709497691261092],[6.585690621262363,49.709496245928825],[6.585621318855885,49.709494800555106],[6.585619090426897,49.709539733118852],[6.585616861992317,49.709584665682158],[6.585547559463807,49.709583220262452],[6.58554533095982,49.709628152823065],[6.585543102450242,49.709673085383258],[6.585473799799698,49.709671639917552],[6.585471571220712,49.709716572475024],[6.585469342636133,49.709761505032084],[6.585400039863557,49.70976005952037],[6.585402268511951,49.709715126965598],[6.585332965808783,49.709713681414733],[6.585263663111212,49.709712235822444],[6.58526589188164,49.709667303271807],[6.58519658925348,49.709665857640374],[6.585127286630914,49.709664411967495],[6.585129515523375,49.709619479421008],[6.58506021297022,49.709618033708971],[6.584990910422662,49.709616587955509],[6.5849216078807,49.709615142160608],[6.58492383695901,49.709570209620544],[6.584854534486457,49.709568763786486],[6.584785232019501,49.709567317911009],[6.584787461219842,49.709522385375109],[6.584718158822297,49.709520939460468],[6.584648856430348,49.709519493504409],[6.584651085752721,49.709474560972637],[6.584581783430184,49.709473114977413],[6.584512481113244,49.709471668940772],[6.584514710557647,49.709426736413128],[6.584445408310117,49.709425290337329],[6.584376106068184,49.709423844220105],[6.58430680383185,49.709422398061442],[6.584309033462096,49.709377465540236],[6.584239731295172,49.709376019342436],[6.584241960983635,49.709331086823084],[6.584172658886122,49.709329640586127],[6.584103356794208,49.709328194307723],[6.584034054707891,49.709326747987902],[6.584036284582195,49.709281815474988],[6.58396698256529,49.709280369115994],[6.583897680553983,49.70927892271559],[6.583899910550316,49.709233990206826],[6.58383060860842,49.709232543767271],[6.583761306672122,49.709231097286278],[6.583692004741425,49.709229650763845],[6.583694234923597,49.709184718261504],[6.583624933062311,49.709183271699935],[6.583555631206623,49.709181825096934],[6.583557861510822,49.709136892598735],[6.583488559724547,49.709135445956576],[6.583419257943871,49.709133999272993],[6.583421488370095,49.709089066778951],[6.58335218665883,49.709087620056202],[6.583282884953165,49.709086173292043],[6.583213583253102,49.709084726486445],[6.583215813865162,49.709039793998819],[6.58314651223451,49.709038347154078],[6.583077210609458,49.70903690026789],[6.583079441343543,49.708991967784428],[6.583010139787903,49.708990520859096],[6.582940838237864,49.708989073892333],[6.582943069093972,49.708944141413014],[6.582873767613344,49.708942694407099],[6.582804466138318,49.708941247359753],[6.58280669711645,49.708896314884583],[6.582737395710835,49.708894867798094],[6.582668094310822,49.708893420670172],[6.582670325410976,49.708848488199145],[6.582601024080375,49.708847041032072],[6.582531722755378,49.708845593823575],[6.58246242143598,49.708844146573647],[6.582464652721964,49.70879921410905],[6.58239535147198,49.70879776681997],[6.582326050227597,49.708796319489458],[6.582328281635602,49.708751387029004],[6.582258980460633,49.708749939659349],[6.582189679291266,49.708748492248255],[6.58219191082129,49.708703559791964],[6.582122609721336,49.708702112341733],[6.582053308626984,49.708700664850056],[6.582055540279027,49.708655732397901],[6.581986239254088,49.708654284867087],[6.581916938234753,49.708652837294842],[6.58184763722102,49.708651389681172],[6.581849869058891,49.708606457235454],[6.581780568114572,49.708605009582627],[6.581711267175855,49.708603561888374],[6.581713499135745,49.708558629446806],[6.581644198266441,49.708557181713402],[6.581574897402741,49.708555733938574],[6.581577129484648,49.708510801501156],[6.581507828690362,49.70850935368717],[6.58143852790168,49.708507905831759],[6.581440760105603,49.708462973398497],[6.581371459386334,49.708461525503942],[6.58130215867267,49.708460077567949],[6.58123285796461,49.708458629590538],[6.581163557262156,49.708457181571681],[6.58116578971571,49.708412249147145],[6.58109648908267,49.708410801089158],[6.581027188455232,49.708409352989726],[6.580957887833402,49.708407904848876],[6.58096012047278,49.708362972430741],[6.580890819920364,49.708361524250755],[6.580821519373552,49.708360076029315],[6.580823752134944,49.708315143615351],[6.580754451657547,49.708313695354782],[6.580685151185755,49.708312247052767],[6.580687384069159,49.708267314642967],[6.580618083666781,49.708265866301815],[6.580548783270011,49.708264417919231],[6.580479482878846,49.708262969495216],[6.58048171594807,49.708218037091839],[6.580412415626319,49.70821658862868],[6.580343115310176,49.708215140124089],[6.58034534850141,49.708170207724876],[6.580276048254682,49.708168759181142],[6.580206748013558,49.708167310595975],[6.580208981326805,49.708122378200912],[6.580139681155096,49.708120929576609],[6.580070380988997,49.708119480910867],[6.580072614424251,49.708074548519953],[6.580003314327564,49.708073099815067],[6.579934014236486,49.708071651068757],[6.579864714151016,49.708070202281007],[6.579866947772087,49.708025269896531],[6.579797647756031,49.708023821069638],[6.579728347745584,49.708022372201327],[6.579730581488663,49.707977439821008],[6.57966128154763,49.707975990913546],[6.579591981612206,49.707974541964653],[6.579594215477293,49.707929609588476],[6.579524915611284,49.707928160600446],[6.579455615750883,49.707926711570984],[6.579457849737977,49.707881779198971],[6.579388549946992,49.707880330130358],[6.579319250161615,49.707878881020328],[6.579321484270715,49.707833948652464],[6.579252184554753,49.70783249950329],[6.579182884844402,49.70783105031267],[6.579185119075507,49.707786117948963],[6.57911581943457,49.707784668719206],[6.579046519799244,49.707783219448025],[6.579048754152354,49.707738287088461],[6.578979454586443,49.707736837778135],[6.578910155026139,49.707735388426386],[6.578912389501253,49.707690456070992],[6.578843090010367,49.707689006680091],[6.578773790525091,49.707687557247773],[6.578776025122209,49.707642624896515],[6.578706725706348,49.707641175425053],[6.578708960361664,49.707596243075663],[6.578639661015219,49.707594793565065],[6.578570361674386,49.70759334401302],[6.578572596451702,49.707548411667794],[6.578503297180284,49.70754696207662],[6.578433997914476,49.707545512444014],[6.578436232813794,49.707500580102938],[6.578366933617404,49.707499130431188],[6.578369168574918,49.707454198091973],[6.578299869447942,49.707452748381073],[6.578230570326578,49.707451298628754],[6.578232805406092,49.707406366293718],[6.578163506354144,49.707404916502249],[6.578165741491855,49.707359984169052],[6.578096442509322,49.707358534338461],[6.578027143532402,49.70735708446643],[6.57802937879211,49.707312152137405],[6.577960079884606,49.707310702226231],[6.57796231520251,49.707265769899081],[6.577893016364421,49.707264319948756],[6.577823717531944,49.707262869957013],[6.577825952971845,49.707217937633999],[6.577756654208784,49.707216487603134],[6.57775888970688,49.707171555281995],[6.577689591013235,49.707170105211972],[6.577691826569524,49.707125172892688],[6.577622527945295,49.707123722783528],[6.577624763559776,49.707078790466113],[6.577555465004965,49.707077340317809],[6.577486166455765,49.707075890128095],[6.577488402192242,49.707030957814837],[6.57741910371246,49.707029507585979],[6.577349805238289,49.707028057315682],[6.577352041096762,49.70698312500658],[6.577282742692009,49.70698167469714],[6.577213444292868,49.706980224346296],[6.577215680273333,49.706935292041344],[6.57714638194361,49.706933841651342],[6.577148617982266,49.706888909348272],[6.577079319721959,49.706887458919127],[6.577081555818808,49.706842526617905],[6.577012257627917,49.70684107614963],[6.57694295944264,49.70683962563993],[6.57694519566148,49.706794693342879],[6.57687589754562,49.706793242794028],[6.576878133822651,49.706748310498845],[6.576808835776206,49.706746859910872],[6.576811072111426,49.706701927617544],[6.576741774134398,49.706700476990427],[6.576672476162983,49.706699026321893],[6.576674712620195,49.706654094032722],[6.576605414718198,49.706652643325029],[6.576607651233598,49.706607711037741],[6.576538353401018,49.706606260290918],[6.576540589974607,49.706561328005485],[6.576471292211442,49.706559877219519],[6.576473528843219,49.706514944935961],[6.576404231149471,49.706513494110865],[6.576406467839435,49.706468561829176],[6.576337170215104,49.706467110964937],[6.576339406963256,49.706422178685116],[6.576270109408341,49.70642072778174],[6.57627234621468,49.706375795503781],[6.576203048729181,49.706374344561269],[6.576133751249298,49.706372893577331],[6.576135988177623,49.706327961303536],[6.576066690767156,49.706326510280469],[6.57606892775367,49.706281578008536],[6.575999630412619,49.706280126946325],[6.576001867457318,49.706235194676246],[6.575932570185684,49.706233743574906],[6.575934807288569,49.70618881130671],[6.575865510086349,49.706187360166226],[6.575867747247421,49.706142427899898],[6.575798450114619,49.706140976720278],[6.575800687333874,49.706096044455812],[6.575731390270487,49.706094593237054],[6.575662093212718,49.706093141976886],[6.575664330553957,49.70604820971657],[6.575666567889582,49.706003277455842],[6.575597270965028,49.706001826158825],[6.575599508358838,49.705956893899952],[6.5755302115037,49.705955442563784],[6.575460914654179,49.705953991186206],[6.57546315216997,49.705909058931503],[6.575393855389866,49.705907607514781],[6.575396092963841,49.705862675261947],[6.575326796253152,49.705861223806096],[6.57532903388531,49.705816291555124],[6.575259737244037,49.705814840060135],[6.575261974934378,49.705769907811039],[6.575192678362521,49.705768456276907],[6.575194916111045,49.705723524029679],[6.575125619608604,49.705722072456417],[6.57512785741531,49.705677140211051],[6.575058560982285,49.70567568859866],[6.575060798847173,49.705630756355163],[6.574991502483564,49.705629304703635],[6.574993740406633,49.705584372462006],[6.574924444112439,49.705582920771342],[6.57492668209369,49.705537988531574],[6.574857385868912,49.705536536801787],[6.574859623908343,49.705491604563896],[6.574790327752981,49.705490152794965],[6.574792565850593,49.705445220558943],[6.574723269764647,49.705443768750868],[6.574725507920438,49.705398836516721],[6.574656211903908,49.705397384669517],[6.574658450117879,49.705352452437232],[6.574589154170765,49.705351000550898],[6.574591392442915,49.705306068320482],[6.574522096565216,49.705304616395011],[6.574524334895547,49.705259684166471],[6.574455039087264,49.705258232201864],[6.574457277475773,49.705213299975185],[6.574387981736906,49.705211847971455],[6.574390220183592,49.705166915746638],[6.574320924514141,49.705165463703779],[6.574323163019007,49.705120531480837],[6.574253867418969,49.705119079398841],[6.574256105982013,49.705074147177754],[6.574186810451392,49.705072695056629],[6.574189049072615,49.705027762837418],[6.574119753611408,49.705026310677155],[6.574121992290808,49.70498137845982],[6.574124230964588,49.704936446242058],[6.574054935636592,49.704934994044962],[6.574057174368551,49.704890061829062],[6.57398787910997,49.704888609592828],[6.573990117900105,49.704843677378804],[6.573920822710939,49.704842225103441],[6.57392306155925,49.704797292891278],[6.5738537664395,49.704795840576779],[6.573856005345987,49.704750908366492],[6.573786710295651,49.70474945601287],[6.573788949260313,49.704704523804445],[6.573719654279393,49.704703071411693],[6.57372189330223,49.704658139205144],[6.573724132319449,49.704613206998168],[6.573654837471737,49.70461175456856],[6.573657076547129,49.704566822363461],[6.573587781768833,49.704565369894738],[6.5735900209024,49.704520437691507],[6.57352072619352,49.704518985183633],[6.573522965385262,49.704474052982263],[6.573453670745794,49.704472600435274],[6.57345590999571,49.704427668235788],[6.573458149240007,49.704382736035868],[6.573388854733746,49.704381283452037],[6.573391094036216,49.704336351253986],[6.573321799599372,49.704334898631018],[6.573324038960014,49.70428996643485],[6.573326278315038,49.704245034238227],[6.573256984011398,49.704243581578439],[6.573259223424595,49.704198649383706],[6.57318992919037,49.704197196684767],[6.573192168661738,49.704152264491903],[6.573122874496928,49.704150811753848],[6.573125114026469,49.704105879562846],[6.573055819931072,49.704104426785662],[6.573058059518784,49.704059494596542],[6.573060299100875,49.704014562406989],[6.572991005138685,49.704013109592964],[6.572993244778949,49.703968177405272],[6.572923950886171,49.703966724552124],[6.572926190584606,49.703921792366302],[6.572856896761243,49.703920339474024],[6.572859136517847,49.703875407290084],[6.572861376268831,49.703830475105718],[6.572792082578672,49.703829022176599],[6.572794322387826,49.703784089994102],[6.57272502876708,49.70378263702586],[6.572727268634405,49.703737704845238],[6.572657975083073,49.703736251837846],[6.572660215008566,49.703691319659093],[6.572590921526649,49.703689866612585],[6.572593161510309,49.703644934435694],[6.572595401488352,49.703600002258391],[6.572526108139637,49.703598549175041],[6.572528348175847,49.703553616999606],[6.572459054896545,49.703552163877134],[6.572461294990924,49.703507231703576],[6.572392001781035,49.70350577854196],[6.572394241933583,49.703460846370263],[6.572396482080507,49.703415914198146],[6.572327189003821,49.703414460999717],[6.572329429208913,49.703369528829462],[6.572260136201641,49.703368075591904],[6.5722623764649,49.703323143423503],[6.57219308352704,49.703321690146815],[6.572195323848466,49.703276757980298],[6.572197564164271,49.703231825813376],[6.572128271359612,49.703230372499853],[6.572130511733583,49.703185440334778],[6.571991926268717,49.703182533588055],[6.571989685767169,49.70322746574854],[6.571920392979385,49.703226012310736],[6.571922633544721,49.703181080152554],[6.571853340826348,49.703179626675634],[6.571855581449851,49.703134694519328],[6.571786288800892,49.703133241003286],[6.571716996157559,49.703131787445813],[6.571719236903013,49.703086855293677],[6.571649944329092,49.703085401697081],[6.571652185132713,49.703040469546799],[6.571582892628204,49.703039015911074],[6.571585133489989,49.702994083762675],[6.571515841054894,49.702992630087827],[6.571518081974842,49.702947697941298],[6.571448789609161,49.702946244227313],[6.571451030587273,49.702901312082652],[6.571381738291005,49.702899858329552],[6.571312446000364,49.70289840453502],[6.571314687100426,49.70285347239453],[6.571245394879196,49.70285201856089],[6.571247636037421,49.702807086422261],[6.571178343885607,49.702805632549477],[6.571180585101994,49.702760700412718],[6.571111293019593,49.702759246500804],[6.571113534294143,49.702714314365934],[6.571044242281152,49.702712860414898],[6.571046483613865,49.702667928281898],[6.570977191670288,49.702666474291746],[6.570979433061162,49.7026215421606],[6.570910141186999,49.702620088131319],[6.570840849318462,49.702618634060606],[6.570843090831284,49.702573701933645],[6.57077379903216,49.702572247823809],[6.570776040603143,49.702527315698717],[6.570706748873432,49.702525861549759],[6.570708990502575,49.702480929426535],[6.570639698842277,49.702479475238448],[6.570641940529582,49.702434543117093],[6.570572648938697,49.702433088889883],[6.57057489068416,49.702388156770397],[6.570505599162687,49.702386702504072],[6.570507840966311,49.702341770386454],[6.57043854951425,49.702340316080999],[6.570440791376034,49.702295383965264],[6.570371499993387,49.70229392962068],[6.570302208616369,49.702292475234671],[6.570232917244978,49.702291020807252],[6.570163625879217,49.702289566338393],[6.570161383762295,49.702334498444934],[6.570092092338378,49.70233304393237],[6.570089850152044,49.702377976036196],[6.570020558669971,49.702376521479913],[6.569951267193527,49.70237506688219],[6.569949024873996,49.702419998981007],[6.569879733339396,49.702418544339587],[6.569877490950454,49.702463476435653],[6.569808199357697,49.702462021750513],[6.569805956899343,49.702506953843873]],[[6.606128849655476,49.718511663300035],[6.606131059865767,49.718466730130139],[6.606200376083066,49.718468163420617],[6.606202586223962,49.71842323024805],[6.606271902382962,49.718424663494801],[6.60634121854751,49.718426096700121],[6.606339008534314,49.718471029877207],[6.606269692305916,49.718469596669635],[6.606267482223322,49.718514529844064],[6.606198165936623,49.718513096592773],[6.606195955784632,49.718558029764516],[6.606126639439635,49.718556596469519],[6.606128849655476,49.718511663300035]],[[6.698618920616477,49.783086729261889],[6.698688333583976,49.783088108506945],[6.698686203926005,49.783133044152514],[6.698616790894411,49.783131664905284],[6.698618920616477,49.783086729261889]],[[6.697428246876187,49.783287953766312],[6.697358833684602,49.783286573762453],[6.697360964581836,49.78324163815995],[6.697430377709324,49.783243018161642],[6.697428246876187,49.783287953766312]],[[6.739178090633064,49.810287432506243],[6.739247544453412,49.810288787993365],[6.739245450297473,49.810333724695546],[6.739175996412924,49.810332369206279],[6.739106542533643,49.810331013675423],[6.739108636817987,49.810286076977519],[6.739178090633064,49.810287432506243]],[[6.733676383495467,49.809010508888079],[6.733606931771464,49.809009150087725],[6.73353748005274,49.809007791245783],[6.733539579394882,49.808962854710437],[6.73360903104941,49.80896421355024],[6.733678482709218,49.808965572348441],[6.733747934374306,49.808966931105047],[6.733745835224751,49.809011867646838],[6.733676383495467,49.809010508888079]],[[6.733470127745636,49.808961495829045],[6.733400676101668,49.808960136906066],[6.73333122446298,49.808958777941498],[6.733333323992435,49.808913841412171],[6.733402775566924,49.808915200374599],[6.733472227146697,49.808916559295419],[6.733541678731748,49.808917918174664],[6.733539579394882,49.808962854710437],[6.733470127745636,49.808961495829045]],[[6.723866876285043,49.809177997409222],[6.723936327781839,49.809179362049555],[6.723934219533063,49.809224298284143],[6.723864767972072,49.809222933641657],[6.723795316416382,49.809221568957589],[6.723797424793549,49.809176632727301],[6.723866876285043,49.809177997409222]],[[6.717359280427162,49.810084432686708],[6.717289827953024,49.810083064087117],[6.717291942417234,49.810038128066871],[6.717361394827175,49.810039496664302],[6.717359280427162,49.810084432686708]],[[6.717287713483498,49.810128000106928],[6.717285599008655,49.810172936126335],[6.71721614641144,49.810171567480829],[6.71721826095048,49.810126631463589],[6.717220375484204,49.810081695445945],[6.717289827953024,49.810083064087117],[6.717287713483498,49.810128000106928]],[[6.717214031867083,49.810216503497664],[6.71721191731741,49.810261439514072],[6.717142464597118,49.81026007082265],[6.717144579210988,49.810215134808402],[6.717146693819543,49.810170198793742],[6.71721614641144,49.810171567480829],[6.717214031867083,49.810216503497664]],[[6.717140349977931,49.810305006836494],[6.717138235353426,49.810349942849903],[6.717136120723607,49.810394878862894],[6.717066667816038,49.81039351012339],[6.717064553116703,49.810438446133809],[6.716995100150255,49.810437077350549],[6.716992985381405,49.810482013358381],[6.716923532356077,49.810480644531374],[6.716925647189126,49.810435708525702],[6.716927762016859,49.810390772519611],[6.716997214913789,49.810392141342298],[6.716999329672007,49.810347205333628],[6.717001444424906,49.810302269324538],[6.717070897198759,49.81030363810131],[6.717073011882144,49.810258702089634],[6.717142464597118,49.81026007082265],[6.717140349977931,49.810305006836494]],[[6.716921417517711,49.810525580536627],[6.716919302674027,49.810570516541468],[6.716917187825027,49.810615452545889],[6.716986641042952,49.810616821379405],[6.716984526252832,49.810661757385581],[6.716915072970709,49.810660388549913],[6.716912958111075,49.81070532455351],[6.716910843246123,49.810750260556681],[6.716841389840919,49.810748891675097],[6.716839274906451,49.810793827675688],[6.716837159966664,49.810838763675875],[6.71676770643838,49.810837394748361],[6.716765591429077,49.810882330745969],[6.716696137841912,49.8108809617747],[6.716694022763091,49.810925897769721],[6.716691907678952,49.81097083376433],[6.716622453968706,49.810969464747146],[6.71662033881505,49.811014400739161],[6.716550885045924,49.811013031678229],[6.716548769822748,49.811057967667665],[6.716546654594254,49.811102903656703],[6.716477200702048,49.811101534549834],[6.716475085404034,49.811146470536272],[6.716405631452948,49.811145101385662],[6.716403516085415,49.811190037369528],[6.716334062075448,49.811188668175156],[6.716331946638395,49.811233604156442],[6.716329831196024,49.811278540137309],[6.716260377062973,49.811277170897014],[6.716258261551083,49.811322106875302],[6.716188807359152,49.811320737591252],[6.716186691777741,49.811365673566961],[6.71611723752693,49.811364304239135],[6.716115121875998,49.811409240212264],[6.716113006219746,49.811454176184988],[6.716043551845852,49.811452806811253],[6.716045667566306,49.811407870840689],[6.716047783281439,49.811362934869734],[6.716049898991255,49.811317998898353],[6.716119353172543,49.8113193682656],[6.716121468812837,49.811274432291633],[6.716190922935244,49.811275801615132],[6.716193038506018,49.811230865638578],[6.716195154071472,49.811185929661619],[6.716197269631608,49.811140993684248],[6.716266723566733,49.811142362959643],[6.71633617750718,49.81114373219345],[6.716338292933595,49.811098796211333],[6.716340408354691,49.811053860228789],[6.716409862172056,49.811055229416674],[6.716411977523634,49.811010293431558],[6.716414092869893,49.81096535744603],[6.716483546564175,49.810966726587999],[6.716485661840917,49.810921790599885],[6.716487777112339,49.810876854611351],[6.716557230683542,49.810878223707391],[6.716561461082033,49.810788351724753],[6.7165635762733,49.810743415732816],[6.716565691459249,49.810698479740466],[6.716635144778975,49.81069984878625],[6.716637259895407,49.810654912791307],[6.716706713156253,49.810656281793349],[6.716708828203169,49.810611345795827],[6.716710943244767,49.810566409797893],[6.716780396382535,49.810567778754013],[6.716782511354616,49.8105228427535],[6.716851964433504,49.810524211665864],[6.716854079336069,49.810479275662765],[6.716923532356077,49.810480644531374],[6.716921417517711,49.810525580536627]],[[6.716041436120079,49.811497742781377],[6.716039320388989,49.811542678751088],[6.715969865892011,49.811541309331432],[6.715967750091397,49.811586245298564],[6.715965634285465,49.811631181265284],[6.715896179665403,49.811629811799712],[6.71589829553554,49.811584875835145],[6.715900411400356,49.811539939870187],[6.715902527259852,49.811495003904803],[6.715971981687305,49.811496373363887],[6.715974097477281,49.811451437395931],[6.716043551845852,49.811452806811253],[6.716041436120079,49.811497742781377]],[[6.715894063789948,49.811674747763838],[6.715891947909173,49.811719683727567],[6.715822493166028,49.811718314216058],[6.715824609111007,49.811673378254497],[6.715826725050665,49.81162844229253],[6.715896179665403,49.811629811799712],[6.715894063789948,49.811674747763838]],[[6.715820377215731,49.811763250177194],[6.715818261260111,49.811808186137924],[6.715748806393884,49.811806816580507],[6.715750922413705,49.81176188062193],[6.715753038428207,49.811716944662962],[6.715822493166028,49.811718314216058],[6.715820377215731,49.811763250177194]],[[6.715746690368742,49.811851752538637],[6.715677235443632,49.81185038293745],[6.715679351532978,49.811805446981474],[6.715748806393884,49.811806816580507],[6.715746690368742,49.811851752538637]],[[6.716875564862245,49.80854565831865],[6.716873450124111,49.808590594337488],[6.716871335380661,49.808635530355915],[6.716801885003303,49.808634161492819],[6.716803999810945,49.808589225476567],[6.716806114613271,49.808544289459888],[6.716875564862245,49.80854565831865]],[[6.710052004695321,49.804362969854026],[6.709982560760819,49.804361596990077],[6.709984681561197,49.804316661154353],[6.710054125431523,49.80431803401612],[6.710052004695321,49.804362969854026]],[[6.707562024490145,49.805573096039105],[6.707559901353032,49.805618031788931],[6.707490455744164,49.80561665740661],[6.707492578945455,49.805571721658943],[6.707562024490145,49.805573096039105]],[[6.708759072902946,49.784637111112445],[6.70868965723241,49.784635737868769],[6.708620241567206,49.784634364583532],[6.708550825907334,49.784632991256736],[6.708552946553762,49.784588055312241],[6.708691777750628,49.784590801919926],[6.708761193357059,49.784592175161436],[6.708830608968821,49.7845935483614],[6.708828488578813,49.784638484314584],[6.708759072902946,49.784637111112445]],[[6.712865623139608,49.7830091169374],[6.712867739673506,49.7829641808448],[6.7129371531583,49.782965551552323],[6.712935036688502,49.783010487647083],[6.712865623139608,49.7830091169374]],[[6.716297453426345,49.777994334226825],[6.716228046880472,49.777992965631384],[6.716230159929778,49.777948029394338],[6.716299566411569,49.777949397987612],[6.716297453426345,49.777994334226825]],[[6.711576414762468,49.782353960800656],[6.711574297079869,49.782398896857508],[6.711504884470702,49.782397525344969],[6.711507002217398,49.782352589290284],[6.711576414762468,49.782353960800656]],[[6.711643709694362,49.782400268328495],[6.711713122314177,49.782401639757936],[6.711711004754451,49.782446575818696],[6.711708887189404,49.782491511879037],[6.711639474441394,49.782490140445269],[6.711641592070539,49.782445204387088],[6.71157217939195,49.782443832913927],[6.711574297079869,49.782398896857508],[6.711643709694362,49.782400268328495]],[[6.711778299942737,49.78249288327126],[6.711776182436465,49.782537819333363],[6.711706769619035,49.782536447938966],[6.711708887189404,49.782491511879037],[6.711778299942737,49.78249288327126]],[[6.711845595259221,49.782539190686187],[6.711843477811725,49.782584126750038],[6.711774064924874,49.782582755395033],[6.711776182436465,49.782537819333363],[6.711845595259221,49.782539190686187]],[[6.709050006208615,49.782888727941987],[6.709119419400516,49.782890100934836],[6.709117299405279,49.782935036910359],[6.70904788614928,49.782933663915351],[6.709050006208615,49.782888727941987]],[[6.588412124216778,49.713376188954101],[6.588409898056922,49.71342112157992],[6.588340589926997,49.713419677750323],[6.588342816150682,49.713374745126778],[6.588412124216778,49.713376188954101]],[[6.606347848553819,49.718291297166253],[6.606345638557263,49.718336230344633],[6.606276322520412,49.718334797143847],[6.606278532580816,49.71828986396774],[6.606347848553819,49.718291297166253]],[[6.616006953944377,49.723663167697154],[6.616076278058811,49.723664595186335],[6.61607407662123,49.723709528641471],[6.616071875178122,49.723754462096181],[6.616002550935948,49.723753034602495],[6.616000349423445,49.723797968054519],[6.615931025122932,49.723796540517114],[6.615861700827946,49.723795112938269],[6.61586390246819,49.72375017949075],[6.615866104102907,49.72370524604279],[6.615868305732097,49.723660312594426],[6.615937629835473,49.723661740166513],[6.615939831395266,49.723616806715469],[6.616009155440302,49.723618234243851],[6.616006953944377,49.723663167697154]],[[6.615928823541031,49.72384147396648],[6.615998147905415,49.723842901506146],[6.615995946381856,49.723887834957338],[6.615926621953603,49.723886407415428],[6.615928823541031,49.72384147396648]],[[6.61606527081564,49.723889262457789],[6.616134595254953,49.723890689916786],[6.616203919699793,49.72389211733433],[6.61620171836232,49.723937050791868],[6.616132393853608,49.723935623372078],[6.616130192446739,49.72398055682693],[6.616127991034344,49.724025490281363],[6.61605866640342,49.724024062815602],[6.616060867879686,49.723979129363421],[6.616063069350426,49.723934195910815],[6.615993744852774,49.723932768408098],[6.615995946381856,49.723887834957338],[6.61606527081564,49.723889262457789]],[[6.622289747513395,49.729999436095035],[6.622359080968087,49.730000859956149],[6.622356884837483,49.730045793566994],[6.6222875513189,49.730044369703634],[6.622289747513395,49.729999436095035]],[[6.62248896384967,49.730183442012773],[6.622419630128374,49.730182018225612],[6.622421826211624,49.730137084613794],[6.622491159869027,49.730138508398717],[6.62248896384967,49.730183442012773]],[[6.623276145319183,49.732538496343359],[6.62327834079453,49.732493562721984],[6.623347677851846,49.732494986043285],[6.623349873257779,49.732450052419232],[6.623419210256706,49.732451475696791],[6.623488547261148,49.732452898932912],[6.62348635198302,49.732497832561442],[6.62348415669938,49.732542766189567],[6.623414819567135,49.73254134294897],[6.623412624214079,49.732586276574423],[6.623343287023444,49.732584853290113],[6.623273949838324,49.732583429964322],[6.623276145319183,49.732538496343359]],[[6.623470984881792,49.73281236794945],[6.623540322402971,49.732813791162073],[6.623538127144653,49.732858724789487],[6.62346878955957,49.732857301574633],[6.623470984881792,49.73281236794945]],[[6.624199885440477,49.734941324958797],[6.624197690626111,49.734986258591128],[6.624195495806234,49.735031192223026],[6.624193300980846,49.735076125854505],[6.624262641763571,49.735077548681851],[6.624260446996583,49.735122482315177],[6.624258252224085,49.735167415948055],[6.624256057446075,49.735212349580522],[6.624253862662556,49.735257283212562],[6.624323203706443,49.735258706007421],[6.624321008981324,49.735303639641295],[6.624318814250697,49.735348573274742],[6.624316619514557,49.735393506907762],[6.624314424772908,49.735438440540371],[6.624312230025746,49.735483374172553],[6.624242888662295,49.735481951366445],[6.624173547304356,49.73548052851887],[6.624175742179344,49.735435594891186],[6.62417793704882,49.735390661263075],[6.624180131912785,49.735345727634545],[6.624182326771239,49.735300794005589],[6.624184521624182,49.735255860376228],[6.624186716471614,49.735210926746433],[6.624117375502666,49.735209503870855],[6.624119570408499,49.735164570242887],[6.624121765308821,49.735119636614513],[6.624123960203633,49.735074702985692],[6.624126155092933,49.735029769356451],[6.624128349976722,49.734984835726799],[6.624059009332846,49.734983412820995],[6.624061204275036,49.734938479193161],[6.623991863700585,49.734937056248135],[6.623994058701174,49.734892122622135],[6.624063399211715,49.734893545564915],[6.624067789068538,49.734803678307145],[6.62399844868582,49.734802255368855],[6.624000643669875,49.73475732174159],[6.624069983988683,49.734758744677627],[6.624072178903317,49.734713811047683],[6.624141519163728,49.734715233940001],[6.624139324313004,49.73476016757219],[6.62413712945677,49.734805101203953],[6.624134934595023,49.734850034835304],[6.624204275052679,49.734851457692891],[6.624202080249334,49.734896391326053],[6.624199885440477,49.734941324958797]],[[6.624831842933455,49.743320317540551],[6.624901195497444,49.743321740157008],[6.624899000680815,49.743366673746849],[6.624896805858672,49.743411607336284],[6.624894611031019,49.743456540925301],[6.624892416197854,49.74350147451387],[6.624888026514989,49.743591341689779],[6.624818673567348,49.743589919059836],[6.62482086847548,49.743544985474337],[6.624823063378097,49.743500051888425],[6.624825258275204,49.743455118302087],[6.6248274531668,49.74341018471533],[6.624829648052883,49.743365251128147],[6.624831842933455,49.743320317540551]],[[6.624824373635861,49.744894415550831],[6.624755018833826,49.744892992855711],[6.624757213901808,49.744848059282447],[6.624826568639897,49.744849481975322],[6.624824373635861,49.744894415550831]],[[6.626495660512323,49.751900364867907],[6.626565025393511,49.751901786666487],[6.626562831448515,49.751946720243645],[6.626493466503358,49.751945298442813],[6.626495660512323,49.751900364867907]],[[6.625987773139357,49.7566126993773],[6.626057144716464,49.756614121577798],[6.626054949936843,49.756659055101686],[6.625985578295747,49.756657632898936],[6.625987773139357,49.7566126993773]],[[6.626124321583454,49.756660477262919],[6.62612212686231,49.756705410788634],[6.62605275515171,49.756703988625148],[6.626054949936843,49.756659055101686],[6.626124321583454,49.756660477262919]],[[6.626111153173898,49.756930078410882],[6.626041781143349,49.756928656236163],[6.626046170763231,49.756838789193019],[6.626115542665801,49.756840211363254],[6.626117737403483,49.756795277838791],[6.626187109247577,49.756796699965271],[6.626184914573884,49.756841633491973],[6.626182719894679,49.756886567018235],[6.626180525209962,49.756931500544098],[6.626178330519733,49.756976434069529],[6.626108958419678,49.756975011934067],[6.626111153173898,49.756930078410882]],[[6.633344509236748,49.763824907073385],[6.633413891473611,49.763826325018371],[6.633411702933975,49.763871258725146],[6.633342320633096,49.763869840777915],[6.633344509236748,49.763824907073385]],[[6.631718057742277,49.764421353983444],[6.631720247889823,49.764376420335928],[6.631789630832363,49.764377839264952],[6.631787440748836,49.764422772914699],[6.631718057742277,49.764421353983444]],[[6.673279853086116,49.778307534615756],[6.673277700291421,49.778352469492425],[6.673347105253938,49.778353863820435],[6.673416510221865,49.778355258106913],[6.673414357549912,49.778400192987561],[6.673344952517909,49.778398798698888],[6.673275547491317,49.778397404368661],[6.673206142470137,49.778396009996889],[6.673208295334318,49.77835107512287],[6.673210448193087,49.778306140248404],[6.673279853086116,49.778307534615756]],[[6.678259833994974,49.778767300163132],[6.67826198221397,49.778722365130925],[6.678331387950163,49.778723756481121],[6.678400793691756,49.778725147789778],[6.678470199438746,49.77872653905689],[6.678468051411985,49.778771474095677],[6.678465903379824,49.778816409134052],[6.678396497504677,49.778815017862541],[6.678327091634928,49.778813626549493],[6.678329239795244,49.778768691515523],[6.678259833994974,49.778767300163132]],[[6.680318234641464,49.809843355956559],[6.680387684969639,49.809844746705984],[6.680385536354299,49.809889681563305],[6.680316085961935,49.809888290811685],[6.680318234641464,49.809843355956559]],[[6.680454986752068,49.809891072273345],[6.680452838195517,49.80993600713245],[6.680383387733557,49.809934616420229],[6.680385536354299,49.809889681563305],[6.680454986752068,49.809891072273345]],[[6.680170738737275,49.810020313733375],[6.680168589907757,49.81006524858244],[6.680166441072837,49.810110183431078],[6.680164292232513,49.810155118279312],[6.680094841471218,49.810153727389732],[6.680096990375733,49.810108792543701],[6.680099139274844,49.810063857697259],[6.680029688647335,49.810062466770489],[6.680031837605235,49.81001753192583],[6.680101288168554,49.810018922850389],[6.680170738737275,49.810020313733375]],[[6.679452588810406,49.810500686106899],[6.679450439279539,49.810545620929368],[6.679380987994574,49.810544229604119],[6.679383137589634,49.810499294783853],[6.679452588810406,49.810500686106899]],[[6.680001751702995,49.810646619713047],[6.680071203164995,49.810648010668402],[6.680069054195649,49.810692945509402],[6.679999602669456,49.810691554551852],[6.680001751702995,49.810646619713047]],[[6.680138505727247,49.810694336425342],[6.680207957264249,49.810695727299716],[6.680205808417886,49.810740662144703],[6.680203659566122,49.810785596989277],[6.680201510708955,49.81083053183341],[6.680132058979374,49.810829140952443],[6.680129910052609,49.81087407579399],[6.680127761120445,49.810919010635089],[6.68005830926788,49.810917619708142],[6.68006045826424,49.810872684869231],[6.680062607255197,49.810827750029901],[6.680064756240751,49.810782815190159],[6.679995304586171,49.81078142422821],[6.679997453630516,49.810736489390244],[6.680066905220901,49.81073788034999],[6.680069054195649,49.810692945509402],[6.680138505727247,49.810694336425342]],[[6.680056160266118,49.810962554546634],[6.679986708354766,49.810961163575897],[6.679984559283407,49.811006098411781],[6.679982410206645,49.811051033247246],[6.679912958172309,49.811049642230515],[6.679915107313266,49.811004707397259],[6.679917256448818,49.810959772563578],[6.679919405578968,49.810914837729477],[6.679988857420721,49.810916228739615],[6.68005830926788,49.810917619708142],[6.680056160266118,49.810962554546634]],[[6.678604122296277,49.810798531049137],[6.678601971957264,49.810843465842289],[6.67853252028784,49.810842074002572],[6.678534670691048,49.810797139211623],[6.678604122296277,49.810798531049137]],[[6.678530369879226,49.810887008793102],[6.678669273351868,49.810889792435361],[6.678671423632095,49.810844857640426],[6.678810326997983,49.81084764111192],[6.678808176846142,49.810892575911254],[6.678738725096301,49.810891184194091],[6.678736574874861,49.810936118990803],[6.678667123066235,49.810934727229863],[6.678664972775195,49.810979662023961],[6.678662822478749,49.811024596817632],[6.678593370547143,49.811023205010706],[6.678595520907782,49.810978270219231],[6.67852606904578,49.810976878372905],[6.678523918620947,49.811021813162192],[6.678454466700158,49.811020421272083],[6.678452316205725,49.811065356058741],[6.678382864226151,49.811063964124834],[6.678380713662118,49.81110889890887],[6.678311261623758,49.81110750693118],[6.678313412251986,49.811062572149339],[6.67824396028323,49.81106118013227],[6.678246110970245,49.811016245352207],[6.678315562874807,49.811017637367094],[6.678317713492221,49.810972702584415],[6.678319864104229,49.810927767801317],[6.678250412328053,49.810926375790842],[6.678252562998846,49.810881441009528],[6.678322014710828,49.8108828330178],[6.678391466428219,49.810884224984498],[6.678460918151019,49.810885616909594],[6.678463068623826,49.81084068212126],[6.67853252028784,49.810842074002572],[6.678530369879226,49.810887008793102]],[[6.679088133794653,49.810853207555837],[6.679157585507338,49.810854599062829],[6.679159735332807,49.810809664252091],[6.679229186986706,49.810811055715313],[6.679227037225431,49.81085599052826],[6.679296488948931,49.810857381952076],[6.679365940677838,49.810858773334317],[6.679363791039544,49.810903708151237],[6.679361641395845,49.810948642967745],[6.67929218953855,49.810947251581105],[6.679290039825254,49.810992186394998],[6.679287890106552,49.811037121208464],[6.679218438126279,49.811035729775845],[6.679148986151412,49.811034338301631],[6.6791511359985,49.81098940349257],[6.679081684093234,49.810988011978964],[6.679083833999112,49.810943077171665],[6.679088133794653,49.810853207555837]],[[6.679357342092235,49.811038512599488],[6.679355192432323,49.811083447414745],[6.679285740382447,49.811082056021519],[6.679287890106552,49.811037121208464],[6.679357342092235,49.811038512599488]],[[6.679424644487604,49.811084838766398],[6.679422494886482,49.811129773583424],[6.679353042767006,49.811128382229583],[6.679355192432323,49.811083447414745],[6.679424644487604,49.811084838766398]],[[6.67907523434317,49.811122816398324],[6.679005782250728,49.811121424836536],[6.679007932237017,49.81107649003269],[6.679010082217899,49.811031555228439],[6.679079534181951,49.811032946785836],[6.679077384265263,49.811077881592297],[6.67907523434317,49.811122816398324]],[[6.679144686441017,49.811124207918525],[6.679142536577714,49.811169142726342],[6.679073084415671,49.811167751203932],[6.67907523434317,49.811122816398324],[6.679144686441017,49.811124207918525]],[[6.678105056361948,49.811058395973333],[6.678174508319884,49.811059788073607],[6.678172357563268,49.811104722851034],[6.678102905541138,49.811103330748573],[6.678105056361948,49.811058395973333]],[[6.678241809590809,49.811106114911901],[6.67823965889298,49.811151049691119],[6.678309110990124,49.811152441712601],[6.678378563092678,49.811153833692494],[6.67837641251783,49.811198768475691],[6.678374261937575,49.811243703258491],[6.678372111351915,49.811288638040843],[6.678441563652459,49.811290029985742],[6.678439413125586,49.811334964769891],[6.678369960760846,49.81133357282279],[6.678300508401517,49.811332180834093],[6.678302659056778,49.811287246054349],[6.678233206767051,49.811285854026274],[6.678231056047593,49.811330788803822],[6.678161603699081,49.811329396731942],[6.678159452910021,49.811374331506876],[6.678090000502724,49.811372939391219],[6.678092151355978,49.811328004618488],[6.678094302203825,49.811283069845338],[6.678163754482733,49.811284461956596],[6.678165905260978,49.811239527180852],[6.678168056033815,49.811194592404654],[6.678170206801245,49.81114965762805],[6.678172357563268,49.811104722851034],[6.678241809590809,49.811106114911901]],[[6.678586919432788,49.811158009382623],[6.678517467314009,49.811156617527509],[6.678519617755061,49.811111682739487],[6.678521768190707,49.811066747951045],[6.678591220181097,49.811068139801769],[6.678589069809647,49.811113074592406],[6.678586919432788,49.811158009382623]],[[6.678656371556976,49.81115940119615],[6.678725823686571,49.811160792968082],[6.678723673432696,49.811205727762292],[6.678654221238906,49.811204335988151],[6.678584769050524,49.811202944172415],[6.678586919432788,49.811158009382623],[6.678656371556976,49.81115940119615]],[[6.679769755564958,49.811136729728773],[6.679767606279403,49.811181664556379],[6.679698154068701,49.81118027340829],[6.67970030341845,49.811135338582886],[6.679769755564958,49.811136729728773]],[[6.679696004713549,49.811225208233282],[6.679626552444058,49.811223817041395],[6.679557100179974,49.811222425807934],[6.679554950691028,49.811267360628115],[6.679485498368155,49.811265969350856],[6.679487647921297,49.811221034532863],[6.679489797469033,49.81117609971448],[6.679491947011364,49.81113116489567],[6.679561399141654,49.811132556166335],[6.679630851277349,49.811133947395412],[6.679628701863406,49.811178882218613],[6.679698154068701,49.81118027340829],[6.679696004713549,49.811225208233282]],[[6.6779618505585,49.811145481189293],[6.678031302634005,49.811146873377133],[6.678100754714921,49.811148265523393],[6.678098603883296,49.811193200297794],[6.678029151738187,49.811191808149339],[6.677959699598488,49.811190415959302],[6.6779618505585,49.811145481189293]],[[6.677102604953311,49.811667988586677],[6.67703315217781,49.811666595831745],[6.677031000318354,49.811711530568118],[6.676961547484069,49.811710137769396],[6.676892094655195,49.811708744929099],[6.676894246643043,49.811663810197139],[6.676896398625479,49.81161887546476],[6.676898550602504,49.811573940731954],[6.676968003238791,49.811575333565656],[6.676970155146211,49.811530398830236],[6.677039607723716,49.811531791620148],[6.677037455880489,49.811576726357764],[6.677035304031855,49.811621661094975],[6.677104756743161,49.81162305384769],[6.677102604953311,49.811667988586677]],[[6.675483659525133,49.812085291561402],[6.675414206232193,49.812083897827868],[6.675344752944667,49.812082504052739],[6.675346906393544,49.81203756937299],[6.675416359616873,49.812038963145916],[6.675485812845618,49.812040356877247],[6.675483659525133,49.812085291561402]],[[6.671737938258071,49.813359403196337],[6.671735781367073,49.813404337750661],[6.671666326371253,49.813402941744421],[6.671596871380857,49.813401545696578],[6.671599028400257,49.813356611146666],[6.671668483326452,49.813358007192292],[6.671670640276226,49.813313072639758],[6.671740095143645,49.813314468641593],[6.671737938258071,49.813359403196337]],[[6.683742083016618,49.77743777417755],[6.683811487187147,49.777439162219402],[6.683809344197296,49.777484097438062],[6.683739939962693,49.777482709394],[6.683742083016618,49.77743777417755]],[[6.707236778154889,49.783032759208751],[6.707234656407674,49.783077695124007],[6.707165243039242,49.783076320998426],[6.707167364850558,49.783031385085337],[6.707236778154889,49.783032759208751]],[[6.707163121222595,49.783121256911102],[6.7070937077954,49.783119882741786],[6.707095829676146,49.783074946831292],[6.707165243039242,49.783076320998426],[6.707163121222595,49.783121256911102]],[[6.706399573816872,49.783106138763429],[6.706401696338605,49.783061202874634],[6.70647110964835,49.783062577457287],[6.706473232100649,49.78301764156592],[6.706542645351632,49.783019016104831],[6.706612058607949,49.783020390602211],[6.706609936283847,49.783065326497926],[6.706607813954411,49.783110262393222],[6.706538400569896,49.783108887891515],[6.706468987190716,49.783107513348241],[6.706399573816872,49.783106138763429]],[[6.705913680349389,49.783096515506259],[6.705911557373633,49.783141451379414],[6.705842143978385,49.783140076460008],[6.705844267018239,49.783095140589033],[6.705774853692426,49.783093765630262],[6.705776976791045,49.783048829761022],[6.705707563534668,49.783047454762865],[6.705709686692049,49.783002518895394],[6.705779099884328,49.783003893891383],[6.705848513081945,49.783005268845812],[6.705846390052759,49.78305020471764],[6.705915803319812,49.783051579632676],[6.705913680349389,49.783096515506259]],[[6.706742396320969,49.783202883070018],[6.706811809849689,49.783204257451423],[6.706809687696549,49.783249193351992],[6.706740274103732,49.783247818968412],[6.706742396320969,49.783202883070018]],[[6.69917422450636,49.78309776205888],[6.699176353710299,49.783052826397622],[6.699245766656528,49.78305420530809],[6.699243637516686,49.78309914097153],[6.69917422450636,49.78309776205888]],[[6.707709943563441,49.783311992485665],[6.707640529837178,49.783310618640094],[6.707642651226458,49.783265682713896],[6.707712064888621,49.783267056557307],[6.707709943563441,49.783311992485665]],[[6.699731657429985,49.783063856517941],[6.699729528738823,49.783108792196629],[6.699798941791965,49.783110170776879],[6.699796813159552,49.783155106457308],[6.699727400042314,49.783153727874897],[6.699725271340454,49.783198663552746],[6.699655858164469,49.783197284926594],[6.699653729393162,49.783242220601856],[6.699584316158431,49.783240841931978],[6.699514902929051,49.783239463220546],[6.6995127740242,49.783284398891034],[6.699443360736074,49.783283020135862],[6.699441231761774,49.783327955803756],[6.699371818414903,49.783326577004864],[6.699369689371155,49.783371512670143],[6.699300275965538,49.783370133827532],[6.699298146852341,49.783415069490225],[6.699228733387979,49.783413690603872],[6.699159319928969,49.783412311675974],[6.699157190682223,49.783457247333885],[6.699087777164468,49.783455868362267],[6.699085647848275,49.783500804017578],[6.699016234271773,49.783499425002226],[6.699018363652066,49.783454489349083],[6.699022622396598,49.783364618041553],[6.698953209017746,49.783363238991178],[6.698955338446083,49.783318303338966],[6.699024751760838,49.783319682387159],[6.699094165080945,49.783321061393799],[6.699163578406404,49.783322440358894],[6.699165707637097,49.783277504699733],[6.699235120903814,49.783278883621087],[6.699237250065058,49.783233947959324],[6.699306663273027,49.783235326836959],[6.699308792364824,49.783190391172589],[6.69923937922095,49.783189012297129],[6.699241508371493,49.783144076634542],[6.699380334536396,49.783146834339533],[6.699382463553392,49.783101898672165],[6.69938459256504,49.78305696300437],[6.699386721571337,49.783012027336163],[6.699456134469524,49.783013406119807],[6.699525547373065,49.783014784861884],[6.699523418494961,49.783059720534453],[6.69959283146795,49.783061099237173],[6.699662244446291,49.783062477898333],[6.699731657429985,49.783063856517941]],[[6.698807993574392,49.783495287706828],[6.69881012314698,49.783450352060235],[6.698879536643322,49.78345173119807],[6.698877407134832,49.783496666846844],[6.69887527762099,49.78354160249522],[6.698805863996451,49.783540223353029],[6.698807993574392,49.783495287706828]],[[6.69721361420908,49.783418620421948],[6.697211483162228,49.783463556018397],[6.697209352110021,49.783508491614448],[6.697139938614018,49.783507111475018],[6.697142069730322,49.783462175881155],[6.697144200841272,49.78341724028688],[6.69721361420908,49.783418620421948]],[[6.699914354073717,49.783607220322587],[6.699983767847995,49.78360859880214],[6.699985896341603,49.783563663119331],[6.700055310057133,49.783565041555143],[6.700053181627624,49.783609977240133],[6.700051053192766,49.783654912924696],[6.699981639349039,49.783653534484522],[6.699979510844733,49.783698470166499],[6.699910096942256,49.783697091682598],[6.699840683045132,49.783695713157137],[6.699842811677637,49.783650777479515],[6.699912225510661,49.783652156002795],[6.699914354073717,49.783607220322587]],[[6.699767011744101,49.783784205939746],[6.699697597729481,49.783782827326817],[6.699628183720211,49.783781448672357],[6.699630312555714,49.783736513002104],[6.699699726500883,49.783737891654397],[6.699701855266937,49.783692955981557],[6.699771269153358,49.783694334590116],[6.699769140451405,49.783739270265151],[6.699767011744101,49.783784205939746]],[[6.699556640811341,49.783825005643997],[6.699487226748676,49.78382362690423],[6.699485097774272,49.783868562569303],[6.69941568365286,49.783867183785809],[6.699346269536799,49.783865804960783],[6.699348398639402,49.783820869300072],[6.699350527736654,49.783775933638957],[6.699419941724515,49.783777312459641],[6.699558769716293,49.783780069976338],[6.699556640811341,49.783825005643997]],[[6.697747615762807,49.783879016126832],[6.697749746345059,49.783834080516677],[6.697819160337967,49.783835460297411],[6.697817029819816,49.78388039590974],[6.697747615762807,49.783879016126832]],[[6.705208929141011,49.783307443717113],[6.705206805497587,49.783352379566452],[6.705204681848826,49.783397315415371],[6.705274095580626,49.783398690721775],[6.705271971990628,49.783443626572449],[6.705269848395293,49.783488562422711],[6.705339262260631,49.783489937691911],[6.70533713872406,49.783534873543914],[6.705406552658837,49.783536248773743],[6.705404429181029,49.783581184627508],[6.705473843185245,49.783582559817944],[6.705543257194798,49.783583934966842],[6.705541133839854,49.783628870824536],[6.705539010479574,49.783673806681826],[6.705608424622667,49.783675181793512],[6.705606301321152,49.78372011765255],[6.705675715533684,49.783721492724844],[6.705673592290934,49.78376642858565],[6.705743006572904,49.783767803618574],[6.705740883388919,49.783812739481121],[6.705738760199597,49.783857675343263],[6.70573663700494,49.783902611204972],[6.705734513804948,49.783947547066283],[6.705803928348661,49.783948922066351],[6.705801805207434,49.78399385792941],[6.705799682060872,49.784038793792043],[6.705797558908974,49.784083729654263],[6.70586697365033,49.784085104619294],[6.705864850557199,49.784130040483277],[6.705862727458733,49.784174976346833],[6.70586060435493,49.784219912209991],[6.705930019293931,49.784221287139971],[6.705927896248896,49.784266223004884],[6.705925773198526,49.784311158869357],[6.70599518827107,49.784312533762147],[6.705993065279467,49.784357469628389],[6.705990942282529,49.78440240549422],[6.705986696272648,49.784492277224608],[6.705984573259705,49.78453721308918],[6.706053988658103,49.784538587951282],[6.706051865703928,49.784583523817609],[6.706049742744418,49.784628459683518],[6.706047619779573,49.784673395549014],[6.705978204188863,49.784672020680389],[6.705908788603492,49.784670645770227],[6.705906665505103,49.784715581630962],[6.705904542401379,49.784760517491272],[6.705902419292319,49.784805453351176],[6.705971835070004,49.784806828267875],[6.705969712019713,49.784851764129513],[6.705967588964088,49.784896699990753],[6.705965465903127,49.784941635851574],[6.705896049933127,49.784940260928366],[6.705893926802726,49.7849851967866],[6.705824510773958,49.784983821819658],[6.705685678732439,49.784981071761131],[6.705687802055156,49.784936135909426],[6.705689925372537,49.784891200057288],[6.705620509487995,49.784889824970044],[6.705622632864145,49.784844889119668],[6.705624756234958,49.784799953268895],[6.705626879600436,49.78475501741768],[6.705557463913546,49.784753642295392],[6.705559587337791,49.78470870644594],[6.705561710756701,49.784663770596083],[6.705492295203357,49.784662395436591],[6.705494418681035,49.784617459588475],[6.705496542153376,49.784572523739946],[6.705498665620381,49.784527587890999],[6.705429250264686,49.784526212696477],[6.705431373790458,49.784481276849277],[6.705433497310893,49.78443634100168],[6.705435620825993,49.78439140515367],[6.705437744335754,49.784346469305227],[6.705368329241812,49.784345094077842],[6.705370452810341,49.784300158231154],[6.705372576373532,49.784255222384061],[6.705303161413134,49.784253847119466],[6.705305285035092,49.784208911274121],[6.705307408651714,49.784163975428342],[6.705237993824858,49.784162600126557],[6.705240117500245,49.784117664282562],[6.705242241170295,49.784072728438133],[6.705172826476984,49.784071353099137],[6.705174950205799,49.784026417256456],[6.705177073929275,49.783981481413385],[6.705179197647417,49.783936545569887],[6.705109783151749,49.783935170195846],[6.705111906928654,49.783890234354104],[6.705114030700223,49.783845298511949],[6.705044616338098,49.783843923100704],[6.705046740168429,49.783798987260298],[6.704977325875744,49.783797611809682],[6.70497944976484,49.78375267597103],[6.704981573648597,49.783707740131973],[6.704912159489454,49.783706364644146],[6.704914283431973,49.783661428806838],[6.704916407369158,49.783616492969117],[6.704846993343555,49.783615117444093],[6.7048491173395,49.783570181608127],[6.704851241330108,49.783525245771735],[6.704781827438045,49.783523870209514],[6.704783951487415,49.783478934374884],[6.704786075531448,49.783433998539834],[6.704716661772923,49.783432622940403],[6.704718785875718,49.783387687107115],[6.704649372186632,49.783386311468298],[6.704651496348188,49.78334137563678],[6.704653620504406,49.783296439804822],[6.70458420694886,49.783295064128794],[6.704586331163839,49.783250128298612],[6.70458845537348,49.783205192468003],[6.704657868800829,49.783206568139676],[6.704659992941033,49.783161632306474],[6.704729406309624,49.783163007934412],[6.704731530380392,49.783118072098631],[6.704800943690223,49.78311944768285],[6.704870357005395,49.783120823225524],[6.704872480942628,49.783075887384967],[6.70494189419904,49.783077262883914],[6.704939770325906,49.783122198726637],[6.704937646447434,49.783167134568949],[6.705007059837383,49.783168510030691],[6.705004936017672,49.783213445874757],[6.705074349477059,49.783214821297115],[6.705072225716111,49.783259757142936],[6.705141639244936,49.783261132525922],[6.705139515542748,49.783306068373513],[6.705208929141011,49.783307443717113]],[[6.701463291838119,49.786111757030213],[6.701465419151454,49.786066821320269],[6.701396001792525,49.786065443678851],[6.701398129164622,49.786020507970662],[6.701328711875152,49.786019130289858],[6.70133083930601,49.785974194583432],[6.701332966731522,49.785929258876585],[6.701335094151688,49.785884323169334],[6.701265677059889,49.785882945453508],[6.701267804538817,49.785838009748005],[6.701269932012399,49.785793074042083],[6.701272059480632,49.785748138335748],[6.701274186943519,49.785703202628994],[6.701204770113499,49.785701824880327],[6.701206897635147,49.785656889175328],[6.701209025151448,49.785611953469925],[6.701211152662403,49.785567017764095],[6.701213280168011,49.785522082057838],[6.701282696741605,49.785523459797801],[6.70128482417776,49.785478524088965],[6.701354240692597,49.785479901785195],[6.701356368059299,49.785434966073758],[6.701286951608568,49.785433588379711],[6.701289079034031,49.785388652670036],[6.701219662652756,49.785387274936603],[6.701221790136977,49.785342339228698],[6.701223917615852,49.785297403520367],[6.701226045089382,49.785252467811603],[6.701156628905771,49.785251090043161],[6.70108721272751,49.785249712233153],[6.701089340323902,49.785204776528339],[6.701158756438058,49.785206154336173],[6.701160883965,49.785161218628765],[6.701163011486593,49.785116282920946],[6.701165139002841,49.785071347212707],[6.701167266513743,49.785026411504056],[6.701169394019296,49.784981475794979],[6.701030562437381,49.784978720159536],[6.701028434803618,49.785023655864265],[6.70095901895658,49.785022277982037],[6.700961146654448,49.78497734227949],[6.70096327434697,49.78493240657653],[6.700893858633489,49.784931028657113],[6.700895986384767,49.784886092955908],[6.700826570740739,49.784884714997112],[6.700828698550773,49.784839779297677],[6.7007592829762,49.784838401299503],[6.700761410844991,49.784793465601808],[6.700691995339871,49.78479208756427],[6.700694123267418,49.784747151868352],[6.700763538708435,49.784748529903723],[6.700765666566531,49.784703594205205],[6.700835081948794,49.784704972196856],[6.700904497336407,49.784706350146948],[6.700906625060949,49.784661414443647],[6.700976040389808,49.784662792350012],[6.7009781680449,49.784617856644132],[6.700908752780144,49.784616478739956],[6.700910880493993,49.784571543035831],[6.700980295694644,49.784572920937848],[6.701049710900646,49.78457429879829],[6.701051838480941,49.784529363089398],[6.70105396605589,49.784484427380079],[6.701123381139035,49.784485805194628],[6.701125508644534,49.784440869482722],[6.701194923668925,49.784442247253537],[6.701197051104976,49.784397311539038],[6.701266466070614,49.784398689266112],[6.701335881041599,49.784400066951648],[6.701338008344099,49.784355131232381],[6.701407423256329,49.784356508874176],[6.701476838173908,49.784357886474417],[6.701474710999613,49.784402822198047],[6.701405296017931,49.784401444595623],[6.701403168774188,49.784446380316666],[6.701401041525099,49.784491316037268],[6.701470456634985,49.784492693644047],[6.701539871750218,49.784494071209281],[6.70153774462399,49.784539006933819],[6.701468329444653,49.784537629366419],[6.701466202248975,49.784582565088371],[6.701535617492413,49.784583942657953],[6.701533490355494,49.784628878381675],[6.701531363213228,49.784673814104963],[6.701600778590221,49.784675191637355],[6.701598651506712,49.784720127362412],[6.701668066953157,49.784721504855412],[6.701665939928407,49.784766440582217],[6.701663812898311,49.784811376308632],[6.701733228478312,49.784812753764427],[6.701731101506975,49.78485768949259],[6.701661685862871,49.784856312034613],[6.701659558822085,49.784901247760168],[6.701657431775953,49.784946183485317],[6.701726847548264,49.784947560947664],[6.701724720560893,49.784992496674569],[6.701655304724476,49.784991119210055],[6.701653177667653,49.785036054934366],[6.701722593568174,49.785037432401055],[6.701792009474043,49.785038809826197],[6.70186142538526,49.785040187209781],[6.701857171640207,49.785130058670212],[6.701855044759664,49.785174994399803],[6.701924460868543,49.785176371748364],[6.701922334046759,49.785221307479716],[6.701852917873775,49.785219930128982],[6.70178350170614,49.785218552736687],[6.7017813747508,49.785263488463265],[6.701850790982542,49.785264865857734],[6.701848664085962,49.785309801586074],[6.701779247790116,49.785308424189438],[6.701709831499614,49.78530704675125],[6.701707704469479,49.785351982474822],[6.701777120824085,49.785353359915185],[6.701846537184039,49.785354737314009],[6.70184441027677,49.78539967304151],[6.701913826706177,49.785401050400949],[6.70198324314093,49.785402427718829],[6.701981116356529,49.785447363450281],[6.701978989566783,49.7854922991813],[6.702048406135096,49.785493676461982],[6.702046279404112,49.78553861219477],[6.702044152667781,49.785583547927132],[6.702042025926107,49.785628483659089],[6.702111442692087,49.785629860904756],[6.702109316009175,49.785674796638467],[6.702107189320919,49.785719732371753],[6.702105062627317,49.785764668104626],[6.702174479590965,49.785766045315263],[6.702168099670417,49.785900852517919],[6.702165973019546,49.785945788251297],[6.702096555799466,49.785944411031963],[6.702027138584736,49.785943033771055],[6.702025011800303,49.785987969499686],[6.702022885010525,49.786032905227877],[6.701953467672923,49.786031527921068],[6.701884050340669,49.786030150572707],[6.701881923417331,49.786075086296137],[6.701877669554618,49.786164957741732],[6.701947087079197,49.786166335096631],[6.702016504609124,49.786167712409963],[6.702014377797968,49.786212648136477],[6.701944960203932,49.786211270820971],[6.701875542615243,49.786209893463912],[6.701806125031901,49.786208516065287],[6.701808252035384,49.786163580345296],[6.701669417012961,49.786160825427743],[6.701599999509772,49.786159447906634],[6.701602126700236,49.786114512192746],[6.701532709266504,49.786113134632259],[6.701463291838119,49.786111757030213]],[[6.701803998023072,49.786253451784866],[6.701665162744213,49.786250696858609],[6.70166728988126,49.786205761143385],[6.701806125031901,49.786208516065287],[6.701803998023072,49.786253451784866]],[[6.702018631414937,49.786122776683008],[6.701949213949118,49.786121399371851],[6.701951340813693,49.786076463646673],[6.702020758215403,49.786077840955649],[6.702018631414937,49.786122776683008]],[[6.701728199130083,49.78638688149222],[6.701797616964514,49.786388258941109],[6.701799743989379,49.786343323222773],[6.701869161765048,49.786344700627922],[6.701938579546064,49.786346077991517],[6.702007997332428,49.78634745531356],[6.702077415124139,49.786348832594044],[6.702079541887221,49.786303896866592],[6.702148959620169,49.786305274103341],[6.702218377358465,49.786306651298545],[6.702216250723602,49.786351587030346],[6.702214124083395,49.786396522761727],[6.702211997437841,49.786441458492703],[6.702209870786945,49.78648639422326],[6.70214045279221,49.786485017019359],[6.702138326071859,49.786529952747323],[6.702068908018362,49.786528575499688],[6.701999489970211,49.786527198210493],[6.701997363116295,49.786572133933682],[6.701927945009381,49.78657075660076],[6.701858526907816,49.786569379226279],[6.701789108811598,49.786568001810245],[6.701719690720727,49.786566624352659],[6.701717563605024,49.786611560066724],[6.701648145455392,49.786610182565397],[6.701650272635205,49.786565246853513],[6.701580854555029,49.786563869312808],[6.701582981793607,49.786518933602693],[6.701652399809672,49.78652031114121],[6.701654526978793,49.786475375428488],[6.701723944936096,49.786476752923278],[6.701726072035762,49.786431817207962],[6.701728199130083,49.78638688149222]],[[6.702066781228555,49.786573511225043],[6.702064654433403,49.786618446950001],[6.701995236257033,49.786617069656451],[6.701997363116295,49.786572133933682],[6.702066781228555,49.786573511225043]],[[6.701578727311107,49.786608805022524],[6.70150930917217,49.786607427438092],[6.701511436480204,49.786562491730557],[6.701580854555029,49.786563869312808],[6.701578727311107,49.786608805022524]],[[6.701917310339068,49.786795435199572],[6.70184789191695,49.78679405781422],[6.701778473500178,49.786792680387293],[6.701709055088755,49.786791302918822],[6.701706927946323,49.786836238630784],[6.701637509476136,49.786834861118592],[6.701639636682679,49.78678992540879],[6.701641763883877,49.786744989698562],[6.70171118222584,49.786746367206419],[6.701780600573152,49.786747744672724],[6.701782727640783,49.786702808957727],[6.701852145929332,49.786704186380291],[6.701921564223229,49.786705563761302],[6.701990982522474,49.786706941100753],[6.702060400827066,49.786708318398645],[6.702062527632907,49.786663382674533],[6.702131945878736,49.786664759928691],[6.702201364129911,49.786666137141296],[6.702340200648303,49.786668891441849],[6.702338074098904,49.786713827174665],[6.702268655772924,49.786712450042998],[6.702266529154072,49.786757385773228],[6.702197110769326,49.786756008597827],[6.702127692389929,49.786754631380866],[6.702058274015879,49.786753254122345],[6.702056147199348,49.786798189845619],[6.701986728766535,49.786796812543379],[6.701917310339068,49.786795435199572]],[[6.701973967370432,49.787066426861237],[6.701904548558296,49.787065049504378],[6.701906675535121,49.787020113787946],[6.701837256792446,49.787018736391701],[6.701698419323137,49.787015981474546],[6.701629000596505,49.787014603953637],[6.701626873363232,49.78705953966135],[6.701557454577834,49.787058162096699],[6.70155958187522,49.78701322639116],[6.701561709167259,49.786968290685195],[6.701631127824431,49.78696966824549],[6.701633255047012,49.786924732536939],[6.701702673645422,49.786926110053507],[6.701704800798545,49.786881174342362],[6.701774219338191,49.786882551815189],[6.701843637883185,49.786883929246457],[6.701913056433526,49.786885306636172],[6.701915183388969,49.786840370918078],[6.701984601880548,49.78684174826406],[6.702054020377472,49.786843125568488],[6.702123438879744,49.78684450283135],[6.702125565637509,49.786799567106321],[6.702194984081018,49.786800944325456],[6.702264402529873,49.786802321503032],[6.70226227590033,49.786847257232424],[6.702331694418642,49.786848634370628],[6.702333820984073,49.786803698639069],[6.702403239443622,49.786805075733525],[6.702472657908516,49.786806452786443],[6.702470531471308,49.786851388522351],[6.702401112942303,49.786850011467266],[6.702398986435638,49.786894947200608],[6.702396859923629,49.78693988293351],[6.702327441271747,49.786938505832516],[6.702258022625212,49.786937128689964],[6.702255895979635,49.786982064418098],[6.702186477274334,49.786980687231811],[6.70211705857438,49.786979310003964],[6.702114931795236,49.787024245727345],[6.702045513036516,49.787022868455772],[6.701976094283147,49.787021491142646],[6.701973967370432,49.787066426861237]],[[6.701490163159283,49.787011848787131],[6.701420744448697,49.787010471141549],[6.701422871868959,49.786965535439933],[6.701492290515434,49.786966913083347],[6.701490163159283,49.787011848787131]],[[6.70203275186473,49.787292482774184],[6.701963332726685,49.787291105447991],[6.701893913593988,49.787289728080246],[6.701824494466639,49.787288350670934],[6.701826621534303,49.787243414958766],[6.701896040597542,49.787244792365897],[6.701898167595749,49.787199856651142],[6.701967586600221,49.787201234014539],[6.70196971352897,49.787156298297191],[6.702039132474678,49.787157675616854],[6.70203700561004,49.787202611336383],[6.702106424625208,49.787203988616653],[6.702104297819339,49.787248924337938],[6.702102171008124,49.78729386005881],[6.70203275186473,49.787292482774184]],[[6.687750069775666,49.804144820568652],[6.687680627240674,49.804143434346109],[6.687682768667387,49.804098499212351],[6.687684910088719,49.804053564078181],[6.68775435249537,49.80405495029634],[6.687752211138209,49.804099885432706],[6.687750069775666,49.804144820568652]],[[6.687819512316042,49.804146206749607],[6.687817371012287,49.80419114188733],[6.687815229703148,49.80423607702464],[6.687745787034428,49.804234690839301],[6.687747928407739,49.804189755704179],[6.687750069775666,49.804144820568652],[6.687819512316042,49.804146206749607]],[[6.689550129819291,49.805754964424104],[6.689552269637486,49.805710029243642],[6.689554409450301,49.805665094062768],[6.689623854253758,49.805666479193292],[6.689621714505118,49.805711414376354],[6.6896195747511,49.80575634955899],[6.689550129819291,49.805754964424104]],[[6.689547989995718,49.805799899604132],[6.689478545005114,49.805798514425462],[6.689409100019891,49.805797129205217],[6.689411239971819,49.805752194029559],[6.689480684892865,49.805753579247622],[6.689550129819291,49.805754964424104],[6.689547989995718,49.805799899604132]],[[6.689265929888888,49.805884228981263],[6.689196484791458,49.805882843631878],[6.689198624946677,49.80583790846363],[6.68926806997993,49.805839293810806],[6.689265929888888,49.805884228981263]],[[6.68102562627874,49.809587652307876],[6.680956176287072,49.809586261945938],[6.68095832435109,49.809541327068082],[6.681027774278569,49.809542717427831],[6.68102562627874,49.809587652307876]],[[6.680810831710359,49.8097182857151],[6.680880281883789,49.809719676166814],[6.680878133733982,49.809764611040784],[6.680808683496363,49.809763220586881],[6.680810831710359,49.8097182857151]],[[6.680947583977003,49.809766001453106],[6.680945435885985,49.809810936328851],[6.680875985578773,49.809809545914341],[6.680878133733982,49.809764611040784],[6.680947583977003,49.809766001453106]],[[6.680873837418164,49.809854480787465],[6.680804387052166,49.809853090329163],[6.680806535276965,49.809808155458235],[6.680875985578773,49.809809545914341],[6.680873837418164,49.809854480787465]],[[6.681153786840036,49.809815107322883],[6.681149491026938,49.809904977086319],[6.681080040575139,49.80990358679216],[6.681082188548578,49.809858651912855],[6.681084336516617,49.809813717033123],[6.681153786840036,49.809815107322883]],[[6.680661189613817,49.809940179019613],[6.680663337977798,49.809895244153907],[6.680732788397179,49.809896634697587],[6.680730640097389,49.809941569565488],[6.680661189613817,49.809940179019613]],[[6.680800090586366,49.809942960069783],[6.680802238821966,49.809898025199686],[6.680871689252155,49.809899415660183],[6.680869541080745,49.809944350532483],[6.680800090586366,49.809942960069783]],[[6.680934695349886,49.81003561070132],[6.680936843467906,49.809990675827663],[6.681006294037282,49.809992066209382],[6.681004145983453,49.810037001085227],[6.680934695349886,49.81003561070132]],[[6.680505100529537,49.810296876678485],[6.680574551515831,49.810298267325123],[6.680644002507528,49.810299657930166],[6.680646150914717,49.810254723067814],[6.680715601847628,49.810256113629073],[6.680713453504628,49.810301048493628],[6.680711305156229,49.81034598335777],[6.680641854094937,49.810344592792099],[6.680639705676944,49.810389527653626],[6.680570254556863,49.810388137044178],[6.680568106069277,49.810433071903084],[6.680498654890408,49.810431681249852],[6.680502951988562,49.810341811536027],[6.680505100529537,49.810296876678485]],[[6.680353306475983,49.810563704373038],[6.68028385512075,49.810562313588441],[6.68028600388131,49.810517378739597],[6.680288152636468,49.810472443890326],[6.680357603863317,49.810473834670518],[6.68042705509557,49.810475225409121],[6.680424906468796,49.810520160262797],[6.680422757836621,49.81056509511604],[6.680353306475983,49.810563704373038]],[[6.713440389093686,49.78113139414814],[6.713370978204908,49.781130023778722],[6.713373094130873,49.78108508765564],[6.713442504955558,49.781086458022884],[6.713440389093686,49.78113139414814]],[[6.712994295832432,49.781752276836265],[6.712996412153314,49.781707340729831],[6.712998528468876,49.781662404623006],[6.713000644779121,49.781617468515748],[6.712931233217234,49.781616097873204],[6.712933349586255,49.781571161767694],[6.712935465949958,49.781526225661771],[6.713004877383657,49.781527596299973],[6.713074288822676,49.78152896689663],[6.713076405052873,49.781484030785947],[6.713145816433117,49.781485401338891],[6.713143700267015,49.781530337451741],[6.713213111716675,49.781531707965293],[6.713210995609349,49.781576644079877],[6.713208879496706,49.781621580194049],[6.713139467918857,49.781620209676163],[6.713137351736801,49.781665145787755],[6.713206763378745,49.781666516307808],[6.713204647255466,49.781711452421156],[6.713202531126869,49.78175638853407],[6.713133119356736,49.781755018009697],[6.713135235549428,49.781710081898929],[6.713065823848711,49.781708711335149],[6.713063707591925,49.781753647443757],[6.712994295832432,49.781752276836265]],[[6.708648370127422,49.782565937378287],[6.708717782838658,49.782567310605252],[6.708715662496129,49.782612246570679],[6.708646249720796,49.782610873341547],[6.708576836950794,49.782609500070862],[6.708578957421516,49.782564564109776],[6.708648370127422,49.782565937378287]],[[6.712604903170656,49.782644145000027],[6.712674316185476,49.78264551585859],[6.712743729205616,49.7826468866756],[6.712745845825159,49.782601950583995],[6.712815258786522,49.782603321357286],[6.712884671753206,49.782604692089024],[6.71295408472521,49.782606062779216],[6.712951968297961,49.782650998877322],[6.713021381339384,49.782652369528122],[6.71309079438613,49.782653740137377],[6.713092910685182,49.782608804034943],[6.713095026978916,49.782563867932105],[6.713164439902785,49.782565238495479],[6.713166556127103,49.782520302390054],[6.713168672346103,49.782475366284217],[6.713238085147096,49.782476736801698],[6.713235968992194,49.782521672909709],[6.713233852831973,49.782566609017294],[6.713231736666436,49.782611545124475],[6.713301149665042,49.782612915606904],[6.713299033558283,49.782657851715832],[6.713296917446208,49.782702787824341],[6.713294801328815,49.782747723932438],[6.713225388137912,49.782746353443507],[6.713155974952331,49.782744982913023],[6.713153858701422,49.782789919016366],[6.713084445457062,49.78278854844217],[6.713015032218023,49.7827871778264],[6.712876205755906,49.782784436470244],[6.712806792532828,49.782783065729845],[6.712737379315072,49.782781694947886],[6.712667966102638,49.782780324124374],[6.712598552895524,49.782778953259317],[6.712529139693733,49.782777582352701],[6.712459726497261,49.782776211404538],[6.712457609600048,49.782821147485805],[6.712388196344802,49.782819776493923],[6.712318783094877,49.782818405460503],[6.712316666064146,49.782863341537009],[6.712177839452065,49.782860599341149],[6.712108426154009,49.782859228180904],[6.712110543377035,49.782814292110892],[6.712179956610993,49.782815663268977],[6.712182073764602,49.782770727196372],[6.712251486939784,49.782772098310751],[6.712320900120288,49.782773469383564],[6.712323017140378,49.782728533306212],[6.712392430262107,49.782729904335312],[6.712461843389157,49.782731275322853],[6.712463960275731,49.782686339240776],[6.712533373344003,49.782687710184589],[6.712602786417599,49.782689081086872],[6.712604903170656,49.782644145000027]],[[6.708061254278775,49.783228989211423],[6.708130667908834,49.783230362803344],[6.708200081544224,49.783231736353727],[6.708269495184946,49.78323310986255],[6.708338908831001,49.783234483329814],[6.708336788088046,49.783279419278145],[6.708406201803531,49.78328079270603],[6.708404081119348,49.783325728656109],[6.708334667339763,49.783324355226036],[6.708265253565511,49.783322981754431],[6.708263132747798,49.783367917699756],[6.708193718914775,49.783366544184418],[6.708191598027633,49.783411480127164],[6.708261011924755,49.783412853644656],[6.708258891096382,49.78345778958915],[6.708256770262682,49.783502725533218],[6.708326184293335,49.783504099013506],[6.708395598329321,49.783505472452248],[6.70839347761849,49.783550408400252],[6.708324063518404,49.783549034959336],[6.708321942738143,49.783593970904739],[6.70825252857929,49.783592597420103],[6.708254649423649,49.783547661476881],[6.708185235334228,49.783546287952852],[6.708115821250138,49.783544914387278],[6.70811794221737,49.783499978447971],[6.708048528202713,49.783498604843018],[6.708050649228715,49.783453668905452],[6.708120063179273,49.78345504250823],[6.708122184135844,49.783410106568098],[6.708124305087088,49.783365170627533],[6.708126426032999,49.783320234686556],[6.708057012274741,49.783318861090287],[6.707987598521815,49.783317487452464],[6.707989719590597,49.783272551515417],[6.707920305907104,49.783271177838216],[6.707922427034655,49.783226241902909],[6.707991840654049,49.783227615577935],[6.708061254278775,49.783228989211423]],[[6.708950910809124,49.783516458466323],[6.708953031001823,49.783471522500548],[6.709022445021685,49.78347289556315],[6.709020324893088,49.783517831531093],[6.708950910809124,49.783516458466323]],[[6.709577757372455,49.783483878568113],[6.709647171440283,49.783485251256749],[6.709716585513439,49.783486623903833],[6.709714466025847,49.783531559893468],[6.70964505188859,49.783530187244217],[6.709642932331572,49.783575123231273],[6.709573518135544,49.783573750538295],[6.709434689759473,49.783571005027682],[6.70936527557943,49.78356963221006],[6.709363155760681,49.783614568188014],[6.709361035936605,49.783659504165556],[6.709358916107202,49.783704440142671],[6.709289501740186,49.783703067276981],[6.709291621633691,49.783658131302033],[6.709222207336106,49.783656758396951],[6.709224327288384,49.783611822423751],[6.709154913060229,49.783610449479298],[6.70915703307128,49.783565513507853],[6.709087618912557,49.783564140524],[6.709089738982381,49.783519204554317],[6.709159153077005,49.783520577535988],[6.709228567176957,49.783521950476107],[6.709297981282241,49.783523323374666],[6.709300101154434,49.783478387398048],[6.709438929252787,49.783481133066182],[6.709508343309957,49.783482505837924],[6.709577757372455,49.783483878568113]],[[6.710050940876733,49.783763102512616],[6.710048821677693,49.783808038510593],[6.709979407129186,49.783806666056087],[6.709981526392329,49.78376173006027],[6.710050940876733,49.783763102512616]],[[6.709977287860717,49.78385160205147],[6.709907873253438,49.783850229553252],[6.709909992586009,49.783805293560036],[6.709979407129186,49.783806666056087],[6.709977287860717,49.78385160205147]],[[6.708936069311053,49.783831010215053],[6.708938189541048,49.783786074252198],[6.709007604009618,49.783787447329985],[6.709005483843725,49.783832383295007],[6.708936069311053,49.783831010215053]],[[6.70990363457232,49.783940101538455],[6.709834219842164,49.783938728994336],[6.709836339249488,49.783893793004111],[6.709905753915542,49.783895165546056],[6.70990363457232,49.783940101538455]],[[6.709407132533539,49.784155172736824],[6.709409252352112,49.784110236761691],[6.709411372165357,49.784065300786146],[6.709413491973277,49.784020364810196],[6.709415611775868,49.783975428833806],[6.709417731573132,49.783930492857017],[6.709348316880279,49.783929120022037],[6.709350436736318,49.783884184046997],[6.709352556587031,49.783839248071537],[6.709354676432414,49.783794312095672],[6.709424090932962,49.783795684924158],[6.70942197115168,49.78384062090219],[6.70941985136507,49.78388555687981],[6.709489265999151,49.783886929671077],[6.709558680638561,49.783888302420785],[6.7096280952833,49.783889675128947],[6.709625975683668,49.783934611112663],[6.709556560974827,49.783933238402334],[6.709487146271316,49.783931865650452],[6.709485026538154,49.783976801629407],[6.709482906799664,49.784021737607965],[6.709480787055848,49.784066673586096],[6.709550201951668,49.78406804634448],[6.709619616852816,49.784069419061318],[6.709617497231879,49.784114355043357],[6.709548082266627,49.784112982324352],[6.709545962576261,49.784157918303819],[6.709543842880565,49.784202854282867],[6.709613257974023,49.784204227006214],[6.709611138337105,49.784249162987003],[6.709541723179545,49.784247790261489],[6.709472308027314,49.784246417494423],[6.709474427792438,49.784201481517968],[6.709405012709639,49.784200108711524],[6.709407132533539,49.784155172736824]],[[6.708717223553594,49.784051570501319],[6.708647808721736,49.784050197244291],[6.708649929234781,49.784005261292201],[6.708719344002537,49.784006634547062],[6.708717223553594,49.784051570501319]],[[6.708927588337793,49.784010754062294],[6.708929708589101,49.783965818101102],[6.708999123314077,49.783967191187578],[6.709001243495955,49.783922255223807],[6.70907065816216,49.783923628266564],[6.709068538044384,49.783968564232502],[6.709137952780022,49.783969937235874],[6.70913583272102,49.784014873203567],[6.709133712656692,49.784059809170856],[6.709203127525863,49.784061182137002],[6.70920100752031,49.784106118106031],[6.709198887509429,49.784151054074655],[6.70919676749322,49.784195990042853],[6.709127352431739,49.784194617070192],[6.7091252323461,49.784239553035796],[6.709055817225846,49.784238180019408],[6.708986402110923,49.784236806961459],[6.708916987001331,49.784235433861973],[6.708919107279279,49.784190497902884],[6.708849692239119,49.784189124763998],[6.708780277204291,49.784187751583566],[6.708782397605117,49.784142815628392],[6.708786638390784,49.784052943716787],[6.708856053233305,49.78405431689071],[6.708858173554043,49.784009380932098],[6.708927588337793,49.784010754062294]],[[6.709898270630486,49.804674774907873],[6.709828826257419,49.804673401945578],[6.709826705286035,49.804718337773643],[6.709757260854126,49.804716964767593],[6.709759381889688,49.804672028941702],[6.709761502919918,49.804627093115386],[6.709763623944814,49.804582157288657],[6.709833068184192,49.804583530288205],[6.709835189139582,49.80453859445889],[6.709904633320119,49.804539967414669],[6.709902512428906,49.804584903246166],[6.709900391532361,49.804629839077222],[6.709898270630486,49.804674774907873]],[[6.711120713065634,49.80528364738673],[6.711051267762269,49.805282275144734],[6.711049147876788,49.805327211006428],[6.710979702514575,49.805325838720677],[6.710977582559587,49.805370774579806],[6.710908137138527,49.805369402250292],[6.710838691722798,49.805368029879205],[6.710836571634122,49.805412965733552],[6.710767126159546,49.805411593318723],[6.710769246312402,49.805366657466536],[6.710771366459928,49.805321721613936],[6.710701921119043,49.805320349161846],[6.710704041325418,49.805275413310987],[6.710773486602124,49.80527678576091],[6.710775606738991,49.805231849907464],[6.71084505195685,49.805233222313625],[6.710914497180041,49.805234594678218],[6.710916617183221,49.805189658820012],[6.710986062347565,49.805191031140851],[6.710988182281236,49.805146095280065],[6.711057627386733,49.805147467557141],[6.711059747250896,49.805102531693777],[6.711129192297546,49.805103903927098],[6.711198637349528,49.80510527611883],[6.711196517613723,49.805150211986522],[6.711265962735212,49.805151584138855],[6.711263843058256,49.805196520008309],[6.711194397872587,49.805195147853816],[6.711192278126124,49.80524008372069],[6.711122832881605,49.805238711522449],[6.711120713065634,49.80528364738673]],[[6.710346212332214,49.805493229633505],[6.710348332880807,49.80544829379518],[6.710417778387567,49.805449666461683],[6.710415657903153,49.805494602302197],[6.710485103479427,49.805495974929308],[6.710554549061032,49.805497347514809],[6.710623994647971,49.805498720058743],[6.710626114939846,49.805453784211728],[6.710695560467937,49.805455156711901],[6.710693440240242,49.80550009256109],[6.710691320007215,49.805545028409853],[6.710621874350766,49.805543655905339],[6.710619754048229,49.80558859175153],[6.710550308332931,49.805587219203261],[6.710548187960883,49.805632155046858],[6.710478742186739,49.805630782454834],[6.710480862622966,49.805585846613404],[6.710411416918333,49.805584473981959],[6.710341971219033,49.80558310130894],[6.710272525525068,49.805581728594326],[6.710274646148503,49.805536792759],[6.710276766766607,49.805491856923247],[6.710346212332214,49.805493229633505]],[[6.710941542509365,49.806134684120956],[6.71101098902683,49.806136056445752],[6.711013109008238,49.806091120591546],[6.711082555466852,49.806092492872587],[6.71108467537875,49.806047557015809],[6.711086795285318,49.806002621158605],[6.711156241620901,49.806003993393723],[6.711158361457958,49.805959057533933],[6.71122780773469,49.805960429725289],[6.711229927502236,49.805915493862919],[6.711299373720117,49.805916866010527],[6.711368819943329,49.80591823811654],[6.711438266171873,49.805919610180979],[6.711436146596869,49.805964546049857],[6.711434027016539,49.806009481918316],[6.711503473378775,49.806010853945494],[6.711501353857297,49.806055789815716],[6.711570800289046,49.806057161803487],[6.711568680826422,49.806102097675449],[6.711638127327683,49.806103469623793],[6.711636007923913,49.806148405497517],[6.711705454494687,49.806149777406446],[6.71170333514977,49.806194713281918],[6.711701215799525,49.806239649156971],[6.711631769100388,49.806238277243693],[6.711629649680632,49.806283213116167],[6.71162753025555,49.806328148988207],[6.711696977083053,49.806329520905813],[6.711694857716825,49.806374456779608],[6.711625410825138,49.80637308485985],[6.711555963938781,49.806371712898475],[6.711558083433376,49.806326777029014],[6.711488636616532,49.806325405028232],[6.71149075616998,49.806280469160527],[6.711421309422651,49.806279097120331],[6.711351862680652,49.806277725038541],[6.711353982357137,49.806232789174757],[6.711284535684652,49.806231417053546],[6.711215089017498,49.806230044890775],[6.711145642355675,49.806228672686402],[6.711143522486642,49.806273608543677],[6.711074075765967,49.806272236295548],[6.711071955827423,49.806317172150258],[6.711069835883547,49.806362108004542],[6.71100038903984,49.806360735710498],[6.711002509047898,49.806315799858375],[6.711004629050625,49.806270864005846],[6.711006749048023,49.806225928152898],[6.710937302402193,49.806224555823775],[6.710939422458445,49.806179619972575],[6.710941542509365,49.806134684120956]],[[6.710998269026453,49.806405671562189],[6.710996149007737,49.806450607413467],[6.710926702040995,49.806449235073501],[6.710924581952765,49.8064941709222],[6.71085513492717,49.806492798538478],[6.710853014769428,49.806537734384591],[6.710783567684983,49.8065363619571],[6.71071412060587,49.806534989488036],[6.710712000314431,49.806579925329387],[6.710642553176467,49.806578552816561],[6.710640432815514,49.806623488655333],[6.710570985618699,49.806622116098751],[6.710568865188231,49.806667051934937],[6.710499417932565,49.806665679334607],[6.710497297432583,49.8067106151682],[6.710427850118067,49.8067092425241],[6.710425729548567,49.806754178355121],[6.710356282175201,49.80675280566728],[6.710354161536187,49.8067977414957],[6.710284714103969,49.806796368764104],[6.710286834807166,49.806751432937851],[6.710217387444467,49.806750060166827],[6.710219508206517,49.806705124342315],[6.710150060913335,49.806703751531892],[6.710147940087101,49.806748687354222],[6.710145819255533,49.806793623176148],[6.710215266677085,49.806794995990906],[6.710213145904372,49.806839931814579],[6.710143698418635,49.806838558997633],[6.710074250938234,49.806837186139113],[6.71007213003182,49.806882121958026],[6.710002682492568,49.806880749055736],[6.710000561516638,49.806925684872056],[6.709931113918536,49.806924311926018],[6.709861666325768,49.806922938938392],[6.709859545216135,49.806967874749951],[6.709790097564517,49.806966501718563],[6.709787976385369,49.807011437527549],[6.7097185286749,49.807010064452413],[6.709649080969768,49.807008691335689],[6.709646959656914,49.807053627139922],[6.709577511892931,49.807052253979428],[6.709508064134284,49.807050880777368],[6.709505942687728,49.807095816576826],[6.70936704705807,49.807093070043578],[6.709297599251244,49.807091696714579],[6.709228151449754,49.807090323343992],[6.709223908027158,49.807180194924321],[6.70922178630786,49.807225130713846],[6.709152338319149,49.807223757295162],[6.709150216530331,49.807268693082108],[6.709080768482773,49.807267319619662],[6.709082890335776,49.807222383834883],[6.70901344235774,49.807221010333024],[6.708874546417675,49.807218263204547],[6.708805098455648,49.807216889577923],[6.708735650498959,49.807215515909711],[6.708666202547607,49.807214142199925],[6.708596754601593,49.807212768448544],[6.708594632299289,49.807257704218109],[6.708525184294427,49.80725633042298],[6.708455736294901,49.807254956586256],[6.70845361385889,49.807299892351082],[6.708451491417543,49.807344828115482],[6.708382043294985,49.807343454232836],[6.708312595177764,49.807342080308594],[6.708243147065883,49.80734070634275],[6.708173698959341,49.807339332335346],[6.708171576255914,49.807384268090644],[6.708102128090522,49.807382894039471],[6.708032679930471,49.807381519946709],[6.70803480276227,49.807336584195745],[6.708036925588732,49.807291648444384],[6.707967477562389,49.807290274314383],[6.707898029541388,49.807288900142787],[6.707900152490884,49.80724396439534],[6.707830704539407,49.80724259018433],[6.707761256593268,49.807241215931739],[6.707763379665798,49.807196280188215],[6.707693931789185,49.807194905896196],[6.707696054920564,49.807149970154441],[6.707765502732991,49.807151344444279],[6.707767625794846,49.807106408699923],[6.707698178046603,49.80710503441226],[6.707700301167306,49.807060098669659],[6.707702424282671,49.807015162926646],[6.707632976668138,49.807013788601743],[6.707630853488588,49.807058724342575],[6.70756140581521,49.807057349973924],[6.707491958147172,49.807055975563664],[6.707494081455091,49.807011039827174],[6.707424633856578,49.807009665377507],[6.707422510484474,49.807054601111822],[6.707353062827115,49.807053226618407],[6.707355186263404,49.807008290886259],[6.707357309694355,49.806963355153684],[6.707287862170706,49.806961980623015],[6.707289985660504,49.806917044892195],[6.70729210914496,49.80687210916097],[6.70729423262408,49.806827173429312],[6.707296356097861,49.806782237697249],[6.70722690883629,49.806780863133682],[6.707229032368915,49.806735927403388],[6.707233279418152,49.806646055941513],[6.707163832354472,49.806644681342881],[6.707165955935266,49.806599745613489],[6.707235402934764,49.806601120209955],[6.707237526446035,49.806556184477969],[6.707239649951969,49.806511248745572],[6.707241773452565,49.806466313012763],[6.707172326645615,49.806464938422828],[6.707176573759157,49.806375066960285],[6.707246020437741,49.806376441545879],[6.707315467121664,49.806377816089892],[6.707313343695929,49.806422751825714],[6.707382790449375,49.806424126330313],[6.707452237208162,49.806425500793317],[6.70752168397229,49.806426875214754],[6.707591130741757,49.806428249594589],[6.707589007567413,49.806473185338689],[6.707658454406403,49.806474559679096],[6.707656331290903,49.806519495424943],[6.707654208170067,49.806564431170379],[6.707652085043893,49.806609366915389],[6.70772153208077,49.806610741220751],[6.707719409013444,49.806655676967509],[6.707788856119844,49.806657051233451],[6.707784610097542,49.806746922730085],[6.707782487078386,49.806791858477773],[6.707851934382678,49.806793232708642],[6.707849811422368,49.806838168458093],[6.707919258796182,49.806839542649548],[6.707921381692308,49.806794606897938],[6.707990829007278,49.806795981045632],[6.708060276327586,49.806797355151744],[6.708129723653233,49.806798729216268],[6.708199170984218,49.806800103239219],[6.708268618320542,49.806801477220581],[6.708338065662205,49.806802851160349],[6.708407513009205,49.806804225058535],[6.708409635450707,49.806759289291307],[6.708479082738862,49.806760663145724],[6.708548530032354,49.806762036958567],[6.708617977331184,49.806763410729829],[6.708620099574798,49.806718474955659],[6.708689546814782,49.806719848683159],[6.708758994060102,49.80672122236907],[6.70882844131076,49.806722596013394],[6.708897888566755,49.806723969616129],[6.7089000105483,49.806679033832857],[6.708969457745449,49.806680407391838],[6.709038904947933,49.80668178090923],[6.709036783094756,49.806726716696851],[6.709106230366761,49.806728090174836],[6.709175677644102,49.806729463611227],[6.70924512492678,49.806730837006043],[6.709314572214793,49.806732210359272],[6.709384019508142,49.806733583670905],[6.70938189797055,49.806778519468942],[6.709451345333418,49.806779892741162],[6.709520792701623,49.8067812659718],[6.709518671287067,49.806826201773767],[6.70958811872479,49.806827574964984],[6.709590240075162,49.806782639160858],[6.709659687454037,49.806784012308313],[6.709729134838247,49.806785385414194],[6.709731256054918,49.806740449605286],[6.709800703380279,49.806741822667412],[6.709802824527434,49.806696886855924],[6.709872271793945,49.806698259874288],[6.709874392871583,49.806653324060228],[6.709943840079245,49.80665469703483],[6.710013287292242,49.806656069967858],[6.71001540823618,49.806611134149023],[6.710017529174788,49.806566198329783],[6.710086976264751,49.806567571216874],[6.710089097133842,49.806522635395048],[6.710091217997602,49.806477699572802],[6.710160664964532,49.806479072413978],[6.710162785758777,49.806434136589139],[6.710232232666858,49.806435509386553],[6.710301679580273,49.806436882142393],[6.71030380024082,49.8063919463128],[6.710373247095386,49.806393319024878],[6.710375367686418,49.806348383192699],[6.710444814482134,49.806349755861021],[6.710514261283183,49.806351128487755],[6.71051638174052,49.806306192650823],[6.710585828482719,49.806307565233794],[6.71065527523025,49.806308937775192],[6.710657395553891,49.806264001933513],[6.710726842242574,49.806265374431149],[6.710724721983117,49.806310310275002],[6.710794168741313,49.806311682733224],[6.710863615504842,49.806313055149857],[6.710861495368419,49.80635799099764],[6.710930942201464,49.806359363374852],[6.71100038903984,49.806360735710498],[6.710998269026453,49.806405671562189]],[[6.707109250698858,49.806328756603399],[6.707107127085914,49.806373692333111],[6.707037680418011,49.806372317664348],[6.707039804095139,49.806327381936804],[6.707109250698858,49.806328756603399]],[[6.708265897293876,49.808330666924476],[6.708335346823225,49.808332040896495],[6.708333224194961,49.808376976649122],[6.708263774601421,49.808375602674943],[6.708194325013221,49.808374228659169],[6.708196447769865,49.808329292910869],[6.708265897293876,49.808330666924476]],[[6.707708178045314,49.808364609384256],[6.707706054834005,49.808409545116952],[6.70763660522433,49.808408170766292],[6.707638728499829,49.80836323503577],[6.707640851769988,49.808318299304851],[6.707710301251284,49.808319673651162],[6.707708178045314,49.808364609384256]],[[6.711109092246441,49.808476837353105],[6.711178542122921,49.808478209624326],[6.711176422115782,49.808523145465131],[6.711106972175113,49.808521773191728],[6.711109092246441,49.808476837353105]],[[6.711245872061784,49.808524517696931],[6.711243752113507,49.808569453539469],[6.71131320212903,49.808570825731856],[6.711311082239615,49.808615761576149],[6.711241632159901,49.808614389381589],[6.711172182085518,49.808613017145454],[6.711174302103315,49.808568081305495],[6.711176422115782,49.808523145465131],[6.711245872061784,49.808524517696931]],[[6.708322610973587,49.808601655406108],[6.708253161059099,49.808600281421064],[6.708255283778236,49.808555345672673],[6.708324733628535,49.808556719655542],[6.708322610973587,49.808601655406108]],[[6.708185833933276,49.808553971648209],[6.708183711149947,49.808598907394426],[6.708114261246136,49.808597533326207],[6.708110015535087,49.808687404813035],[6.708040565508234,49.808686030698894],[6.708038442580513,49.808730966439526],[6.707968992494808,49.808729592281601],[6.707899542414443,49.808728218082102],[6.707897419353003,49.808773153817945],[6.707827969213787,49.808771779574698],[6.70775851907991,49.808770405289835],[6.707760642269731,49.808725469558325],[6.707691192205384,49.808724095234048],[6.707693315454058,49.80867915950428],[6.707695438697394,49.808634223774092],[6.707699685168052,49.808544352312488],[6.707701808395374,49.808499416581064],[6.707771258138769,49.808500790894463],[6.707840707887503,49.808502165166288],[6.707910157641577,49.808503539396533],[6.707912280670992,49.808458603658167],[6.707981730366216,49.808459977844642],[6.708051180066779,49.808461351989521],[6.708049057165743,49.808506287732229],[6.708118506935836,49.808507661837702],[6.708187956711267,49.808509035901572],[6.708257406492038,49.808510409923862],[6.708255283778236,49.808555345672673],[6.708185833933276,49.808553971648209]],[[6.708251038334623,49.808645217169037],[6.708320488313304,49.808646591156254],[6.708318365647683,49.808691526905974],[6.708248915604813,49.808690152916583],[6.708251038334623,49.808645217169037]],[[6.707815230347912,49.809041393968087],[6.707745779828887,49.809040019670192],[6.707747903050735,49.808995083941177],[6.707750026267246,49.80895014821175],[6.707819476657889,49.808951522505289],[6.707817353505569,49.808996458236898],[6.707815230347912,49.809041393968087]],[[6.707884680872278,49.809042768224387],[6.707886803965742,49.808997832491023],[6.707956254431257,49.808999206703554],[6.707954131401983,49.809044142439092],[6.707952008367373,49.80908907817421],[6.707949885327425,49.809134013908896],[6.70794776228214,49.80917894964319],[6.708017213009762,49.809180323822822],[6.708015090023332,49.809225259558865],[6.708012967031563,49.809270195294495],[6.708010844034458,49.809315131029692],[6.708008721032015,49.809360066764484],[6.708006598024236,49.809405002498849],[6.708004475011118,49.809449938232802],[6.708002351992662,49.809494873966351],[6.708000228968871,49.809539809699459],[6.70799810593974,49.809584745432176],[6.707995982905272,49.809629681164459],[6.708065434280166,49.809631055324232],[6.708063311304556,49.809675991058263],[6.708061188323608,49.80972092679189],[6.708059065337322,49.809765862525104],[6.708128516910138,49.80976723664979],[6.708124271049944,49.809857108119296],[6.70812214811184,49.809902043853427],[6.708191599882581,49.809903417943048],[6.708189477003336,49.809948353678934],[6.708258928843613,49.809949727729119],[6.708328380689226,49.809951101737738],[6.708397832540181,49.809952475704748],[6.708467284396472,49.809953849630162],[6.708536736258103,49.809955223514002],[6.708606188125072,49.809956597356241],[6.708675639997381,49.809957971156891],[6.708677762427259,49.809913035405813],[6.70874721424071,49.809914409162708],[6.7088166660595,49.809915782877994],[6.708886117883626,49.809917156551705],[6.70895556971309,49.809918530183836],[6.709094473388032,49.809921277323291],[6.709163925233509,49.809922650830636],[6.709166047208686,49.809877715063934],[6.709235498995303,49.809879088527509],[6.709237620900949,49.809834152758221],[6.709307072628709,49.809835526178041],[6.709309194464827,49.80979059040618],[6.709311316295608,49.809745654633879],[6.709313438121055,49.809700718861166],[6.709382889661567,49.809702092232889],[6.709385011417485,49.809657156457597],[6.709454462899139,49.809658529785558],[6.709456584585529,49.809613594007672],[6.709526036008326,49.809614967291871],[6.709595487436458,49.809616340534475],[6.709597608989125,49.809571404751829],[6.7096670603584,49.809572777950684],[6.709736511733009,49.809574151107938],[6.709805963112954,49.809575524223597],[6.70980384175287,49.809620460012759],[6.709873293202346,49.809621833088997],[6.709871171901122,49.809666768879914],[6.709940623420128,49.809668141916738],[6.710010074944468,49.809669514911974],[6.710148978009154,49.809672260777674],[6.710151099053599,49.809627324978095],[6.71022055052975,49.809628697846378],[6.710222671504668,49.809583762044205],[6.710292122921959,49.809585134868733],[6.710361574344583,49.809586507651673],[6.71036369518578,49.809541571844747],[6.710433146549545,49.809542944583939],[6.710502597918643,49.809544317281535],[6.710504718626121,49.809499381469848],[6.710506839328266,49.809454445657742],[6.71050896002508,49.809409509845231],[6.71057841120693,49.809410882494717],[6.710647862394114,49.809412255102629],[6.710717313586631,49.809413627668945],[6.710786764784482,49.809415000193674],[6.710856215987667,49.8094163726768],[6.710925667196183,49.809417745118346],[6.710995118410035,49.809419117518303],[6.710997238652161,49.809374181690174],[6.71113614096747,49.809376926360969],[6.711205592133124,49.809378298633995],[6.71127504330411,49.809379670865418],[6.711277163284131,49.809334735028202],[6.711346614396255,49.809336107215863],[6.711348734306752,49.809291171376067],[6.711418185360015,49.80929254351998],[6.711416065513711,49.80933747936195],[6.711485516636499,49.809338851466428],[6.711554967764617,49.809340223529318],[6.711624418898068,49.809341595550627],[6.711626538551791,49.809296659702156],[6.711695989626378,49.809298031679702],[6.711765440706298,49.809299403615661],[6.711767560226304,49.809254467762436],[6.71183701124736,49.809255839654632],[6.711834891791547,49.809300775510032],[6.711832772330404,49.809345711365012],[6.711763321180963,49.809344339468474],[6.711759082114304,49.809434211172842],[6.711689630841803,49.809432839230382],[6.711620179574635,49.809431467246327],[6.711618059904925,49.809476403093541],[6.711615940229886,49.80952133894035],[6.711613820549517,49.809566274786739],[6.711544369095097,49.809564902754602],[6.711542249345205,49.809609838598384],[6.711611700863821,49.80961121063271],[6.711681152387767,49.809612582625434],[6.711679032760935,49.809657518473173],[6.711676913128774,49.809702454320472],[6.711746364786442,49.80970382627595],[6.711744245213146,49.80974876212499],[6.711813696940341,49.809750134041046],[6.711811577425912,49.809795069891862],[6.711881029222632,49.809796441768484],[6.711950481024684,49.809797813603524],[6.712019932832065,49.809799185396969],[6.712089384644777,49.809800557148833],[6.712091503902424,49.809755621289341],[6.712093623154742,49.809710685429444],[6.712095742401734,49.809665749569135],[6.712097861643397,49.809620813708385],[6.712099980879731,49.809575877847244],[6.712102100110738,49.80953094198567],[6.712104219336417,49.809486006123684],[6.712034767973069,49.809484634387012],[6.712036887257613,49.809439698526781],[6.712106338556768,49.8094410702613],[6.71217578986125,49.809442441954218],[6.712173670705095,49.809487377818769],[6.71217155154361,49.809532313682922],[6.712169432376798,49.809577249546678],[6.712238883879194,49.809578621204501],[6.71230833538692,49.809579992820744],[6.712377786899976,49.809581364395399],[6.712373548935538,49.809671236134626],[6.712371429945327,49.809716172003611],[6.712440881656297,49.809717543543179],[6.712438762724954,49.809762479413919],[6.712436643788284,49.80980741528424],[6.712506095632975,49.809808786786547],[6.712575547482994,49.809810158247267],[6.712573428669389,49.809855094121509],[6.712642880588934,49.809856465542808],[6.712640761834196,49.809901401418792],[6.712636524308741,49.809991273169537],[6.712634405538023,49.810036209044277],[6.712632286761979,49.810081144918605],[6.712630167980608,49.810126080792521],[6.712628049193909,49.810171016666004],[6.712697501568157,49.810172388060884],[6.712695382840328,49.810217323936143],[6.712625930401884,49.810215952539089],[6.712623811604531,49.810260888411754],[6.712621692801853,49.810305824283994],[6.712552240240342,49.810304452841024],[6.712550121368139,49.810349388710684],[6.712480668747761,49.810348017223944],[6.712478549806033,49.810392953091011],[6.712476430858977,49.810437888957679],[6.712474311906594,49.810482824823914],[6.712472192948884,49.810527760689752],[6.712470073985846,49.810572696555163],[6.712467955017482,49.810617632420147],[6.712537408023047,49.810619003919889],[6.712535289113552,49.810663939786629],[6.712533170198731,49.810708875652956],[6.712602623338023,49.810710247115438],[6.712600504482074,49.810755182983513],[6.712598385620796,49.810800118851176],[6.712528932353107,49.810798747384361],[6.712531051278583,49.810753811518858],[6.712392144887589,49.810751068464796],[6.712390025833714,49.810796004325958],[6.712459479090746,49.810797375875957],[6.712457360095743,49.810842311738867],[6.712455241095412,49.810887247601357],[6.712524694486173,49.810888619114095],[6.712594147882261,49.810889990585245],[6.712663601283679,49.810891362014807],[6.712661482470621,49.810936297883387],[6.712659363652234,49.810981233751548],[6.712728817187381,49.810982605143849],[6.712798270727857,49.810983976494562],[6.712796152032544,49.811028912366638],[6.713004512878543,49.811033026175721],[6.713006631381257,49.810988090297137],[6.713076084943048,49.810989461481469],[6.713145538510166,49.810990832624221],[6.713214992082613,49.810992203725377],[6.713217110387401,49.810947267839872],[6.713219228686864,49.810902331953962],[6.713288682136239,49.810903703009181],[6.713358135590941,49.81090507402282],[6.713360253756679,49.810860138132149],[6.713429707152509,49.810861509102025],[6.713431825248722,49.810816573208768],[6.713501278585681,49.810817944134882],[6.713503396612369,49.81077300823906],[6.713505514633732,49.810728072342805],[6.713574967847619,49.810729443222989],[6.713572849890456,49.810774379121405],[6.713642303173869,49.810775749962168],[6.71364018527558,49.810820685862339],[6.71370963862852,49.810822056663682],[6.713707520789105,49.8108669925656],[6.713638067371966,49.810865621762105],[6.713568613960152,49.810864250916993],[6.713566495987014,49.810909186814172],[6.713635949463026,49.81091055766143],[6.713705402944366,49.810911928467107],[6.713703285094303,49.81095686436818],[6.713772738645169,49.810958235134429],[6.713770620853979,49.811003171037271],[6.713701167238914,49.811001800268862],[6.713631713629175,49.811000429458844],[6.713562260024762,49.810999058607244],[6.713492806425678,49.810997687714057],[6.713490688372365,49.811042623607811],[6.713488570313725,49.811087559501146],[6.713419116591568,49.81108618856203],[6.713349662874736,49.811084817581332],[6.713280209163235,49.811083446559017],[6.713273854377563,49.811218254217017],[6.713343308281667,49.811219625245826],[6.7134127621911,49.811220996233033],[6.713482216105858,49.811222367178658],[6.713484334180472,49.81117743128658],[6.713553788036358,49.811178802188437],[6.713551670025945,49.811223738082674],[6.713621123951358,49.811225108945116],[6.71362535983846,49.811135237151859],[6.7136948136408,49.811136607968365],[6.713692695764112,49.81118154386737],[6.7136905778821,49.811226479765942],[6.713760031818167,49.811227850545194],[6.713762149635979,49.811182914644448],[6.713831603513174,49.811184285379937],[6.71383372126146,49.811139349476591],[6.713972628903424,49.811142090818457],[6.714042082732398,49.811143461426994],[6.714039965176713,49.811188397336828],[6.713970511283541,49.811187026726124],[6.713968393658332,49.811231962633364],[6.714037847615706,49.811233333246243],[6.714035730049374,49.811278269155245],[6.714033612477716,49.811323205063836],[6.714031494900738,49.811368140972007],[6.714100949056041,49.811369511549778],[6.714098831537939,49.811414447459704],[6.714168285762772,49.811415817998054],[6.714166168303546,49.811460753909728],[6.714164050838998,49.811505689820976],[6.714161933369125,49.811550625731812],[6.714092478951689,49.811549255186961],[6.714023024539578,49.811547884600515],[6.713953570132793,49.81154651397248],[6.713955687795271,49.811501578068146],[6.713957805452425,49.8114566421634],[6.71388835117937,49.811455271498097],[6.713886233458015,49.81150020740067],[6.713816779126086,49.811498836691612],[6.713814661335204,49.811543772591627],[6.713812543538998,49.811588708491215],[6.71388199799933,49.811590079204599],[6.713879880262002,49.811635015105935],[6.713810425737467,49.811633644390376],[6.713740971218257,49.811632273633222],[6.713671516704375,49.811630902834487],[6.713673634634311,49.811585966939646],[6.713604180189957,49.811584596101476],[6.713602062195821,49.811629531994143],[6.713599944196358,49.811674467886412],[6.713669398769115,49.81167583872891],[6.713667280828529,49.811720774622913],[6.713597826191569,49.811719403778234],[6.713528371559937,49.811718032891974],[6.713526253485621,49.811762968781224],[6.713456798795113,49.811761597851202],[6.713454680651269,49.811806533737879],[6.713385225901885,49.811805162764081],[6.71331577115783,49.811803791748716],[6.713313652880256,49.811848727630625],[6.713244198077326,49.811847356571484],[6.713242079730222,49.811892292450828],[6.71323996137779,49.811937228329747],[6.713237843020035,49.811982164208253],[6.713235724656953,49.81202710008634],[6.713166269602538,49.812025728976927],[6.71309681455345,49.812024357825941],[6.713094696056635,49.812069293699267],[6.713025240948673,49.812067922504511],[6.712955785846038,49.81206655126816],[6.712886330748733,49.812065179990206],[6.712816875656758,49.812063808670665],[6.7128147568978,49.812108744534918],[6.712745301746951,49.812107373171614],[6.712743182918462,49.812152309033287],[6.712673727708736,49.812150937626221],[6.712604272504342,49.81214956617756],[6.712602153542118,49.81219450203448],[6.712532698278848,49.812193130542063],[6.712530579247094,49.81223806639639],[6.712528460210009,49.812283002250304],[6.712459004823661,49.812281630711958],[6.712456885717046,49.812326566563286],[6.712387430271824,49.812325194981163],[6.712385311095676,49.812370130829905],[6.712315855591579,49.812368759204034],[6.712313736345898,49.812413695050189],[6.712244280782927,49.812412323380556],[6.712242161467713,49.812457259224139],[6.712172705845867,49.81245588751073],[6.712103250229351,49.812454515755739],[6.712101130780399,49.812499451594562],[6.712031675105011,49.812498079795809],[6.712029555586524,49.812543015632045],[6.71196009985226,49.812541643789515],[6.711890644123327,49.812540271905405],[6.711821188399727,49.812538899979693],[6.711751732681456,49.812537528012378],[6.71174961290082,49.812582463839533],[6.711610701351868,49.812579719775805],[6.711541245585388,49.812578347681544],[6.711471789824244,49.812576975545696],[6.711402334068429,49.812575603368238],[6.711400213961435,49.812620539184124],[6.711330758146749,49.812619166962904],[6.711261302337395,49.812617794700103],[6.711191846533374,49.812616422395699],[6.711122390734686,49.8126150500497],[6.711052934941332,49.812613677662107],[6.71105081450798,49.812658613466738],[6.710981358655753,49.812657241035382],[6.710911902808861,49.81265586856243],[6.710842446967303,49.812654496047884],[6.710840326336003,49.812699431845587],[6.710770870435571,49.812698059287278],[6.710701414540474,49.812696686687367],[6.710631958650712,49.812695314045875],[6.710562502766284,49.812693941362774],[6.710493046887191,49.812692568638091],[6.710490925929531,49.812737504424533],[6.710421469991567,49.812736131656074],[6.710419348964369,49.812781067439929],[6.710349892967534,49.812779694627707],[6.71021098098987,49.812776948878486],[6.710141525009039,49.81277557594148],[6.710139403719685,49.812820511716232],[6.710069947679986,49.812819138735463],[6.710067826321093,49.812864074507623],[6.709998370222523,49.812862701483098],[6.709928914129288,49.812861328416972],[6.709859458041391,49.812859955309243],[6.709857336484546,49.812904891074481],[6.709718424196346,49.812902144729911],[6.709648968060251,49.812900771495222],[6.709579511929494,49.812899398218953],[6.709510055804072,49.812898024901088],[6.709440599683989,49.812896651541614],[6.70944272162607,49.8128517157894],[6.70937326557553,49.812850342390497],[6.709303809530327,49.812848968950021],[6.709305931595485,49.812804033201736],[6.709236475619824,49.812802659721818],[6.709167019649502,49.812801286200326],[6.709097563684518,49.812799912637217],[6.709099685936958,49.812754976895022],[6.709030230041518,49.812753603292506],[6.709032352352827,49.812708667552059],[6.708962896526929,49.812707293910108],[6.70889344070637,49.812705920226577],[6.70889131826665,49.812750855962669],[6.708821862387224,49.812749482235361],[6.708752406513137,49.812748108466458],[6.708754529081268,49.812703172734707],[6.708756651644062,49.812658237002516],[6.708826107389739,49.812659610767078],[6.708828229882992,49.812614675032314],[6.708830352370907,49.812569739297146],[6.708832474853487,49.812524803561551],[6.708763019300425,49.812523429803505],[6.708693563752702,49.812522056003857],[6.708624108210317,49.812520682162621],[6.708621985535123,49.8125656178917],[6.708552529933872,49.812564244006701],[6.708483074337963,49.812562870080107],[6.708413618747391,49.812561496111911],[6.708415741615198,49.812516560389355],[6.708346286094171,49.812515186381731],[6.708348409020847,49.812470250660922],[6.708350531942182,49.812425314939702],[6.708281076554904,49.812423940894831],[6.708283199535107,49.812379005175352],[6.708213744217373,49.812377631091067],[6.708215867256443,49.81233269537335],[6.708146412008252,49.812331321249644],[6.708150658198786,49.8122414498173],[6.708152781286047,49.812196514100499],[6.708154904367969,49.812151578383279],[6.708157027444553,49.812106642665654],[6.7081591505158,49.812061706947603],[6.708161273581709,49.812016771229132],[6.708165519697513,49.81192689979094],[6.708167642747409,49.811881964071247],[6.708098188146588,49.811880589927654],[6.708100311255347,49.811835654209709],[6.708102434358769,49.811790718491316],[6.708104557456854,49.811745782772512],[6.708106680549599,49.811700847053302],[6.708108803637007,49.811655911333681],[6.708110926719077,49.81161097561364],[6.70811304979581,49.811566039893179],[6.708115172867205,49.811521104172286],[6.708045718785336,49.811519730004484],[6.708047841915593,49.811474794285381],[6.708049965040513,49.81142985856583],[6.708052088160096,49.811384922845868],[6.708054211274339,49.811339987125493],[6.708058457486814,49.811250115683499],[6.708060580585044,49.811205179961874],[6.708064826765491,49.81111530851738],[6.707995373266765,49.81111393432753],[6.707997496413181,49.811068998606821],[6.707999619554259,49.811024062885707],[6.70800174269,49.810979127164167],[6.708005988945467,49.81088925571985],[6.708008112065194,49.810844319997052],[6.708010235179582,49.810799384273857],[6.708012358288634,49.810754448550227],[6.707942905308836,49.810753074336162],[6.707945028476749,49.810708138614295],[6.707949274796556,49.810618267169325],[6.707951397948455,49.810573331446193],[6.707953521095014,49.81052839572267],[6.707955644236236,49.810483459998714],[6.707957767372119,49.810438524274346],[6.707959890502666,49.810393588549559],[6.707962013627874,49.810348652824366],[6.707892561231193,49.81034727858826],[6.707894684415261,49.810302342864802],[6.70789680759399,49.810257407140945],[6.707898930767381,49.810212471416676],[6.707901053935433,49.810167535691974],[6.707903177098149,49.81012259996686],[6.707905300255526,49.810077664241319],[6.707909546554267,49.809987792789016],[6.707913792831656,49.809897921335036],[6.707844341082273,49.80989654707907],[6.707846464277156,49.809851611353629],[6.707848587466702,49.809806675627769],[6.707850710650909,49.809761739901489],[6.707852833829779,49.809716804174791],[6.70785495700331,49.809671868447687],[6.707857080171503,49.809626932720171],[6.707859203334358,49.809581996992222],[6.707861326491877,49.809537061263853],[6.707863449644057,49.80949212553508],[6.707865572790898,49.809447189805887],[6.707867695932403,49.809402254076282],[6.707798244894496,49.809400879802602],[6.707800368094856,49.809355944074738],[6.707802491289877,49.809311008346477],[6.707804614479562,49.809266072617788],[6.707806737663907,49.809221136888674],[6.707808860842915,49.809176201159154],[6.707810984016586,49.809131265429208],[6.707813107184918,49.809086329698864],[6.707815230347912,49.809041393968087],[6.707884680872278,49.809042768224387]],[[6.713644421066834,49.810730814061586],[6.713713874291376,49.810732184858594],[6.713718109932933,49.810642313051844],[6.713787563034404,49.810643683802915],[6.713789680782996,49.810598747896748],[6.713720227745725,49.810597377147843],[6.713722345553193,49.810552441243431],[6.713791798526265,49.810553811990161],[6.71379391626421,49.810508876083169],[6.713863369178412,49.810510246786151],[6.713861251504666,49.810555182695332],[6.713930704488392,49.810556553358879],[6.713932822097939,49.810511617447546],[6.714002275022793,49.810512988067359],[6.714004392562819,49.810468052153439],[6.713934939702163,49.8104666815358],[6.713937057301063,49.810421745623636],[6.714075962899305,49.810424486812984],[6.714145415706414,49.81042585734528],[6.714143298300108,49.810470793263939],[6.714141180888479,49.810515729182193],[6.714139063471526,49.81056066510002],[6.714069610471823,49.81055929456123],[6.714000157477444,49.810557923980859],[6.71399803992677,49.81060285989394],[6.71392858687352,49.810601489269807],[6.713859133825595,49.810600118604079],[6.713857016141201,49.810645054512413],[6.713854898451483,49.810689990420315],[6.713852780756439,49.810734926327825],[6.713850663056072,49.810779862234909],[6.71384854535038,49.810824798141581],[6.713779091986787,49.810823427423429],[6.713781209756677,49.810778491518931],[6.713642303173869,49.810775749962168],[6.713644421066834,49.810730814061586]],[[6.714147533107395,49.810380921426194],[6.714216985855633,49.810382291914721],[6.714214868518849,49.810427227835973],[6.714145415706414,49.81042585734528],[6.714147533107395,49.810380921426194]],[[6.713774856431032,49.810913299231181],[6.713844309923025,49.810914669953675],[6.71384219220136,49.810959605859082],[6.713772738645169,49.810958235134429],[6.713774856431032,49.810913299231181]],[[6.713414880329913,49.811176060343122],[6.713416998463403,49.811131124452785],[6.713486452249762,49.81113249539407],[6.713484334180472,49.81117743128658],[6.713414880329913,49.811176060343122]],[[6.713555906041447,49.811133866293758],[6.71355802404121,49.811088930398675],[6.713560142035649,49.811043994503173],[6.713629595704261,49.811045365356925],[6.713627477774023,49.811090301254602],[6.71362535983846,49.811135237151859],[6.713555906041447,49.811133866293758]],[[6.708255600376115,49.812963169496015],[6.708253477326521,49.813008105210073],[6.708251354271589,49.813053040923698],[6.708249231211318,49.813097976636925],[6.708179774866298,49.813096602517895],[6.708181897990775,49.813051666806842],[6.708184021109915,49.813006731095385],[6.708186144223715,49.812961795383494],[6.708255600376115,49.812963169496015]],[[6.710936826975477,49.813600892790745],[6.711006284176054,49.813602265267654],[6.711004163625412,49.813647201063105],[6.710934706360624,49.813645828584029],[6.710936826975477,49.813600892790745]],[[6.711073620895532,49.813648573500593],[6.711075741381966,49.813603637702975],[6.711145198593211,49.813605010096687],[6.71121465580979,49.813606382448818],[6.711216776162475,49.813561446646418],[6.711286233320179,49.813562818954772],[6.711288353603324,49.813517883149807],[6.711357810702151,49.813519255414391],[6.711427267806312,49.813520627637388],[6.711425147651584,49.813565563446701],[6.711494604825285,49.81356693563027],[6.711496724915805,49.813521999818789],[6.711566182030631,49.813523371958588],[6.711635639150789,49.813524744056792],[6.711774553407102,49.813527488128422],[6.711772433573418,49.813572423948564],[6.711841890773782,49.813573795924157],[6.711844010543258,49.813528860101833],[6.711913467684745,49.813530232033656],[6.711982924831563,49.813531603923877],[6.712052381983712,49.813532975772517],[6.712121839141195,49.813534347579541],[6.712191296304006,49.813535719344976],[6.712189176855576,49.813580655178143],[6.712258634087928,49.813582026904143],[6.712328091325612,49.813583398588563],[6.712397548568625,49.813584770231373],[6.712467005816971,49.813586141832594],[6.712469125008565,49.813541205990767],[6.712538582198031,49.813542577548219],[6.712608039392827,49.813543949064076],[6.712677496592953,49.813545320538331],[6.712679615586593,49.81350038468959],[6.712749072727839,49.81350175612009],[6.712751191651942,49.813456820268748],[6.712820648734311,49.813458191655485],[6.712822767588878,49.813413255801564],[6.712824886438116,49.81336831994723],[6.712894343397397,49.813369691288031],[6.712892224612367,49.813414627144532],[6.712961681641185,49.813415998445905],[6.713031138675334,49.813417369705689],[6.713100595714811,49.813418740923858],[6.713170052759615,49.813420112100452],[6.71323950980975,49.813421483235444],[6.713308966865212,49.813422854328834],[6.713378423926004,49.813424225380636],[6.713447880992122,49.813425596390836],[6.713517338063571,49.81342696735944],[6.713586795140346,49.813428338286442],[6.713584676992076,49.81347327416421],[6.713654134138388,49.813474645051798],[6.713723591290026,49.813476015897777],[6.713793048446993,49.813477386702161],[6.713790930486023,49.81352232258601],[6.713860387712526,49.813523693350966],[6.713858269810442,49.813568629236549],[6.713927727106481,49.813569999962077],[6.713997184407849,49.813571370646009],[6.713999302181515,49.813526434756085],[6.714068759424,49.813527805396255],[6.714070877128133,49.813482869503744],[6.714072994826942,49.813437933610821],[6.714142451946335,49.813439304205062],[6.714144569575611,49.813394368309552],[6.714214026636121,49.813395738860031],[6.714216144195865,49.813350802961928],[6.714285601197492,49.813352173468637],[6.714283483701958,49.813397109368907],[6.714281366201099,49.813442045268751],[6.714211909071055,49.813440674757693],[6.714209791500664,49.813485610654958],[6.714207673924948,49.813530546551803],[6.714138216671811,49.813529175994823],[6.714136099026563,49.813574111889082],[6.71413398137599,49.813619047782929],[6.714064523999761,49.813617677180019],[6.714062406279653,49.813662613071294],[6.714060288554221,49.813707548962128],[6.714058170823465,49.813752484852557],[6.714056053087385,49.813797420742574],[6.713986595459642,49.813796050089408],[6.713984477654027,49.813840985976825],[6.713982359843086,49.813885921863843],[6.71391290209225,49.81388455116474],[6.713910784211775,49.81392948704918],[6.713841326402056,49.813928116306315],[6.713839208452044,49.81397305218816],[6.713837090496708,49.814017988069594],[6.713767632563894,49.814016617280792],[6.713765514539022,49.814061553159647],[6.713763396508824,49.814106489038068],[6.713693938452916,49.814105118203351],[6.713691820353182,49.814150054079207],[6.713761278473301,49.814151424916083],[6.713830736598747,49.814152795711379],[6.713828618622109,49.814197731591143],[6.713898076817096,49.81419910234699],[6.713900194729521,49.814154166465066],[6.714039111007051,49.814156907847661],[6.714108569153808,49.814158278476562],[6.714106451434016,49.814203214364994],[6.71417590965031,49.814204584954453],[6.714314826098877,49.814207326008614],[6.714316943626033,49.814162390113673],[6.714386401794094,49.814163760576186],[6.714455859967482,49.814165130997111],[6.714525318146196,49.814166501376413],[6.714594776330235,49.81416787171414],[6.714592659059925,49.814212807617722],[6.714662117313502,49.814214177916014],[6.714731575572404,49.814215548172712],[6.714729458425193,49.814260484080215],[6.714798916753632,49.814261854297477],[6.714868375087397,49.814263224473137],[6.714866258063288,49.814308160384556],[6.714864141033856,49.814353096295562],[6.714862023999101,49.814398032206149],[6.714859906959023,49.814442968116325],[6.714929365554962,49.814444338259044],[6.714927248573773,49.81448927417096],[6.714925131587263,49.814534210082478],[6.714855672862899,49.814532839935417],[6.714853555806852,49.814577775844342],[6.714784097023601,49.814576405653533],[6.714781979898018,49.814621341559864],[6.714775628489331,49.814756149276377],[6.714773511342455,49.814801085181067],[6.714771394190256,49.814846021085323],[6.714769277032735,49.81489095698916],[6.71476715986989,49.814935892892592],[6.714697700578253,49.814934522642844],[6.714695583345871,49.814979458543689],[6.714626123995346,49.814978088250186],[6.714624006693425,49.815023024148445],[6.71462188938618,49.815067960046278],[6.714552429912552,49.815066589706838],[6.714550312535769,49.815111525602113],[6.71448085300325,49.81511015521891],[6.714478735556928,49.815155091111585],[6.714476618105283,49.815200027003847],[6.714474500648313,49.815244962895704],[6.714405040928477,49.815243592464391],[6.714335581213965,49.815242221991504],[6.714266121504782,49.815240851477],[6.714268239154397,49.815195915591644],[6.714198779514756,49.815194545037706],[6.71412931988044,49.815193174442193],[6.714059860251453,49.815191803805057],[6.71399040062779,49.815190433126325],[6.713992518528942,49.815145497249233],[6.713923058974822,49.815144126531074],[6.713853599426032,49.815142755771305],[6.713784139882568,49.815141384969948],[6.713786257971039,49.815096449098938],[6.713716798497118,49.815095078258146],[6.713647339028525,49.815093707375752],[6.713577879565259,49.815092336451777],[6.713579997841048,49.815047400586828],[6.713510538447327,49.815046029623417],[6.713371619675867,49.815043287571775],[6.713373738138974,49.814998351712937],[6.713375856596755,49.814953415853665],[6.713306397347446,49.81495204476979],[6.713236938103467,49.814950673644304],[6.713167478864817,49.814949302477231],[6.713169597509913,49.814904366624049],[6.713100138340805,49.814902995417555],[6.713030679177028,49.814901624169437],[6.712961220018579,49.814900252879731],[6.71296333885099,49.814855317032638],[6.71282442067851,49.814852574332754],[6.712822301717671,49.814897510175527],[6.712752842575212,49.814896138761029],[6.712754961600265,49.814851202920437],[6.712616043459765,49.814848459970975],[6.712618162607916,49.814803524134305],[6.712548703609874,49.814802152599349],[6.712546584397511,49.814847088433837],[6.712477125340586,49.814845716855125],[6.712475006058678,49.814890652687033],[6.712405546942873,49.814889281064545],[6.712336087832396,49.814887909400454],[6.712333968416733,49.814932845227624],[6.712331848995741,49.814977781054374],[6.71232972956942,49.815022716880698],[6.71232761013777,49.815067652706638],[6.712397069505101,49.815069024379405],[6.712466528877766,49.815070396010562],[6.712464409569215,49.815115331840396],[6.712462290255336,49.81516026766981],[6.712392830754244,49.815158896034319],[6.712390711370823,49.815203831861155],[6.71238647258799,49.815293703513568],[6.712455932281729,49.815295075155575],[6.712453812946533,49.815340010983334],[6.712451693606011,49.81538494681066],[6.712382233783844,49.815383575164326],[6.712380114373776,49.815428510989086],[6.71244957426016,49.815429882637588],[6.712447454908981,49.815474818464089],[6.712377994958381,49.815473446813414],[6.712375875537655,49.815518382637343],[6.712373756111601,49.815563318460832],[6.7123042960379,49.815561946764234],[6.712302176542302,49.815606882585158],[6.712300057041373,49.815651818405655],[6.712297937535117,49.815696754225741],[6.712295818023529,49.8157416900454],[6.712226357698295,49.815740318298509],[6.712087437063819,49.815737574679957],[6.712017976754579,49.815736202808274],[6.71194851645067,49.815734830894989],[6.711879056152096,49.815733458940116],[6.711876936249878,49.815778394746353],[6.711807475892417,49.815777022747717],[6.71173801554029,49.815775650707451],[6.711735895504309,49.815820586508949],[6.711666435093297,49.815819214424934],[6.711596974687616,49.815817842299317],[6.711594854517872,49.815862778096047],[6.711525394053309,49.815861405926654],[6.711386473140182,49.815858661463096],[6.71131701269162,49.815857289168918],[6.71124755224839,49.815855916833129],[6.711245431752228,49.815900852618611],[6.711175971250116,49.815899480239061],[6.711106510753337,49.815898107817908],[6.711108631377934,49.815853172036768],[6.711039170950706,49.815851799576194],[6.710969710528815,49.815850427073997],[6.710967589775783,49.815895362850817],[6.710898129295008,49.815893990304858],[6.710896008472427,49.81593892607907],[6.710826547932769,49.815937553489348],[6.71082442704064,49.815982489260968],[6.710754966442099,49.815981116627484],[6.710757087398446,49.815936180858031],[6.710618166345806,49.815933435470598],[6.710548705827488,49.815932062714474],[6.710479245314506,49.815930689916762],[6.710409784806861,49.815929317077448],[6.710407663529426,49.81597425283605],[6.710338202962898,49.815972879952959],[6.710336081615914,49.816017815708975],[6.710266620990505,49.816016442782121],[6.710264499573968,49.816061378535565],[6.710195038889678,49.816060005564935],[6.710125578210724,49.816058632552704],[6.710123456660418,49.816103568301372],[6.710053995922584,49.816102195245378],[6.709984535190086,49.816100822147781],[6.709915074462923,49.816099449008583],[6.7098456137411,49.816098075827789],[6.709776153024612,49.816096702605392],[6.709774031147883,49.816141638342806],[6.709635109602485,49.816138891768873],[6.70963723160765,49.8160939560358],[6.709639353607479,49.81604902030233],[6.709708814249074,49.816050393605749],[6.70971093617935,49.816005457869679],[6.709641475601972,49.816004084568426],[6.70964359759113,49.815959148834111],[6.709645719574953,49.815914213099376],[6.709576259131348,49.815912839760877],[6.709578381174052,49.81586790402789],[6.70958050321142,49.815822968294491],[6.709511042901585,49.815821594918724],[6.709441582597089,49.815820221501347],[6.709439460431287,49.815865157230419],[6.709370000067913,49.815863783769274],[6.709374244522613,49.815773912315088],[6.70937636674196,49.815728976587373],[6.709306906576573,49.815727603091155],[6.709237446416524,49.81572622955332],[6.709239568758965,49.815681293829535],[6.709241691096072,49.815636358105323],[6.709172231069794,49.815634984530234],[6.709102771048854,49.815633610913565],[6.709104893509055,49.815588675193275],[6.70910701596392,49.815543739472581],[6.709037556076751,49.815542365818636],[6.709039678590495,49.81549743009969],[6.709041801098901,49.815452494380331],[6.708972341345502,49.815451120689133],[6.708974463912787,49.815406184971536],[6.708905004228942,49.815404811240917],[6.708907126855105,49.815359875525061],[6.708837667240814,49.815358501755007],[6.708839789925855,49.815313566040906],[6.708841912605559,49.815268630326408],[6.708772453125035,49.8152672565191],[6.708774575863616,49.815222320806321],[6.708705116452649,49.815220946959599],[6.708707239250105,49.815176011248596],[6.708709362042227,49.815131075537174],[6.70871148482901,49.815086139825326],[6.708642025616022,49.81508476594351],[6.708503107206066,49.815082018055087],[6.708433648009098,49.815080644048479],[6.708364188817471,49.815079270000261],[6.708368435017161,49.814989398597064],[6.708370558108999,49.814944462894822],[6.7083726811955,49.814899527192168],[6.708374804276661,49.814854591489109],[6.708376927352485,49.814809655785616],[6.708307468551477,49.814808281708856],[6.708309591686175,49.814763346007126],[6.708311714815535,49.814718410304984],[6.708313837939557,49.814673474602415],[6.708315961058242,49.814628538899427],[6.708318084171586,49.814583603196049],[6.708320207279593,49.814538667492236],[6.708322330382264,49.814493731788012],[6.708324453479594,49.814448796083376],[6.708326576571586,49.814403860378306],[6.708328699658242,49.814358924672824],[6.708330822739558,49.814313988966923],[6.708332945815537,49.814269053260617],[6.708335068886177,49.814224117553891],[6.708337191951479,49.814179181846747],[6.708267734054775,49.814177807758782],[6.708271980297786,49.814087936347583],[6.708274103411285,49.814043000641362],[6.708276226519446,49.813998064934722],[6.708278349622268,49.81395312922767],[6.708280472719752,49.813908193520192],[6.708282595811899,49.813863257812301],[6.708284718898708,49.813818322103991],[6.708354176281733,49.81381969617459],[6.708352053259134,49.813864631885068],[6.708349930231198,49.813909567595125],[6.708419387747982,49.813910941628471],[6.708417264778917,49.813955877340291],[6.708347807197923,49.813954503304771],[6.70834568415931,49.813999439013998],[6.70834356111536,49.814044374722819],[6.708341438066071,49.814089310431214],[6.708410895839695,49.814090684473243],[6.708408772849279,49.814135620183386],[6.708406649853525,49.814180555893124],[6.70847610776091,49.814181929897899],[6.708473984824028,49.814226865609378],[6.708471861881811,49.814271801320452],[6.708541319922956,49.81427317528798],[6.70853919703961,49.814318111000802],[6.708532828357547,49.814452918136787],[6.70853070545285,49.814497853847946],[6.708526459627445,49.814587725269007],[6.708524336706736,49.814632660978916],[6.708522213780689,49.814677596688419],[6.708591672405079,49.814678970633878],[6.708589549537908,49.814723906345137],[6.70865900823185,49.814725280251174],[6.708656885423553,49.814770215964174],[6.708587426665398,49.814768842055955],[6.708585303787551,49.814813777766368],[6.708654762609918,49.814815151676761],[6.708724221437626,49.814816525545545],[6.708722098682866,49.814861461259881],[6.708791557580127,49.814862835089251],[6.708861016482725,49.814864208877012],[6.708930475390664,49.81486558262317],[6.708999934303942,49.814866956327741],[6.709069393222556,49.814868329990716],[6.709071515656252,49.814823394265524],[6.709140974515993,49.814824767884708],[6.709143096880138,49.814779832156937],[6.709145219238946,49.814734896428739],[6.709214677975601,49.814736270002001],[6.709284136717594,49.814737643533661],[6.709353595464925,49.814739017023719],[6.70935571762576,49.814694081288586],[6.709425176314217,49.814695454734874],[6.709427298405504,49.814650518997155],[6.709496757035085,49.814651892399681],[6.709498879056824,49.814606956659389],[6.70956833762753,49.814608330018146],[6.709570459579721,49.814563394275247],[6.709639918091555,49.814564767590241],[6.709642039974198,49.814519831844763],[6.709711498427156,49.814521205115987],[6.709713620240252,49.814476269367923],[6.709715742048013,49.814431333619432],[6.709785200377884,49.814432706844713],[6.7097873221161,49.814387771093635],[6.709789443848981,49.81434283534216],[6.709858902055767,49.814344208521497],[6.709861023719101,49.814299272767428],[6.7098631453771,49.814254337012933],[6.709932603460799,49.814255710146348],[6.709934725049255,49.814210774389252],[6.709936846632375,49.814165838631766],[6.710006304592989,49.81416721171923],[6.710008426106564,49.814122275959157],[6.710077884008303,49.814123649002852],[6.710080005452333,49.814078713240185],[6.7101494632952,49.814080086240111],[6.710151584669687,49.814035150474851],[6.710221042453676,49.814036523431035],[6.710223163758618,49.813991587663189],[6.710225285058227,49.813946651894931],[6.710294742719133,49.813948024805164],[6.710296863949199,49.813903089034319],[6.710366321551231,49.813904461900776],[6.710368442711752,49.813859526127345],[6.710437900254909,49.813860898950054],[6.710440021345889,49.813815963174022],[6.710442142431535,49.813771027397586],[6.710511599851609,49.813772400174344],[6.710581057277016,49.813773772909521],[6.710583178228911,49.81372883712833],[6.710652635595445,49.813730209819724],[6.710654756477798,49.813685274035947],[6.710724213785457,49.813686646683578],[6.710726334598268,49.813641710897222],[6.710795791847055,49.813643083501077],[6.710865249101172,49.813644456063358],[6.710863128416778,49.813689391854062],[6.710932585740441,49.813690764376901],[6.711002043069437,49.813692136858151],[6.711004163625412,49.813647201063105],[6.711073620895532,49.813648573500593]],[[6.710683384822996,49.816024679719263],[6.710613924170907,49.816023307000407],[6.710616045261023,49.815978371235708],[6.710685505848893,49.815979743952397],[6.710683384822996,49.816024679719263]],[[6.711537607919594,49.817076044450388],[6.711535487600576,49.817120980235465],[6.711466025337871,49.817119608005349],[6.71146814572111,49.817074672222446],[6.711537607919594,49.817076044450388]],[[6.711463904949299,49.817164543787833],[6.711394442627707,49.817163171513933],[6.711396563080498,49.817118235733638],[6.711466025337871,49.817119608005349],[6.711463904949299,49.817164543787833]],[[6.71921744516568,49.773509106267362],[6.719219555116153,49.773464169901814],[6.719288955338758,49.773465536615156],[6.719286845452351,49.773510472982863],[6.71921744516568,49.773509106267362]],[[6.719215335209904,49.773554042632504],[6.719145934864468,49.773552675873297],[6.719148044884309,49.773507739510322],[6.71921744516568,49.773509106267362],[6.719215335209904,49.773554042632504]],[[6.719291065219864,49.773420600247029],[6.719360465383708,49.773421966916665],[6.719358355566669,49.773466903286952],[6.719288955338758,49.773465536615156],[6.719291065219864,49.773420600247029]],[[6.719362575195447,49.773377030545959],[6.719431975300528,49.773378397171903],[6.719434085042897,49.773333460798639],[6.719503485089215,49.773334827380879],[6.719501375410911,49.77337976375631],[6.719499265727305,49.773424700131336],[6.719429865552855,49.773423333544777],[6.719360465383708,49.773421966916665],[6.719362575195447,49.773377030545959]],[[6.71950559476222,49.773289891005028],[6.719574994749775,49.773291257543583],[6.719572885140837,49.773336193921594],[6.719503485089215,49.773334827380879],[6.71950559476222,49.773289891005028]],[[6.716217805507712,49.776733382259977],[6.716148400766697,49.776732013642011],[6.716150513795494,49.776687077397611],[6.716219918472431,49.776688446013424],[6.716217805507712,49.776733382259977]],[[6.7157696762663,49.777399213382665],[6.715767562832149,49.777444149609579],[6.715698157097748,49.77744278070773],[6.715700270595979,49.777397844482991],[6.7157696762663,49.777399213382665]],[[6.715489939926421,49.777438673752961],[6.715492053616892,49.777393737534709],[6.715561459271274,49.777395106559013],[6.715559345644883,49.777440042779432],[6.715489939926421,49.777438673752961]],[[6.716737131129195,49.777508246129997],[6.716739243671533,49.777463309873227],[6.716808649485609,49.777464678151887],[6.716810761958558,49.777419741892558],[6.716880167713865,49.77742111012752],[6.716878055304995,49.777466046389037],[6.716947461129691,49.777467414584635],[6.716945348779594,49.777512350847886],[6.716806537007351,49.777509614410839],[6.716737131129195,49.777508246129997]],[[6.716392214680816,49.777456467856645],[6.716390101818076,49.777501404102622],[6.716320695971786,49.777500035572508],[6.716322808898606,49.777455099328712],[6.716392214680816,49.777456467856645]],[[6.716080781041685,49.77816997324264],[6.716150187833263,49.77817134192982],[6.716148074693327,49.778216278162631],[6.716078667837666,49.778214909473292],[6.716080781041685,49.77816997324264]],[[6.716007147713905,49.778258476970464],[6.716005034435182,49.778303413198117],[6.715935627461981,49.778302044421359],[6.715937740804787,49.778257108195866],[6.716007147713905,49.778258476970464]],[[6.713516147365168,49.780997956092513],[6.713518263146997,49.780953019963839],[6.713520378923509,49.78090808383476],[6.713589789502461,49.780909454110251],[6.713587673790041,49.78095439024149],[6.713585558072305,49.780999326372331],[6.713516147365168,49.780997956092513]],[[6.713514031578022,49.781042892220754],[6.713444620812112,49.781041521897222],[6.713446736663349,49.780996585771135],[6.713516147365168,49.780997956092513],[6.713514031578022,49.781042892220754]],[[6.714058591583969,49.804891884428123],[6.714060708651187,49.804846948468651],[6.713991263830017,49.804845577997014],[6.713993380956091,49.804800642039282],[6.714062825713083,49.804802012508752],[6.7141322704754,49.804803382936633],[6.714130153477681,49.804848318898692],[6.714128036474642,49.804893254860346],[6.714058591583969,49.804891884428123]],[[6.715849352532401,49.805242054249661],[6.715779907059419,49.805240684841898],[6.715782022559407,49.805195748831203],[6.715851467968209,49.805197118236805],[6.715849352532401,49.805242054249661]],[[6.713108764057236,49.80734691169814],[6.713106645921707,49.807391847608301],[6.713037197506046,49.807390476514151],[6.713039315705762,49.80734554060615],[6.713108764057236,49.80734691169814]],[[6.713245542769012,49.807394589671837],[6.713243424756533,49.807439525585906],[6.713173976266029,49.807438154572765],[6.713178212414038,49.807348282748528],[6.713247660776168,49.807349653757335],[6.713245542769012,49.807394589671837]],[[6.714145836439469,49.80894160133488],[6.714076385756133,49.808940230832469],[6.714078503109835,49.808895294903976],[6.714147953728979,49.808896665404205],[6.714145836439469,49.80894160133488]],[[6.711990748448262,49.808944032284494],[6.711992867733064,49.808899096421428],[6.711923417214888,49.808897724629752],[6.711925536558553,49.808852788768441],[6.711994987012537,49.808854160557942],[6.71206443747185,49.808855532305856],[6.712062318256568,49.808900468171515],[6.712131768785404,49.808901839880001],[6.712201219319569,49.808903211546905],[6.712270669859064,49.808904583172229],[6.712340120403889,49.808905954755943],[6.712338001440048,49.808950890629838],[6.712407452054395,49.808952262174152],[6.712476902674069,49.808953633676865],[6.712546353299075,49.808955005137982],[6.712615803929408,49.808956376557525],[6.71261368521701,49.809001312439676],[6.712544234522485,49.80899994101798],[6.712474783833288,49.808998569554682],[6.712472664987179,49.809043505432093],[6.712403214239118,49.809042133925047],[6.712401095323489,49.809087069799872],[6.712398976402533,49.809132005674265],[6.71246842727898,49.809133377185645],[6.712537878160755,49.809134748655453],[6.712539996953326,49.809089812776712],[6.712609447776237,49.80909118420275],[6.712678898604477,49.809092555587199],[6.712681017263336,49.809047619703705],[6.712750468032711,49.809048991044392],[6.71275258662205,49.809004055158312],[6.712754705206061,49.808959119271819],[6.71282415585238,49.808960490566584],[6.71282203733256,49.809005426455244],[6.712819918807416,49.809050362343491],[6.712889369587449,49.809051733601002],[6.712887251121169,49.809096669491005],[6.712885132649565,49.809141605380582],[6.712883014172635,49.809186541269732],[6.712813563200022,49.809185170005719],[6.712811444653573,49.809230105892297],[6.712809326101796,49.809275041778456],[6.712739875006125,49.809273670468521],[6.712741993622096,49.809228734584529],[6.712672542595946,49.809227363235166],[6.712674661270784,49.809182427352923],[6.712605210314157,49.809181055964146],[6.712603091575126,49.809225991844222],[6.712533640559636,49.809224620411676],[6.712464189549474,49.809223248937535],[6.712462070676729,49.809268184812865],[6.712392619607702,49.809266813294983],[6.712323168544005,49.809265441735505],[6.712325287545137,49.809220505864509],[6.71232740654094,49.809175569993116],[6.712257955610959,49.809174198396377],[6.712255836550963,49.809219134265611],[6.712253717485638,49.809264070134432],[6.7121842664326,49.809262698491779],[6.712182147297754,49.809307634358007],[6.712112696185853,49.809306262671598],[6.712114815384893,49.809261326807516],[6.712045364342513,49.809259955081693],[6.712043245079281,49.809304890943579],[6.711904342882129,49.809302147362793],[6.711908581660039,49.809212275647255],[6.711910701041002,49.809167339788871],[6.711980151944333,49.80916871159355],[6.711982271255776,49.809123775732566],[6.712051722100243,49.809125147493489],[6.712121172950043,49.809126519212825],[6.712123292127771,49.809081583347094],[6.712125411300171,49.809036647480944],[6.712127530467243,49.808991711614382],[6.712058079810022,49.808990339901548],[6.712060199035959,49.808945404036727],[6.711990748448262,49.808944032284494]],[[6.715654709685074,49.809376165651308],[6.715585258306876,49.809374796044409],[6.715587374296215,49.809329860072012],[6.715517922987533,49.809328490425692],[6.715448471684174,49.80932712073777],[6.715450587796581,49.809282184769287],[6.715381136562738,49.809280815041951],[6.715383252734018,49.809235879075231],[6.715385368899979,49.809190943108099],[6.71538748506062,49.809146007140534],[6.715389601215939,49.809101071172563],[6.715459052193008,49.809102440891245],[6.715528503175397,49.809103810568345],[6.715526387148464,49.809148746540643],[6.71559583820037,49.809150116178316],[6.715593722232311,49.809195052152369],[6.715591606258932,49.809239988126002],[6.715589490280233,49.809284924099217],[6.715658941530042,49.809286293701796],[6.715656825610218,49.809331229676758],[6.715726276929543,49.809332599239909],[6.715724161068594,49.809377535216619],[6.715654709685074,49.809376165651308]],[[6.71280297041451,49.809409849434438],[6.712800851841428,49.809454785318934],[6.712731400488981,49.80945341400033],[6.712733519126257,49.809408478118002],[6.71280297041451,49.809409849434438]],[[6.716271310885565,49.809568234213813],[6.716340762573754,49.809569603413465],[6.716338647263965,49.80961453940759],[6.716269195511581,49.809613170205765],[6.716271310885565,49.809568234213813]],[[6.714008627626899,49.810378180324356],[6.714010745150953,49.810333244409186],[6.71408019782434,49.810334614978743],[6.714078080364484,49.810379550896066],[6.714008627626899,49.810378180324356]],[[6.713907410431977,49.811050848356061],[6.713909528100091,49.811005912449311],[6.713978981731135,49.811007283092955],[6.713976864127223,49.811052219001866],[6.713907410431977,49.811050848356061]],[[6.714430867286135,49.813220106641019],[6.714428749934988,49.813265042546853],[6.714359293051125,49.813263672127668],[6.71436141046648,49.813218736223995],[6.714430867286135,49.813220106641019]],[[6.714357175630449,49.813308608030916],[6.714287718687702,49.813307237567962],[6.714289836172588,49.813262301666882],[6.714359293051125,49.813263672127668],[6.714357175630449,49.813308608030916]],[[6.71612708942553,49.814108136716101],[6.716129205267221,49.814063200763627],[6.716198663381074,49.814064570138115],[6.716196547603595,49.814109506092748],[6.71612708942553,49.814108136716101]],[[6.714872609119646,49.814173352649043],[6.714803150914305,49.81417198247771],[6.71473369271429,49.814170612264782],[6.714735809850853,49.814125676356447],[6.714805267986658,49.814127046567201],[6.715013642426019,49.814131156949898],[6.715015759300414,49.814086221032497],[6.715085217393307,49.814087591074689],[6.715087334198167,49.814042655154687],[6.715156792232174,49.814044025153137],[6.715154675491523,49.814088961075299],[6.715152558745552,49.814133896997049],[6.715222016913304,49.814135266958225],[6.71529147508638,49.814136636877798],[6.715289358463511,49.81418157280347],[6.715358816706122,49.814182942683615],[6.715356700142141,49.814227878611028],[6.715148325237641,49.814223768839298],[6.715150441994258,49.814178832918387],[6.715011525546303,49.814176092866894],[6.715009408661262,49.814221028783493],[6.71493995038106,49.814219658693197],[6.714870492106183,49.814218288561293],[6.714872609119646,49.814173352649043]],[[6.717159833455817,49.817276928675575],[6.71716194857815,49.817231992715449],[6.717164063695165,49.817187056754925],[6.717233526330463,49.81718842557153],[6.717229296219561,49.817278297496507],[6.717159833455817,49.817276928675575]],[[6.715955314095994,49.819232202192275],[6.715957430480032,49.819187266285091],[6.716026895920364,49.819188635864734],[6.716029012234852,49.819143699954985],[6.716031128544017,49.819098764044817],[6.716033244847861,49.81905382813423],[6.716035361146385,49.819008892223223],[6.716039593727465,49.818919020399974],[6.716041710010023,49.818874084487717],[6.716111175006074,49.818875454010609],[6.716113291219083,49.818830518095773],[6.716115407426769,49.818785582180531],[6.716117523629135,49.818740646264857],[6.71611963982618,49.818695710348784],[6.71618910457064,49.818697079821405],[6.716191220698136,49.818652143902753],[6.71619333682031,49.818607207983668],[6.716195452937163,49.818562272064177],[6.716264917494263,49.818563641488701],[6.716267033541568,49.818518705566625],[6.716197569048696,49.818517336144261],[6.716199685154908,49.818472400223925],[6.716201801255798,49.818427464303177],[6.716203917351368,49.818382528382017],[6.716206033441618,49.818337592460452],[6.71627549767758,49.818338961874154],[6.71627761369828,49.818294025949996],[6.716208149526546,49.818292656538453],[6.716138685360131,49.818291287085309],[6.716136569210978,49.81833622300514],[6.716134453056502,49.818381158924552],[6.716132336896705,49.818426094843538],[6.716062872542934,49.818424725342304],[6.715993408194486,49.818423355799453],[6.715991291900914,49.818468291713707],[6.715921827493562,49.818466922127094],[6.715852363091535,49.818465552498871],[6.715782898694831,49.818464182829061],[6.715713434303452,49.818462813117634],[6.715643969917397,49.818461443364605],[6.715641853297367,49.818506379267617],[6.715711317747648,49.818507749022807],[6.715780782203256,49.818509118736408],[6.715850246664187,49.818510488408386],[6.715919711130441,49.818511858038775],[6.715915478388234,49.818601729860852],[6.715913362009148,49.818646665771276],[6.71598282667341,49.818648035366557],[6.715980710353231,49.818692971278715],[6.715911245624741,49.818691601681273],[6.715909129235012,49.818736537590866],[6.715978594027729,49.818737907190467],[6.715976477696907,49.8187828431018],[6.715974361360762,49.818827779012729],[6.715972245019297,49.818872714923231],[6.71597012867251,49.81891765083332],[6.715968012320401,49.818962586742984],[6.715898547206539,49.818961217132554],[6.715896430784881,49.819006153039645],[6.715892197925595,49.819096024852577],[6.715890081487971,49.819140960758425],[6.715887965045024,49.819185896663839],[6.71581849961534,49.819184527000985],[6.715816383102842,49.81922946290382],[6.715814266585022,49.819274398806257],[6.715812150061879,49.819319334708261],[6.715742684444829,49.819317964997303],[6.715673218833103,49.81931659524475],[6.715671102176177,49.819361531142],[6.715601636505546,49.819360161345671],[6.715599519779068,49.819405097240363],[6.71553005404953,49.819403727400257],[6.715460588325318,49.819402357518548],[6.715391122606431,49.819400987595245],[6.715321656892869,49.819399617630317],[6.715252191184633,49.819398247623802],[6.715182725481722,49.81939687757567],[6.715113259784137,49.819395507485936],[6.714974328404943,49.819392767181661],[6.714976445709495,49.819347831306459],[6.714906980092118,49.819346461094085],[6.714837514480067,49.819345090840109],[6.714768048873342,49.819343720544509],[6.714765931376099,49.819388656413203],[6.714696465710471,49.819387286073841],[6.714627000050171,49.819385915692877],[6.714629117675874,49.81934097982851],[6.714490186499714,49.819338238946088],[6.714488068745549,49.819383174806127],[6.714418603101231,49.819381804300335],[6.714349137462238,49.819380433752947],[6.714351255344862,49.819335497897249],[6.714281789775428,49.819334127310434],[6.714212324211322,49.819332756681995],[6.714142858652543,49.819331386011953],[6.714144976722531,49.819286450162338],[6.714075511233312,49.819285079452868],[6.714073393099092,49.819330015300324],[6.71400392755097,49.81932864454707],[6.713934462008176,49.819327273752222],[6.713936580270855,49.819282337909108],[6.71386711479762,49.819280967074818],[6.713728183867135,49.819278225281423],[6.713658718409886,49.819276854322318],[6.713589252957966,49.819275483321611],[6.713587134374139,49.819320419153883],[6.713517668863318,49.819319048109413],[6.713448203357828,49.819317677023321],[6.713446084640212,49.819362612850853],[6.713376619075822,49.819361241721005],[6.713378737857667,49.819316305895633],[6.713309272362836,49.819314934726343],[6.713239806873335,49.819313563515443],[6.71323768796303,49.819358499336474],[6.713168222414629,49.819357128081805],[6.713170341389165,49.819312192262935],[6.713100875910324,49.819310820968823],[6.713031410436814,49.819309449633117],[6.713033529534481,49.819264513818169],[6.712964064130531,49.819263142443027],[6.712894598731912,49.819261771026255],[6.71289671795271,49.819216835215236],[6.712827252623652,49.819215463759043],[6.712757787299925,49.819214092261255],[6.712759906643851,49.819169156454137],[6.712690441389685,49.819167784916907],[6.712620976140848,49.819166413338067],[6.712623095607904,49.819121477534885],[6.71255363042863,49.81912010591661],[6.712555749954585,49.819075170115177],[6.712486284844871,49.819073798457467],[6.712416819740489,49.819072426758147],[6.712347354641439,49.81907105501724],[6.712349474354751,49.819026119221888],[6.712280009325262,49.819024747441524],[6.712282129097473,49.818979811647935],[6.712212664137545,49.818978439828143],[6.712214783968654,49.818933504036295],[6.712145319078286,49.818932132177075],[6.712075854193252,49.818930760276231],[6.712077974147486,49.818885824488312],[6.712008509332012,49.818884452548041],[6.712010629345143,49.818839516761884],[6.711941164599232,49.81883814478217],[6.711871699858651,49.818836772760861],[6.711873819994909,49.818791836978612],[6.711804355323889,49.818790464917875],[6.711734890658205,49.818789092815528],[6.711737010917585,49.818744157037194],[6.711739131171635,49.818699221258456],[6.711669666639738,49.818697849118841],[6.711600202113175,49.818696476937617],[6.711602322490347,49.818651541162794],[6.711532858033345,49.818650168942142],[6.711534978469413,49.818605233169073],[6.711465514081971,49.818603860908979],[6.711467634576934,49.818558925137673],[6.711398170259054,49.818557552838143],[6.711400290812913,49.818512617068585],[6.711402411361438,49.8184676812986],[6.711332947177345,49.818466308961803],[6.711335067784766,49.81842137319358],[6.711265603670234,49.818420000817369],[6.711267724336548,49.818375065050873],[6.711198260291576,49.81837369263522],[6.711200381016784,49.818328756870493],[6.711130917041374,49.818327384415397],[6.711133037825475,49.818282448652432],[6.711063573919626,49.818281076157916],[6.71099411001911,49.818279703621783],[6.71099623092633,49.818234767862734],[6.710998351828216,49.818189832103272],[6.710928888061487,49.818188459529885],[6.710931009022267,49.818143523772164],[6.710861545325098,49.818142151159336],[6.710863666344769,49.81809721540337],[6.710865787359107,49.818052279646999],[6.710796323795724,49.818050906996916],[6.710798444868954,49.818005971242279],[6.710800565936849,49.817961035487244],[6.710731102507252,49.817959662799886],[6.71073322363404,49.817914727046606],[6.710663760274,49.817913354319828],[6.710665881459678,49.817868418568288],[6.710668002640023,49.817823482816323],[6.710598539413771,49.817822110052276],[6.710602781886905,49.817732238551464],[6.71067224498471,49.817733611311176],[6.710674366149054,49.817688675557967],[6.710676487308064,49.817643739804353],[6.710745950282758,49.817645112518122],[6.710748071372211,49.817600176761907],[6.710817534288018,49.817601549431899],[6.710819655307915,49.817556613673105],[6.710889118164834,49.817557986299335],[6.710958581027088,49.817559358883955],[6.710960701913206,49.8175144231204],[6.711030164716572,49.817515795661251],[6.711032285533133,49.817470859895117],[6.711101748277612,49.817472232392191],[6.711103869024617,49.817427296623471],[6.711173331710208,49.817428669076776],[6.711175452387658,49.817383733305476],[6.711177573059778,49.81733879753375],[6.711247035622257,49.817340169941119],[6.711249156224821,49.817295234166806],[6.711318618728412,49.817296606530398],[6.711320739261422,49.817251670753492],[6.711251276822053,49.817250298392075],[6.711253397413954,49.817205362616932],[6.7113228597891,49.817206734976189],[6.711392322169582,49.817208107293844],[6.711461784555397,49.817209479569897],[6.711531246946547,49.817210851804347],[6.711600709343029,49.817212223997196],[6.711602829608488,49.817167288210783],[6.711604949868615,49.817122352423972],[6.711674412141988,49.817123724570877],[6.711813336704732,49.8171264687399],[6.711882798994104,49.817127840762005],[6.711952261288808,49.8171292127425],[6.711954381222496,49.817084276944428],[6.711956501150854,49.817039341145929],[6.711958621073882,49.81699440534701],[6.711960740991579,49.81694946954768],[6.71203020303473,49.816950841477905],[6.712099665083213,49.816952213366541],[6.712169127137028,49.816953585213561],[6.712171246856733,49.816908649407317],[6.712240708851659,49.816910021210568],[6.712310170851918,49.816911392972216],[6.712379632857507,49.816912764692269],[6.712381752379218,49.816867828879104],[6.712451214325919,49.816869200555388],[6.712453333778079,49.816824264739637],[6.71252279566589,49.816825636372151],[6.712592257559034,49.816827007963063],[6.712594376877423,49.816782072142551],[6.712663838711676,49.816783443689708],[6.712733300551259,49.816784815195248],[6.71273541973588,49.816739879369976],[6.712804881516574,49.816741250831754],[6.712807000631645,49.816696315003902],[6.712876462353449,49.816697686421911],[6.712945924080583,49.816699057798324],[6.713015385813048,49.816700429133128],[6.713017504730129,49.816655493298363],[6.713086966403703,49.816656864589397],[6.713156428082606,49.816658235838823],[6.713158546865921,49.816613299999311],[6.713228008485934,49.816614671204981],[6.713230127199701,49.816569735362883],[6.713299588760823,49.816571106524783],[6.713369050327275,49.816572477645067],[6.713438511899056,49.816573848723777],[6.713440630414835,49.816528912874759],[6.713510091927725,49.816530283909692],[6.713512210373958,49.816485348058087],[6.713651133287285,49.816488089998806],[6.71372059475194,49.816489460906773],[6.713859517697237,49.816492202597885],[6.713928979177878,49.816493573381045],[6.713931097233466,49.816448637516018],[6.714000558655216,49.816450008255408],[6.714070020082291,49.816451378953204],[6.714072138004115,49.81640644308343],[6.714141599372299,49.816407813737449],[6.71421106074581,49.81640918434988],[6.714280522124648,49.816410554920694],[6.714349983508813,49.81641192544992],[6.714419444898305,49.816413295937537],[6.714421562493706,49.816368360056522],[6.714491023824306,49.816369730500369],[6.714493141350162,49.816324794616776],[6.714562602621869,49.816326165016861],[6.714560485160231,49.816371100902636],[6.714558367693269,49.816416036787984],[6.714556250220983,49.816460972672914],[6.714625711690675,49.816462343037898],[6.714695173165692,49.81646371336128],[6.714697290509539,49.816418777472023],[6.714766751925663,49.816420147751636],[6.714764634646036,49.816465083643067],[6.714834096131705,49.816466453883244],[6.7149035576227,49.816467824081833],[6.714901440466189,49.816512759977179],[6.714899323304357,49.816557695872113],[6.714897206137199,49.816602631766628],[6.714895088964719,49.816647567660723],[6.714892971786914,49.816692503554407],[6.714890854603786,49.816737439447671],[6.714821392727471,49.816736069236086],[6.714819275474798,49.816781005126771],[6.714817158216803,49.816825941017036],[6.714886620221561,49.816827311232956],[6.714884503022464,49.816872247124962],[6.714815040953483,49.816870876906904],[6.71481292368484,49.816915812796339],[6.714810806410874,49.816960748685332],[6.714808689131583,49.817005684573942],[6.714806571846968,49.817050620462126],[6.714737109526428,49.81704925019379],[6.714734992172269,49.817094186079387],[6.714730757447977,49.817184057849353],[6.714728640077845,49.8172289937337],[6.71465917750574,49.817227623415093],[6.714657060066061,49.817272559296867],[6.714587597435061,49.817271188934484],[6.714585479925836,49.817316124813686],[6.71465494262106,49.817317495178216],[6.714652825170732,49.817362431059159],[6.714583362411286,49.817361060692456],[6.714579127366213,49.81745093244875],[6.714648590254106,49.817452302819788],[6.714646472787806,49.817497238699467],[6.71457700983569,49.817495868326276],[6.714574892299842,49.817540804203368],[6.71457277475867,49.817585740080069],[6.714570657212174,49.817630675956337],[6.714709583507076,49.817633416674127],[6.714779046662517,49.817634786970622],[6.714776929303367,49.817679722852986],[6.714846392528358,49.817681093110039],[6.714985318994318,49.817683833499352],[6.715054782235287,49.817685203631598],[6.715124245481578,49.817686573722249],[6.715193708733199,49.81768794377129],[6.715191591754072,49.817732879666238],[6.71526105507524,49.817734249675837],[6.715330518401736,49.817735619643834],[6.715399981733553,49.817736989570243],[6.715469445070696,49.817738359455035],[6.715538908413165,49.817739729298232],[6.715677835114073,49.817742468859819],[6.715747298472514,49.817743838578217],[6.715749414937845,49.81769890266596],[6.715818878237384,49.817700272340574],[6.715888341542247,49.817701641973599],[6.715957804852436,49.817703011565015],[6.716027268167947,49.817704381114822],[6.716096731488781,49.817705750623034],[6.716166194814938,49.817707120089658],[6.716164078734955,49.817752056014889],[6.71623354213066,49.817753425442056],[6.716303005531688,49.817754794827628],[6.716300889574834,49.817799730756775],[6.716370353045408,49.817801100102905],[6.716439816521306,49.817802469407425],[6.716437700687582,49.817847405340494],[6.716507164233025,49.817848774605586],[6.716576627783793,49.817850143829062],[6.716574512073199,49.817895079766046],[6.716643975693512,49.817896448950094],[6.716641860041824,49.817941384888805],[6.716780787426869,49.817944123136428],[6.716850251127374,49.817945492197822],[6.716852366586386,49.81790055625261],[6.716856597488453,49.817810684360921],[6.716858712931508,49.817765748414452],[6.716860828369243,49.817720812467577],[6.716930291753944,49.817722181476555],[6.716932407122136,49.817677245527086],[6.716934522485008,49.817632309577206],[6.716936637842562,49.8175873736269],[6.71700610103991,49.817588742587787],[6.717008216327922,49.817543806634902],[6.717010331610613,49.817498870681611],[6.717012446887986,49.817453934727915],[6.717081909897982,49.817455303640699],[6.717084025105813,49.81741036768441],[6.717086140308325,49.817365431727701],[6.717088255505518,49.817320495770574],[6.717157718328166,49.817321864635275],[6.717155603195195,49.817366800594563],[6.717153488056907,49.817411736553439],[6.717222951013322,49.817413105380851],[6.717361876942111,49.81741584291089],[6.717359761991177,49.817460778875834],[6.717220835933939,49.817458041341474],[6.717151372913301,49.817456672511888],[6.717149257764375,49.817501608469925],[6.717079794684834,49.817500239596569],[6.717077679466366,49.817545175552034],[6.717147142610132,49.817546544427543],[6.71714502745057,49.817591480384749],[6.71721449066388,49.81759284922083],[6.717216605759218,49.817547913261457],[6.717286068913626,49.817549282053768],[6.717283953882512,49.817594218015302],[6.717353417106463,49.817595586768164],[6.717422880335734,49.817596955479438],[6.717420765427751,49.817641891444886],[6.717418650514451,49.817686827409908],[6.717557577245851,49.817689564716289],[6.717559692030703,49.81764462874694],[6.717561806810237,49.817599692777158],[6.717631270055467,49.817601061363632],[6.717633384765461,49.81755612539127],[6.717702847951786,49.817557493933961],[6.717704962592236,49.817512557959041],[6.717707077227368,49.817467621983702],[6.717776540290565,49.817468990480464],[6.717774425719656,49.817513926457977],[6.717843888852397,49.817515294915296],[6.717846003359082,49.817470358935637],[6.717915466432917,49.817471727349186],[6.717984929512071,49.817473095721141],[6.717987043884992,49.817428159736728],[6.717989158252595,49.817383223751911],[6.71805862120862,49.817384592077936],[6.718060735506683,49.817339656090525],[6.718130198403804,49.817341024372794],[6.718199661306241,49.81734239261344],[6.718269124213997,49.817343760812513],[6.718271238314074,49.817298824818195],[6.718340701162925,49.817300192973491],[6.718342815193461,49.817255256976608],[6.718412277983407,49.817256625088135],[6.718414391944405,49.817211689088666],[6.718416505900088,49.817166753088785],[6.718418619850457,49.817121817088477],[6.71834915725318,49.817120448983431],[6.718351271262456,49.817075512984879],[6.718353385266416,49.817030576985907],[6.718283922802904,49.817029208843579],[6.718144997891831,49.817026472434144],[6.718147112083143,49.816981536441247],[6.718077649699807,49.816980168176279],[6.718079763950025,49.816935232185124],[6.71801030163623,49.81693386388072],[6.717940839327753,49.816932495534715],[6.71793872494909,49.816977431521543],[6.71786926258171,49.816976063131776],[6.717867148133509,49.817020999116032],[6.717797685707225,49.817019630682495],[6.717795571189486,49.817064566664158],[6.717726108704299,49.817063198186865],[6.717723994117018,49.817108134165956],[6.717654531572928,49.817106765644887],[6.717652416916107,49.817151701621405],[6.717650302253972,49.817196637597505],[6.717580839586755,49.817195269030506],[6.717578724855077,49.817240205004026],[6.717509262128956,49.817238836393273],[6.717439799408155,49.81723746774091],[6.717370336692674,49.817236099046951],[6.717372451617019,49.817191163079933],[6.717374566536047,49.817146227112481],[6.717305103954332,49.817144858381248],[6.717307218932265,49.817099922415551],[6.71730933390488,49.817054986449442],[6.71737879635815,49.817056355176348],[6.717380911261226,49.817011419207653],[6.717383026158982,49.816966483238545],[6.71738514105142,49.816921547269025],[6.717454603317344,49.816922915947842],[6.717524065588587,49.816924284585063],[6.717593527865151,49.816925653180675],[6.717595642559606,49.816880717204249],[6.717942953701098,49.816887559547474],[6.718012415945353,49.816888927891327],[6.718081878194926,49.816890296193563],[6.718151340449817,49.816891664454197],[6.718220802710028,49.816893032673235],[6.718290264975556,49.816894400850664],[6.7183597272464,49.816895768986498],[6.718361841229099,49.816850832985857],[6.718292379022476,49.81684946485219],[6.71829449306408,49.816804528853282],[6.718363955206482,49.816805896984803],[6.718366069178548,49.816760960983338],[6.718435531262046,49.816762329071082],[6.71850499335086,49.816763697117217],[6.718502879507237,49.81680863312301],[6.718572341665592,49.816810001129717],[6.718641803829263,49.816811369094815],[6.71871126599825,49.81681273701831],[6.718709152341977,49.816857673030178],[6.718778614580503,49.816859040914245],[6.718848076824347,49.816860408756696],[6.718917539073507,49.816861776557559],[6.718987001327982,49.816863144316812],[6.719056463587775,49.816864512034471],[6.719058576922937,49.816819576011788],[6.719060690252787,49.816774639988701],[6.71913015238945,49.816776007660437],[6.719132265649765,49.81673107163477],[6.719134378904765,49.816686135608677],[6.719203840918302,49.816687503234483],[6.719205954103767,49.816642567205825],[6.719208067283919,49.816597631176741],[6.719277529174329,49.816598998756625],[6.719346991070056,49.8166003662949],[6.719416452971096,49.816601733791565],[6.719418565953271,49.816556797755588],[6.719488027795407,49.816558165208505],[6.719557489642855,49.816559532619813],[6.71962695149562,49.816560899989526],[6.719629064279818,49.816515963946642],[6.719698526073676,49.8165173312726],[6.719837449677335,49.816520065799679],[6.71983956226356,49.816475129749897],[6.719909024009139,49.816476496948894],[6.71991113652583,49.81643156089654],[6.719980598212503,49.816432928051753],[6.720050059904489,49.816434295165372],[6.72011952160179,49.816435662237389],[6.72011740927776,49.816480598296231],[6.720113184613766,49.816570470412664],[6.720182646509042,49.816571837449558],[6.720186871044594,49.816481965328812],[6.720188983304403,49.81643702926781],[6.720258445012329,49.816438396256629],[6.720260557202606,49.816393460193048],[6.720330018851624,49.816394827138112],[6.720327906725569,49.816439763203846],[6.72039736844412,49.81644113010946],[6.720399480505955,49.816396194041566],[6.720468942165602,49.816397560903418],[6.720538403830559,49.816398927723661],[6.720540515758643,49.816353991651035],[6.720609977364692,49.816355358427522],[6.720679438976053,49.816356725162414],[6.720748900592726,49.816358091855697],[6.720751012322839,49.81631315577615],[6.720959397012067,49.816317255599934],[6.720957285474616,49.816362191685961],[6.720955173931856,49.816407127771555],[6.721024635633997,49.816408494300589],[6.721022524150148,49.816453430387931],[6.72102041266099,49.816498366474846],[6.721018301166523,49.816543302561357],[6.72094883927172,49.816541936025828],[6.720946727707721,49.81658687210976],[6.720877265754008,49.816585505530476],[6.720875154120479,49.816630441611835],[6.720873042481643,49.816675377692782],[6.720870930837494,49.816720313773295],[6.720801468696428,49.81671894714593],[6.720799356982749,49.816763883223885],[6.720729894782773,49.816762516552757],[6.720660432588108,49.816761149840026],[6.720658320740675,49.816806085913235],[6.720656208887932,49.816851021986032],[6.72065409702988,49.816895958058396],[6.720651985166515,49.816940894130376],[6.720649873297842,49.816985830201922],[6.720719335813619,49.816987196925446],[6.720788798334707,49.816988563607381],[6.72106664847218,49.816994029919066],[6.721064536983534,49.81703896600316],[6.721133999595405,49.817040332479237],[6.721203462212586,49.817041698913712],[6.721272924835078,49.817043065306592],[6.72134238746288,49.81704443165787],[6.721481312734419,49.817047164235603],[6.721550775378153,49.81704853046206],[6.721620238027199,49.817049896646921],[6.721828626006194,49.817053994951905],[6.721826515218694,49.817098931059334],[6.721757052489497,49.817097564997113],[6.721687589765607,49.817096198893296],[6.721618127047029,49.817094832747877],[6.721548664333761,49.817093466560848],[6.721479201625802,49.817092100332225],[6.721409738923154,49.817090734061999],[6.721340276225818,49.817089367750171],[6.721338164983447,49.81713430384206],[6.721268702227197,49.817132937486477],[6.721199239476259,49.817131571089291],[6.721129776730631,49.817130204650489],[6.721060313990314,49.817128838170099],[6.72105820248574,49.817173774252929],[6.720988739686511,49.817172407728769],[6.720919276892595,49.817171041163007],[6.720917165254265,49.817215977241126],[6.720847702401437,49.817214610631581],[6.720849814103991,49.817169674555636],[6.720780351320697,49.817168307906677],[6.720778239553919,49.817213243980468],[6.720776127781832,49.817258180053834],[6.720706664875403,49.817256813358945],[6.720704553033782,49.817301749429745],[6.720702441186853,49.817346685500112],[6.720632978157288,49.817345318759294],[6.720630866240822,49.817390254827103],[6.720628754319046,49.817435190894486],[6.720559291166347,49.817433824107752],[6.720557179175036,49.817478760172563],[6.720555067178415,49.817523696236954],[6.720624530459563,49.817525063028015],[6.720622418521856,49.81756999909414],[6.72062030657884,49.81761493515986],[6.72055084316924,49.817613568364486],[6.720546619138823,49.817703440490362],[6.720616082676873,49.817704807290056],[6.720613970717924,49.817749743354533],[6.72054450711565,49.817748376552672],[6.720542395087165,49.817793312614569],[6.72054028305337,49.817838248676047],[6.720536058969848,49.817928120797752],[6.720533946920121,49.817973056857987],[6.720531834865082,49.818017992917788],[6.720462370882764,49.818016626061372],[6.720460258758188,49.818061562118608],[6.720458146628301,49.818106498175439],[6.720453922352597,49.818196370287829],[6.720384458118685,49.818195003381156],[6.720382345908638,49.818239939434569],[6.720312881615813,49.818238572484134],[6.720310769336228,49.818283508534982],[6.720241304984488,49.81828214154077],[6.720239192635365,49.818327077589046],[6.720100263819372,49.818324343471502],[6.720098151336482,49.818369279515018],[6.72009603884828,49.818414215558128],[6.7200265743198,49.818412848432637],[6.720028686872229,49.818367912391679],[6.71995922241329,49.818366545226752],[6.719957109796633,49.818411481265528],[6.719887645278781,49.818410114056832],[6.719885532592582,49.818455050093043],[6.719816068015816,49.818453682840584],[6.719746603444366,49.818452315546509],[6.7197444906244,49.818497251577959],[6.719675025994037,49.818495884240129],[6.71967713887823,49.818450948210831],[6.719607674317408,49.818449580833544],[6.719605561368987,49.818494516860689],[6.719536096749252,49.818493149439639],[6.71953398373129,49.818538085464205],[6.719464519052643,49.8185367179994],[6.719395054379312,49.818535350492986],[6.719392941227579,49.81858028651282],[6.719390828070534,49.818625222532226],[6.719321363274061,49.81862385497989],[6.719319250047473,49.818668790996732],[6.719317136815571,49.818713727013147],[6.719315023578355,49.818758663029143],[6.719245558594513,49.818757295428711],[6.719176093615986,49.81875592778669],[6.719106628642777,49.818754560103038],[6.719104515207561,49.818799496112142],[6.718896120127142,49.818795392805107],[6.71882665511097,49.818794024952894],[6.718757190100114,49.818792657059056],[6.718687725094576,49.818791289123645],[6.718618260094356,49.818789921146596],[6.718616146204222,49.818834857140146],[6.71854668114509,49.818833489119349],[6.718548795099451,49.818788553127959],[6.718479330109867,49.81878718506772],[6.71834040014665,49.81878444882242],[6.718270935173018,49.818783080637367],[6.718268820961739,49.818828016620103],[6.718199355929197,49.81882664839128],[6.718129890901973,49.818825280120848],[6.718127776556919,49.818870216098851],[6.718058311470786,49.818868847784657],[6.718056197056188,49.818913783760074],[6.717986731911143,49.818912415402117],[6.717984617426999,49.818957351374955],[6.717915152223044,49.818955982973222],[6.717845687024409,49.818954614529886],[6.717843572406489,49.818999550497978],[6.717774107148944,49.81899818201088],[6.717704641896717,49.818996813482165],[6.717635176649812,49.818995444911856],[6.717633061833886,49.819040380873055],[6.717494131227575,49.819037643603288],[6.71749624617196,49.818992707646423],[6.717426780941015,49.818991338951299],[6.717428895944311,49.818946402996183],[6.717359430782913,49.81894503426161],[6.717289965626838,49.818943665485442],[6.717220500476083,49.818942296667672],[6.717218385280099,49.818987232616294],[6.717216270078795,49.819032168564505],[6.717146804804902,49.819030799700791],[6.717144689534051,49.819075735646422],[6.717075224201249,49.819074366738953],[6.717077339536331,49.819029430795482],[6.717079454866092,49.818984494851598],[6.717009989667071,49.81898312590684],[6.716940524473372,49.818981756920479],[6.716942639926272,49.818936820980518],[6.716873174802124,49.818935451954715],[6.716803709683296,49.818934082887317],[6.716801594101935,49.818979018822958],[6.716799478515256,49.81902395475818],[6.716730013273292,49.819022585644845],[6.716727897617063,49.819067521577487],[6.716725781955513,49.819112457509725],[6.716656316590413,49.819111088350454],[6.716654200859314,49.819156024280105],[6.716652085122896,49.819200960209344],[6.716582619634656,49.819199591004143],[6.716580503828689,49.819244526930788],[6.716511038281541,49.819243157681811],[6.716508922406023,49.819288093605884],[6.716439456799969,49.819286724313137],[6.716437340854899,49.819331660234639],[6.716367875189937,49.819330290898129],[6.716298409530297,49.819328921520011],[6.716296293451446,49.819373857436759],[6.716294177367273,49.819418793353094],[6.716224711584496,49.819417423929039],[6.7162268277329,49.819372488014871],[6.716157362019676,49.819371118551381],[6.716087896311776,49.819369749046288],[6.716085780034912,49.819414684956122],[6.716016314268105,49.81941331540726],[6.716018430609201,49.819368379499586],[6.715948964911948,49.819367009911282],[6.715951081311951,49.819322074005356],[6.715953197706633,49.819277138099025],[6.715955314095994,49.819232202192275]],[[6.732645109020546,49.808765439974415],[6.732575657696738,49.808764080560927],[6.732506206378211,49.808762721105872],[6.732508306656896,49.808717784600653],[6.732577757911225,49.808719144053569],[6.732647209170839,49.808720503464912],[6.732645109020546,49.808765439974415]],[[6.73278401168401,49.8087681586766],[6.732853463023664,49.80876951796531],[6.732851363060678,49.808814454480839],[6.732781911656827,49.80881309518999],[6.73278401168401,49.8087681586766]],[[6.732990265884222,49.808817172937772],[6.733059717303916,49.808818532103864],[6.733057617528237,49.808863468625418],[6.732988166044347,49.808862109457181],[6.732918714565738,49.808860750247355],[6.732920814469808,49.808815813730099],[6.732990265884222,49.808817172937772]],[[6.733265972011595,49.80886754588056],[6.733263872423224,49.808912482408161],[6.733194420859294,49.808911123362556],[6.733124969300646,49.808909764275356],[6.733127069017409,49.808864827752053],[6.733196520511862,49.808866186837108],[6.733265972011595,49.80886754588056]],[[6.72706586132738,49.80915085515327],[6.727067966671465,49.809105918820435],[6.727137418219423,49.809107281541117],[6.727139523494021,49.80906234520571],[6.727141628763325,49.809017408869892],[6.727211080188186,49.809018771544672],[6.727213185388004,49.808973835206281],[6.727282636753964,49.808975197837327],[6.727352088125221,49.808976560426778],[6.727354193191355,49.808931624083662],[6.727423644503709,49.808932986629358],[6.727562547144303,49.808935711595986],[6.72763199847254,49.808937074016924],[6.727634103276602,49.808892137664778],[6.727703554545938,49.808893500041961],[6.727842457100493,49.808896224671557],[6.727840352489017,49.808941161030162],[6.727909803838428,49.808942523284728],[6.727907699285857,49.80898745964506],[6.727905594727994,49.80903239600498],[6.72783614325019,49.809031033746109],[6.727834038622841,49.809075970103457],[6.7278319339902,49.809120906460414],[6.727762482389299,49.809119544155635],[6.727693030793692,49.809118181809282],[6.727623579203379,49.809116819421327],[6.727554127618359,49.809115456991783],[6.727552022723644,49.809160393339688],[6.727482571079722,49.809159030866397],[6.727413119441096,49.80915766835151],[6.727343667807763,49.809156305795057],[6.727341562715168,49.809201242136083],[6.727272111022933,49.809199879535868],[6.727202659335994,49.809198516894064],[6.727133207654349,49.809197154210665],[6.727135312939533,49.809152217876097],[6.72706586132738,49.80915085515327]],[[6.725727322390204,49.80952938212549],[6.725729429001672,49.809484445837334],[6.725798881026757,49.809485809367636],[6.725868333057139,49.80948717285635],[6.725866226574066,49.809532109148812],[6.725796774479487,49.809530745657952],[6.725727322390204,49.80952938212549]],[[6.739314904187289,49.810335080143226],[6.73938435808237,49.810336435549303],[6.73945381198272,49.810337790913806],[6.739451718014123,49.810382727621999],[6.73938226404957,49.810381372255364],[6.739312810090285,49.810380016847141],[6.739314904187289,49.810335080143226]],[[6.739590625959027,49.810385438230462],[6.739660079939378,49.810386793472318],[6.739657986158123,49.810431730186515],[6.739588532113569,49.810430374942527],[6.739519078074281,49.810429019656937],[6.739521171983941,49.810384082947031],[6.739590625959027,49.810385438230462]],[[6.739866348323383,49.81043579566893],[6.739864254729472,49.810480732389152],[6.739725346485627,49.810478022104853],[6.739727440207943,49.810433085388915],[6.73979689426303,49.81043444054972],[6.739866348323383,49.81043579566893]],[[6.740001069523611,49.810528379231158],[6.739931615324321,49.810527024190854],[6.739933708859293,49.810482087468905],[6.74000316299438,49.810483442507071],[6.740072617134731,49.810484797503634],[6.740070523728166,49.810529734229867],[6.740001069523611,49.810528379231158]],[[6.74020733886965,49.810577380832584],[6.740137884590362,49.810576025914926],[6.740139977937987,49.810531089186981],[6.740209432153073,49.810532444102499],[6.740278886373424,49.810533798976429],[6.740276793154206,49.81057873570866],[6.74020733886965,49.810577380832584]],[[6.740415701739108,49.810581445336013],[6.740485156039456,49.810582800087303],[6.740483063007584,49.810627736825552],[6.740413608643033,49.810626382072122],[6.740344154283745,49.810625027277098],[6.740346247444024,49.810580090543134],[6.740415701739108,49.810581445336013]],[[6.740691426132826,49.810631800836269],[6.740689333288302,49.810676737580522],[6.740619878843754,49.810675382949732],[6.74055042440447,49.810674028277354],[6.740552517377401,49.810629091537379],[6.740621971752481,49.810630446207618],[6.740691426132826,49.810631800836269]],[[6.740756694952532,49.810723028915682],[6.740758787738114,49.810678092169709],[6.74082824219319,49.810679446717309],[6.740897696653529,49.81068080122332],[6.740895603996355,49.810725737973563],[6.740826149471812,49.810724383465434],[6.740756694952532,49.810723028915682]],[[6.741032420527205,49.810773383619207],[6.74096296592793,49.810772029192123],[6.740965058526163,49.810727092440111],[6.741034513061233,49.81072844686507],[6.741032420527205,49.810773383619207]],[[6.741447056079309,49.810826446074863],[6.741516510779626,49.81082780021292],[6.741514418684508,49.810872736981196],[6.741444963919986,49.810871382840993],[6.741447056079309,49.810826446074863]],[[6.741583873454292,49.810874091079825],[6.741653328229338,49.810875445136837],[6.741651236257368,49.810920381909],[6.741581781418117,49.81091902784982],[6.741512326584128,49.810917673749067],[6.741514418684508,49.810872736981196],[6.741583873454292,49.810874091079825]],[[6.720537208217265,49.81050683226664],[6.720539319706652,49.810461896148126],[6.720608772879956,49.810463262808007],[6.720610884299836,49.810418326686936],[6.720680337414249,49.810419693303068],[6.720678226058571,49.810464629426306],[6.720676114697583,49.810509565549147],[6.720671891959682,49.810599437793542],[6.720602438588469,49.810598071168755],[6.720532985222566,49.810596704502387],[6.72053509672257,49.810551768384713],[6.720537208217265,49.81050683226664]],[[6.741859600806691,49.810924443836917],[6.741857509022076,49.810969380615056],[6.741788054102836,49.810968026678545],[6.741718599188856,49.810966672700431],[6.741720691101881,49.810921735926556],[6.741790145951655,49.810923089902538],[6.741859600806691,49.810924443836917]],[[6.74199641887634,49.810972088363314],[6.742065873811366,49.810973442175047],[6.742063782214106,49.811018378959204],[6.741994327214876,49.81101702514534],[6.74199641887634,49.810972088363314]],[[6.742200600754239,49.811066023250198],[6.742202692228346,49.811021086462183],[6.742272147243358,49.811022440151262],[6.742270055833456,49.811067376941423],[6.742200600754239,49.811066023250198]],[[6.721296972539555,49.810611735544867],[6.721366425963867,49.810613101753717],[6.721435879393485,49.810614467920978],[6.721433768722773,49.810659404066314],[6.721364315228953,49.810658037896893],[6.721362204488734,49.81070297403965],[6.721360093743207,49.810747910182002],[6.721290640126295,49.810746543966665],[6.721292750936022,49.810701607826488],[6.72122329738862,49.810700241571723],[6.721153843846527,49.810698875275371],[6.721155954779348,49.810653939139087],[6.72115806570686,49.810609003002391],[6.721160176629065,49.810564066865275],[6.721229629978558,49.810565433155155],[6.72129908333336,49.810566799403432],[6.721296972539555,49.810611735544867]],[[6.7211517329084,49.810743811411228],[6.721149621964964,49.810788747546681],[6.72108016829978,49.810787381204413],[6.721078057286837,49.81083231733728],[6.721075946268587,49.810877253469741],[6.721006492480311,49.810875887081551],[6.721004381392551,49.81092082321144],[6.721002270299485,49.810965759340903],[6.720932816388117,49.810964392906811],[6.720930705225542,49.811009329033702],[6.720861251255282,49.811007962555863],[6.720791797290332,49.811006596036421],[6.720722343330692,49.811005229475384],[6.720652889376362,49.811003862872759],[6.720583435427345,49.811002496228546],[6.720585546910926,49.810957560112456],[6.720587658389199,49.810912623995947],[6.720589769862164,49.810867687879025],[6.72059188132982,49.810822751761677],[6.720593992792167,49.810777815643938],[6.720596104249204,49.810732879525766],[6.720598215700934,49.810687943407189],[6.720667669200547,49.810689310036281],[6.720669780582769,49.810644373915125],[6.720739234023494,49.810645740500462],[6.720808687469528,49.810647107044211],[6.720806576215707,49.810692043169695],[6.720876029731252,49.810693409674016],[6.720945483252105,49.810694776136749],[6.721084390309744,49.810697508937416],[6.721153843846527,49.810698875275371],[6.7211517329084,49.810743811411228]],[[6.721852600082683,49.810622664051074],[6.72192205354946,49.81062402992719],[6.721991507021546,49.810625395761711],[6.721989396864434,49.810670331924307],[6.721987286702017,49.810715268086497],[6.721917833101532,49.81071390224767],[6.72191572286961,49.810758838407274],[6.721913612632381,49.81080377456648],[6.721844158908802,49.810802408681738],[6.721774705190529,49.810801042755394],[6.721776815556158,49.810756106600529],[6.721778925916483,49.810711170445224],[6.72170947233192,49.810709804481604],[6.721711582751138,49.810664868328061],[6.7217810362715,49.810666234289513],[6.721783146621212,49.81062129813337],[6.721852600082683,49.810622664051074]],[[6.719867774681289,49.811438188420688],[6.719798320148679,49.811436821297342],[6.719800432391578,49.811391885209176],[6.719869886859986,49.811393252330362],[6.719867774681289,49.811438188420688]],[[6.719711966973382,49.811794942805413],[6.719642511937772,49.811793575581596],[6.719644624351564,49.811748639501083],[6.719646736760045,49.81170370342015],[6.719648849163215,49.811658767338812],[6.719718304006214,49.811660134556156],[6.719716191667247,49.811705070639668],[6.719711966973382,49.811794942805413]],[[6.719640399518669,49.811838511661684],[6.719638287094255,49.811883447741359],[6.719636174664529,49.811928383820629],[6.71956671944162,49.811927016548722],[6.71956883193555,49.811882080471619],[6.719570944424168,49.811837144394111],[6.719573056907474,49.81179220831617],[6.719642511937772,49.811793575581596],[6.719640399518669,49.811838511661684]],[[6.71956460694238,49.811971952625406],[6.719562494437826,49.81201688870167],[6.71949303909182,49.812015521383856],[6.719495151660578,49.811970585309737],[6.719497264224023,49.811925649235221],[6.71956671944162,49.811927016548722],[6.71956460694238,49.811971952625406]],[[6.726958450531265,49.812926868530674],[6.726960556255822,49.812881932230617],[6.727030013202077,49.81288329509065],[6.727099470153627,49.812884657909066],[6.72709736455749,49.812929594213429],[6.727027907541729,49.812928231392853],[6.726958450531265,49.812926868530674]],[[6.726183891532035,49.813136555676977],[6.726181785069401,49.813181491950843],[6.726112327737248,49.813180128576576],[6.726042870410392,49.813178765160714],[6.726044977001448,49.813133828891168],[6.726114434264092,49.813135192304877],[6.726183891532035,49.813136555676977]],[[6.727659324928875,49.81428994724611],[6.727589865939096,49.814288584735287],[6.727520406954614,49.814287222182884],[6.727450947975427,49.814285859588871],[6.727448842600449,49.814330795893277],[6.727379383562345,49.814329433255516],[6.727309924529535,49.814328070576153],[6.727240465502021,49.814326707855194],[6.727238359929108,49.814371644152715],[6.727168900842676,49.814370281388008],[6.72709944176154,49.8143689185817],[6.727097336054903,49.814413854874502],[6.727027876914848,49.814412492024438],[6.727025771138702,49.814457428314675],[6.726956311939731,49.814456065420856],[6.726954206094076,49.814501001708521],[6.726884746836186,49.814499638770954],[6.726886852746056,49.814454702485442],[6.726817393557678,49.814453339508432],[6.726747934374599,49.814451976489813],[6.726750040407603,49.814407040208195],[6.726680581294037,49.814405677150127],[6.726676369094301,49.814495549708653],[6.726606909857601,49.814494186604676],[6.726537450626199,49.814492823459112],[6.726535344389958,49.81453775973344],[6.726465885099639,49.814536396544121],[6.726467991400095,49.81449146027196],[6.726398532179289,49.814490097043198],[6.726400638538662,49.81444516077277],[6.726402744892741,49.81440022450191],[6.726333285805663,49.814398861235858],[6.72633117938737,49.814443797504552],[6.726261720241374,49.81444243419476],[6.726265933201093,49.814352561661266],[6.72633539221866,49.814353924966746],[6.726337498626359,49.814308988697242],[6.726339605028764,49.814264052427305],[6.726409063923199,49.81426541568689],[6.726406957585009,49.81431035195898],[6.726404851241524,49.814355288230658],[6.726474310269685,49.814356651452947],[6.726476416548957,49.814311715179123],[6.726478522822934,49.814266778904866],[6.726480629091614,49.814221842630211],[6.726482735354998,49.814176906355137],[6.726484841613087,49.814131970079636],[6.726554300325477,49.814133333249565],[6.726623759043165,49.814134696377884],[6.726625865167531,49.814089760097673],[6.726627971286601,49.814044823817042],[6.72669742988116,49.814046186899461],[6.726699535930722,49.814001250616251],[6.726768994466365,49.814002613654921],[6.726766888481016,49.814047549940277],[6.72683634708617,49.814048912939505],[6.726838453007304,49.814003976651989],[6.726907911553543,49.814005339607462],[6.726905805696621,49.814050275897131],[6.726975264312369,49.814051638813154],[6.726977370105078,49.814006702521333],[6.727046828661908,49.814008065393608],[6.727116287224037,49.814009428224296],[6.727185745791462,49.814010791013366],[6.727187851386235,49.81396585471466],[6.727257309894743,49.813967217459989],[6.727396226927646,49.81396994282585],[6.727398332324487,49.813925006520272],[6.727467790784669,49.813926369138649],[6.727469896112003,49.813881432830506],[6.727472001434045,49.813836496521944],[6.727541459771098,49.813837859094406],[6.727543565023632,49.813792922783286],[6.727613023301767,49.813794285312007],[6.727615128484797,49.813749348998307],[6.727754044928528,49.813752073926636],[6.727823503158334,49.813753436328419],[6.727825608143434,49.813708500007834],[6.727895066314324,49.813709862365869],[6.727897171229918,49.813664926042719],[6.72796662934189,49.813666288356984],[6.727968734187981,49.813621352031262],[6.728038192241035,49.813622714301793],[6.728107650299385,49.813624076530708],[6.728109755011757,49.813579140200275],[6.728111859718839,49.813534203869423],[6.72811396442063,49.813489267538145],[6.728116069117127,49.813444331206476],[6.728254984736014,49.813447055522296],[6.728324442553398,49.813448417617813],[6.728393900376076,49.813449779671743],[6.728396004810436,49.813404843331028],[6.728398109239506,49.813359906989888],[6.728467566939053,49.813361268997916],[6.728537024643893,49.813362630964342],[6.728606482354027,49.813363992889158],[6.728675940069454,49.813365354772387],[6.728745397790173,49.813366716614013],[6.728747501892897,49.813321780261703],[6.72874960599033,49.813276843908987],[6.728819063587919,49.813278205704705],[6.7288885211908,49.813279567458849],[6.728957978798975,49.813280929171377],[6.728960082698485,49.813235992811784],[6.72902954024774,49.813237354480563],[6.729031644077749,49.813192418118398],[6.729101101568085,49.813193779743436],[6.729170559063713,49.813195141326865],[6.729172662760011,49.813150204959996],[6.729242120196719,49.81315156649967],[6.729244223823519,49.813106630130221],[6.72931368120131,49.813107991626161],[6.729315784758608,49.813063055254133],[6.72931788831062,49.813018118881701],[6.72938734556528,49.813019480331732],[6.72945680282523,49.813020841740183],[6.729595717361004,49.813023564432264],[6.729597820650886,49.812978628050807],[6.729667277862498,49.812979989332305],[6.729736735079401,49.812981350572208],[6.729738838235574,49.812936414186034],[6.729808295393557,49.812937775382188],[6.729810398480232,49.812892838993449],[6.729879855579295,49.812894200145855],[6.729881958596473,49.812849263754536],[6.729884061608364,49.812804327362805],[6.729953518584297,49.812805688469318],[6.730022975565521,49.812807049534221],[6.730020872682049,49.812851985930251],[6.730090329732771,49.812853346955713],[6.730229243850082,49.81285606888185],[6.730298700916671,49.812857429782518],[6.730300803543305,49.812812493377891],[6.730302906164652,49.812767556972844],[6.730372363108111,49.812768917827626],[6.730441820056859,49.812770278640798],[6.730443922544501,49.812725342231019],[6.730513379434328,49.81272670300045],[6.730515481852473,49.812681766588135],[6.730584938683378,49.812683127313818],[6.730587041032031,49.812638190898909],[6.730656497804015,49.812639551580844],[6.730725954581287,49.812640912221177],[6.730795411363847,49.812642272819929],[6.730864868151695,49.812643633377078],[6.730866970238225,49.812598696953167],[6.730936426967151,49.812600057466561],[6.731005883701364,49.812601417938353],[6.731075340440864,49.812602778368571],[6.731077442329482,49.812557841937789],[6.73114689901006,49.812559202324245],[6.731149000829186,49.812514265890897],[6.731218457450842,49.812515626233612],[6.731220559200474,49.812470689797692],[6.731290015763208,49.812472050096652],[6.731287914077785,49.812516986534725],[6.731357370710013,49.812518346794235],[6.731359472331229,49.812473410354016],[6.731428928904535,49.8124747705698],[6.731498385483127,49.812476130743974],[6.731500486970642,49.812431194299052],[6.731502588452872,49.812386257853703],[6.731504689929819,49.812341321407949],[6.731506791401482,49.812296384961776],[6.731508892867861,49.812251448515184],[6.731578349130699,49.812252808637012],[6.731580450527588,49.812207872187855],[6.731649906731503,49.812209232265936],[6.731652008058901,49.81216429581422],[6.731721464203894,49.812165655848567],[6.731790920354173,49.812167015841311],[6.731860376509736,49.812168375792453],[6.731862477639229,49.812123439333867],[6.731931933735871,49.812124799241268],[6.732001389837797,49.812126159107081],[6.732070845945008,49.812127518931298],[6.732140302057503,49.812128878713914],[6.732209758175282,49.812130238454934],[6.732279214298346,49.812131598154345],[6.732348670426694,49.812132957812189],[6.732350771101451,49.812088021338134],[6.732420227170875,49.812089380952223],[6.732489683245584,49.81209074052471],[6.732559139325574,49.812092100055601],[6.732628595410849,49.812093459544904],[6.732698051501407,49.812094818992598],[6.732767507597247,49.812096178398711],[6.73283696369837,49.812097537763215],[6.732906419804776,49.812098897086138],[6.732908519960594,49.812053960594483],[6.732977976008074,49.81205531987365],[6.733047432060838,49.81205667911123],[6.733045332033434,49.812101615607169],[6.733114788155687,49.812102974805292],[6.733116888118883,49.812058038307207],[6.733186344182211,49.812059397461582],[6.733325256324711,49.81206211564556],[6.733394712403882,49.812063474675156],[6.733464168488335,49.81206483366315],[6.733533624578071,49.812066192609549],[6.733535724150743,49.812021256098149],[6.73367463621764,49.812023973861876],[6.733744092259011,49.812025332681337],[6.733813548305661,49.812026691459209],[6.733883004357593,49.812028050195487],[6.733952460414803,49.812029408890162],[6.733950361227373,49.812074345414459],[6.733880905105956,49.812072986717631],[6.733878805849042,49.812117923239349],[6.73387670658685,49.812162859760662],[6.73387460731938,49.812207796281548],[6.733872508046631,49.81225273280203],[6.733803051673662,49.812251374055016],[6.733805151010618,49.812206437536688],[6.733807250342296,49.81216150101794],[6.733737794103023,49.81216014223363],[6.733735694707137,49.812205078750225],[6.733733595305973,49.8122500152664],[6.733664138943564,49.812248656436196],[6.733594682586436,49.812247297564397],[6.733592583051577,49.812292234075855],[6.733523126635523,49.812290875160329],[6.733521027031177,49.812335811669236],[6.733518927421551,49.812380748177723],[6.733516827806647,49.812425684685806],[6.733514728186464,49.812470621193462],[6.733512628561003,49.812515557700713],[6.7335820852981,49.812516916626997],[6.733579985731567,49.812561853135975],[6.73351052893026,49.812560494207546],[6.733508429294241,49.812605430713958],[6.733506329652941,49.812650367219952],[6.733504230006362,49.812695303725548],[6.733502130354505,49.81274024023071],[6.733432673301641,49.812738881252095],[6.733430573580295,49.812783817754692],[6.733361116468503,49.812782458732329],[6.733359016677667,49.812827395232382],[6.733289559506946,49.812826036166271],[6.733291659361992,49.812781099668364],[6.733222202260764,49.81277974056281],[6.733152745164817,49.812778381415654],[6.733154845143003,49.812733444921641],[6.733085388116547,49.812732085735036],[6.733083288074152,49.812777022226896],[6.73301383098877,49.812775662996543],[6.733015931095375,49.812730726506828],[6.732946474079484,49.812729367237033],[6.73294437390867,49.812774303724588],[6.732942273732574,49.812819240211752],[6.732935973172603,49.812954049670722],[6.732931772772888,49.813043922641292],[6.732862315312809,49.813042563314838],[6.732860215040819,49.813087499797369],[6.732790757521811,49.813086140427174],[6.732721300008087,49.813084781015405],[6.732719199602395,49.813129717493197],[6.732649742029741,49.813128358037673],[6.732647641554558,49.813173294512922],[6.732578183922978,49.813171935013635],[6.73250872629668,49.813170575472775],[6.732506625687792,49.813215511943298],[6.732437168002567,49.813214152358682],[6.732435067324185,49.813259088826641],[6.732365609580034,49.813257729198284],[6.732296151841166,49.813256369528325],[6.732226694107584,49.813255009816771],[6.732224593231286,49.813299946277851],[6.732155135438775,49.813298586522556],[6.732153034492983,49.813343522981086],[6.732083576641546,49.813342163182043],[6.732014118795393,49.813340803341397],[6.731944660954524,49.813339443459142],[6.731875203118941,49.813338083535299],[6.731873101911021,49.813383019984812],[6.73180364401651,49.813381660017228],[6.731801542739094,49.81342659646419],[6.731732084785658,49.813425236452851],[6.731662626837507,49.813423876399916],[6.731660525426384,49.813468812842153],[6.731521609417515,49.813466092607186],[6.731452151421011,49.813464732427313],[6.731450049811967,49.813509668862672],[6.731380591756536,49.813508308639044],[6.731311133706391,49.813506948373828],[6.731241675661534,49.813505588067002],[6.731239573854569,49.813550524495511],[6.731170115750785,49.813549164144945],[6.731100657652289,49.813547803752776],[6.731031199559079,49.813546443319019],[6.730961741471157,49.813545082843653],[6.730959639402059,49.813590019263145],[6.730957537327675,49.813634955682211],[6.730888079116615,49.813633595160951],[6.730818620910844,49.813632234598089],[6.730749162710358,49.813630873993638],[6.730679704515162,49.813629513347578],[6.730677602178643,49.813674449757642],[6.730608143924522,49.813673089067834],[6.730538685675689,49.813671728336438],[6.730469227432144,49.813670367563432],[6.7304671248977,49.813715303966639],[6.730397666595232,49.813713943149878],[6.730328208298051,49.813712582291537],[6.730326105629895,49.813757518690004],[6.730256647273792,49.813756157787914],[6.730187188922978,49.813754796844222],[6.730117730577453,49.813753435858928],[6.730115627711371,49.813798372250524],[6.730046169306921,49.813797011221496],[6.729976710907763,49.813795650150851],[6.729974607907967,49.813840586537744],[6.729905149449884,49.813839225423351],[6.729835690997092,49.813837864267356],[6.729766232549589,49.813836503069766],[6.729764129351867,49.813881439449787],[6.729694670845443,49.813880078208449],[6.729625212344307,49.813878716925522],[6.72962310901287,49.813923653300819],[6.729553650452812,49.813922291974137],[6.729484191898044,49.813920930605853],[6.729482088432892,49.813965866976439],[6.729412629819202,49.813964505564407],[6.729343171210804,49.813963144110772],[6.729341067611936,49.814008080476626],[6.729271608944615,49.814006718979243],[6.729202150282585,49.814005357440273],[6.729132691625847,49.8140039958597],[6.729130587829048,49.814048932218689],[6.72912848402696,49.814093868577253],[6.729059025247087,49.814092506950779],[6.728989566472506,49.814091145282696],[6.728987462536701,49.814136081636541],[6.728918003703197,49.814134719924716],[6.728848544874985,49.81413335817129],[6.728846440805461,49.814178294520424],[6.728568605288687,49.814172847082126],[6.728499146422728,49.81417148511855],[6.72842968756206,49.814170123113378],[6.728427583101959,49.814215059449189],[6.728358124182371,49.81421369740027],[6.728288665268076,49.81421233530974],[6.728286560674257,49.81425727164082],[6.728217101701042,49.814255909506542],[6.728214997037717,49.814300845835049],[6.72814553800558,49.814299483657031],[6.728076078978738,49.814298121437417],[6.72800661995719,49.814296759176194],[6.72800872481316,49.814251822854132],[6.727939265861121,49.814250460553467],[6.727937160940938,49.814295396873369],[6.72786770192998,49.814294034528949],[6.727798242924316,49.814292672142933],[6.727728783923948,49.814291309715323],[6.727659324928875,49.81428994724611]],[[6.723862283864193,49.813720649234618],[6.723792825872239,49.81371928445963],[6.723794934586928,49.813674348264463],[6.72386439251467,49.813675713037306],[6.723862283864193,49.813720649234618]],[[6.723651801055832,49.813761490975253],[6.723582343015581,49.813760126073305],[6.723512884980634,49.813758761129769],[6.723510775998492,49.813803697315464],[6.723441317904638,49.813802332328152],[6.723371859816089,49.813800967299265],[6.723302401732846,49.813799602228769],[6.723304510907621,49.813754666049547],[6.723306620077093,49.813709729869913],[6.723376078031914,49.813711094936082],[6.72344553599204,49.813712459960669],[6.723653909904246,49.81371655478484],[6.723651801055832,49.813761490975253]],[[6.744849799403756,49.815390491782068],[6.744780338013949,49.81538913955162],[6.744782427418849,49.815344202717455],[6.744851888744434,49.815345554945765],[6.744849799403756,49.815390491782068]],[[6.745382513268772,49.815895613487903],[6.745313051130477,49.815894261566775],[6.745315140079383,49.815849324720084],[6.745384602153454,49.815850676639087],[6.745386691032885,49.815805739789845],[6.745456153047988,49.815807091665121],[6.745454064232779,49.815852028516495],[6.74545197541232,49.815896965367443],[6.745382513268772,49.815895613487903]],[[6.719523418561777,49.818762765580807],[6.719453953561988,49.818761398105188],[6.719384488567515,49.81876003058796],[6.7193866017405,49.818715094569804],[6.719456066670745,49.818716462084872],[6.719525531606307,49.818717829558324],[6.719594996547182,49.81871919699018],[6.719592883566882,49.818764133014824],[6.719523418561777,49.818762765580807]]],[[[6.701398914270663,49.784536251757466],[6.701401041525099,49.784491316037268],[6.70133162642056,49.784489938388944],[6.701329499102022,49.78453487410696],[6.701398914270663,49.784536251757466]]],[[[6.701121253628188,49.784530740906114],[6.701119126111996,49.78457567661718],[6.701188541328695,49.784577054394525],[6.701190668780784,49.784532118681284],[6.701121253628188,49.784530740906114]]],[[[6.701232427477888,49.785117660682864],[6.701301843474532,49.785119038403224],[6.70130397086257,49.785074102690643],[6.701234554930031,49.785072724972444],[6.701232427477888,49.785117660682864]]],[[[6.701579507514587,49.785124548869142],[6.70164892353797,49.785125926381745],[6.701651050605484,49.785080990658265],[6.701581634646205,49.785079613147857],[6.701579507514587,49.785124548869142]]],[[[6.701293333868917,49.785298781249438],[6.701362750127329,49.785300158936963],[6.701364877472647,49.785255223223842],[6.70129546127834,49.785253845538506],[6.701293333868917,49.785298781249438]]],[[[6.709870150710975,49.806743195687943],[6.709939598047004,49.8067445686669],[6.709941719065792,49.806699632851064],[6.709872271793945,49.806698259874288],[6.709870150710975,49.806743195687943]]],[[[6.709232394851013,49.807000451762008],[6.709230273153051,49.807045387553217],[6.709369168632996,49.807048134248454],[6.709371290202589,49.807003198452904],[6.709232394851013,49.807000451762008]]],[[[6.707900152490884,49.80724396439534],[6.707969600447701,49.807245338564748],[6.707971723327674,49.807200402814722],[6.707902275435043,49.807199028647474],[6.707900152490884,49.80724396439534]]],[[[6.709511184540944,49.809929517743498],[6.709513306195144,49.809884581965939],[6.709443854387179,49.80988320866873],[6.709441732668784,49.809928144444108],[6.709511184540944,49.809929517743498]]],[[[6.709717418722496,49.809978573175755],[6.709719540189442,49.80993363739212],[6.709788992082946,49.809935010525152],[6.709791113480366,49.809890074738917],[6.709652209827083,49.809887328435622],[6.709647966770131,49.809977199998983],[6.709717418722496,49.809978573175755]]],[[[6.709163925233509,49.809922650830636],[6.709161803252997,49.809967586596919],[6.709231255168008,49.809968960064829],[6.709300707088353,49.809970333491165],[6.709302828940473,49.809925397720562],[6.709233377084321,49.809924024296386],[6.709163925233509,49.809922650830636]]],[[[6.709022899438991,49.809964839536292],[6.709020777324754,49.810009775297814],[6.709090229293285,49.810011148851089],[6.709092351343326,49.809966213087392],[6.709022899438991,49.809964839536292]]],[[[6.709639480592223,49.810156943120731],[6.709637359034411,49.810201878900131],[6.709635237471266,49.810246814679097],[6.709565785139061,49.810245441447691],[6.709563663506385,49.810290377224078],[6.709561541868376,49.810335313000046],[6.709630994328974,49.810336686235793],[6.709700446794908,49.810338059429938],[6.709769899266178,49.810339432582509],[6.709772020711598,49.810294496800026],[6.709774142151684,49.81024956101713],[6.709776263586436,49.810204625233823],[6.709778385015856,49.810159689450082],[6.709639480592223,49.810156943120731]]],[[[6.709698325279958,49.810382995209842],[6.709628872749826,49.81038162201353],[6.709626751165345,49.810426557790834],[6.709696203759673,49.81042793098932],[6.709698325279958,49.810382995209842]]],[[[6.709752927510809,49.810698918827384],[6.709750806017386,49.810743854606116],[6.709820259071772,49.810745227736618],[6.709822380500997,49.810700291955712],[6.709752927510809,49.810698918827384]]],[[[6.709818137637214,49.810790163517105],[6.709816016197323,49.810835099297179],[6.709954922578895,49.81083784544208],[6.709957043890389,49.810792909657664],[6.709887590761134,49.810791536608193],[6.709889712131493,49.810746600825524],[6.709820259071772,49.810745227736618],[6.709818137637214,49.810790163517105]]],[[[6.710081101771233,49.811110206144384],[6.710078980550804,49.811155141930215],[6.71021788787385,49.811157887772765],[6.710220008965879,49.811112951982594],[6.710081101771233,49.811110206144384]]],[[[6.710146313048099,49.811201450659865],[6.710144191881205,49.811246386447046],[6.710213645673796,49.811247759351858],[6.710215766776489,49.81120282356251],[6.710146313048099,49.811201450659865]]],[[[6.71027037312877,49.811518746955393],[6.710339827317236,49.811520119790053],[6.710341948323526,49.811475183998866],[6.710344069324482,49.811430248207266],[6.710274615264418,49.811428875376954],[6.710272494199262,49.81147381116638],[6.71027037312877,49.811518746955393]]],[[[6.711477037454763,49.809518594838792],[6.711474917646007,49.809563530680855],[6.711544369095097,49.809564902754602],[6.711546488839659,49.809519966910372],[6.711548608578893,49.80947503106573],[6.711479157258193,49.809473658996325],[6.711477037454763,49.809518594838792]]],[[[6.710990877909791,49.809508989173288],[6.710988757651675,49.809553925000152],[6.711127660480536,49.809556669688313],[6.711129780610265,49.8095117338571],[6.710990877909791,49.809508989173288]]],[[[6.711607461476437,49.809701082323407],[6.711605341774753,49.809746018168127],[6.711674793491284,49.80974739016736],[6.711676913128774,49.809702454320472],[6.711607461476437,49.809701082323407]]],[[[6.712166831220115,49.811106440397317],[6.712236284910554,49.811107812087265],[6.712238404130122,49.811062876233365],[6.712240523344362,49.811017940379038],[6.712171069782324,49.811016568693418],[6.712168950503885,49.81106150454557],[6.712166831220115,49.811106440397317]]],[[[6.710426248898432,49.811162006224642],[6.710424127993671,49.811206942020902],[6.710493581743401,49.811208314757188],[6.710495702583962,49.811163378958753],[6.710426248898432,49.811162006224642]]],[[[6.710487219189725,49.811343122149999],[6.710485098327835,49.811388057946758],[6.7105545523397,49.811389430650131],[6.71055667313739,49.811344494851198],[6.710487219189725,49.811343122149999]]],[[[6.710482977460613,49.811432993743111],[6.710480856588059,49.811477929539045],[6.710550310728326,49.811479302246752],[6.71055243153668,49.811434366448644],[6.710482977460613,49.811432993743111]]],[[[6.710411402453125,49.811476556789763],[6.710409281511036,49.811521492583104],[6.710478735710171,49.811522865334567],[6.710480856588059,49.811477929539045],[6.710411402453125,49.811476556789763]]],[[[6.712071944943768,49.811644298828114],[6.712074064355678,49.811599362983536],[6.71200460996969,49.811597991186545],[6.712002490493576,49.811642927028963],[6.712071944943768,49.811644298828114]]],[[[6.71082812734274,49.811484792661638],[6.710758673181136,49.811483420120297],[6.710756552560055,49.811528355924509],[6.710754431933641,49.81157329172828],[6.710752311301897,49.811618227531646],[6.710821765656105,49.811619600079489],[6.71081964508323,49.81166453588461],[6.710817524505024,49.811709471689298],[6.710815403921487,49.811754407493581],[6.710813283332617,49.811799343297444],[6.710882737948969,49.811800715812375],[6.710884858473635,49.811755780006337],[6.710954313031118,49.811757152477497],[6.711023767593933,49.81175852490707],[6.711025887984865,49.811713589096271],[6.711028008370465,49.811668653285068],[6.710958553936052,49.811667280859844],[6.710960674380524,49.811622345050388],[6.710962794819665,49.811577409240506],[6.710893340518991,49.811576036778014],[6.710895461017,49.811531100969908],[6.710826006785859,49.81152972846801],[6.71082812734274,49.811484792661638]]],[[[6.710752311301897,49.811618227531646],[6.710682856953022,49.811616854942216],[6.710680736251742,49.811661790742988],[6.710678615545133,49.811706726543349],[6.710748070022412,49.811708099137121],[6.71075019066482,49.811663163334593],[6.710752311301897,49.811618227531646]]],[[[6.710470252145301,49.811702608512483],[6.710609161073188,49.811705353907989],[6.710611281844001,49.811660418109803],[6.710472373044517,49.811657672718631],[6.710470252145301,49.811702608512483]]],[[[6.711720433264297,49.811727311082599],[6.711789887821568,49.811728683052472],[6.711792007500944,49.811683747217394],[6.711722553007875,49.81168237524971],[6.711720433264297,49.811727311082599]]],[[[6.711996132033266,49.811777734553658],[6.712065586676064,49.811779106359332],[6.712135041324192,49.811780478123389],[6.712137160687886,49.811735542277901],[6.712139280046251,49.811690606432002],[6.712069825526529,49.811689234672258],[6.71206770610396,49.811734170515997],[6.711998251525365,49.811732798712519],[6.711996132033266,49.811777734553658]]],[[[6.710672253393311,49.811841533941937],[6.71060279872876,49.811840161300061],[6.710533344069542,49.811838788616591],[6.710531223213199,49.811883724410954],[6.710600677936619,49.811885097096592],[6.710670132665373,49.811886469740635],[6.710672253393311,49.811841533941937]]],[[[6.711916079534358,49.81200104189508],[6.711918199117305,49.811956106058176],[6.711848744228359,49.811954734160651],[6.711846624581209,49.811999669995394],[6.711916079534358,49.81200104189508]]],[[[6.710733225376265,49.812022649743177],[6.710663770449568,49.812021277134214],[6.710661649700302,49.812066212931235],[6.710800559687437,49.812068958111901],[6.710802680308296,49.812024022310531],[6.71080692153402,49.811934150706549],[6.710876376342979,49.81193552322798],[6.710945831157271,49.811936895707809],[6.710947951633729,49.811891959900869],[6.71087849688364,49.8118905874232],[6.710809042138883,49.811889214903935],[6.710739587399461,49.811887842343083],[6.710737466730395,49.811932778143529],[6.710733225376265,49.812022649743177]]],[[[6.711143594132935,49.812165691958832],[6.711141473817099,49.812210627769794],[6.711210929037946,49.812212000096267],[6.711213049289577,49.812167064283145],[6.711143594132935,49.812165691958832]]],[[[6.71093310818656,49.812206510540797],[6.710935228695007,49.812161574736344],[6.710865773559699,49.812160202245671],[6.710863652987049,49.812205138047943],[6.710861532409067,49.81225007384981],[6.710930987672783,49.812251446344838],[6.71093310818656,49.812206510540797]]],[[[6.711000442941833,49.812252818798264],[6.711069898216216,49.812254191210094],[6.711072018601587,49.812209255401719],[6.711002563391407,49.812207882992055],[6.711000442941833,49.812252818798264]]],[[[6.712387906774513,49.810840940186694],[6.712318453458613,49.810839568592932],[6.712316334329884,49.810884504451089],[6.712246880955114,49.810883132813572],[6.712244761756858,49.810928068669149],[6.712314215195827,49.810929440308826],[6.712383668640127,49.810930811906928],[6.712387906774513,49.810840940186694]]],[[[6.712446765040818,49.811066991047163],[6.712377311398589,49.811065619484147],[6.712375192307421,49.811110555342395],[6.71244464601385,49.811111926907572],[6.712446765040818,49.811066991047163]]],[[[6.712722460892859,49.811117412752353],[6.712653007165113,49.811116041353536],[6.712650888325419,49.811160977220041],[6.712720342117366,49.811162348621011],[6.712722460892859,49.811117412752353]]],[[[6.713137064980955,49.811170576153401],[6.713206518810203,49.811171947263219],[6.713208637136295,49.811127011379376],[6.713139183371248,49.811125640271726],[6.713137064980955,49.811170576153401]]],[[[6.712648769480397,49.81120591308612],[6.712650888325419,49.811160977220041],[6.712581434538802,49.811159605777476],[6.712579315629579,49.811204541641388],[6.712648769480397,49.81120591308612]]],[[[6.712156234721351,49.811331119649751],[6.712158354031759,49.811286183800107],[6.712227807979,49.81128755549873],[6.712225688732792,49.811332491350541],[6.712295142749563,49.811333863009736],[6.712297261931572,49.811288927155758],[6.712299381108251,49.811243991301346],[6.712229927219881,49.811242619646492],[6.712232046455433,49.811197683793822],[6.712234165685658,49.811152747940753],[6.712164711931019,49.811151376248645],[6.712162592636594,49.81119631209954],[6.712093138823087,49.811194940363649],[6.712091019459133,49.811239876211978],[6.71208890008985,49.811284812059874],[6.712086780715241,49.811329747907365],[6.712156234721351,49.811331119649751]]],[[[6.713204400478787,49.811216883146628],[6.713065492697218,49.811214140881056],[6.713061255761604,49.811304012637976],[6.713130709778125,49.81130538379589],[6.713200163799975,49.811306754912223],[6.713269617827152,49.811308125986947],[6.71327173610502,49.811263190102196],[6.713202282142044,49.811261819029639],[6.713204400478787,49.811216883146628]]],[[[6.712713985758922,49.811297156224498],[6.71271186696212,49.8113420920915],[6.712781321016199,49.811343463459544],[6.7127834397488,49.811298527590388],[6.712713985758922,49.811297156224498]]],[[[6.712850775075608,49.811344834785999],[6.712848656401881,49.811389770656916],[6.712918110530818,49.81139114194395],[6.712920229140345,49.811346206070866],[6.712922347744544,49.811301270197369],[6.712852893744008,49.811299898914669],[6.712850775075608,49.811344834785999]]],[[[6.713128591366528,49.811350319675896],[6.713059137285806,49.811348948515807],[6.713057018804681,49.81139388439324],[6.713126472949607,49.811395255555489],[6.713128591366528,49.811350319675896]]],[[[6.712701272898203,49.811566771420232],[6.71270339172164,49.811521835555325],[6.712633937416085,49.811520464137004],[6.712638175175383,49.811430592410268],[6.71264029404704,49.811385656546271],[6.712570839939417,49.811384285092863],[6.712568721003558,49.8114292209547],[6.712499266837066,49.81142784945753],[6.712497147831678,49.811472785316774],[6.712566602062372,49.811474156816104],[6.712564483115858,49.811519092677102],[6.712562364164018,49.811564028537688],[6.712631818528446,49.811565399999758],[6.712701272898203,49.811566771420232]]],[[[6.712351881952937,49.811604849755554],[6.712354001102712,49.81155991390191],[6.71242345545115,49.811561285488757],[6.712419217274678,49.811651157199989],[6.71248867175685,49.811652528749597],[6.712558126244352,49.811653900257596],[6.712560245206848,49.811608964397841],[6.712562364164018,49.811564028537688],[6.71249290980492,49.811562657034017],[6.712495028820962,49.811517721175605],[6.712356120247159,49.811514978047832],[6.712286665968251,49.811513606421549],[6.712284546759603,49.81155854227346],[6.712215092421824,49.811557170603415],[6.712212973143647,49.811602106452739],[6.712351881952937,49.811604849755554]]],[[[6.712766489738837,49.811658014532043],[6.712768608508727,49.811613078665779],[6.712770727273289,49.811568142799125],[6.712701272898203,49.811566771420232],[6.712699154069438,49.811611707284733],[6.712697035235346,49.811656643148815],[6.712766489738837,49.811658014532043]]],[[[6.712484433687471,49.811742400463501],[6.712553888303378,49.811743771975841],[6.712556007276528,49.811698836116925],[6.712486552724824,49.811697464606752],[6.712484433687471,49.811742400463501]]],[[[6.731424725785239,49.81256464345411],[6.731426827347529,49.812519707012164],[6.731357370710013,49.812518346794235],[6.731355269083515,49.812563283234049],[6.731424725785239,49.81256464345411]]],[[[6.726537450626199,49.814492823459112],[6.726541663082793,49.814402950909226],[6.726472203985119,49.814401587726366],[6.726467991400095,49.81449146027196],[6.726537450626199,49.814492823459112]]],[[[6.713828618622109,49.814197731591143],[6.713759160432451,49.814196360793687],[6.713757042386277,49.814241296670872],[6.713826500640148,49.814242667470488],[6.713828618622109,49.814197731591143]]],[[[6.713893840976269,49.814288974109608],[6.713895958899345,49.814244038228516],[6.713826500640148,49.814242667470488],[6.71382438265286,49.814287603349413],[6.713754924334778,49.814286232547623],[6.713752806277953,49.814331168423969],[6.713822264660247,49.814332539227934],[6.713891723047868,49.814333909990282],[6.713889605114141,49.814378845870557],[6.713959063571302,49.814380216593477],[6.71402852203379,49.814381587274809],[6.714026404223163,49.814426523158993],[6.714095862755191,49.814427893800897],[6.714097980501606,49.814382957914539],[6.714167438974747,49.814384328512674],[6.714169556651624,49.814339392623744],[6.714171674323176,49.814294456734402],[6.71410221597846,49.814293086140601],[6.714032757639069,49.814291715505206],[6.714034875433722,49.814246779619779],[6.713965417163869,49.814245408944942],[6.713963299305005,49.814290344828201],[6.713893840976269,49.814288974109608]]],[[[6.714505429288829,49.817539433786401],[6.714507546888901,49.817494497911461],[6.714438083947438,49.817493127455045],[6.714435966283142,49.817538063327838],[6.714433848613523,49.817582999200184],[6.714503311683433,49.817584369660921],[6.714505429288829,49.817539433786401]]]]}}
]
}
